// Pole Position — 208x59 RGB565, generated
#include "marquees.h"

const uint16_t marquee_polepos_data[12272] = {
    0x0000, 0x0000, 0x0000, 0x0000, 0x0000, 0x0000, 0x0000, 0x0000, 0x0000, 0x0000, 0x0000, 0x0000,
    0x0000, 0x0000, 0x0000, 0x0000, 0x0000, 0x0000, 0x0000, 0x0000, 0x0000, 0x0000, 0x0000, 0x0000,
    0x0000, 0x0000, 0x0000, 0x0000, 0x0000, 0x0000, 0x0000, 0x0000, 0x0000, 0x0000, 0x0000, 0x0000,
    0x0000, 0x0000, 0x0000, 0x0000, 0x0000, 0x0000, 0x0000, 0x0000, 0x0000, 0x0000, 0x0000, 0x0000,
    0x0000, 0x0000, 0x0000, 0x0000, 0x0000, 0x0000, 0x0000, 0x0000, 0x0000, 0x0000, 0x0000, 0x0000,
    0x0000, 0x0000, 0x0000, 0x0000, 0x0000, 0x0000, 0x0000, 0x0000, 0x0000, 0x0000, 0x0000, 0x0000,
    0x0000, 0x0000, 0x0000, 0x0000, 0x0000, 0x0000, 0x0000, 0x0000, 0x0000, 0x0000, 0x0000, 0x0000,
    0x0000, 0x0000, 0x0000, 0x0000, 0x0000, 0x0000, 0x0000, 0x0000, 0x0000, 0x0000, 0x0000, 0x0000,
    0x0000, 0x0000, 0x0000, 0x0000, 0x0000, 0x0000, 0x0000, 0x0000, 0x0000, 0x0000, 0x0000, 0x0000,
    0x0000, 0x0000, 0x0000, 0x0000, 0x0000, 0x0000, 0x0000, 0x0000, 0x0000, 0x0000, 0x0000, 0x0000,
    0x0000, 0x0000, 0x0000, 0x0000, 0x0000, 0x0000, 0x0000, 0x0000, 0x0000, 0x0000, 0x0000, 0x0000,
    0x0000, 0x0000, 0x0000, 0x0000, 0x0000, 0x0000, 0x0000, 0x0000, 0x0000, 0x0000, 0x0000, 0x0000,
    0x0000, 0x0000, 0x0000, 0x0000, 0x0000, 0x0000, 0x0000, 0x0000, 0x0000, 0x0000, 0x0000, 0x0000,
    0x0000, 0x0000, 0x0000, 0x0000, 0x0000, 0x0000, 0x0000, 0x0000, 0x0000, 0x0000, 0x0000, 0x0000,
    0x0000, 0x0000, 0x0000, 0x0000, 0x0000, 0x0000, 0x0000, 0x0000, 0x0000, 0x0000, 0x0000, 0x0000,
    0x0000, 0x0000, 0x0000, 0x0000, 0x0000, 0x0000, 0x0000, 0x0000, 0x0000, 0x0000, 0x0000, 0x0000,
    0x0000, 0x0000, 0x0000, 0x0000, 0x0000, 0x0000, 0x0000, 0x0000, 0x0000, 0x0000, 0x0000, 0x0000,
    0x0000, 0x0000, 0x0000, 0x0000, 0x0000, 0x0000, 0x0000, 0x0000, 0x0000, 0x0000, 0x0000, 0x0000,
    0x0000, 0x0000, 0x0000, 0x0000, 0x0000, 0x0000, 0x0000, 0x0000, 0x0000, 0x0000, 0x0000, 0x0000,
    0x0000, 0x0000, 0x0000, 0x0000, 0x0000, 0x0000, 0x0000, 0x0000, 0x0000, 0x0000, 0x0000, 0x0000,
    0x0000, 0x0000, 0x0000, 0x0000, 0x0000, 0x0000, 0x0000, 0x0000, 0x0000, 0x0000, 0x0000, 0x0000,
    0x0000, 0x0000, 0x0000, 0x0000, 0x0000, 0x0000, 0x0000, 0x0000, 0x0000, 0x0000, 0x0000, 0x0000,
    0x0000, 0x0000, 0x0000, 0x0000, 0x0000, 0x0000, 0x0000, 0x0000, 0x0000, 0x0000, 0x0000, 0x0000,
    0x0000, 0x0000, 0x0000, 0x0000, 0x0000, 0x0000, 0x0000, 0x0000, 0x0000, 0x0000, 0x0000, 0x0000,
    0x0000, 0x0000, 0x0000, 0x0000, 0x0000, 0x0000, 0x0000, 0x0000, 0x0000, 0x0000, 0x0000, 0x0000,
    0x0000, 0x0000, 0x0000, 0x0000, 0x0000, 0x0000, 0x0000, 0x0000, 0x0000, 0x0000, 0x0000, 0x0000,
    0x0000, 0x0000, 0x0000, 0x0000, 0x0000, 0x0000, 0x0000, 0x0000, 0x0000, 0x0000, 0x0000, 0x0000,
    0x0000, 0x0000, 0x0000, 0x0000, 0x0000, 0x0000, 0x0000, 0x0000, 0x0000, 0x0000, 0x0000, 0x0000,
    0x0000, 0x0000, 0x0000, 0x0000, 0x0000, 0x0000, 0x0000, 0x0000, 0x0000, 0x0000, 0x0000, 0x0000,
    0x0000, 0x0000, 0x0000, 0x0000, 0x0000, 0x0000, 0x0000, 0x0000, 0x0000, 0x0000, 0x0000, 0x0000,
    0x0000, 0x0000, 0x0000, 0x0000, 0x0000, 0x0000, 0x0000, 0x0000, 0x0000, 0x0000, 0x0000, 0x0000,
    0x0000, 0x0000, 0x0000, 0x0000, 0x0000, 0x0000, 0x0000, 0x0000, 0x0000, 0x0000, 0x0000, 0x0000,
    0x0000, 0x0000, 0x0000, 0x0000, 0x0000, 0x0000, 0x0000, 0x0000, 0x0000, 0x0000, 0x0000, 0x0000,
    0x0000, 0x0000, 0x0000, 0x0000, 0x0000, 0x0000, 0x0000, 0x0000, 0x0000, 0x0000, 0x0000, 0x0000,
    0x0000, 0x0000, 0x0000, 0x0000, 0x0000, 0x0000, 0x0000, 0x0000, 0x0000, 0x0000, 0x0000, 0x0000,
    0x0000, 0x0020, 0x0020, 0x0020, 0x0020, 0x0020, 0x0020, 0x0020, 0x0020, 0x0020, 0x0020, 0x0020,
    0x0020, 0x0020, 0x0020, 0x0020, 0x0020, 0x0020, 0x0020, 0x0020, 0x0020, 0x0020, 0x0020, 0x0020,
    0x0020, 0x0020, 0x0020, 0x0020, 0x0020, 0x0020, 0x0020, 0x0020, 0x0020, 0x0020, 0x0020, 0x0020,
    0x0020, 0x0020, 0x0020, 0x0020, 0x0020, 0x0020, 0x0020, 0x0020, 0x0020, 0x0020, 0x0020, 0x0020,
    0x0020, 0x0020, 0x0020, 0x0020, 0x0020, 0x0020, 0x0020, 0x0020, 0x0020, 0x0020, 0x0020, 0x0020,
    0x0020, 0x0020, 0x0020, 0x0020, 0x0020, 0x0020, 0x0020, 0x0020, 0x0020, 0x0020, 0x0020, 0x0020,
    0x0020, 0x0020, 0x0020, 0x0020, 0x0020, 0x0020, 0x0020, 0x0020, 0x0020, 0x0020, 0x0020, 0x0020,
    0x0020, 0x0020, 0x0020, 0x0020, 0x0020, 0x0020, 0x0020, 0x0020, 0x0020, 0x0020, 0x0020, 0x0020,
    0x0020, 0x0020, 0x0020, 0x0020, 0x0020, 0x0020, 0x0020, 0x0020, 0x0020, 0x0020, 0x0020, 0x0020,
    0x0020, 0x0020, 0x0020, 0x0020, 0x0020, 0x0020, 0x0020, 0x0020, 0x0020, 0x0020, 0x0020, 0x0020,
    0x0020, 0x0020, 0x0020, 0x0020, 0x0020, 0x0020, 0x0020, 0x0020, 0x0020, 0x0020, 0x0020, 0x0020,
    0x0020, 0x0020, 0x0020, 0x0020, 0x0020, 0x0020, 0x0020, 0x0020, 0x0020, 0x0020, 0x0020, 0x0020,
    0x0020, 0x0020, 0x0020, 0x0020, 0x0020, 0x0020, 0x0020, 0x0020, 0x0020, 0x0020, 0x0020, 0x0020,
    0x0020, 0x0020, 0x0020, 0x0020, 0x0020, 0x0020, 0x0020, 0x0020, 0x0020, 0x0020, 0x0020, 0x0020,
    0x0020, 0x0020, 0x0020, 0x0020, 0x0020, 0x0020, 0x0020, 0x0020, 0x0020, 0x0020, 0x0020, 0x0020,
    0x0020, 0x0020, 0x0020, 0x0020, 0x0020, 0x0020, 0x0020, 0x0020, 0x0020, 0x0020, 0x0020, 0x0020,
    0x0020, 0x0020, 0x0020, 0x0020, 0x0020, 0x0020, 0x0000, 0x0000, 0x0000, 0x0000, 0x0000, 0x0000,
    0x0000, 0x0000, 0x0000, 0x0000, 0x0000, 0x0000, 0x0000, 0x0000, 0x0000, 0x0000, 0x0000, 0x0000,
    0x0000, 0x0000, 0x0000, 0x0000, 0x0000, 0x0000, 0x0000, 0x0000, 0x0000, 0x0000, 0x0000, 0x0000,
    0x0000, 0x0000, 0x0000, 0x0000, 0x0000, 0x0000, 0x0000, 0x0000, 0x0000, 0x0000, 0x0000, 0x0000,
    0x0000, 0x0000, 0x0000, 0x0000, 0x0000, 0x0000, 0x0000, 0x0000, 0x0000, 0x0000, 0x0000, 0x0000,
    0x0000, 0x0000, 0x0000, 0x0000, 0x0000, 0x0000, 0x0000, 0x0000, 0x0000, 0x0000, 0x0000, 0x0000,
    0x0000, 0x0000, 0x0000, 0x0000, 0x0000, 0x0000, 0x0000, 0x0000, 0x0000, 0x0000, 0x0000, 0x0000,
    0x0000, 0x0000, 0x0000, 0x0000, 0x0000, 0x0000, 0x0000, 0x0000, 0x0000, 0x0000, 0x0000, 0x0000,
    0x0000, 0x0000, 0x0000, 0x0000, 0x0000, 0x0000, 0x0000, 0x0000, 0x0000, 0x0000, 0x0000, 0x0000,
    0x0000, 0x0000, 0x0000, 0x0000, 0x0000, 0x0000, 0x0000, 0x0000, 0x0000, 0x0000, 0x0000, 0x0000,
    0x0000, 0x0000, 0x0000, 0x0000, 0x0000, 0x0000, 0x0000, 0x0000, 0x0000, 0x0000, 0x0000, 0x0000,
    0x0000, 0x0000, 0x0000, 0x0000, 0x0000, 0x0000, 0x0000, 0x0000, 0x0000, 0x0000, 0x0000, 0x0000,
    0x0000, 0x0000, 0x0000, 0x0000, 0x0000, 0x0000, 0x0000, 0x0000, 0x0000, 0x0000, 0x0000, 0x0000,
    0x0000, 0x0000, 0x0000, 0x0000, 0x0000, 0x0000, 0x0000, 0x0000, 0x0000, 0x0000, 0x0000, 0x0000,
    0x0000, 0x0000, 0x0000, 0x0000, 0x0000, 0x0000, 0x0000, 0x0000, 0x0000, 0x0000, 0x0000, 0x0000,
    0x0000, 0x0000, 0x0000, 0x0000, 0x0000, 0x0000, 0x0000, 0x0000, 0x0000, 0x0000, 0x0000, 0x0000,
    0x0000, 0x0000, 0x0000, 0x0000, 0x0000, 0x0000, 0x0000, 0x0000, 0x0000, 0x0000, 0x0000, 0x0000,
    0x0000, 0x0000, 0x0000, 0x0000, 0x0000, 0x0000, 0x0000, 0x0000, 0x0000, 0x0000, 0x0000, 0x0000,
    0x0000, 0x0000, 0x0000, 0x0000, 0x0000, 0x0000, 0x0000, 0x0000, 0x2104, 0x39A7, 0x39C7, 0x39C7,
    0x39C7, 0x39C7, 0x39C7, 0x39C7, 0x39C7, 0x39C7, 0x39C7, 0x39C7, 0x39C7, 0x39C7, 0x39C7, 0x39C7,
    0x39C7, 0x39C7, 0x39C7, 0x39C7, 0x39C7, 0x39C7, 0x39C7, 0x39C7, 0x39C7, 0x39C7, 0x39C7, 0x39C7,
    0x39C7, 0x39C7, 0x39C7, 0x39C7, 0x39C7, 0x39C7, 0x39C7, 0x39C7, 0x39C7, 0x39C7, 0x39C7, 0x39C7,
    0x39C7, 0x39C7, 0x39C7, 0x39C7, 0x39C7, 0x39C7, 0x39C7, 0x39C7, 0x39C7, 0x39C7, 0x39C7, 0x39C7,
    0x39E7, 0x39E7, 0x39C7, 0x39C7, 0x39C7, 0x39C7, 0x39C7, 0x39C7, 0x39C7, 0x39C7, 0x39C7, 0x39C7,
    0x39C7, 0x39C7, 0x39C7, 0x39C7, 0x39C7, 0x39C7, 0x39C7, 0x39C7, 0x39C7, 0x39C7, 0x39C7, 0x39C7,
    0x39C7, 0x39C7, 0x39C7, 0x39C7, 0x39C7, 0x39C7, 0x39C7, 0x39E7, 0x39E7, 0x39E7, 0x39E7, 0x39E7,
    0x39E7, 0x39E7, 0x39E7, 0x39E7, 0x39E7, 0x39E7, 0x39E7, 0x39E7, 0x39E7, 0x39E7, 0x39E7, 0x39E7,
    0x39E7, 0x39E7, 0x39E7, 0x39E7, 0x39E7, 0x39E7, 0x39E7, 0x39E7, 0x39E7, 0x39E7, 0x39E7, 0x39E7,
    0x39E7, 0x39E7, 0x39E7, 0x39E7, 0x39E7, 0x39C7, 0x39C7, 0x39C7, 0x39E7, 0x39E7, 0x39E7, 0x39E7,
    0x39E7, 0x39E7, 0x39E7, 0x39E7, 0x39E7, 0x39E7, 0x39E7, 0x39E7, 0x39E7, 0x39E7, 0x39E7, 0x39E7,
    0x39E7, 0x39E7, 0x39E7, 0x39E7, 0x39E7, 0x39E7, 0x39E7, 0x39E7, 0x39E7, 0x39E7, 0x39E7, 0x39E7,
    0x39E7, 0x39E7, 0x39E7, 0x39C7, 0x39C7, 0x39C7, 0x39C7, 0x39C7, 0x39C7, 0x39E7, 0x39E7, 0x39E7,
    0x39E7, 0x39E7, 0x39E7, 0x39E7, 0x39E7, 0x39E7, 0x39E7, 0x39E7, 0x39E7, 0x39E7, 0x39E7, 0x39E7,
    0x39E7, 0x39E7, 0x39E7, 0x39E7, 0x39E7, 0x39E7, 0x39E7, 0x39E7, 0x39E7, 0x39E7, 0x39E7, 0x39E7,
    0x39E7, 0x39E7, 0x39E7, 0x39E7, 0x39E7, 0x39E7, 0x39E7, 0x39E7, 0x39E7, 0x39E7, 0x39E7, 0x39E7,
    0x39E7, 0x39E7, 0x31A6, 0x0821, 0x0000, 0x0000, 0x0000, 0x0000, 0x0000, 0x0000, 0x0000, 0x94B2,
    0xFFFF, 0xFFFF, 0xFFFF, 0xFFFF, 0xFFFF, 0xFFFF, 0xFFFF, 0xFFFF, 0xFFFF, 0xFFFF, 0xFFFF, 0xFFFF,
    0xFFFF, 0xFFFF, 0xFFFF, 0xFFFF, 0xFFFF, 0xFFFF, 0xFFFF, 0xFFFF, 0xFFFF, 0xFFFF, 0xFFFF, 0xFFFF,
    0xFFFF, 0xFFFF, 0xFFFF, 0xFFFF, 0xFFFF, 0xFFFF, 0xFFFF, 0xFFFF, 0xFFFF, 0xFFFF, 0xFFFF, 0xFFFF,
    0xFFFF, 0xFFFF, 0xFFFF, 0xFFFF, 0xFFFF, 0xFFFF, 0xFFFF, 0xFFFF, 0xFFFF, 0xFFFF, 0xFFFF, 0xFFFF,
    0xFFDF, 0xFFDF, 0xFFDF, 0xFFFF, 0xFFDE, 0xFFDE, 0xFFDE, 0xFFDF, 0xFFFF, 0xFFFF, 0xFFFF, 0xFFFF,
    0xFFFF, 0xFFFF, 0xFFDF, 0xFFDE, 0xFFFF, 0xFFFF, 0xFFFF, 0xFFFF, 0xFFFF, 0xFFFF, 0xFFFF, 0xFFFF,
    0xFFFF, 0xFFFF, 0xFFFF, 0xFFFF, 0xFFFF, 0xFFFF, 0xFFFF, 0xFFFF, 0xFFFF, 0xFFFF, 0xFFDF, 0xEF7D,
    0xEF7D, 0xEF7D, 0xEF7D, 0xEF7D, 0xEF7D, 0xEF7D, 0xEF7D, 0xEF7D, 0xEF7D, 0xEF7D, 0xEF7D, 0xEF7D,
    0xEF7D, 0xEF7D, 0xEF7D, 0xEF7D, 0xEF7D, 0xEF7D, 0xEF7D, 0xEF7D, 0xEF7D, 0xEF7D, 0xEF7D, 0xEF7D,
    0xEF9D, 0xEF7D, 0xEF7D, 0xEF7D, 0xEF7D, 0xEF7D, 0xEF7D, 0xEF7D, 0xF7BE, 0xFFFF, 0xFFFF, 0xFFDF,
    0xFFDE, 0xFFBE, 0xF7BE, 0xF7BE, 0xF7BE, 0xFFBE, 0xFFBE, 0xFFBE, 0xFFBE, 0xFFDE, 0xF7DF, 0xF7DE,
    0xF7BE, 0xF7DE, 0xF7BE, 0xF7DE, 0xF7BE, 0xF7BE, 0xF7BE, 0xF7BE, 0xF7BE, 0xF7BE, 0xF7BE, 0xF7BE,
    0xF7DE, 0xF7DE, 0xF7DE, 0xFFDE, 0xFFDE, 0xFFDE, 0xFFDE, 0xFFDE, 0xFFDF, 0xFFFF, 0xFFFF, 0xFFFF,
    0xFFFF, 0xF7BE, 0xF77D, 0xF79D, 0xF77D, 0xF77D, 0xF77D, 0xF77D, 0xF77D, 0xF77D, 0xF77D, 0xF77D,
    0xF77D, 0xF77D, 0xF77D, 0xF77D, 0xF77D, 0xF77D, 0xF77D, 0xF77D, 0xEF7D, 0xEF7D, 0xF77D, 0xF79D,
    0xF79D, 0xF77D, 0xF77D, 0xF77D, 0xF77D, 0xF77D, 0xF77D, 0xF77D, 0xF77D, 0xF77D, 0xF77D, 0xEF7D,
    0xEF7D, 0xEF7D, 0xEF7D, 0xEF7D, 0xEF7D, 0xEF7D, 0xFFFF, 0xDEFB, 0x3166, 0x0000, 0x0000, 0x0000,
    0x0020, 0x0000, 0x52AA, 0xFFFF, 0x530C, 0x21A6, 0x2186, 0x2166, 0x2166, 0x2166, 0x2165, 0x2165,
    0x2165, 0x2145, 0x2145, 0x1925, 0x1924, 0x2125, 0x1925, 0x1925, 0x1925, 0x1925, 0x1924, 0x1924,
    0x1924, 0x1924, 0x1904, 0x20E4, 0x2104, 0x2104, 0x1904, 0x1104, 0x10E4, 0x10E4, 0x10E4, 0x10E4,
    0x10E4, 0x10E4, 0x10E4, 0x10C3, 0x10C3, 0x10E3, 0x10E3, 0x10E3, 0x08E4, 0x10E4, 0x20E4, 0x18E4,
    0x10C3, 0x10A3, 0x10A3, 0x10A3, 0x10A3, 0x08A3, 0x08A3, 0x10A3, 0x0883, 0x0883, 0x0883, 0x10A3,
    0x10A3, 0x10A3, 0x10A3, 0x10A3, 0x10A3, 0x10A3, 0x10A3, 0x10A3, 0x10A3, 0x10C3, 0x10A2, 0x1082,
    0x0861, 0x18A3, 0x10E3, 0x08E3, 0x10E3, 0x10E4, 0x10E4, 0x1104, 0x1104, 0x1104, 0x1104, 0x1104,
    0x1104, 0x1924, 0x10E3, 0x1062, 0x1062, 0x1062, 0x1062, 0x1062, 0x1062, 0x1062, 0x1062, 0x1062,
    0x1062, 0x1082, 0x1082, 0x1082, 0x1082, 0x1082, 0x1082, 0x1082, 0x1082, 0x1062, 0x1062, 0x1082,
    0x1082, 0x1062, 0x1082, 0x1082, 0x1062, 0x1062, 0x1062, 0x1062, 0x1062, 0x1062, 0x1062, 0x1062,
    0x10C3, 0x1104, 0x08E4, 0x08C3, 0x08A3, 0x00A3, 0x00A2, 0x0082, 0x00A2, 0x00A2, 0x08A3, 0x08A3,
    0x00A3, 0x10A2, 0x1062, 0x0841, 0x0841, 0x1082, 0x1083, 0x0883, 0x0882, 0x0862, 0x0862, 0x0882,
    0x0862, 0x0862, 0x0862, 0x0863, 0x0863, 0x0863, 0x0863, 0x0883, 0x0863, 0x0883, 0x0883, 0x0883,
    0x0883, 0x0883, 0x10A3, 0x10C3, 0x1904, 0x10A3, 0x0082, 0x0062, 0x0062, 0x0062, 0x0062, 0x0062,
    0x0062, 0x0062, 0x0062, 0x0062, 0x0062, 0x0062, 0x0062, 0x0062, 0x0062, 0x0062, 0x0062, 0x0062,
    0x0062, 0x0062, 0x0062, 0x0082, 0x0082, 0x0062, 0x0062, 0x0062, 0x0062, 0x0062, 0x0062, 0x0062,
    0x0062, 0x0062, 0x0082, 0x0882, 0x0882, 0x0082, 0x0862, 0x0862, 0x0882, 0x1082, 0x2124, 0xCE59,
    0xCE79, 0x0000, 0x0000, 0x0000, 0x0020, 0x0000, 0x94B2, 0xC659, 0x3000, 0x7800, 0x8000, 0x8000,
    0x8800, 0x8800, 0x8800, 0x8800, 0x8800, 0x8800, 0x8800, 0x8800, 0x9000, 0x7800, 0x9000, 0x9000,
    0x9000, 0x9000, 0x9000, 0x9000, 0x9000, 0xA000, 0x4000, 0x2860, 0x5000, 0x7000, 0x8800, 0x9800,
    0x9800, 0x9800, 0x9000, 0xA000, 0x6000, 0x2800, 0x4000, 0x3800, 0x3800, 0x4000, 0x4000, 0x4800,
    0x5000, 0x2800, 0x0000, 0x1800, 0x48A0, 0xAAA0, 0xB2A0, 0xAA80, 0xAA80, 0xAA80, 0xAA80, 0xAA80,
    0xAA80, 0xAA80, 0xAAA0, 0xAA80, 0xAAA0, 0x9A80, 0x9A60, 0x9A60, 0x9A60, 0xA280, 0xA280, 0x9A60,
    0xA2A0, 0x79A0, 0x5269, 0xA555, 0x73EF, 0x52EC, 0x3000, 0x4800, 0x4800, 0x4800, 0x4800, 0x4800,
    0x4800, 0x4000, 0x4000, 0x4000, 0x4000, 0x4800, 0x2000, 0x1061, 0xBC49, 0x7B06, 0x4021, 0xB8E5,
    0xB0E4, 0xB0E4, 0xB0E4, 0xB0E4, 0xB0E4, 0xB0C4, 0xB0C4, 0xB0C4, 0xB083, 0xB0A4, 0xB0A3, 0xB0C4,
    0xB0A4, 0xB0E4, 0xB0E4, 0xB0A4, 0xB083, 0xB0E4, 0xB0A4, 0xB0C4, 0xB105, 0xB0C4, 0xB0C4, 0xC105,
    0x6022, 0x41A3, 0xCCCA, 0x41A3, 0x0800, 0x6000, 0x6000, 0x6800, 0x6800, 0x6800, 0x6800, 0x6800,
    0x6800, 0x6800, 0x6000, 0x6000, 0x6000, 0x3061, 0x530D, 0x532D, 0x7CD4, 0x41C6, 0x9240, 0xA2A0,
    0x9A80, 0xA2A0, 0x9A80, 0x9A80, 0x9A80, 0x9A80, 0x9AA0, 0xAAC0, 0xA2A0, 0xA2A0, 0xA2A0, 0xA280,
    0xA280, 0xA280, 0xA280, 0xA280, 0xA280, 0xB2C0, 0x7A00, 0x4820, 0x1000, 0x1000, 0x6800, 0x7020,
    0x6000, 0x5800, 0x5000, 0x5000, 0x4800, 0x4800, 0x3800, 0x7820, 0x9020, 0x8820, 0x8820, 0x8800,
    0x8000, 0x8000, 0x8800, 0x9000, 0x9820, 0x9000, 0x7800, 0x7800, 0x7000, 0x7000, 0x7000, 0x7000,
    0x7000, 0x6800, 0x6000, 0x5800, 0x4800, 0x4800, 0x4000, 0x2800, 0x2000, 0x2800, 0x1800, 0x1000,
    0x0800, 0x0800, 0x0000, 0x4229, 0xF7BE, 0x0861, 0x0000, 0x0000, 0x0020, 0x0000, 0x94B2, 0xBDB6,
    0xC020, 0xF881, 0xF060, 0xF060, 0xF060, 0xF060, 0xF060, 0xF060, 0xF060, 0xF060, 0xF060, 0xF060,
    0xF040, 0x40A6, 0xB061, 0xF860, 0xF060, 0xF060, 0xF060, 0xF060, 0xF060, 0xF860, 0xB840, 0x62E1,
    0x7B61, 0x6A81, 0x69C1, 0x90A0, 0xF860, 0xF060, 0xF860, 0xD840, 0x50E8, 0x294D, 0x7084, 0xF040,
    0xF060, 0xF060, 0xF060, 0xE020, 0x70C2, 0x6249, 0x3186, 0x1841, 0x3040, 0x7A01, 0x8A42, 0xA304,
    0xAB44, 0xAB44, 0xAB24, 0xAB44, 0xAB44, 0xAB44, 0xAB24, 0xAB23, 0xC321, 0xFC01, 0xFBE1, 0xF3E1,
    0xF3E1, 0xF3E0, 0xF3E0, 0xFC01, 0xFBE0, 0x69E2, 0xDF5D, 0x9AEB, 0x9BCF, 0x9E19, 0x81E7, 0xD020,
    0xD061, 0xE060, 0xC060, 0xA841, 0x9041, 0x9041, 0xC861, 0xB861, 0x9041, 0xC861, 0x6820, 0x10A1,
    0xF58C, 0xA408, 0x5842, 0xF167, 0xE146, 0xE146, 0xE146, 0xE146, 0xE126, 0xE187, 0xE1C8, 0xE1A7,
    0xEA8B, 0xE24A, 0xE24A, 0xE167, 0xE1E9, 0xE126, 0xE126, 0xE229, 0xEA6A, 0xE105, 0xE1A8, 0xE26A,
    0xECB2, 0xE1E9, 0xD905, 0xF167, 0x8063, 0x5244, 0xFE2D, 0x5A45, 0x2000, 0xB881, 0xC061, 0xA061,
    0xC861, 0xC861, 0x9841, 0xA860, 0xA861, 0xD860, 0xE060, 0xD061, 0xC800, 0x7AAA, 0x95D8, 0x6249,
    0x9BEF, 0xC6BB, 0x79E0, 0xFC40, 0xF421, 0xEC00, 0xEC01, 0xF421, 0xF421, 0xF421, 0xEC01, 0xAAE1,
    0xB363, 0xB363, 0xB384, 0xB364, 0xB364, 0xAB64, 0xB364, 0xAB44, 0x9B03, 0x9281, 0x69E1, 0x2000,
    0x2104, 0x39A6, 0x71E7, 0xA020, 0xF860, 0xF060, 0xF060, 0xF060, 0xF060, 0xF060, 0xF060, 0xF060,
    0xF060, 0xF060, 0xF060, 0xF060, 0xF060, 0xF860, 0xD060, 0x98E0, 0xD820, 0xF860, 0xF060, 0xF060,
    0xF860, 0xF860, 0xF860, 0xF860, 0xF860, 0xF060, 0xF060, 0xF060, 0xF060, 0xE020, 0xA1A6, 0xABCF,
    0xA34D, 0xA881, 0xD820, 0xD040, 0xD040, 0xC860, 0xC000, 0xAA28, 0xE77D, 0x1062, 0x0000, 0x0000,
    0x0020, 0x0000, 0x94B2, 0xC5D6, 0xB000, 0xE060, 0xD840, 0xD840, 0xD840, 0xD840, 0xE040, 0xE040,
    0xE040, 0xE040, 0xE040, 0xE040, 0xD020, 0x1191, 0x1190, 0xC020, 0xE840, 0xE040, 0xE040, 0xE040,
    0xE040, 0xE060, 0xE000, 0x7160, 0x8400, 0x8BE0, 0x7400, 0x6900, 0xE820, 0xD860, 0xE820, 0x48A7,
    0x0258, 0x027A, 0x01D5, 0x9842, 0xE840, 0xD860, 0xF040, 0x8124, 0x53CF, 0xAE7A, 0x84B3, 0x94D3,
    0x4228, 0x5A20, 0x62A2, 0x6309, 0x5B4E, 0x630E, 0x6B6D, 0x5B0D, 0x5B2D, 0x634E, 0x636F, 0x9515,
    0x6B4D, 0xAA60, 0xCB00, 0xCB00, 0xDB60, 0xEBA0, 0xEBE0, 0xC320, 0x8263, 0x2166, 0x636D, 0x9000,
    0xA020, 0x8CF3, 0x218B, 0xA000, 0x9820, 0xD800, 0x9000, 0xC820, 0xC800, 0x8800, 0xA800, 0x9000,
    0x7000, 0x9800, 0x6000, 0x10A1, 0xE54B, 0x9BE8, 0x5042, 0xE946, 0xD126, 0xD926, 0xD926, 0xD946,
    0xD0A4, 0xECB3, 0xF71C, 0xDB0D, 0xF6DB, 0xF79E, 0xED55, 0xE451, 0xF79D, 0xD926, 0xDA8B, 0xF73C,
    0xF6DB, 0xE451, 0xED14, 0xE452, 0xDA09, 0xD987, 0xD105, 0xE946, 0x7863, 0x5224, 0xFDCC, 0x5225,
    0x2800, 0xB020, 0x8800, 0x7000, 0xA000, 0xA000, 0x9000, 0xD020, 0xB020, 0x9800, 0xD020, 0x9840,
    0x8000, 0x2A6D, 0x8C71, 0xB000, 0x7840, 0x73EF, 0x2165, 0x8AA3, 0xD380, 0xEC00, 0xE3C0, 0xDB80,
    0xC320, 0xDB60, 0x8200, 0x8494, 0x7C73, 0x6BB0, 0x634E, 0x634E, 0x636E, 0x73AE, 0x636F, 0x6B4D,
    0x6267, 0x61C1, 0x38C0, 0x5B2D, 0x8C71, 0x9DB7, 0x95B7, 0x4AAB, 0xB840, 0xE860, 0xD840, 0xE040,
    0xE040, 0xE040, 0xE840, 0xE820, 0xE060, 0xE040, 0xE040, 0xE040, 0xE040, 0xE860, 0x9840, 0x6360,
    0x7240, 0xB800, 0xE840, 0xE060, 0xE040, 0xE040, 0xE040, 0xE040, 0xE040, 0xE040, 0xE040, 0xE060,
    0xE020, 0x99A6, 0xDF9E, 0xFFFF, 0xFFFF, 0xB618, 0xA861, 0xE840, 0xE040, 0xE860, 0xE000, 0xF228,
    0xE77D, 0x1062, 0x0000, 0x0000, 0x0020, 0x0000, 0x94B2, 0xC5D6, 0xB800, 0xE860, 0xE040, 0xE040,
    0xE820, 0xE820, 0xE040, 0xE040, 0xE040, 0xE040, 0xE040, 0xE840, 0xC020, 0x09B2, 0x029B, 0x210B,
    0xD820, 0xE840, 0xE040, 0xE040, 0xE040, 0xE040, 0xF040, 0xA040, 0x6320, 0x8BC0, 0x6B80, 0x78A0,
    0xE840, 0xD860, 0xE820, 0x310B, 0x0259, 0x1237, 0x0217, 0x7863, 0xF840, 0xE821, 0xA000, 0x5A8B,
    0x5B0D, 0x0883, 0x18E4, 0xD6BA, 0xFFFF, 0xAC68, 0x72A0, 0x82E0, 0x9360, 0x6A40, 0x79C0, 0xBAA0,
    0xD2E0, 0x7244, 0x8C0F, 0x6981, 0x2106, 0x3186, 0x4209, 0x31C9, 0x3965, 0x8A61, 0x91E0, 0x49C7,
    0x83CF, 0x98C3, 0xB000, 0x8861, 0x4800, 0x7BEF, 0x5374, 0x2801, 0x4881, 0x8165, 0x6104, 0x68E3,
    0x7924, 0x5945, 0x6186, 0x4986, 0x3986, 0x69C7, 0x4904, 0x1081, 0xED6B, 0x9BE8, 0x5042, 0xE946,
    0xD926, 0xD926, 0xD926, 0xD926, 0xD905, 0xF638, 0xFFDF, 0xDA8B, 0xE26A, 0xF69A, 0xD083, 0xEDD7,
    0xFFDF, 0xE2CC, 0xE32D, 0xF5D7, 0xD946, 0xF6FB, 0xF5F7, 0xE3F0, 0xD863, 0xD926, 0xD926, 0xE946,
    0x7863, 0x5224, 0xFDED, 0x5A24, 0x1041, 0x7185, 0x5965, 0x3145, 0x5145, 0x5924, 0x5904, 0x7903,
    0x68C3, 0x5924, 0x8124, 0x4000, 0x2003, 0x6C36, 0x62A9, 0x5000, 0x9861, 0xB800, 0xA965, 0x8BF0,
    0x5164, 0xA280, 0x7222, 0x3166, 0x420A, 0x39E8, 0x2946, 0x3124, 0x8262, 0x7C10, 0x9240, 0xD360,
    0xA280, 0x69A0, 0x71C0, 0x9240, 0x69C0, 0x8200, 0xC531, 0xFFFF, 0x7BF0, 0x1905, 0x18C4, 0x7C72,
    0x60C4, 0xD800, 0xE840, 0xE040, 0xE040, 0xE840, 0xB861, 0xA124, 0xD020, 0xE840, 0xE040, 0xE040,
    0xE040, 0xE060, 0xE820, 0x8920, 0x8C40, 0x6A80, 0xB020, 0xF040, 0xE060, 0xE040, 0xE840, 0xE840,
    0xE840, 0xE040, 0xE040, 0xE860, 0xC800, 0xAC71, 0xFFFF, 0xF7BE, 0xFFDE, 0xFFFF, 0x9AAA, 0xD800,
    0xE060, 0xD840, 0xD800, 0xE228, 0xE77D, 0x1062, 0x0000, 0x0000, 0x0020, 0x0000, 0x94B2, 0xC5D6,
    0xB800, 0xE860, 0xE040, 0xD000, 0x9124, 0xA8A2, 0xE020, 0xE040, 0xE040, 0xE040, 0xE040, 0xF040,
    0xA841, 0x01F6, 0x0A59, 0x0259, 0x38E9, 0xE800, 0xE840, 0xE040, 0xE040, 0xE040, 0xE840, 0xD800,
    0x61C0, 0x8C00, 0x6320, 0xA061, 0xF860, 0xE840, 0xE840, 0x9063, 0x0192, 0x0216, 0x190C, 0xD040,
    0xD840, 0x9980, 0x7280, 0x7304, 0x5A64, 0x20A0, 0x1880, 0x8430, 0xBD92, 0xB486, 0x9B80, 0xAC00,
    0xBC60, 0xDD20, 0xBC40, 0x8261, 0xB280, 0x6A44, 0x7B8C, 0x40C0, 0x7C53, 0xBE18, 0xE73B, 0x8431,
    0x198D, 0x10C9, 0x6800, 0x3882, 0x3041, 0x8000, 0xE860, 0xF881, 0x9000, 0x3186, 0x2987, 0x0000,
    0x30C3, 0x7430, 0xB69A, 0xF7FF, 0xEFDF, 0xEFDF, 0xF7FF, 0xFFFF, 0xFFFF, 0xF7FF, 0x9D55, 0x1020,
    0xED6C, 0x9BE8, 0x5042, 0xE946, 0xD926, 0xD926, 0xD926, 0xD8E5, 0xDA29, 0xF639, 0xECF4, 0xECF3,
    0xDA6A, 0xF659, 0xD9A7, 0xF659, 0xECD3, 0xED14, 0xE2CC, 0xF679, 0xED96, 0xEC92, 0xED55, 0xE431,
    0xD8A4, 0xD946, 0xD926, 0xE946, 0x7863, 0x5224, 0xFE0D, 0x51C3, 0x39E8, 0xEFFF, 0xF7DF, 0xF7FF,
    0xF7DF, 0xEFDE, 0xE79E, 0xEFFF, 0xEFFF, 0xB5D7, 0x6BCF, 0x2986, 0x0021, 0x31A7, 0x30E3, 0xB000,
    0xF881, 0xE040, 0x7000, 0x40A2, 0x4883, 0x6800, 0x092D, 0x218B, 0xB5B7, 0xD6BA, 0xC618, 0x52AC,
    0x69E1, 0x7BCF, 0x79A0, 0xA280, 0x8241, 0xCB40, 0xCB40, 0xBB00, 0x9260, 0xA280, 0xAC0B, 0xC5D6,
    0x5268, 0x2040, 0x2880, 0x834A, 0x69E1, 0x8160, 0xB080, 0xE840, 0xE840, 0xC020, 0xB596, 0xE79E,
    0xAB0C, 0xE000, 0xF061, 0xF060, 0xF060, 0xE860, 0xE860, 0xD000, 0x7220, 0x9C80, 0x6AE0, 0xA081,
    0xF020, 0xE860, 0xE040, 0xE840, 0xE840, 0xE040, 0xE040, 0xE060, 0xD800, 0x9B4D, 0xFFFF, 0xFFFF,
    0xFFFF, 0xFFFF, 0x9A28, 0xE000, 0xE060, 0xE040, 0xD800, 0xE228, 0xE77D, 0x1062, 0x0000, 0x0000,
    0x0020, 0x0000, 0x94B2, 0xC5D6, 0xB000, 0xE061, 0xE000, 0x91A6, 0xE7BE, 0xC639, 0xB020, 0xE840,
    0xE040, 0xE040, 0xE040, 0xE840, 0x9041, 0x0192, 0x01F6, 0x0217, 0x0239, 0x40C9, 0xE040, 0xE040,
    0xE040, 0xE040, 0xE040, 0xE840, 0x9060, 0x6B80, 0x62E0, 0x5000, 0x8800, 0xA020, 0xE040, 0xE040,
    0xA840, 0x8842, 0xD040, 0xD020, 0x4900, 0x5A80, 0x8B21, 0xCCA0, 0xA445, 0xBD2C, 0x93C4, 0xCCA0,
    0xD4A0, 0xD4E0, 0x6AA2, 0x5224, 0x4206, 0x3144, 0x7B03, 0x8300, 0x010B, 0x39C5, 0x8366, 0x1109,
    0x19F1, 0x0A15, 0x19F1, 0x10E8, 0x096F, 0x2083, 0x5A49, 0x73CF, 0xAD96, 0x530C, 0x2862, 0x9800,
    0xF820, 0x8904, 0x0945, 0x2800, 0xE840, 0xB000, 0x6882, 0x6B8E, 0xE77D, 0xFFFF, 0xFFFF, 0xFFFF,
    0xFFFF, 0xFFFF, 0xA555, 0x1020, 0xED6C, 0x9BE8, 0x5042, 0xE946, 0xD926, 0xD926, 0xD946, 0xD8A4,
    0xE38E, 0xFF7D, 0xF69A, 0xF679, 0xE2CC, 0xF5F7, 0xE2EC, 0xFF9E, 0xF69A, 0xF6BA, 0xE36E, 0xF679,
    0xF6FB, 0xD987, 0xED14, 0xE431, 0xD8A4, 0xD946, 0xD926, 0xE946, 0x7863, 0x5224, 0xFE0D, 0x51C3,
    0x4209, 0xFFFF, 0xFFFF, 0xFFFF, 0xFFFF, 0xFFFF, 0xFFFF, 0xD69A, 0x6B2D, 0x83EF, 0xCE79, 0xF7BE,
    0x1083, 0x10C3, 0xA0A2, 0xF840, 0x7800, 0x28C3, 0x6BCF, 0xAD96, 0x636D, 0x51E7, 0x10A6, 0x012E,
    0x1908, 0x1A12, 0x1214, 0x19CF, 0x2803, 0x6800, 0x6AEC, 0x6A8B, 0x8080, 0x6203, 0x20E4, 0x51E5,
    0x4983, 0xA2A1, 0xD2E0, 0xD300, 0xB2E0, 0x9AE1, 0xAB60, 0xB2C0, 0xBAE0, 0x7A20, 0x51A0, 0x7040,
    0xF840, 0xB840, 0xCE9A, 0xFFFF, 0xABAE, 0xD000, 0xA040, 0x8800, 0x9000, 0xC020, 0xE060, 0xE840,
    0xA840, 0x6B20, 0xA460, 0x7B80, 0x98E0, 0xE820, 0xE860, 0xE040, 0xE040, 0xE040, 0xE040, 0xD840,
    0xE840, 0xB061, 0xAD34, 0xEFDF, 0xE7DE, 0xA4B2, 0xB820, 0xE840, 0xD840, 0xE040, 0xD800, 0xE228,
    0xE77D, 0x1062, 0x0000, 0x0000, 0x0020, 0x0000, 0x94B2, 0xC5D6, 0xC020, 0xF8A1, 0xF020, 0xA9E7,
    0xF7BE, 0xC5B6, 0xC841, 0xF861, 0xF060, 0xF060, 0xF060, 0xF060, 0xE840, 0xC840, 0xA062, 0x8084,
    0x68C7, 0x40E9, 0x9041, 0xF860, 0xF060, 0xF040, 0xF040, 0xF060, 0xE000, 0x7260, 0x5280, 0x8451,
    0x5B2C, 0x0068, 0xA062, 0xF020, 0xF020, 0xF840, 0xE020, 0x50C0, 0x4A21, 0x49A1, 0x5A00, 0x62A5,
    0xE75E, 0xE7BF, 0x8BC8, 0xCCE3, 0xBD92, 0x94B3, 0x10C6, 0x7C53, 0x94B4, 0x3A2D, 0x29ED, 0x6B4C,
    0x01F5, 0x01F7, 0x5351, 0x21EE, 0x0219, 0x0258, 0x0218, 0x0171, 0x090C, 0x9CD2, 0xB5D7, 0xCE59,
    0xFFFF, 0x9CF3, 0x8492, 0x31E8, 0xA800, 0xB8A2, 0x2904, 0x7020, 0xF060, 0xF060, 0xF020, 0xA000,
    0x4924, 0xADF7, 0xFFFF, 0xFFDE, 0xFFDD, 0xFFDE, 0xA534, 0x1020, 0xED6C, 0x9BE8, 0x5042, 0xE946,
    0xD126, 0xD926, 0xD946, 0xD8A4, 0xEDF8, 0xEC92, 0xD946, 0xF69A, 0xECD3, 0xEDB7, 0xED76, 0xECF4,
    0xD926, 0xF659, 0xEDB7, 0xED55, 0xE38E, 0xED96, 0xED76, 0xE451, 0xD084, 0xD946, 0xD126, 0xE946,
    0x7863, 0x5224, 0xFDED, 0x51C3, 0x3A08, 0xFFFE, 0xFFDE, 0xFFDE, 0xFFFE, 0xFFDF, 0x9492, 0x528A,
    0xBDF7, 0xFFFF, 0xFFFF, 0xFFFF, 0x630C, 0x2124, 0xD861, 0x8020, 0x3A8A, 0x94D3, 0xAD55, 0xFFFF,
    0xAD55, 0xC679, 0x6B4D, 0x08EC, 0x0171, 0x0239, 0x0A58, 0x01F8, 0x4064, 0xBC50, 0xFFFF, 0xC595,
    0x4001, 0x21ED, 0x424B, 0x9D35, 0x5B50, 0x2147, 0xBDB6, 0xBC8C, 0xAAC1, 0x8B41, 0xEDC0, 0xABE1,
    0x5161, 0x5161, 0x4940, 0x4140, 0x8840, 0xF820, 0xB923, 0xA269, 0xD820, 0x5865, 0x00C7, 0x8C70,
    0x7C0F, 0x30C3, 0xE040, 0xF880, 0xF840, 0x98E1, 0x8BE1, 0xA420, 0x83C0, 0x8900, 0xE820, 0xF860,
    0xF860, 0xF860, 0xF060, 0xF061, 0xF061, 0xF060, 0xC820, 0xA185, 0xA165, 0xB800, 0xE840, 0xE040,
    0xE040, 0xE060, 0xD800, 0xE228, 0xE77D, 0x1062, 0x0000, 0x0000, 0x0020, 0x0000, 0x94B2, 0xBDB6,
    0x6800, 0x8800, 0x8000, 0x7000, 0x2841, 0x4000, 0x8000, 0x8000, 0x8000, 0x8000, 0x7800, 0x7800,
    0x8000, 0x8000, 0x7800, 0x7800, 0x7800, 0x7000, 0x6000, 0x6800, 0x6800, 0x6800, 0x6820, 0x6000,
    0x6000, 0x40E0, 0x39E2, 0x4AF2, 0x3A2D, 0x08A9, 0x2862, 0x7061, 0x6882, 0x6041, 0x4040, 0x5A41,
    0x5A01, 0x49A1, 0x8300, 0x9C49, 0xB52E, 0xBCC7, 0xA3A0, 0x7B67, 0xBD2C, 0x7B69, 0x0151, 0x0216,
    0x0170, 0x090B, 0x00CA, 0xB596, 0x9D16, 0x0173, 0x01D7, 0x014F, 0x0192, 0x0238, 0x0238, 0x0150,
    0x090B, 0xCE37, 0x7BF0, 0x7BEF, 0x7BEF, 0x9492, 0xFFFF, 0xC69A, 0x3882, 0xA020, 0x5082, 0xF020,
    0xE040, 0xE040, 0xE040, 0xF061, 0xD800, 0x5020, 0x2166, 0x3A2C, 0x2A0D, 0x322E, 0x1948, 0x1881,
    0xED6C, 0x9BE8, 0x5042, 0xE946, 0xD926, 0xD926, 0xD926, 0xD926, 0xE2CC, 0xD9A7, 0xD8C4, 0xE26A,
    0xE2AB, 0xE28B, 0xE2CC, 0xE1C8, 0xD8A4, 0xE24A, 0xE2CC, 0xE26A, 0xD925, 0xE2EC, 0xE2CC, 0xE209,
    0xD905, 0xD926, 0xD926, 0xF166, 0x7863, 0x5224, 0xFE0D, 0x5A24, 0x0843, 0x324D, 0x322C, 0x320C,
    0x29CA, 0x20E4, 0x738E, 0xF7DE, 0xFFFF, 0xFFDF, 0xFFDF, 0xFFFF, 0xF7FF, 0x5A29, 0xA800, 0x2904,
    0xEF7D, 0xFFFF, 0x7BEF, 0x8C51, 0x6B6D, 0xA514, 0x9D14, 0x008B, 0x09D3, 0x0A79, 0x01D6, 0x2231,
    0xBDF8, 0xFFFF, 0xC5D6, 0xB8A2, 0x5863, 0x010B, 0x08C9, 0x09B1, 0x01D5, 0x114D, 0xAC0B, 0xAC6D,
    0x7A64, 0xAAC0, 0xB340, 0xA380, 0xAAE1, 0x5981, 0x4940, 0x61A1, 0x40E0, 0x6000, 0x8061, 0x7800,
    0x7041, 0x10A6, 0x08CA, 0x632F, 0x5375, 0x1907, 0x5800, 0x7800, 0x7000, 0x6800, 0x3940, 0x9420,
    0x9C00, 0x83E0, 0x7140, 0x9000, 0x8800, 0x8800, 0x8800, 0x9000, 0x9800, 0xA000, 0xB000, 0xB800,
    0xC800, 0x7060, 0xC020, 0xD800, 0xD820, 0xE040, 0xE000, 0xEA28, 0xE77D, 0x1062, 0x0000, 0x0000,
    0x0020, 0x0000, 0x9492, 0xBDF7, 0x6BCF, 0x94F3, 0x9514, 0x9D34, 0xA514, 0xA555, 0x9D55, 0x9D75,
    0xA576, 0xA596, 0xA596, 0xA5B6, 0xADD7, 0xADF7, 0xA5D7, 0xADF7, 0xAE18, 0xB659, 0xC69A, 0xC6BB,
    0xB659, 0xB659, 0xBE79, 0xB659, 0xBE79, 0x3A4B, 0x0884, 0x01D7, 0x0151, 0x0864, 0x2104, 0x7431,
    0x63AF, 0x2165, 0xAC20, 0xE540, 0xA3E0, 0xBC60, 0xFDC0, 0xB420, 0x5A21, 0x6240, 0x5A63, 0x72E5,
    0x6AA2, 0x20C1, 0x0217, 0x0A79, 0x0237, 0x014F, 0x0001, 0x8451, 0xFFFF, 0x94F6, 0x0173, 0x0259,
    0x0192, 0x0170, 0x0238, 0x0150, 0x090B, 0x18C3, 0x3A09, 0x52AA, 0x31A6, 0x4249, 0x41E7, 0x532D,
    0x39C7, 0x9820, 0x5BD0, 0xB1C7, 0xE800, 0xE040, 0xE840, 0xF040, 0xF860, 0xF840, 0x7800, 0x08E9,
    0x0193, 0x01D4, 0x00EC, 0x20A1, 0xDD2B, 0x93C8, 0x5062, 0xD966, 0xC946, 0xD146, 0xD146, 0xD146,
    0xD0E5, 0xD126, 0xD146, 0xD105, 0xD0E5, 0xD105, 0xD0E5, 0xD125, 0xD146, 0xD105, 0xC8E5, 0xD105,
    0xD146, 0xC8E5, 0xD0E5, 0xD105, 0xD146, 0xD146, 0xC926, 0xE166, 0x7883, 0x5224, 0xF5AD, 0x5A24,
    0x0025, 0x01D4, 0x01B3, 0x01B3, 0x08A7, 0xA513, 0xFFFF, 0xFFFF, 0xFFFF, 0xFFFF, 0xFFFF, 0xFFDF,
    0xB618, 0x6B0D, 0x9020, 0x2208, 0x5AEC, 0x4208, 0x426A, 0x4208, 0x5ACB, 0x29A7, 0x10A3, 0x012D,
    0x01D4, 0x01B6, 0x4B12, 0xE71B, 0xFFFF, 0xAD13, 0xB041, 0xE820, 0x3000, 0x0065, 0x0171, 0x0238,
    0x0259, 0x0171, 0x38C0, 0x7A63, 0x6204, 0x61A1, 0x69A1, 0x69C2, 0xE360, 0xE380, 0xA2A0, 0xB2C0,
    0xEBA0, 0x59C0, 0x42AB, 0x8492, 0x5B6E, 0x18A2, 0x08C8, 0x0152, 0x0218, 0x0152, 0x6BD0, 0xA5B6,
    0xA596, 0xADB6, 0x9D14, 0x7321, 0x9400, 0x9C00, 0x8BE0, 0x31E3, 0x8CB3, 0x9514, 0x8492, 0x7C51,
    0x7C10, 0x6B8E, 0x630C, 0x5AEB, 0x4A29, 0x72C0, 0x4143, 0x4104, 0x40C3, 0x40A2, 0x3800, 0x6A08,
    0xEF7D, 0x1062, 0x0000, 0x0000, 0x0020, 0x0000, 0x9492, 0xC638, 0xDEFB, 0xFFFF, 0xFFFF, 0xFFFF,
    0xFFFF, 0xFFFF, 0xFFFF, 0xFFFF, 0xFFFF, 0xFFFF, 0xFFFF, 0xFFFF, 0xFFFF, 0xFFFF, 0xFFFF, 0xFFFF,
    0xFFFF, 0xFFDF, 0xCE58, 0x8C2F, 0xEF5C, 0xFFFF, 0xFFFF, 0xFFFF, 0xFFFF, 0x5352, 0x0173, 0x0A99,
    0x01B3, 0x0023, 0x0821, 0x2104, 0x52AB, 0x6263, 0xF580, 0xED60, 0xFDE0, 0xED60, 0x6B06, 0x1214,
    0x0172, 0x0001, 0x2987, 0x2967, 0x0884, 0x0044, 0x0216, 0x0258, 0x0237, 0x012D, 0x18C4, 0x62C8,
    0xC56D, 0xD56A, 0x8B83, 0x11F1, 0x0A5A, 0x01D3, 0x0170, 0x010D, 0x010B, 0x0042, 0x0021, 0x08C3,
    0x0021, 0x0020, 0x0062, 0x1062, 0x9081, 0x7800, 0x1966, 0x7BD0, 0xD041, 0xF040, 0xB040, 0x5000,
    0x4800, 0x4820, 0x5800, 0x0000, 0x0000, 0x0000, 0x0000, 0x0000, 0x0000, 0x0000, 0x0000, 0x0000,
    0x0000, 0x0000, 0x0000, 0x0000, 0x0000, 0x0000, 0x0000, 0x0000, 0x0000, 0x0000, 0x0000, 0x0000,
    0x0000, 0x0000, 0x0000, 0x0000, 0x0000, 0x0000, 0x0000, 0x0000, 0x0000, 0x0000, 0x0000, 0x0000,
    0x0000, 0x0000, 0x0000, 0x0000, 0x0000, 0x0000, 0x0000, 0x0000, 0x1061, 0x634D, 0x4ACB, 0x52CB,
    0x7BCF, 0xF7BE, 0xFFFF, 0xDEFB, 0x6BF0, 0x18C3, 0x9800, 0x7841, 0x1061, 0x0041, 0x0000, 0x0882,
    0x10C3, 0x0021, 0x08A5, 0x00EC, 0x0130, 0x7C55, 0xFFFE, 0xFFFF, 0xBC92, 0xA020, 0xC040, 0xA820,
    0x3082, 0x10C6, 0x0150, 0x0217, 0x0218, 0x0170, 0x0021, 0x10E5, 0x31E8, 0x10C4, 0x0024, 0x01F6,
    0x29CE, 0xA2C2, 0xFBE0, 0xEBC0, 0xF3C0, 0xC300, 0x4A49, 0x4A49, 0x20E4, 0x0000, 0x0088, 0x0A16,
    0x0A79, 0x0173, 0xBDF8, 0xFFFF, 0xFFFF, 0xFFFF, 0xFFFF, 0xA533, 0x7B40, 0x9C21, 0x9C00, 0x93C0,
    0x8C0A, 0xFFFF, 0xFFFF, 0xFFFF, 0xFFFF, 0xFFFF, 0xFFFF, 0xFFFF, 0xC658, 0xCC60, 0xA447, 0xDF7E,
    0xE79D, 0xDF3C, 0xCEBA, 0xCEBA, 0xE73C, 0x1082, 0x0000, 0x0000, 0x0020, 0x0000, 0x9492, 0xC618,
    0xD6BA, 0xFFFF, 0xFFFF, 0xFFFF, 0xFFDE, 0xF7BD, 0xF79D, 0xEF5C, 0xE71B, 0xDED9, 0xDEB9, 0xD698,
    0xC618, 0xB5B7, 0xAD76, 0xA534, 0x7BEC, 0x5AC4, 0x62E0, 0x62C0, 0x5288, 0x6B4D, 0x62EC, 0x5ACC,
    0x4A8A, 0x194A, 0x0238, 0x0258, 0x0193, 0x0044, 0x0820, 0x1082, 0x0821, 0x6A61, 0xF580, 0xF580,
    0xCCC1, 0x322E, 0x01D8, 0x0170, 0x0022, 0x0000, 0x10A2, 0x2965, 0x2945, 0x0862, 0x01F5, 0x0238,
    0x0237, 0x012E, 0x3A0A, 0x41A1, 0x82C0, 0x59E0, 0x4140, 0x1040, 0x012F, 0x0259, 0x0216, 0x012D,
    0x0021, 0x1800, 0x5000, 0x3800, 0x4841, 0x5020, 0x78A2, 0x8800, 0x5000, 0x9492, 0xD6BA, 0x7C71,
    0x7861, 0xF840, 0x8820, 0x0021, 0x68A3, 0x4842, 0x31E8, 0x7BCF, 0x73AE, 0x7BCF, 0x8410, 0x7BEF,
    0x7BEF, 0x73CF, 0x73AE, 0x73CF, 0x73CF, 0x73CF, 0x73AE, 0x73AE, 0x73AE, 0x7C10, 0x7C10, 0x7BEF,
    0x73AE, 0x73CF, 0x73CF, 0x73CF, 0x73AE, 0x73AE, 0x73AE, 0x7BEF, 0x7BEF, 0x73CF, 0x73CF, 0x73CF,
    0x73CF, 0x73CF, 0x73AE, 0x73AE, 0x73AE, 0x7BCF, 0x7BEF, 0x7BEF, 0x7BEF, 0x7BCF, 0x7BCF, 0x7BCF,
    0x73AE, 0x2041, 0x6001, 0x4800, 0x0020, 0xE75C, 0xFFFF, 0x73AF, 0x8C71, 0xCE79, 0x8BCF, 0x6800,
    0x9000, 0x8082, 0x4800, 0x3000, 0x3020, 0x4041, 0x0000, 0x10A5, 0xAD76, 0xFFFF, 0xF7DF, 0x6B6E,
    0x1800, 0x5000, 0x6800, 0x7800, 0x3924, 0x29CA, 0x012F, 0x0237, 0x0238, 0x014F, 0x1081, 0x3186,
    0x2925, 0x1061, 0x0000, 0x0066, 0x01D6, 0x01B5, 0x6A47, 0xEBA0, 0xEBA0, 0xD360, 0x20A1, 0x10A2,
    0x2104, 0x0841, 0x00A9, 0x01F6, 0x0258, 0x0173, 0x7BEF, 0xCE37, 0xCE78, 0xDEB9, 0xE6FA, 0xE73C,
    0x7367, 0x93E0, 0x9401, 0x9400, 0x8380, 0x6B07, 0xCE9B, 0xFFFF, 0xFFFF, 0xFFFF, 0xFFFF, 0xFFFF,
    0xACCE, 0xE500, 0xC460, 0xBDB5, 0xFFFF, 0xFFFF, 0xFFFF, 0xFFDE, 0xE71C, 0x1082, 0x0000, 0x0000,
    0x0020, 0x0000, 0x94B2, 0xBDD7, 0x39C7, 0x4A49, 0x3A09, 0x31C9, 0x29A8, 0x2988, 0x2168, 0x1948,
    0x1129, 0x08E9, 0x00A9, 0x0047, 0x0002, 0x18C0, 0x41E0, 0x62E0, 0x7360, 0x83A0, 0x7B80, 0x62C0,
    0x00C8, 0x0111, 0x0131, 0x0152, 0x0110, 0x00CA, 0x0216, 0x0259, 0x01B4, 0x112A, 0x1082, 0x5ACB,
    0x4229, 0x7AC0, 0xFE61, 0xBC62, 0x198D, 0x012F, 0x08C6, 0x2944, 0x4A49, 0x0841, 0x0862, 0x18C3,
    0x2125, 0x1082, 0x01D3, 0x0279, 0x0238, 0x014F, 0x014E, 0x0001, 0x0001, 0x1906, 0x4AEE, 0x1946,
    0x4800, 0x212D, 0x0239, 0x0A58, 0x0170, 0x1022, 0x6820, 0x8020, 0x7882, 0x7124, 0x7249, 0x8472,
    0x6431, 0x8C72, 0xB5D7, 0x6BEF, 0x9820, 0xF860, 0x8820, 0x2842, 0xF987, 0xB883, 0x9471, 0xFFFF,
    0xFFFF, 0xFFFF, 0xF79E, 0xF7BE, 0xF7BE, 0xFFFF, 0xFFFF, 0xFFFF, 0xFFFF, 0xFFFF, 0xFFFF, 0xFFFF,
    0xFFFF, 0xEF7D, 0xE71C, 0xEF9D, 0xFFFF, 0xFFFF, 0xFFFF, 0xFFFF, 0xFFFF, 0xFFFF, 0xFFFF, 0xFFFF,
    0xF79D, 0xFFFF, 0xFFFF, 0xFFFF, 0xFFFF, 0xFFFF, 0xFFFF, 0xFFFF, 0xFFFF, 0xFFFF, 0xF79E, 0xF79E,
    0xFFFF, 0xFFFF, 0xFFFF, 0xFFFF, 0xFFFF, 0x7A29, 0xF126, 0xC925, 0x18C3, 0xEF7D, 0xFFDF, 0x8C51,
    0x8451, 0xD6DA, 0x9514, 0x6C92, 0x7C10, 0x7208, 0x7104, 0x7881, 0x8061, 0x5041, 0x31C7, 0xD6BA,
    0xFFFF, 0xEF7D, 0xAD75, 0x2945, 0x3208, 0x42EC, 0x00C3, 0x0000, 0x0064, 0x014E, 0x0170, 0x0238,
    0x0239, 0x092C, 0x20E3, 0x2945, 0x1082, 0x0821, 0x10A2, 0x52A9, 0x1083, 0x090A, 0x0150, 0x49E8,
    0xEBA0, 0xF3E0, 0x28C1, 0x00A8, 0x0043, 0x2125, 0x092C, 0x01F6, 0x0238, 0x0192, 0x0045, 0x00A9,
    0x00EA, 0x090A, 0x1109, 0x1949, 0x1108, 0x5A81, 0x9C40, 0x8BC0, 0x9421, 0x8BC0, 0x62E4, 0x738E,
    0x8C51, 0x9CD2, 0xB594, 0xBDF7, 0x9C05, 0xED40, 0xED40, 0x9BE6, 0xEF9E, 0xFFFF, 0xFFFF, 0xF7DF,
    0xDF1B, 0x1082, 0x0000, 0x0000, 0x0020, 0x0000, 0x94B2, 0xB5D7, 0x008D, 0x0194, 0x0194, 0x01B5,
    0x01D5, 0x01F7, 0x01F8, 0x01D8, 0x0195, 0x098F, 0x29E9, 0x52A3, 0x7B80, 0x83E0, 0x7380, 0x5AC1,
    0x4225, 0x21C9, 0x09AE, 0x01B3, 0x0258, 0x0A9A, 0x0A7A, 0x0A9B, 0x0990, 0x0022, 0x0170, 0x0217,
    0x01B4, 0x00EC, 0x0002, 0x0820, 0x0862, 0x49A0, 0x9381, 0x10A2, 0x0002, 0x0000, 0x0820, 0x0841,
    0x18E4, 0x18C3, 0x18C3, 0x1082, 0x0841, 0x0020, 0x00C9, 0x01D5, 0x01F6, 0x010D, 0x00A9, 0x0000,
    0x7431, 0xC73D, 0x7492, 0x90A2, 0xF840, 0xD020, 0x290C, 0x0238, 0x0A79, 0x01D3, 0x6842, 0xA800,
    0x4A6A, 0x9E7B, 0xAE9B, 0xAE5A, 0x84D3, 0x4249, 0x1925, 0x6861, 0xF840, 0xF800, 0x7800, 0x2842,
    0xE966, 0xA863, 0x8C51, 0xDF1C, 0x9470, 0x7BCE, 0x0020, 0x0021, 0x0000, 0x2104, 0xDEDB, 0xFFFF,
    0xFFDF, 0xEF5D, 0x8C50, 0xB575, 0x5AEC, 0x0000, 0x0000, 0x0020, 0x7BCF, 0xFFFF, 0xFFDE, 0xF79E,
    0x9471, 0xA533, 0xC659, 0x4229, 0x0020, 0xAD55, 0xFFFF, 0xFFFF, 0xFFDE, 0xF7DE, 0xBDD6, 0x9470,
    0xBDF7, 0x4A49, 0x0821, 0x0000, 0x5B0C, 0xFFFF, 0xFFFF, 0xFFDE, 0xEFBE, 0x69E8, 0xD8E5, 0xB905,
    0x1082, 0xD71C, 0xFFFF, 0xFFFF, 0x5B0C, 0x29A6, 0x5B4E, 0x9555, 0xB69B, 0xAE9B, 0x9E39, 0x5B8F,
    0xC69A, 0x8CD3, 0xEF9D, 0xFFFF, 0xE75C, 0xB5B6, 0xEF9E, 0xFFDF, 0x7C10, 0x9556, 0xBEDC, 0x39C7,
    0x0001, 0x00AA, 0x0150, 0x01F6, 0x0193, 0x0044, 0x0820, 0x0862, 0x10A2, 0x10A3, 0x10A3, 0x1082,
    0x0820, 0x0000, 0x0000, 0x0024, 0x4941, 0xA2A0, 0x1881, 0x0022, 0x0001, 0x0087, 0x014F, 0x0217,
    0x0217, 0x00EA, 0x0065, 0x01D4, 0x0259, 0x0238, 0x0238, 0x0217, 0x01F8, 0x116D, 0x8380, 0x9C40,
    0x9400, 0x93E0, 0x8BC0, 0x3140, 0x0027, 0x00EE, 0x00CC, 0x0068, 0xABE0, 0xED61, 0xE541, 0xC480,
    0x31A7, 0x4A6A, 0x5ACA, 0x8C50, 0xE75C, 0x1062, 0x0000, 0x0000, 0x0020, 0x0000, 0x94B2, 0xB5D7,
    0x0132, 0x0A79, 0x0237, 0x0237, 0x0218, 0x01B4, 0x11AE, 0x31E6, 0x5280, 0x7320, 0x7320, 0x5AC3,
    0x3A48, 0x1A0E, 0x09D2, 0x01D6, 0x01F9, 0x0219, 0x0218, 0x01D6, 0x01B4, 0x0193, 0x0151, 0x0130,
    0x00AA, 0x0000, 0x0000, 0x0043, 0x08A4, 0x18C3, 0x1904, 0x2986, 0x2124, 0x0000, 0x0000, 0x0000,
    0x9491, 0x7BCF, 0x1904, 0x7451, 0x9576, 0x9556, 0x9555, 0x8D35, 0x7C72, 0x2104, 0x1082, 0x1083,
    0x10A4, 0x10A3, 0x2965, 0x7452, 0x8CF4, 0x3208, 0x4800, 0xF020, 0xE040, 0xE840, 0xD820, 0x40EA,
    0x0259, 0x216F, 0xE840, 0xC800, 0x630C, 0xB69B, 0xADF8, 0xAE19, 0xA5F8, 0xBEDC, 0x62CC, 0xB800,
    0xC881, 0x9186, 0x4A08, 0x2821, 0xE967, 0xA863, 0x9492, 0xD6BA, 0xA386, 0x8B26, 0x0000, 0x20C1,
    0x28E2, 0x0000, 0x7BCF, 0xDF1C, 0xF7DF, 0xEF9E, 0x9388, 0xC468, 0x1040, 0x0000, 0x4183, 0x0000,
    0x2124, 0xD6DB, 0xEFBF, 0xF7FF, 0x8B69, 0xC448, 0xAC29, 0x3123, 0x0000, 0x6B2C, 0xBDD6, 0xD6BA,
    0xE77E, 0xFFFF, 0xAD54, 0xABA5, 0xC489, 0x3143, 0x0000, 0x18A1, 0x5AA9, 0xCE59, 0xDF3D, 0xF7FF,
    0xFFFF, 0x7208, 0xD8E5, 0xB925, 0x1000, 0x6124, 0x9410, 0xD6DB, 0xDF3D, 0x84B3, 0xB69A, 0xA5F8,
    0xAE19, 0xAE19, 0xAE5A, 0x73CF, 0xFFFF, 0xDEFB, 0xDEFB, 0xE73C, 0xB596, 0xF79E, 0xFFFF, 0xFFFF,
    0xEF5C, 0x2104, 0x530D, 0x9556, 0x5B4D, 0x18E3, 0x0883, 0x0863, 0x0862, 0x1082, 0x31C7, 0x8CF4,
    0x8CF4, 0x9555, 0x9555, 0x7C92, 0x5B90, 0x2103, 0x9B80, 0x4160, 0x0000, 0x0000, 0x0000, 0x0000,
    0x0000, 0x0000, 0x0000, 0x0002, 0x0002, 0x0000, 0x0044, 0x01D6, 0x0217, 0x0218, 0x0238, 0x0239,
    0x0A59, 0x0219, 0x21A9, 0x4245, 0x29E9, 0x21CB, 0x116D, 0x4B10, 0x1A54, 0x0A59, 0x0A7B, 0x19CE,
    0xDCE0, 0xED60, 0xED40, 0xFDC0, 0x6AA2, 0x00F2, 0x00F0, 0x3291, 0xEF7C, 0x1062, 0x0000, 0x0000,
    0x0020, 0x0000, 0x94B2, 0xB5D7, 0x0132, 0x0A59, 0x0A59, 0x0239, 0x114A, 0x4201, 0x4A40, 0x4A42,
    0x29A7, 0x012B, 0x010F, 0x00F0, 0x00D0, 0x00EE, 0x00ED, 0x00EA, 0x08E9, 0x1928, 0x2148, 0x29A8,
    0x2987, 0x2125, 0x2965, 0x4228, 0x52CB, 0x5B2C, 0x6BAF, 0x7431, 0x8492, 0x84F4, 0x9555, 0xA5D8,
    0xA5D7, 0x7C71, 0x7410, 0x52EC, 0xCE9A, 0xFFFF, 0xCE9A, 0x9555, 0xA5F8, 0xBEDC, 0xB69B, 0xB69B,
    0xB6BB, 0xB67A, 0xAE39, 0xA5D8, 0x9D96, 0xA5D8, 0x7452, 0x39E8, 0x2000, 0x2000, 0xC840, 0xE840,
    0xE040, 0xE040, 0xE840, 0xE020, 0x48C7, 0x9863, 0xE040, 0x6904, 0x738E, 0xB69B, 0xAE5A, 0xAE5B,
    0xA61A, 0x9577, 0x7BED, 0x5160, 0x5AAA, 0xE7BE, 0xA575, 0x2000, 0xE987, 0xA863, 0x9472, 0xD6BB,
    0xBC69, 0xAC09, 0x0000, 0x51E4, 0x6A65, 0x0000, 0x6A65, 0xAC0A, 0xA46D, 0x738D, 0x93A9, 0xED8C,
    0x20A2, 0x0820, 0x9367, 0x0000, 0x20C2, 0xA3E9, 0xA44C, 0x83ED, 0x7B08, 0xED8C, 0xF5AC, 0x49A3,
    0x0000, 0x8306, 0xC489, 0x9BC8, 0xA42B, 0x9C4E, 0x6B2B, 0xCCCA, 0xFDCC, 0x51E4, 0x0000, 0x8B47,
    0xDD0A, 0xABE8, 0x9BEA, 0xA44D, 0x8C70, 0x61C7, 0xE0E5, 0xB905, 0x1800, 0xD820, 0xB800, 0x5902,
    0x72E7, 0x7C30, 0x95B8, 0xAE5B, 0xB67B, 0xB67A, 0xAE39, 0x5B2D, 0x94B2, 0xF7BE, 0xAD96, 0xB5B6,
    0xF7DE, 0xFFFF, 0xFFFF, 0xFFDF, 0xFFFF, 0xA514, 0x1062, 0x2945, 0x52EC, 0x8CF4, 0xA5F8, 0xA5D6,
    0xA5F8, 0xA619, 0xB67B, 0xB6BB, 0xB69B, 0xB6BB, 0xBEBC, 0x9DF9, 0x9CAB, 0xD501, 0xFDE0, 0x8343,
    0x5B4E, 0x73EF, 0x8492, 0x8D14, 0x7C52, 0x638E, 0x52EC, 0x4A69, 0x31C7, 0x2145, 0x1083, 0x08C6,
    0x10E8, 0x112A, 0x090B, 0x010D, 0x010E, 0x0150, 0x0152, 0x0154, 0x01B6, 0x01D8, 0x01F9, 0x0A7A,
    0x0A79, 0x01F7, 0x01D7, 0x09B2, 0x320B, 0x4229, 0x5266, 0x62A5, 0x6263, 0x0991, 0x023A, 0x4356,
    0xEF5C, 0x1062, 0x0000, 0x0000, 0x0020, 0x0000, 0x94B2, 0xB5D7, 0x00CD, 0x0130, 0x00AC, 0x008B,
    0x0063, 0x0820, 0x0064, 0x0045, 0x3164, 0x8364, 0x41A2, 0x2987, 0x52CA, 0x4248, 0x4227, 0x5AEB,
    0x73CE, 0x94B2, 0x9D14, 0xAD96, 0xAD96, 0xAD96, 0xB5B6, 0xAD96, 0x4208, 0x0023, 0x08A6, 0x1107,
    0x1108, 0x1108, 0x1108, 0x1107, 0x1969, 0x220E, 0x29EA, 0x5B2D, 0xF7BE, 0xFFFF, 0xFFFF, 0xEF5C,
    0xA555, 0x6BCF, 0x8CD3, 0x9535, 0x9514, 0x9555, 0x9D76, 0x9514, 0x9D35, 0x39C7, 0x2000, 0x6800,
    0x7020, 0x6020, 0xF040, 0xE040, 0xE840, 0xE040, 0xE040, 0xE060, 0xE840, 0xF080, 0xC800, 0x6BAF,
    0xB6DD, 0x9DB9, 0x9555, 0x94AE, 0x9C47, 0xBC61, 0xDD00, 0xFDC0, 0x7280, 0xDEFD, 0xAD95, 0x2000,
    0xE987, 0xA863, 0x9472, 0xD6BB, 0xB449, 0xA3C8, 0x0000, 0x49C4, 0x6245, 0x0000, 0x8327, 0xFE2D,
    0xA3A6, 0x5269, 0xA40A, 0xE54B, 0x18A1, 0x0020, 0x8B27, 0x0000, 0x28E2, 0xF5CC, 0xCC88, 0x4A07,
    0x8369, 0xE54B, 0xE54B, 0x4183, 0x0000, 0x9367, 0xF5AC, 0xED8C, 0xD4C9, 0x6AA7, 0x83EF, 0xC489,
    0xED8C, 0x49C4, 0x0000, 0x9367, 0xFDCC, 0xDD4B, 0xFDCC, 0x82C4, 0x8451, 0x7249, 0xD8E5, 0xB905,
    0x1000, 0xE060, 0xB821, 0x9A80, 0xEBC0, 0xCB20, 0xA302, 0x8B69, 0x8C91, 0x9577, 0xA63A, 0xA619,
    0x73F0, 0xFFDE, 0xF7BE, 0xFFDE, 0xFFFF, 0xFFFF, 0xFFFF, 0xFFFF, 0xFFFF, 0xF7DE, 0x39E7, 0x636E,
    0x2966, 0x0841, 0x3A4B, 0x4312, 0x7C73, 0xA5B7, 0x9535, 0x9535, 0x9D56, 0x84B4, 0x73EE, 0xB463,
    0xED40, 0xED81, 0xF5A0, 0xB463, 0x428C, 0x322C, 0x2A2D, 0x2168, 0x1948, 0x1928, 0x1107, 0x10E6,
    0x08C6, 0x0064, 0x0001, 0x6B4C, 0xA534, 0xA513, 0x9491, 0x7BCE, 0x5ACA, 0x3186, 0x2104, 0x2125,
    0x2147, 0x1927, 0x08E7, 0x00C9, 0x00CA, 0x21EF, 0x4B11, 0x1A32, 0x0176, 0x01D8, 0x01D8, 0x01F9,
    0x01D8, 0x0A37, 0x01F8, 0x4315, 0xEF5C, 0x1062, 0x0000, 0x0000, 0x0020, 0x0000, 0x94B2, 0xBDD7,
    0x0841, 0x3165, 0x6B2C, 0x8C0F, 0x5ACB, 0x3A09, 0x9D97, 0x6B49, 0xDD00, 0xFDE0, 0xE540, 0x840A,
    0xBEDD, 0xBEDC, 0xBEDC, 0xB69B, 0xA5F9, 0x9DD8, 0xA619, 0x9DD8, 0x9DB8, 0x9D97, 0xAE19, 0x31E8,
    0x18A3, 0x94B3, 0xBDF8, 0xD6BA, 0xDEDB, 0xDEFB, 0xDEFB, 0xCE79, 0x1949, 0x326F, 0x5ACC, 0x20E3,
    0xCE79, 0xE71C, 0xEF7D, 0xFFFF, 0xFFFF, 0xD679, 0x8C51, 0x8430, 0x9D35, 0x8CB2, 0x5AAB, 0xDEFB,
    0xFFFF, 0x938E, 0xB000, 0xF881, 0x5020, 0xA040, 0xF060, 0xE060, 0xE860, 0xE860, 0xF060, 0xE820,
    0xE800, 0xD800, 0xC000, 0x59A6, 0x948D, 0xAC45, 0xAC01, 0xB400, 0xED40, 0xED60, 0xEDA0, 0xFDC1,
    0xCC80, 0xA4D0, 0xA576, 0x2000, 0xE987, 0xA863, 0x9472, 0xD6BB, 0xBC49, 0xA3C8, 0x0000, 0x49C4,
    0x6265, 0x0000, 0x9347, 0x9B87, 0x4A49, 0xDF3D, 0xA40A, 0xE54B, 0x18A1, 0x0020, 0x8B47, 0x0000,
    0x2902, 0xB428, 0x3185, 0xCE9B, 0x9C2C, 0xDD2A, 0xE56B, 0x4183, 0x0000, 0x8B47, 0xF5CC, 0xC489,
    0x3123, 0xC67A, 0xBDD5, 0xBC48, 0xF5AC, 0x49C4, 0x0000, 0x6245, 0xB449, 0xED8C, 0x6244, 0x6B4D,
    0xFFFF, 0x69E8, 0xE0E5, 0xB905, 0x1800, 0xC020, 0x7101, 0xDBA0, 0xEC00, 0xDBE0, 0xE3C0, 0xDB80,
    0x9A60, 0x92A2, 0x9367, 0x7BAD, 0x6B8E, 0xDF9D, 0xFFFF, 0xFFFF, 0xFFFF, 0xFFFF, 0xFFFF, 0xFFDF,
    0xF7BE, 0xFFDF, 0x73AE, 0x8451, 0xB639, 0x9CD2, 0x012F, 0x023A, 0x014F, 0x6B6D, 0x9D55, 0x9514,
    0x7BF0, 0x93C6, 0xDCE0, 0xFDA0, 0xED40, 0xDCE0, 0xDD00, 0x9340, 0x20E4, 0x7BF1, 0x00AB, 0x52AC,
    0xCE9A, 0xCE9A, 0xC659, 0xBDF7, 0xAD76, 0x94D4, 0x4A6A, 0x0000, 0x8CF4, 0x9DD8, 0xA5D8, 0xA5F9,
    0xAE39, 0xAE3A, 0x9DD8, 0xA619, 0xB67A, 0xAE39, 0x9D96, 0x9514, 0x6B6D, 0xE73B, 0xFFFF, 0xEF3B,
    0x3A09, 0x10C6, 0x00A7, 0x0088, 0x010D, 0x012F, 0x0111, 0x6C15, 0xEF5C, 0x1062, 0x0000, 0x0000,
    0x0020, 0x0000, 0x94B2, 0xBDD7, 0x94B2, 0xD6BA, 0xB5B6, 0x8CB3, 0x8D15, 0xB659, 0xA63B, 0x8BA6,
    0xF580, 0xDD21, 0xF5C0, 0x8B82, 0x7CF6, 0x9DB7, 0x84D4, 0x8492, 0x8C92, 0x7C10, 0x5B2D, 0xAE39,
    0xAE5A, 0xB65A, 0xAE39, 0x0840, 0xAD54, 0xFFFF, 0xFFFF, 0xFFFF, 0xFFFF, 0xFFFF, 0xFFFF, 0x6B91,
    0x29AB, 0xC5D4, 0x424C, 0x010C, 0x29E9, 0x9555, 0x8CF4, 0x9534, 0xA555, 0xBE38, 0xBDD7, 0x8451,
    0x7452, 0x41C8, 0x3000, 0xC5F7, 0xE79E, 0xBACB, 0xF000, 0xB840, 0x0000, 0x9000, 0xF000, 0xE800,
    0xE000, 0xD000, 0xC000, 0xB0E3, 0xAA49, 0xB40F, 0xCE18, 0x93EA, 0xED40, 0xFE00, 0x9BA2, 0x4A28,
    0xA3E0, 0x9B81, 0x6141, 0xAB21, 0xF580, 0x9300, 0x1082, 0x3041, 0xE967, 0xA863, 0x9472, 0xD6BB,
    0xBC49, 0xA3C8, 0x0000, 0x51E4, 0x5A25, 0x0820, 0x49E5, 0x29C9, 0xE75D, 0xE77D, 0x9BC9, 0xE54B,
    0x18A1, 0x0820, 0x8307, 0x0820, 0x3963, 0x1967, 0xC639, 0xFFFF, 0x93AA, 0xE52A, 0xE56B, 0x49A3,
    0x0000, 0x9B87, 0xCCCA, 0x1105, 0xA556, 0xFFFF, 0xA513, 0xBC48, 0xF5AC, 0x49C4, 0x0000, 0x0000,
    0x7285, 0x6287, 0x428C, 0xFFFF, 0xF7FF, 0x69E8, 0xD8E5, 0xB925, 0x0800, 0x1800, 0x9A60, 0xEBC0,
    0x91C1, 0x68C1, 0xA2A1, 0x8241, 0x51E1, 0xAAE0, 0xFBE0, 0xCB20, 0x8060, 0xB0E3, 0xA2AA, 0xB492,
    0xCE59, 0xE79E, 0xF7FF, 0xFFFF, 0xFFFF, 0xFFFF, 0x5B4D, 0x10C3, 0xFFFF, 0xFFFF, 0x32B3, 0x0175,
    0x2A50, 0x39C6, 0x4AED, 0x7C30, 0x8B41, 0xBC81, 0xB485, 0x9C48, 0x946B, 0x94D0, 0x8491, 0x08C6,
    0x198E, 0x7C12, 0x94B2, 0x00AA, 0xDEDA, 0xFFFF, 0xFFFF, 0xFFFF, 0xFFFF, 0xFFFF, 0xFFFF, 0x3165,
    0x4ACB, 0xBEDC, 0xAE39, 0xB65A, 0x9D97, 0x73CF, 0xA575, 0x9D55, 0x9535, 0x9576, 0xAE5A, 0x9DD8,
    0xB5F8, 0xFFFF, 0xF7BE, 0xFFFF, 0xBDF7, 0x8CF4, 0x9534, 0x4A69, 0x2965, 0x5289, 0x528A, 0x738E,
    0xE75C, 0x1062, 0x0000, 0x0000, 0x0020, 0x0000, 0x94B2, 0xBDF7, 0x6BAF, 0x8CD4, 0x8D35, 0xA639,
    0xB69B, 0xAE5A, 0xB69B, 0x73CC, 0xCCA0, 0xF5C0, 0xD4E0, 0x7348, 0x94F4, 0x8C92, 0xB596, 0x94B2,
    0x94B3, 0x8CD3, 0x9DB7, 0xB67A, 0xAE3A, 0xB6BC, 0x7C51, 0x0045, 0x31EA, 0x8452, 0x7412, 0x6390,
    0x7C12, 0xBDD6, 0x94B2, 0x00AC, 0x73AF, 0x218A, 0x0153, 0x0239, 0x09D1, 0x9DB6, 0xB69B, 0xA639,
    0xA5F8, 0x9597, 0x9DB7, 0x84B3, 0x0020, 0x6000, 0xD040, 0xC061, 0xB103, 0xD800, 0xF040, 0x5000,
    0x8CD3, 0x9C51, 0x91E7, 0xA1E7, 0xA30C, 0xB492, 0xC618, 0xDF7D, 0xF7FF, 0xFFFF, 0xF7FF, 0x72E5,
    0xC460, 0xED81, 0xDD20, 0xE540, 0xFDE1, 0xDD60, 0x8840, 0x7000, 0x39A3, 0x63AE, 0x42EC, 0x3020,
    0xE967, 0xA863, 0x9472, 0xD6BB, 0xBC49, 0xA3C8, 0x0000, 0x1061, 0x3901, 0x39A5, 0x19EC, 0xD6BB,
    0xFFFF, 0xDF1C, 0xA3E9, 0xE54B, 0x20A2, 0x0000, 0x9367, 0x41A4, 0x19EB, 0xA597, 0xFFFF, 0xE77E,
    0x93CA, 0xE52A, 0xE56B, 0x3943, 0x0820, 0x7AC6, 0x11A9, 0x84D5, 0xFFFF, 0xFFFF, 0xAD33, 0xBC48,
    0xF5AC, 0x49A3, 0x0000, 0x6A44, 0x4A69, 0x226D, 0xF7BE, 0xFFFF, 0xF7FF, 0x69E8, 0xD8E5, 0xB905,
    0x0861, 0x63AF, 0x52AA, 0x3122, 0x8800, 0xA040, 0xDBC0, 0xEC01, 0xCB61, 0xDBA0, 0xE3C1, 0xBB61,
    0x8900, 0xF000, 0xE800, 0xD000, 0xB820, 0xA903, 0xA269, 0xABAE, 0xAC30, 0x8ACB, 0x9881, 0x4800,
    0x9D34, 0xFFFF, 0xDF1B, 0xA556, 0xEF5C, 0xEF7D, 0x528A, 0x18C2, 0x9D95, 0x9598, 0x9DDA, 0xA63B,
    0xA65B, 0xBEFD, 0x7432, 0x0173, 0x01F7, 0x00F2, 0x634F, 0x324F, 0x21AE, 0xDED9, 0xC637, 0x9CF4,
    0x94B2, 0xAD55, 0xB594, 0x10E7, 0x10E6, 0xAE39, 0xB67A, 0xAE5A, 0xAE5A, 0x9556, 0xADB6, 0xAD75,
    0xB5D7, 0xC638, 0x9514, 0x8472, 0x8C92, 0xFFFF, 0xFFFF, 0xFFFF, 0xB5B6, 0xA5F9, 0xBEDC, 0xBEBC,
    0x9DB8, 0x8492, 0x8471, 0x94D3, 0xE71C, 0x1082, 0x0000, 0x0000, 0x0020, 0x0000, 0x94B2, 0xBDD7,
    0x5B4D, 0x9514, 0x8CB3, 0x8CD3, 0x8CD3, 0x7C72, 0x8492, 0x6BB0, 0x5A66, 0x9C05, 0x9C8D, 0xEF9E,
    0xFFFF, 0xFFFF, 0x738E, 0x52EC, 0x6B8E, 0x7410, 0x7C51, 0x7410, 0x73F0, 0x7C31, 0x31A6, 0x094E,
    0x09B2, 0x0175, 0x096E, 0x096F, 0x01D7, 0x014E, 0x014D, 0x0991, 0x18E4, 0x01B6, 0x4B12, 0x6391,
    0x0194, 0x5B2D, 0x9514, 0x9514, 0x9D35, 0x9D55, 0x9535, 0x2924, 0x9820, 0xF860, 0xE840, 0xE840,
    0xE820, 0xE860, 0xD000, 0x3924, 0xFFFF, 0xFFFF, 0xF7FF, 0xF7FF, 0xFFFF, 0xFFFF, 0xFFFF, 0xFFFF,
    0xFFFF, 0xFFDE, 0xEF7D, 0xB595, 0x738E, 0x8B42, 0xFDA0, 0xF560, 0xC460, 0x8B62, 0x4A68, 0x7452,
    0x95F9, 0xAC51, 0x6165, 0x2821, 0xF187, 0xB083, 0x9472, 0xD6BB, 0xBC49, 0xA3C8, 0x0000, 0x30E1,
    0x4248, 0x0A2F, 0xB5F8, 0xFFFF, 0xFFFF, 0xDF3C, 0xA3E9, 0xE54B, 0x1081, 0x1860, 0x72E7, 0x124F,
    0x29EA, 0xFFFF, 0xFFFF, 0xEF9E, 0x93CA, 0xE52A, 0xE54C, 0x6224, 0x51E4, 0x0A0D, 0x6C33, 0xFFFF,
    0xF7DE, 0xFFFF, 0xAD33, 0xC448, 0xED8C, 0x49C4, 0x59E3, 0x4AAB, 0x124F, 0xDEFB, 0xFFFF, 0xFFFF,
    0xF7FF, 0x7208, 0xE105, 0xB925, 0x1061, 0x94D3, 0x9556, 0x8D76, 0x7410, 0x49E7, 0x9281, 0xCB00,
    0xEBC0, 0xEBE0, 0x79C1, 0x8841, 0xB060, 0xE040, 0xE860, 0xE860, 0xF040, 0xF020, 0xE800, 0xE000,
    0xD800, 0xD800, 0xF840, 0xB000, 0x52AA, 0xFFFF, 0xFFFF, 0xFFFF, 0xFFFF, 0xFFFF, 0xFFFF, 0x8C51,
    0x428A, 0xADB7, 0x9D55, 0x9D55, 0x9D35, 0x9D13, 0x2A0D, 0x09D5, 0x7BCF, 0x1A34, 0x0194, 0x1928,
    0x0174, 0x194A, 0x0171, 0x0152, 0x08A6, 0x010E, 0x010D, 0x094F, 0x00C9, 0x6BCE, 0x9535, 0x9535,
    0x9535, 0x9D76, 0x84D3, 0x84B3, 0x7410, 0xA535, 0xFFFF, 0xFFFF, 0xDF1B, 0xAD55, 0xC618, 0x94B2,
    0x6BCF, 0x9576, 0x9576, 0xA5D8, 0xA619, 0xAE39, 0x9597, 0x8493, 0xE71C, 0x1082, 0x0000, 0x0000,
    0x0020, 0x0000, 0x94B2, 0xB5D7, 0x4A69, 0x8431, 0x7C31, 0x5AEC, 0x4A69, 0xB596, 0xF79E, 0xFFFF,
    0xFFFF, 0xEF9F, 0xE73D, 0xAD96, 0x8451, 0x8472, 0x7C10, 0x8451, 0x7C51, 0x7C31, 0x7C30, 0x7C31,
    0x7C31, 0x7C30, 0x10C5, 0x21AC, 0x2275, 0x025A, 0x0A56, 0x0A56, 0x0A79, 0x0259, 0x0259, 0x0170,
    0x0171, 0x0A57, 0x18A3, 0x39C6, 0x0A15, 0x326E, 0x9D34, 0x9D55, 0x9D55, 0xA576, 0x52EC, 0x8000,
    0xF840, 0xD840, 0xE040, 0xE040, 0xE040, 0xF060, 0xB800, 0x4A28, 0xFFDF, 0xFFDE, 0xFFFF, 0xFFFF,
    0xFFDE, 0xFFDE, 0xF7DE, 0xFFDE, 0xFFDF, 0xFFFF, 0xFFFF, 0xFFFF, 0xFFFF, 0x9D77, 0x5284, 0x840A,
    0x7472, 0x8D37, 0xB6BC, 0x9E19, 0x7186, 0xC000, 0x8000, 0x2821, 0xD8E5, 0x9801, 0x9472, 0xD6BB,
    0xB428, 0xA3C9, 0x3901, 0x4AAB, 0x0272, 0x9515, 0xFFFF, 0xF7DF, 0xFFFF, 0xDF3C, 0x9BE9, 0xDD4B,
    0x4962, 0x41E6, 0x12F3, 0x00C5, 0x2924, 0xFFFF, 0xFFFF, 0xEF9E, 0x93CA, 0xE54B, 0xE54A, 0x7B07,
    0x12B2, 0x4B71, 0xF79D, 0xFFDF, 0xFFDE, 0xFFFF, 0xAD33, 0xBC48, 0xF5AC, 0x9B66, 0x32AE, 0x0A91,
    0xC617, 0xFFFF, 0xFFDF, 0xFFFF, 0xF7FF, 0x69C8, 0xC863, 0xA883, 0x18A3, 0xD699, 0xB575, 0x6BAF,
    0xAE5A, 0xB67B, 0x8536, 0x7410, 0x8328, 0x4901, 0x9800, 0xF000, 0xF820, 0xE860, 0xE860, 0xE860,
    0xE040, 0xE060, 0xE060, 0xE860, 0xE860, 0xE860, 0xE060, 0xD000, 0x4986, 0xFFFF, 0xFFFF, 0xFFDF,
    0xFFFF, 0xFFDF, 0xF7DE, 0xFFFF, 0x528A, 0x73CF, 0xADD7, 0xA576, 0xA576, 0x94D2, 0x096F, 0x2272,
    0x3122, 0x196A, 0x0219, 0x010E, 0x01F5, 0x01F7, 0x0239, 0x0259, 0x1215, 0x0A38, 0x023A, 0x2A50,
    0x08A8, 0x4A8A, 0x94D3, 0x8CB2, 0x94B3, 0x8C92, 0x94B2, 0x94B3, 0x8CB2, 0x8472, 0xAD96, 0xAD96,
    0xCE79, 0xE73C, 0xD6BA, 0xC638, 0xB5B6, 0xA555, 0x9D14, 0x73CF, 0x73EF, 0x7C10, 0x7BF0, 0x7BF0,
    0xE73C, 0x1082, 0x0000, 0x0000, 0x0020, 0x0000, 0x94B2, 0xBDF7, 0x7C93, 0x9577, 0x6BD0, 0x94D3,
    0xCE9A, 0xFFFF, 0xEF7D, 0xBDD7, 0x94B3, 0x8CB2, 0x7C92, 0x8D56, 0xA5F8, 0xA5F8, 0xA619, 0xA619,
    0xA619, 0xA619, 0xA619, 0xA619, 0xAE5A, 0x9DB7, 0x10C5, 0x01D5, 0x0217, 0x0238, 0x0238, 0x0259,
    0x0238, 0x0238, 0x0238, 0x0238, 0x025A, 0x09D1, 0x0000, 0x2104, 0x2A0D, 0x3A8E, 0x8CF3, 0x8CF4,
    0x8CF4, 0x5B8F, 0x2145, 0x4882, 0x4820, 0x9020, 0xE840, 0xE040, 0xE040, 0xE840, 0xC000, 0x3986,
    0xFFFF, 0xFFFF, 0xFFFF, 0xFFFF, 0xFFFF, 0xFFFF, 0xFFFF, 0xFFFF, 0xFFFF, 0xE7DE, 0xCE9A, 0xA492,
    0x9A69, 0x80E3, 0x6146, 0x8B2E, 0x9472, 0xB6BB, 0x8C72, 0x6882, 0x832D, 0x82CB, 0x7821, 0x2125,
    0xC575, 0x9C10, 0x9492, 0xD6BB, 0xBC69, 0xC448, 0x3A8C, 0x0316, 0x7432, 0xFFFF, 0xFFDF, 0xFFFF,
    0xFFFF, 0xDF1C, 0xAC2A, 0xE509, 0x4A69, 0x1397, 0x328D, 0x0000, 0x2986, 0xFFFF, 0xFFFF, 0xEF9E,
    0x9BEB, 0xED49, 0x6AC8, 0x1377, 0x014A, 0xB554, 0xFFFF, 0xFFFF, 0xFFDF, 0xFFFF, 0xAD33, 0xD4C9,
    0xB408, 0x2AF0, 0x0292, 0x9492, 0xFFFF, 0xF7DF, 0xFFFF, 0xFFFF, 0xF7DE, 0x630C, 0xC555, 0xA472,
    0x18C3, 0xBDF7, 0x636E, 0x73F0, 0x6B8E, 0x9D76, 0xB67A, 0x8D15, 0x7C94, 0x634E, 0x938E, 0xA2AA,
    0xA8E3, 0xC000, 0xD800, 0xE800, 0xF020, 0xF060, 0xF060, 0xE860, 0xE860, 0xE060, 0xF061, 0xD020,
    0x49E7, 0xFFFF, 0xFFFF, 0xFFFF, 0xFFFF, 0xF7BE, 0x7BEF, 0x630C, 0x528A, 0x3A29, 0x7C93, 0x8D15,
    0x9556, 0x7C71, 0x19EE, 0x29EB, 0x1061, 0x0884, 0x0A16, 0x0218, 0x0217, 0x0237, 0x0217, 0x0217,
    0x0218, 0x0217, 0x0237, 0x0237, 0x00EE, 0x4ACB, 0xB69B, 0xA5F8, 0xA619, 0xA619, 0xA619, 0xA5F9,
    0xA5F9, 0xA5F9, 0x9DB8, 0x9DB7, 0x8D35, 0x9514, 0xC638, 0xD69A, 0xF7DE, 0xFFFF, 0xFFDF, 0x94B2,
    0x5AEC, 0x6BCF, 0x8CD4, 0x8451, 0xE71C, 0x1082, 0x0000, 0x0000, 0x0020, 0x0000, 0x94B2, 0xBDD7,
    0x6BAF, 0xB5D7, 0xDEFB, 0xFFFF, 0xFFFF, 0xFFDF, 0x9CD3, 0x6B6D, 0x7C10, 0x8451, 0x8CB2, 0x8C92,
    0x8C71, 0x8471, 0x8451, 0x8451, 0x8471, 0x8451, 0x8451, 0x8431, 0x8451, 0x6B6D, 0x0086, 0x0238,
    0x0217, 0x0238, 0x0238, 0x0238, 0x0238, 0x0238, 0x0238, 0x0237, 0x0259, 0x11AF, 0x0800, 0x3186,
    0x6B4C, 0x9471, 0x94B2, 0x9CD2, 0x9D34, 0x4903, 0xC800, 0xE040, 0xE020, 0xF040, 0xE840, 0xE840,
    0xE840, 0xE040, 0xF040, 0x4821, 0x8D55, 0xF7FF, 0xF7FF, 0xEFDF, 0xDF7D, 0xCEBA, 0xB596, 0x9C51,
    0x92CB, 0x9165, 0xA040, 0xB800, 0xE000, 0xE820, 0xE000, 0xC800, 0x8124, 0xA71D, 0x79C7, 0xA451,
    0x8D56, 0xC000, 0x9000, 0x29E8, 0xFFFF, 0xDF3C, 0x94B2, 0xDEDA, 0x7AA4, 0x32EF, 0x0B99, 0x3A6B,
    0xFFBE, 0xFFFF, 0xFFFF, 0xFFFF, 0xFFFF, 0xE73D, 0x8307, 0x428B, 0x0B99, 0x19EB, 0x5AAA, 0x0020,
    0x2965, 0xFFFF, 0xFFFF, 0xEF9E, 0x8348, 0x5289, 0x0337, 0x124E, 0x0000, 0x6B6D, 0xAD55, 0xEF7D,
    0xFFFF, 0xFFFF, 0xAD33, 0x72A5, 0x12B2, 0x1397, 0x0841, 0x6B2C, 0xC659, 0xFFDF, 0xFFFF, 0xFFFF,
    0xF7BE, 0x7BEF, 0xFFFF, 0xEFBE, 0x1082, 0xEF7D, 0xCE59, 0x84F4, 0x7C51, 0x7410, 0xA619, 0x738E,
    0xC5F7, 0xDEFB, 0xEFBE, 0xE79E, 0xCEDB, 0xBD96, 0xA3CF, 0x91E7, 0x9882, 0xA800, 0xC000, 0xD000,
    0xD800, 0xE000, 0xE000, 0x5800, 0x8471, 0xFFFF, 0xF7BE, 0xFFDF, 0xFFDF, 0xFFFF, 0xFFFF, 0xCE59,
    0xC659, 0x2104, 0x632C, 0xAD55, 0x9CD3, 0x9CD2, 0x8C50, 0x632C, 0x2104, 0x0821, 0x09D4, 0x0218,
    0x0217, 0x0217, 0x0217, 0x0217, 0x0217, 0x0217, 0x0217, 0x0238, 0x0173, 0x31A7, 0x9D35, 0x9D34,
    0x9D35, 0x9D35, 0x9D35, 0x9D35, 0x9D35, 0x9D55, 0x9D55, 0x9D55, 0x9D76, 0x9535, 0x7C31, 0x73F0,
    0x6B8E, 0x8C51, 0xFFFF, 0xFFFF, 0xF7BE, 0xB5B6, 0x7411, 0x7410, 0xE73C, 0x1082, 0x0000, 0x0000,
    0x0020, 0x0000, 0x9492, 0xBDF7, 0xAD54, 0xAD96, 0x7C10, 0x634D, 0x52CB, 0x73AE, 0xA514, 0x6B6E,
    0x8431, 0x8C92, 0x8C92, 0x8C92, 0x8C92, 0x8C92, 0x8492, 0x8492, 0x8CB3, 0x94F4, 0x94D3, 0x8CB2,
    0x8CD3, 0x6B8D, 0x0066, 0x0238, 0x0217, 0x0238, 0x0259, 0x0258, 0x0238, 0x0238, 0x0238, 0x0238,
    0x027A, 0x092C, 0x0000, 0x0000, 0x4AAB, 0x6BCF, 0x8431, 0xA514, 0x5ACB, 0x3085, 0x70C7, 0x70A5,
    0x8863, 0xB020, 0xD040, 0xE040, 0xD840, 0xE820, 0xD840, 0xB820, 0x4800, 0x5165, 0x61C7, 0x6145,
    0x70C3, 0x9040, 0xC000, 0xD800, 0xE800, 0x9000, 0x4040, 0x50A2, 0x58A2, 0x6124, 0x72AA, 0x8410,
    0x9576, 0x9451, 0x8104, 0x6269, 0x72CB, 0xC30C, 0x6A49, 0x2104, 0xA4F3, 0x7BCF, 0x8C72, 0xE71B,
    0x426A, 0x3332, 0x0043, 0x3985, 0xFFFF, 0xFFDF, 0xFFFF, 0xFFFF, 0xFFFF, 0xF79D, 0x52CB, 0x4393,
    0x2A6D, 0x0000, 0x0000, 0x0000, 0x5ACB, 0xFFFF, 0xFFDF, 0xFFFF, 0x632C, 0x3B31, 0x53D3, 0x1061,
    0x0000, 0x0000, 0x0000, 0xCE79, 0xFFFF, 0xFFFF, 0xB575, 0x3A6C, 0x4C15, 0x10E4, 0x0000, 0x0000,
    0x4A49, 0xFFFF, 0xF7DE, 0xFFFF, 0xF7BE, 0x5ACB, 0x9CF3, 0x8430, 0x0841, 0xAD55, 0xCE59, 0x634D,
    0x4AAB, 0x6BAF, 0x8D14, 0x9555, 0x7430, 0x6BAE, 0x5B0B, 0x5ACA, 0x632B, 0x5AEA, 0xC637, 0xFFFF,
    0xE7BD, 0xBDF7, 0x9431, 0x72CB, 0x69E7, 0x6965, 0x5186, 0x6B8E, 0xE75D, 0xF7DE, 0xFFFF, 0xFFFF,
    0xFFFF, 0xC638, 0x8410, 0x52AA, 0x5AEC, 0x4208, 0x3166, 0x8C30, 0xA534, 0x7BF0, 0x73F0, 0x2966,
    0x0000, 0x0840, 0x09D2, 0x0218, 0x0217, 0x0217, 0x0217, 0x0217, 0x0218, 0x0238, 0x0217, 0x0218,
    0x0194, 0x2966, 0x9D14, 0x9D14, 0x9D14, 0x9D34, 0x9D14, 0x94F4, 0x9D14, 0x9D14, 0x9D14, 0x9D14,
    0x9D14, 0x9D14, 0xA534, 0xA555, 0x94B3, 0x94D3, 0xCE38, 0xD698, 0xE73B, 0xEF7D, 0xD69A, 0x8410,
    0xE71C, 0x1082, 0x0000, 0x0000, 0x0020, 0x0000, 0x94B2, 0xBDD7, 0x4AEC, 0x6C11, 0x8492, 0x9D14,
    0x94B2, 0xAD55, 0x8C92, 0x84B3, 0xAE39, 0xA619, 0xA619, 0xAE5A, 0xB69B, 0xB67B, 0xB69B, 0xB69A,
    0xB679, 0x9DD7, 0xA5F8, 0xAE3A, 0xB6BC, 0x9555, 0x0086, 0x0239, 0x0259, 0x01F6, 0x0192, 0x0217,
    0x0238, 0x0238, 0x0238, 0x0258, 0x0239, 0x0909, 0x0000, 0x4A49, 0xAD76, 0x52EC, 0x9DB7, 0x9535,
    0x4A8A, 0x0086, 0x00A9, 0x0068, 0x0067, 0x1021, 0x2000, 0x4020, 0x4000, 0x7986, 0x83CF, 0x9410,
    0xB269, 0xD000, 0xE800, 0xF000, 0xF820, 0xF840, 0xC061, 0x68C6, 0x3909, 0x18E9, 0x10C8, 0x18A7,
    0x2086, 0x3885, 0x38C5, 0x4926, 0x6904, 0xB000, 0xB28A, 0x94B2, 0x8451, 0x8492, 0x4249, 0x0000,
    0x0000, 0x0000, 0x8430, 0xFFFF, 0xFFFF, 0xF75C, 0xB5B6, 0xCE9A, 0xFFFF, 0xFFFF, 0xFFFF, 0xFFFF,
    0xFFFF, 0xFFFF, 0xFFFF, 0xFFFF, 0xF77D, 0xB5B6, 0xA534, 0xB5B6, 0xF7DE, 0xFFFF, 0xFFFF, 0xFFFF,
    0xFFFF, 0xFFFF, 0xFFFF, 0xD6BA, 0xBDD7, 0xBE17, 0xBDF7, 0xFFDF, 0xFFFF, 0xFFFF, 0xFFFF, 0xFFFF,
    0xFFFF, 0xD6BA, 0xBDF7, 0xBDF7, 0xDEDB, 0xFFFF, 0xFFFF, 0xFFFF, 0xFFFF, 0x3186, 0x0000, 0x0000,
    0x0821, 0x5ACB, 0x8C51, 0x8410, 0xA514, 0xBDF7, 0xAD75, 0x5B0D, 0x42AD, 0x42AE, 0x5310, 0x3A6F,
    0x21ED, 0x198D, 0x3271, 0x4B13, 0x8C73, 0xF7BE, 0xFFFF, 0xFFFF, 0xFFFF, 0xF7FF, 0xDF3C, 0xBE18,
    0x9451, 0x7B6D, 0x62EB, 0xB596, 0x94B2, 0x2124, 0x18E3, 0x630C, 0x5AEB, 0x6B8E, 0x31A7, 0x638E,
    0x9DB7, 0x84D4, 0x638E, 0xAD55, 0x1082, 0x0840, 0x0990, 0x0219, 0x0217, 0x0217, 0x0217, 0x0218,
    0x01B4, 0x0192, 0x0218, 0x0259, 0x0173, 0x29A8, 0xAE7A, 0xA619, 0xA619, 0x9DD8, 0xAE18, 0xB679,
    0xAE59, 0xA619, 0xA5F9, 0xA5F8, 0x9DB8, 0x9DB7, 0x9D97, 0x9DB7, 0x5B6F, 0x094D, 0x010F, 0x00EA,
    0x29EB, 0x5B0D, 0x8450, 0x8451, 0xE71C, 0x1082, 0x0000, 0x0000, 0x0020, 0x0000, 0x94B2, 0xB5D7,
    0x5B0C, 0xA514, 0xAD54, 0x8CB3, 0x84B3, 0x84B3, 0x9DD8, 0xB67A, 0xB65A, 0xB67A, 0xBE9A, 0xADF7,
    0x8CD3, 0x9534, 0x7CB4, 0x4B51, 0x21CD, 0x2189, 0x9556, 0xB67B, 0x9597, 0x7C71, 0x00A6, 0x0218,
    0x012D, 0x08C5, 0x0000, 0x01B2, 0x0259, 0x0237, 0x0258, 0x01F6, 0x2A92, 0x4AAA, 0x0000, 0x4208,
    0x9D14, 0x530C, 0xAE5A, 0xB69B, 0x9576, 0x41E7, 0x41C6, 0x5248, 0x2944, 0x6000, 0xC820, 0x3040,
    0x0000, 0x7C51, 0xEF9E, 0xD6DB, 0x84F4, 0xC1A6, 0xC020, 0x9840, 0xA040, 0x6800, 0x00A8, 0x0170,
    0x0150, 0x010D, 0x00EB, 0x00CB, 0x00CA, 0x00CA, 0x00CA, 0x00AA, 0x0067, 0x0800, 0x3A08, 0x2986,
    0x2945, 0x4A28, 0x20E3, 0x0000, 0x0820, 0x0000, 0x738E, 0xDEFB, 0xDEDB, 0xE71C, 0xEF7D, 0xE75C,
    0xDEFB, 0xDEFB, 0xDEFB, 0xDEFB, 0xDEFB, 0xDEFB, 0xDEFB, 0xDEFB, 0xE71C, 0xEF7D, 0xEF7D, 0xEF7D,
    0xDF1B, 0xDEFB, 0xDEFB, 0xDEFB, 0xDEFB, 0xDEFB, 0xDEFB, 0xE75C, 0xEF7D, 0xEF7D, 0xEF7D, 0xDF1B,
    0xDEFB, 0xDEFB, 0xDEFB, 0xDEFB, 0xDEFB, 0xE75C, 0xEF7D, 0xEF7D, 0xE73C, 0xDEFB, 0xDEFB, 0xDEFB,
    0xDEFB, 0x2965, 0x0000, 0x0000, 0x0000, 0x2945, 0x4A49, 0x2125, 0x3186, 0x39E7, 0x10A3, 0x00CA,
    0x00EC, 0x00CB, 0x008A, 0x00AA, 0x00CB, 0x00EC, 0x00ED, 0x010F, 0x008C, 0x1906, 0x94B2, 0xAD75,
    0xAD75, 0xF79E, 0xB5F7, 0x8A08, 0xD000, 0xB800, 0x0000, 0x0000, 0x0821, 0x39C7, 0x0000, 0x31A6,
    0x39E8, 0x3186, 0x5B2D, 0xAE5A, 0xB69B, 0x9D97, 0x5B2D, 0xA534, 0x1082, 0x0841, 0x530E, 0x09D3,
    0x01F7, 0x0218, 0x0217, 0x0239, 0x00CA, 0x0020, 0x00C7, 0x09B3, 0x0194, 0x2986, 0xB638, 0xB659,
    0xBEBB, 0x7C52, 0x29EE, 0x4B73, 0x7CB5, 0x9D96, 0xAE18, 0xADF7, 0xBE9A, 0xB69B, 0xB65A, 0xAE5A,
    0xB69A, 0x9576, 0x42F0, 0x2230, 0x0991, 0x0193, 0x19AF, 0x52CC, 0xEF5C, 0x1062, 0x0000, 0x0000,
    0x0020, 0x0000, 0x94B2, 0xB5B6, 0x52CB, 0x8CF4, 0x7C72, 0xA5F8, 0xB67B, 0xB67B, 0xB69B, 0xB67A,
    0x9DB7, 0x84D4, 0x5B91, 0x2230, 0x01B3, 0x0151, 0x00EE, 0x096D, 0x5330, 0x9DB7, 0xA5F8, 0x638E,
    0x9CF3, 0xB5D7, 0x18C4, 0x0086, 0x18C2, 0x9081, 0x5820, 0x01F4, 0x0259, 0x0258, 0x0239, 0x21EE,
    0xB638, 0x7C31, 0x0000, 0x18C3, 0x7C72, 0x7C93, 0xB67A, 0xB6BB, 0x84B3, 0x4208, 0x18C3, 0x2125,
    0x10A3, 0xB020, 0xE860, 0x8B6F, 0x08C9, 0x4A48, 0xFFFF, 0xFFFF, 0x8492, 0x99A6, 0x1800, 0x0021,
    0x0000, 0x0020, 0x1062, 0x1040, 0x1040, 0x1040, 0x0840, 0x1040, 0x0820, 0x1040, 0x1060, 0x1061,
    0x1062, 0x0862, 0x0000, 0x0841, 0x1082, 0x10A2, 0x1082, 0x0861, 0x1062, 0x1062, 0x10A2, 0x18C3,
    0x18C3, 0x18A3, 0x1082, 0x10A2, 0x18A3, 0x10A3, 0x18A3, 0x18C3, 0x18C3, 0x18C3, 0x18C3, 0x18C3,
    0x18A3, 0x10A2, 0x1082, 0x10A2, 0x18A3, 0x18C3, 0x18C3, 0x18C3, 0x18C3, 0x18C3, 0x18A3, 0x10A2,
    0x1082, 0x1082, 0x1082, 0x18C3, 0x18C3, 0x18C3, 0x18C3, 0x18C3, 0x18C3, 0x10A3, 0x1082, 0x1082,
    0x18A3, 0x18C3, 0x18C3, 0x18C3, 0x18C3, 0x1082, 0x1062, 0x0861, 0x1062, 0x10A2, 0x1082, 0x1082,
    0x0841, 0x0000, 0x0841, 0x1061, 0x1061, 0x1040, 0x1040, 0x1060, 0x1040, 0x1040, 0x1060, 0x1060,
    0x1081, 0x0021, 0x0000, 0x0000, 0x0000, 0xD679, 0x9D75, 0x9040, 0xF820, 0x6020, 0x0021, 0x0000,
    0x2124, 0xC658, 0x6B4D, 0x2104, 0x2945, 0x18C3, 0x632D, 0x9DB7, 0xB69B, 0x9DB7, 0x7C92, 0x636E,
    0x0000, 0x1062, 0xA5B7, 0x84B2, 0x0171, 0x0239, 0x0217, 0x0259, 0x012E, 0x6020, 0x4881, 0x0082,
    0x0087, 0x0885, 0x2274, 0x2A4F, 0x9535, 0xB67A, 0x7C94, 0x2231, 0x0152, 0x0193, 0x1213, 0x1A32,
    0x5352, 0x9555, 0xB638, 0xBE9A, 0xB67A, 0xB67A, 0xB679, 0xB638, 0x9555, 0x3AD0, 0x116E, 0x428C,
    0xEF7C, 0x1062, 0x0000, 0x0000, 0x0020, 0x0000, 0x94B2, 0xB5B6, 0x7CB3, 0xBEFC, 0xB69B, 0xAE5A,
    0xAE19, 0xAE5A, 0x8D14, 0x3A4A, 0x092B, 0x010F, 0x0154, 0x0196, 0x098E, 0x5350, 0x7C93, 0xADF7,
    0xB67A, 0xB69B, 0x7411, 0x52AB, 0x94B2, 0xCE59, 0x1104, 0x40C3, 0xB861, 0xF820, 0x6821, 0x0215,
    0x0A79, 0x0258, 0x0218, 0x3290, 0xBEBA, 0x8493, 0x0000, 0x20E3, 0x7C72, 0x4AAB, 0x8CF4, 0x8D15,
    0x31C7, 0x2945, 0x52AA, 0x5B0C, 0x40E3, 0xE000, 0xBA68, 0x3376, 0x0218, 0x0044, 0x4A48, 0x8C51,
    0x2124, 0xA841, 0x2000, 0xA905, 0xC8C4, 0x69E8, 0xE75C, 0xEF5C, 0xE75C, 0xF79E, 0xF79E, 0xF7BE,
    0xF7DF, 0xEF7D, 0xE75D, 0xE75C, 0xE75C, 0xEF5C, 0xE75C, 0xEF7D, 0xF7BE, 0xEF7D, 0xEF7D, 0xF7BE,
    0xE73C, 0xE73C, 0xE73C, 0xE73C, 0xE73C, 0xE71C, 0xF79E, 0xEF7D, 0xEF5D, 0xF79E, 0xEF5D, 0xE73C,
    0xE73C, 0xE73C, 0xE73C, 0xE71C, 0xE71C, 0xEF5D, 0xEF9D, 0xEF5D, 0xE73C, 0xE73C, 0xE73C, 0xE73C,
    0xE73C, 0xE73C, 0xE75C, 0xEF9D, 0xEF9D, 0xEF9D, 0xEF7D, 0xE73C, 0xE73C, 0xE73C, 0xE73C, 0xE73C,
    0xE71C, 0xE73C, 0xEF9D, 0xEF7D, 0xE73C, 0xE73C, 0xE73C, 0xE73C, 0xE73C, 0xE75C, 0xE73C, 0xF7BE,
    0xEF7D, 0xEF7D, 0xF7BE, 0xEF7D, 0xE75C, 0xEF5D, 0xE75C, 0xEF5D, 0xEF5D, 0xF79E, 0xEF9E, 0xE75D,
    0xF79E, 0xEF9E, 0xE75D, 0xE73C, 0xE75C, 0x94F3, 0x9083, 0xE167, 0x4862, 0xCEBA, 0xCE9A, 0x5986,
    0x9020, 0x0000, 0x1000, 0xB820, 0x60E3, 0xDF7D, 0xE71B, 0x39C7, 0x630C, 0x4A49, 0x2945, 0x638E,
    0xA5F8, 0x84B3, 0x5B6E, 0x7410, 0x0000, 0x18E4, 0xA5F8, 0xA5B6, 0x09B1, 0x0239, 0x0217, 0x0239,
    0x0171, 0xB020, 0xF020, 0x7861, 0x10A1, 0x00A7, 0x01B5, 0x09B1, 0x322C, 0x8D15, 0xBEBB, 0xB658,
    0x8D15, 0x5393, 0x2272, 0x0173, 0x0177, 0x0194, 0x1A31, 0x42F1, 0x84D4, 0xAE19, 0xAE39, 0xAE39,
    0xB67A, 0xB659, 0xAE17, 0x73EF, 0xE71C, 0x1082, 0x0000, 0x0000, 0x0020, 0x0000, 0x94B2, 0xB5D6,
    0x7452, 0xAE39, 0xA5F8, 0xA619, 0xA619, 0xAE3A, 0x8CF4, 0x84B3, 0x8D36, 0x7474, 0x5BB1, 0x63D1,
    0x9555, 0xBEDB, 0xBEBB, 0xB67B, 0xAE5A, 0xAE5A, 0xC6FC, 0x84F4, 0x5ACB, 0x21A6, 0x50E3, 0xD840,
    0xE840, 0xE840, 0x4821, 0x0215, 0x0279, 0x0258, 0x0239, 0x2230, 0xB638, 0x9556, 0x39C7, 0x0841,
    0x0000, 0x1082, 0x2966, 0x3166, 0x2104, 0x3186, 0x39C7, 0x10A2, 0x7041, 0xF000, 0xA34D, 0x0A75,
    0x027A, 0x0990, 0x0000, 0x0000, 0x3800, 0xD000, 0x1000, 0xC125, 0xE0E5, 0x7229, 0xFFFF, 0xFFFF,
    0xF7BF, 0x528A, 0x4A49, 0x4A69, 0x632C, 0xDEDB, 0xFFFF, 0xFFFF, 0xFFFF, 0xF7DF, 0xFFFF, 0xDEFB,
    0x52AA, 0x39E7, 0x4208, 0x9492, 0xFFFF, 0xFFFF, 0xFFFF, 0xFFFF, 0xFFFF, 0xFFFF, 0x8410, 0x4208,
    0x39E7, 0x5AEB, 0xE73C, 0xFFFF, 0xFFFF, 0xFFFF, 0xFFFF, 0xFFFF, 0xFFFF, 0xA534, 0x4A49, 0xA534,
    0xFFFF, 0xFFFF, 0xFFFF, 0xFFFF, 0xF7DF, 0xFFFF, 0xBDF8, 0x4A49, 0x528A, 0x4A49, 0x7BCF, 0xFFFF,
    0xFFFF, 0xFFFF, 0xFFFF, 0xFFFF, 0xFFFF, 0xEF9D, 0x4A69, 0x62EB, 0xFFFF, 0xFFFF, 0xFFFF, 0xFFFF,
    0xFFFF, 0xFFFF, 0xFFFF, 0x7BEF, 0x4208, 0x39E7, 0x5AEB, 0xE73C, 0xFFFF, 0xFFFF, 0xFFFF, 0xFFFF,
    0xCE9A, 0x4A49, 0x73AE, 0xFFFF, 0x528A, 0x5ACB, 0xFFDF, 0xFFFF, 0xFFFF, 0xAD75, 0x9883, 0xF987,
    0x4821, 0x7C50, 0xFFFF, 0x10C3, 0x0000, 0x0021, 0x8840, 0xF840, 0x98C2, 0xADF7, 0xFFFF, 0x39E8,
    0x20E4, 0x4228, 0x31A7, 0x31A6, 0x31C7, 0x18C3, 0x0821, 0x0000, 0x10C3, 0x52CB, 0xB67A, 0x8D14,
    0x0192, 0x0239, 0x0217, 0x0239, 0x0192, 0x7820, 0xF040, 0xE820, 0xA062, 0x18E3, 0x00A8, 0x326E,
    0xAE38, 0xB65A, 0xAE5A, 0xB65A, 0xB69B, 0xBEBA, 0xB679, 0x7432, 0x3B12, 0x2AB3, 0x32B2, 0x4311,
    0x4B0E, 0x7410, 0xAE5A, 0xB65A, 0xAE5A, 0xB65A, 0xAE5A, 0x73F0, 0xE71C, 0x1082, 0x0000, 0x0000,
    0x0020, 0x0000, 0x94B2, 0xB5B6, 0x5AEB, 0x8430, 0x8430, 0x8472, 0x8C92, 0x8472, 0x94F4, 0x9D35,
    0x8CD3, 0x9514, 0x9D55, 0x9D55, 0x9535, 0x8CF4, 0x8D15, 0x9535, 0x9535, 0x9535, 0x9555, 0x9D96,
    0x29C7, 0x40A3, 0xD840, 0xE040, 0xD840, 0xE840, 0x4841, 0x0236, 0x0A9A, 0x0A78, 0x0A9A, 0x09D1,
    0xA5B6, 0xAE5A, 0x632D, 0x52CB, 0x3A08, 0x0841, 0x18E4, 0x4A8A, 0x73CF, 0x7BF0, 0x8431, 0x52AB,
    0xB020, 0xE800, 0xAB6D, 0x2B14, 0x01B6, 0x00A7, 0x0020, 0x3821, 0xC040, 0x6103, 0x0000, 0xC125,
    0xD8C4, 0x7A6A, 0xC69A, 0x7B4A, 0x8BED, 0x0000, 0x0000, 0x0000, 0x0000, 0x630C, 0xFFFF, 0xFFFF,
    0xEF7D, 0x732A, 0xA46E, 0x4207, 0x0000, 0x0820, 0x0000, 0x0000, 0xEF9E, 0xFFFF, 0xF7DF, 0x7B6C,
    0x9C2D, 0x8C2F, 0x0000, 0x0000, 0x0000, 0x0000, 0x8C51, 0xFFFF, 0xFFFF, 0xAD54, 0x836A, 0x9C90,
    0xB595, 0x52AA, 0x0000, 0x73AF, 0xFFFF, 0xFFFF, 0xFFFF, 0xFFFF, 0x8C0E, 0x93EC, 0x62EA, 0x0000,
    0x0000, 0x0000, 0x52CC, 0xFFFF, 0xFFFF, 0xFFFF, 0xA513, 0x836A, 0xA4B1, 0x9471, 0x0000, 0x0861,
    0xF7BF, 0xFFFF, 0xFFFF, 0xFFFF, 0xBDD6, 0x836A, 0x83CD, 0x0000, 0x0000, 0x0800, 0x0000, 0x9492,
    0xFFFF, 0xFFFF, 0xF7BE, 0x83AC, 0x6AC8, 0x0000, 0x0861, 0xBE18, 0x0000, 0x0841, 0xFFFF, 0xFFFF,
    0xFFFF, 0xA555, 0x9083, 0xF167, 0x5062, 0x08C5, 0xAD75, 0xBDD7, 0x20C3, 0x0000, 0x6820, 0xD000,
    0x9248, 0xBE79, 0xFFFF, 0x8451, 0x426A, 0x6BAF, 0x6B8E, 0x5B0C, 0x2965, 0x0000, 0x0000, 0x428A,
    0x4229, 0x7C31, 0xBEDB, 0x7432, 0x0193, 0x0A79, 0x0A37, 0x0A59, 0x01D4, 0x6820, 0xE840, 0xD840,
    0xF020, 0x9861, 0x0883, 0x4AEE, 0xA618, 0x9D97, 0x9DB7, 0x9D97, 0x9D97, 0x9577, 0x9D97, 0xA5F8,
    0xA5B6, 0x9D96, 0xA5B6, 0xAE17, 0xA5F8, 0x9556, 0x9D97, 0x9DB7, 0x9DB7, 0x9D97, 0x9576, 0x6B8E,
    0xE73C, 0x1082, 0x0000, 0x0000, 0x0020, 0x0000, 0x94B2, 0xB5B6, 0x6BAF, 0x9D55, 0x8472, 0x6BCF,
    0x632D, 0x8C51, 0xDEBA, 0x94B2, 0x8451, 0x8C71, 0x8431, 0x8430, 0x8C71, 0x8C71, 0x8451, 0x8C51,
    0x8C71, 0x8C51, 0x8C71, 0x630C, 0x1041, 0xC061, 0xE840, 0xD840, 0xE840, 0xE840, 0x3800, 0x010F,
    0x01B6, 0x0195, 0x01D7, 0x00F1, 0x4AAC, 0xAE5A, 0x7C93, 0x8D35, 0x5B2D, 0x9CF3, 0x4A8A, 0x0882,
    0x2166, 0x426A, 0x1945, 0x2000, 0xE060, 0xE820, 0xC124, 0x9492, 0x5B4E, 0x51C7, 0x6800, 0xE820,
    0xB206, 0x226E, 0x0002, 0xC125, 0xD8C4, 0x7A6A, 0xC679, 0xB408, 0xCCA9, 0x0020, 0x20A2, 0x8307,
    0x0020, 0x3185, 0xB5B6, 0xCE9A, 0xDF1C, 0x9BC9, 0xED4A, 0x49A3, 0x0020, 0x7B07, 0x20E2, 0x0000,
    0x9CB2, 0xCE59, 0xDF3D, 0x93CA, 0xED49, 0x9B67, 0x0020, 0x20E2, 0x5205, 0x0821, 0x52AA, 0xC638,
    0xEF7E, 0xAD33, 0xC447, 0xD4E9, 0xC489, 0x51E4, 0x0020, 0x4A27, 0xAD12, 0xB5B6, 0xD6DB, 0xFFDF,
    0x942D, 0xD4A8, 0xDD2B, 0x8307, 0x0020, 0x3144, 0x9C6E, 0xAD33, 0xBE17, 0xE73D, 0xA4F2, 0xC447,
    0xDD0A, 0x9B87, 0x0020, 0x1082, 0x940D, 0xA4F2, 0xB5D6, 0xDF1C, 0xB596, 0xC468, 0xABE8, 0x0020,
    0x4183, 0x6A86, 0x0020, 0x5289, 0xBDD6, 0xD6DB, 0xE75E, 0xA42A, 0xA3C7, 0x0020, 0x0020, 0x72C7,
    0x1081, 0x1082, 0xAD33, 0xC639, 0xEF9E, 0xA555, 0x9863, 0xF167, 0x5062, 0x0151, 0x31EA, 0xDEB9,
    0xEF5D, 0x5ACB, 0x6B6D, 0x7B8E, 0xA555, 0xE71C, 0xFFFF, 0xD69A, 0x0841, 0x4A69, 0x73AE, 0x52CB,
    0x31A7, 0x7BEF, 0x9471, 0x63AF, 0x8D15, 0x8D15, 0xAE39, 0x218A, 0x0155, 0x01B6, 0x0175, 0x0196,
    0x0111, 0x5000, 0xF840, 0xE040, 0xD840, 0xF040, 0x6020, 0x1924, 0xA534, 0xA534, 0xA534, 0xA534,
    0xA534, 0xA534, 0xA534, 0x9CF4, 0x9D14, 0x9CF3, 0x9CF3, 0x94D3, 0xA534, 0xC659, 0x94D3, 0x8C51,
    0x94D3, 0x8C92, 0x73CF, 0x630C, 0xE75C, 0x1062, 0x0000, 0x0000, 0x0020, 0x0000, 0x94B2, 0xB5B6,
    0x5B6E, 0x7C92, 0x7C51, 0xA575, 0xAD75, 0x8C71, 0x7410, 0x8D35, 0xA619, 0xA5D8, 0x9DD8, 0x9DB7,
    0x9DB7, 0x9DB8, 0x9DB7, 0xA5D8, 0x9576, 0x9556, 0x9D56, 0x1986, 0x7040, 0xF840, 0xE840, 0xE020,
    0xB020, 0x4060, 0x6B0B, 0x8431, 0x8473, 0x8494, 0x8475, 0x7413, 0x73CF, 0x9D34, 0xA555, 0x8C92,
    0x6B6E, 0x9CD3, 0x9492, 0x6B4D, 0x6B6E, 0x5ACB, 0x530C, 0x6041, 0xF040, 0xE040, 0xE020, 0xC840,
    0xD0E3, 0xD861, 0xF840, 0x9040, 0x2A4E, 0x0216, 0x0843, 0xC105, 0xD8C4, 0x7A6A, 0xC679, 0xB429,
    0xD50B, 0x0000, 0x18A1, 0x8B27, 0x0000, 0x4163, 0xC489, 0xB449, 0x4A27, 0x8B48, 0xFDCC, 0x51E4,
    0x0000, 0x8306, 0x20E2, 0x0000, 0xA3A7, 0xC4AA, 0x6287, 0x6AA6, 0xF5CC, 0xAC09, 0x0000, 0x3943,
    0x72A5, 0x0000, 0x51C4, 0xCCCA, 0x7B08, 0x5269, 0xCCCA, 0xE54B, 0xF5AC, 0x6A85, 0x0000, 0x6A85,
    0xDCE9, 0xB449, 0xA3C8, 0x6B2C, 0x8BED, 0xD4EA, 0xEDAC, 0x9367, 0x0000, 0x49C4, 0xE54A, 0xBC48,
    0xBC69, 0x8B68, 0x41C6, 0xD4EA, 0xED8C, 0xC48A, 0x0000, 0x1881, 0xD4C9, 0xCC89, 0xBC49, 0xA3E9,
    0x39A5, 0xCCCA, 0xB429, 0x0000, 0x4183, 0x6A85, 0x0000, 0x6244, 0xCCA9, 0xAC09, 0x5268, 0x9BCA,
    0xABE8, 0x0000, 0x0000, 0x8B27, 0x20A1, 0x1061, 0xB428, 0xBC69, 0x7B08, 0x4AAB, 0xA0E4, 0xF146,
    0x5061, 0x01D4, 0x0A36, 0x2147, 0xDEDA, 0xFFFF, 0xEF5D, 0xDF3C, 0xEF5C, 0xFFFF, 0xFFFF, 0xF7DE,
    0x39E7, 0x4A69, 0x5B0C, 0x634D, 0x73AE, 0x9D13, 0x94B2, 0x632D, 0x9D35, 0xA576, 0x94D3, 0x634E,
    0x63B2, 0x6BF3, 0x6BF2, 0x6BD2, 0x6B90, 0x39C6, 0x7020, 0xD820, 0xE820, 0xF040, 0xD840, 0x1800,
    0x5B4D, 0xA5B7, 0x9555, 0xA5B7, 0xA5D7, 0x9D97, 0x9D97, 0x9D76, 0x9D76, 0x9D76, 0x9576, 0x9576,
    0x9514, 0xBDF7, 0xBDD6, 0x7BF0, 0x6BCF, 0x7411, 0x7C72, 0x632D, 0xE73C, 0x1082, 0x0000, 0x0000,
    0x0020, 0x0000, 0x94B2, 0xB596, 0x8C71, 0xE71C, 0xE73C, 0xA534, 0x7C72, 0x8D15, 0xAE5A, 0xB69B,
    0xB67B, 0xB67B, 0xBE9B, 0xBEBB, 0xBE79, 0xB638, 0x9577, 0x638F, 0x84B3, 0xBEDC, 0x9D97, 0x1061,
    0xC840, 0xC840, 0x4863, 0x28C8, 0x00A6, 0x0949, 0x6391, 0x6BB1, 0x73F1, 0x7C11, 0x94B2, 0xAD75,
    0xAD75, 0xA555, 0xAD55, 0xB596, 0xBDF7, 0xB596, 0xB5D6, 0xC618, 0xC638, 0xCE59, 0xADD7, 0x98A2,
    0xF020, 0xE040, 0xE060, 0xF820, 0xB000, 0xA061, 0xB000, 0x092C, 0x0216, 0x01B2, 0x0821, 0xC105,
    0xD8C4, 0x7A6A, 0xC679, 0xB429, 0xD4EA, 0x0000, 0x18A1, 0x8307, 0x0000, 0x49A4, 0xFE0D, 0x7AC5,
    0x7BF0, 0xA42B, 0xF58B, 0x51E4, 0x0000, 0x8306, 0x20E2, 0x0000, 0xD50B, 0xA3A7, 0x632C, 0x93EB,
    0xED6B, 0xABE8, 0x0000, 0x20E2, 0x9BA8, 0x72A6, 0xB449, 0xB407, 0x736C, 0xA513, 0xC468, 0xDD4B,
    0xED6C, 0x6265, 0x0000, 0x6A85, 0xF5CD, 0xE54B, 0x6224, 0xBDF8, 0xA48F, 0xD4C9, 0xED8C, 0x8B47,
    0x0000, 0x49A4, 0xE56C, 0xEDAC, 0xC489, 0x6AE9, 0x8C2F, 0xCC89, 0xED6C, 0xBC49, 0x0000, 0x1881,
    0xD4EB, 0xED8C, 0xE52A, 0x6AA7, 0x7BCF, 0xCCCA, 0xB429, 0x0000, 0x4183, 0x6A85, 0x0000, 0x72C6,
    0xFDEC, 0x6A64, 0x94F4, 0xB48D, 0xA3C7, 0x0000, 0x0000, 0x5204, 0x20C1, 0x0020, 0xEDAC, 0xA3A7,
    0x7BAD, 0xA555, 0x9883, 0xF167, 0x5062, 0x010B, 0x0A15, 0x01B5, 0x21EE, 0xDEBA, 0xB596, 0xEF7D,
    0xFFFF, 0xFFFF, 0xFFFF, 0xFFFF, 0x8C71, 0xCE59, 0xCE59, 0xCE38, 0xC638, 0xBDD7, 0xB5B6, 0xBDF7,
    0xB596, 0xB596, 0xB596, 0xB596, 0xAD54, 0x9CD2, 0x9492, 0x8451, 0x7BF1, 0x5B0E, 0x0064, 0x1864,
    0x4064, 0x7041, 0xE860, 0x8000, 0x21E8, 0xB69B, 0xAE5A, 0x7452, 0x8D14, 0xAE39, 0xAE39, 0xB67A,
    0xB69B, 0xB69B, 0xB65A, 0xB67A, 0xB67A, 0x9576, 0x9514, 0xC638, 0xDEFB, 0xCEBA, 0x8CD3, 0x5AEB,
    0xE75C, 0x1062, 0x0000, 0x0000, 0x0020, 0x0000, 0x94B2, 0xB5B6, 0xAD55, 0xBDF7, 0x7411, 0x9556,
    0xBEBB, 0xBEBA, 0xB67A, 0xA5B6, 0x9554, 0xA596, 0x84B4, 0x5B92, 0x32B1, 0x11AF, 0x114A, 0x638F,
    0xA5F8, 0xBE9B, 0x6410, 0x3000, 0xF840, 0xA000, 0x0001, 0x0086, 0x00A7, 0x00A7, 0x0047, 0x0047,
    0x0068, 0x0027, 0x10E5, 0x532D, 0x5B4E, 0x638F, 0x63AF, 0x6BD0, 0x6BF0, 0x7431, 0x7431, 0x6BF0,
    0x6BF0, 0x7451, 0x4ACC, 0xA800, 0xE860, 0xE040, 0xD840, 0x98A3, 0x836D, 0x9881, 0x6A69, 0x00C8,
    0x08C8, 0x0086, 0x0800, 0xC125, 0xD8C4, 0x7A6A, 0xC679, 0xB429, 0xD4EA, 0x0000, 0x18A1, 0x9367,
    0x0000, 0x49A3, 0x5A45, 0x6B8F, 0xF7DF, 0x9BC9, 0xF5AB, 0x51E4, 0x0000, 0x8306, 0x18A2, 0x1040,
    0x6244, 0x4A6A, 0xEF9E, 0x93EB, 0xE54A, 0xC4AA, 0x0840, 0x0000, 0x3143, 0xBC69, 0x9BA7, 0x2966,
    0xEF9E, 0xB574, 0xBC48, 0xE54B, 0xED8C, 0x6A65, 0x0000, 0x72C6, 0xED6B, 0x3123, 0x94D4, 0xFFFF,
    0x940D, 0xD4E9, 0xED8C, 0x8B47, 0x0000, 0x41A4, 0xFDCC, 0xB408, 0x2104, 0xD6DB, 0xB574, 0xC448,
    0xED8C, 0xBC49, 0x0000, 0x1881, 0xDD4B, 0xD4EA, 0x2923, 0xAD97, 0xCE58, 0xC468, 0xB429, 0x0000,
    0x4183, 0x6A85, 0x0000, 0x7AC6, 0x49E4, 0x8452, 0xFFFF, 0xA42B, 0xA3C8, 0x0000, 0x0000, 0x3122,
    0x0821, 0x49A3, 0x8B47, 0x31A7, 0xEFBE, 0xAD96, 0x9063, 0xF167, 0x5062, 0x0043, 0x00A7, 0x08E9,
    0x00A7, 0x7BEF, 0xA534, 0xA514, 0xBDF7, 0xFFFF, 0xF7DE, 0xFFFF, 0x8451, 0x5B2D, 0x7451, 0x7431,
    0x7431, 0x7431, 0x6C11, 0x6BF0, 0x6BF0, 0x6BD0, 0x638F, 0x5B6E, 0x530C, 0x0023, 0x0006, 0x0005,
    0x0004, 0x0025, 0x0086, 0x0086, 0x0065, 0x0000, 0xD800, 0xE840, 0x2041, 0x8D56, 0xB67A, 0x9535,
    0x636E, 0x8451, 0x94F4, 0x9514, 0x8D15, 0x9597, 0xA619, 0xA5F8, 0xAE39, 0xB69B, 0xB67A, 0x9576,
    0x8CD3, 0xB5B6, 0xF7BE, 0x738E, 0xE71C, 0x1082, 0x0000, 0x0000, 0x0020, 0x0000, 0x94B2, 0xB5B6,
    0x52EC, 0x9D96, 0xB659, 0xA5B6, 0x5B70, 0x326E, 0x42EF, 0x11EF, 0x09F2, 0x0190, 0x010F, 0x0152,
    0x11F0, 0x5371, 0x9D97, 0xBEBB, 0xAE39, 0xB69B, 0x6C11, 0x1020, 0x58E3, 0x6A08, 0x2104, 0x0000,
    0x0000, 0x0000, 0x0000, 0x0800, 0x0800, 0x0820, 0x0020, 0x0000, 0x0020, 0x0841, 0x0862, 0x10A3,
    0x18C3, 0x2145, 0x2966, 0x2986, 0x31A7, 0x4249, 0x2986, 0xA000, 0xF820, 0xE800, 0x99C7, 0xDF7D,
    0xABCE, 0x9AEB, 0x7431, 0x00CD, 0x0215, 0x01D4, 0x0822, 0xC105, 0xD8C4, 0x7A6A, 0xC679, 0xB429,
    0xD4EA, 0x0020, 0x1061, 0x49C4, 0x0820, 0x08A4, 0x4B0E, 0xFFFF, 0xE73D, 0x9BC9, 0xF5AB, 0x51E4,
    0x0000, 0x7AE7, 0x4142, 0x2944, 0x2A2B, 0xEF9D, 0xF7DF, 0x93CA, 0xE52A, 0xE54B, 0xBC49, 0x3963,
    0x0000, 0x0042, 0x21CA, 0xD6DB, 0xFFFF, 0xA513, 0xBC48, 0xE54B, 0xED8C, 0x6245, 0x0000, 0x6A64,
    0x29C7, 0x7453, 0xFFFF, 0xFFFF, 0x942E, 0xD4E9, 0xED8C, 0x8B47, 0x0000, 0x5A04, 0xB429, 0x0927,
    0xB5F8, 0xFFFF, 0x9CD2, 0xC468, 0xED8C, 0xBC69, 0x0000, 0x18A1, 0xC469, 0x1946, 0x8493, 0xFFFF,
    0xB595, 0xC489, 0xB429, 0x0000, 0x4183, 0x6A65, 0x3922, 0x2986, 0x6BD1, 0xFFFF, 0xE77E, 0xA42B,
    0xA3C8, 0x0000, 0x1881, 0x0000, 0x6A44, 0x7B07, 0x19A9, 0xDF1C, 0xFFFF, 0xA534, 0x9883, 0xF167,
    0x5061, 0x0170, 0x0A16, 0x01D4, 0x00AB, 0x9492, 0x8410, 0xD69A, 0xCE59, 0xC638, 0xFFFF, 0xFFFF,
    0x8410, 0x3208, 0x426A, 0x31E8, 0x29A6, 0x2966, 0x2125, 0x18E3, 0x10A3, 0x1082, 0x0862, 0x0841,
    0x0020, 0x0841, 0x0820, 0x0820, 0x0820, 0x0000, 0x0000, 0x0000, 0x0800, 0x3945, 0x7924, 0x6020,
    0x0800, 0x8D35, 0xB67A, 0xB67A, 0xB67A, 0x9576, 0x9514, 0xAD75, 0xC618, 0xB5B6, 0x94F4, 0x9D14,
    0x8CD3, 0x8CF4, 0x8D14, 0x9D97, 0xB67B, 0x9556, 0x73F0, 0x5AEB, 0xE75C, 0x1062, 0x0000, 0x0000,
    0x0020, 0x0000, 0x94B2, 0xB5B6, 0x63CF, 0x7452, 0x328F, 0x09B1, 0x01B5, 0x0219, 0x01F8, 0x0219,
    0x01B4, 0x32B0, 0x63B0, 0x84B3, 0xADF7, 0xBE9A, 0xAE5A, 0xAE19, 0xAE39, 0xAE39, 0xAE19, 0x9DD8,
    0x8535, 0x3A8B, 0x18C3, 0x0021, 0x0021, 0x0021, 0x0000, 0x0000, 0x0000, 0x0000, 0x0000, 0x0000,
    0x0000, 0x0000, 0x0000, 0x0000, 0x0000, 0x0000, 0x0000, 0x0000, 0x0000, 0x0000, 0x0000, 0x30E4,
    0x9924, 0x98A2, 0x732C, 0xE75D, 0x3082, 0xC638, 0xE71C, 0x7C11, 0x2105, 0x0021, 0x0800, 0xB925,
    0xD8E5, 0x7A6A, 0xC679, 0xB429, 0xD4EA, 0x0841, 0x0000, 0x1020, 0x1168, 0x3B0F, 0xF79D, 0xFFFF,
    0xDF3D, 0x9BC9, 0xF5AB, 0x51E4, 0x0000, 0x82E5, 0x5AA9, 0x018B, 0xC659, 0xFFFF, 0xEF9E, 0x93CB,
    0xE54A, 0xD4EA, 0xBC8A, 0xC448, 0x4A07, 0x014A, 0x73CF, 0xFFFF, 0xFFFF, 0xAD33, 0xBC48, 0xE54B,
    0xED6C, 0x6A85, 0x3101, 0x11AA, 0x5BD2, 0xFFFF, 0xFFDE, 0xFFFF, 0x942E, 0xD4E9, 0xED8C, 0x8307,
    0x3942, 0x7B07, 0x018B, 0x9D56, 0xFFFF, 0xFFFF, 0xA4F2, 0xC468, 0xED8C, 0xAC29, 0x1881, 0x6244,
    0x11AA, 0x6C13, 0xFFFF, 0xFFFF, 0xB5B6, 0xC489, 0xB449, 0x0000, 0x3943, 0xABC7, 0x21EA, 0x4B50,
    0xFFFF, 0xFFFF, 0xE77E, 0xA42B, 0xABE8, 0x0000, 0x3143, 0x9346, 0x7329, 0x09CC, 0xC659, 0xFFFF,
    0xFFFF, 0xA555, 0x9083, 0xF167, 0x5062, 0x0021, 0x0021, 0x3A09, 0x94B3, 0xF7BE, 0x9492, 0x5ACB,
    0xF7BE, 0x8431, 0xC618, 0x94D3, 0x18E4, 0x0000, 0x0000, 0x0000, 0x0000, 0x0000, 0x0000, 0x0000,
    0x0000, 0x0000, 0x0000, 0x0000, 0x0000, 0x0000, 0x0000, 0x0000, 0x0000, 0x0020, 0x0021, 0x0021,
    0x0021, 0x29A7, 0x538E, 0x8556, 0x8D14, 0xAE19, 0xAE39, 0xAE39, 0xAE39, 0xB65A, 0xAE39, 0x9576,
    0x9535, 0x8472, 0xB5D7, 0xF79E, 0xFFFF, 0xC659, 0xBDF7, 0xAD96, 0x8472, 0x9576, 0x8D56, 0x52CB,
    0xE75C, 0x1062, 0x0000, 0x0000, 0x0020, 0x0000, 0x94B2, 0xB5B6, 0x0089, 0x01D6, 0x01F9, 0x0192,
    0x014E, 0x0190, 0x09D2, 0x3AAF, 0x84B3, 0xB659, 0xBEBB, 0xB67A, 0xAE3A, 0xAE39, 0xB67A, 0xB65A,
    0xAE39, 0xAE39, 0xBEDC, 0x7C72, 0x1062, 0x0000, 0x0000, 0x0000, 0x0000, 0x0000, 0x0841, 0x2166,
    0x2986, 0x7BCF, 0x630C, 0x2165, 0x428A, 0x2986, 0x2124, 0x2986, 0x2986, 0x0000, 0x0841, 0x1062,
    0x0000, 0x0000, 0x0000, 0x0862, 0x08E4, 0x1125, 0x29A7, 0x2966, 0x0020, 0x2945, 0x2945, 0x18A2,
    0x0000, 0x0000, 0x0800, 0xC0E4, 0xD883, 0x7A69, 0xC679, 0xB429, 0xCCCA, 0x0020, 0x28A0, 0x222C,
    0x22D0, 0xDEFB, 0xFFFF, 0xFFFF, 0xE73D, 0x9BC9, 0xF58B, 0x49C4, 0x3901, 0x4A8A, 0x0A50, 0x0042,
    0xD6BA, 0xFFFF, 0xEF9E, 0x93CB, 0xED6B, 0xA3E9, 0x0800, 0x2166, 0x12B1, 0x0022, 0x736D, 0xFFFF,
    0xFFFF, 0xAD33, 0xBC48, 0xDD4C, 0xED8B, 0x8B26, 0x1A4E, 0x4351, 0xFFBD, 0xFFFF, 0xFFFF, 0xFFFF,
    0x942E, 0xD4E9, 0xE56C, 0xCCA9, 0x72E8, 0x0A50, 0x7C94, 0xFFFF, 0xF7DE, 0xFFFF, 0xA4F2, 0xC468,
    0xE56C, 0xD4EA, 0x7AA5, 0x1A8F, 0x4B92, 0xFFDE, 0xF7DF, 0xFFFF, 0xB5B6, 0xC489, 0xA3E9, 0x1881,
    0x7284, 0x3310, 0x0109, 0x83EE, 0xFFFF, 0xFFFF, 0xEF7E, 0xAC4B, 0x9B87, 0x1061, 0xA3A6, 0x6B4B,
    0x020F, 0x2125, 0xFFBE, 0xFFFF, 0xFFFF, 0xA555, 0x9842, 0xF926, 0x5042, 0x0000, 0x0000, 0x0841,
    0x2104, 0x39C7, 0x2104, 0x0021, 0x39E8, 0x2986, 0x18C4, 0x0862, 0x0841, 0x0021, 0x0000, 0x0000,
    0x1082, 0x0000, 0x0882, 0x2145, 0x2124, 0x18E4, 0x31A7, 0x3A08, 0x1082, 0x736D, 0x4A69, 0x1904,
    0x1082, 0x0000, 0x0000, 0x0000, 0x0000, 0x0000, 0x0000, 0x2986, 0xA5F8, 0xB67A, 0xAE19, 0xAE39,
    0xAE5A, 0xAE39, 0xAE39, 0xB65A, 0xAE3A, 0xA619, 0x9597, 0x8CD3, 0xBE18, 0xFFFF, 0xFFFF, 0xEF9F,
    0xEF7E, 0xC618, 0x8471, 0x52AA, 0xEF5D, 0x1062, 0x0000, 0x0000, 0x0020, 0x0000, 0x94B2, 0xB5B6,
    0x00CF, 0x0237, 0x098F, 0x016E, 0x027A, 0x096E, 0x8CD2, 0xBEBB, 0xB69B, 0xAE3A, 0xAE19, 0xB67A,
    0xB67A, 0x9DD8, 0x9535, 0x9D76, 0xB69B, 0xA619, 0x7431, 0x6B6E, 0xC617, 0x738E, 0x4AAB, 0x5B2D,
    0x5B2D, 0x6BCF, 0x9576, 0x8492, 0x9D14, 0xB5B6, 0x9514, 0xAE3A, 0xBEBB, 0xB65A, 0xB67A, 0xB6BB,
    0x9556, 0x8C92, 0xCE58, 0x73EF, 0x7C92, 0x9556, 0x2125, 0x0000, 0x0000, 0x0000, 0x0000, 0x0000,
    0x0000, 0x0000, 0x0000, 0x0000, 0x0000, 0x0000, 0x0000, 0xA229, 0xBA09, 0x72AB, 0xC659, 0xB409,
    0xDD2B, 0x4142, 0x22AF, 0x12B2, 0xCE38, 0xFFFF, 0xFFDF, 0xFFFF, 0xE73D, 0x9BC9, 0xF5AC, 0x9B46,
    0x3A8C, 0x1335, 0x0862, 0x0000, 0xD6BA, 0xFFFF, 0xEF9E, 0x93AB, 0xF58B, 0xB407, 0x21A8, 0x2396,
    0x29A8, 0x0000, 0x73AE, 0xFFFF, 0xFFFF, 0xAD33, 0xBC68, 0xF5AB, 0x8B47, 0x1B13, 0x016B, 0x7BAD,
    0xFFFF, 0xF7DE, 0xFFFF, 0xFFFF, 0x942D, 0xDD0A, 0xE52A, 0x6AE9, 0x02B3, 0x42CE, 0xFFDE, 0xFFFF,
    0xFFDE, 0xFFFF, 0xA4F2, 0xC489, 0xF58B, 0x8B47, 0x12F3, 0x1A2D, 0xEF1B, 0xFFFF, 0xF7DE, 0xFFFF,
    0xB5B6, 0xBC69, 0xD4EA, 0x7285, 0x2312, 0x0A2E, 0x0000, 0x7BCF, 0xFFFF, 0xFFFF, 0xEF9E, 0x9C0B,
    0xC489, 0xA386, 0x52EB, 0x02D4, 0x0083, 0x18A2, 0xF7BE, 0xFFFF, 0xFFFF, 0xA555, 0x7925, 0xC24A,
    0x40C3, 0x0000, 0x0000, 0x0000, 0x0000, 0x0000, 0x0000, 0x0000, 0x0000, 0x0000, 0x0000, 0x0000,
    0x0000, 0x4ACB, 0xA5D8, 0x6BD0, 0xAD75, 0xD69A, 0x8CD3, 0x9DD8, 0xB67A, 0xAE19, 0xB67A, 0xBEBB,
    0x9576, 0xA555, 0xDEDB, 0xAD96, 0x9556, 0x7C72, 0x4AAB, 0x4A8A, 0x426A, 0x4A8A, 0xB575, 0x8C51,
    0x7410, 0x9DD8, 0xB67A, 0xAE39, 0xA5D8, 0xA619, 0xAE39, 0xAE5A, 0xAE39, 0xAE39, 0xB65A, 0xAE39,
    0x8D35, 0x8493, 0x840D, 0x7323, 0x8C2C, 0xFFFF, 0xFFFF, 0x5AEC, 0xE73C, 0x1062, 0x0000, 0x0000,
    0x0020, 0x0000, 0x94B2, 0xB5B6, 0x1905, 0x4AAB, 0x5B0B, 0x014E, 0x0219, 0x012E, 0x84B2, 0x9DB8,
    0x9DD8, 0xA5F8, 0xA5F9, 0x8D15, 0x7C52, 0x8C92, 0x5B0C, 0x9535, 0x9DB7, 0x7C10, 0xBDF7, 0xFFDE,
    0xAD96, 0x8D15, 0xBEBB, 0xB69B, 0xBEDC, 0xA5F8, 0x4AAB, 0x6BAF, 0x8CF4, 0x9556, 0xAE3A, 0xAE39,
    0xA619, 0xB67A, 0x9D97, 0x8472, 0xB5D7, 0xC638, 0x8451, 0x9DD8, 0xBEBC, 0x52EC, 0x0021, 0x0021,
    0x0000, 0x0000, 0x0000, 0x0000, 0x0000, 0x0021, 0x0021, 0x0000, 0x0000, 0x0000, 0x0841, 0xD71C,
    0xF7FF, 0x8430, 0xC618, 0xC489, 0xABE8, 0x2312, 0x1314, 0xAD34, 0xFFFF, 0xFFDF, 0xFFFF, 0xFFFF,
    0xDF3D, 0xAC4B, 0xCC68, 0x32EF, 0x0B56, 0x4AAB, 0x18C3, 0x0020, 0xDEDB, 0xFFFF, 0xEF9E, 0xA42C,
    0xD4A8, 0x42CD, 0x1398, 0x324B, 0x6B0B, 0x0021, 0x73AE, 0xFFFF, 0xFFFF, 0xAD54, 0xD4A8, 0x8349,
    0x0B15, 0x1270, 0x0000, 0x7BCF, 0xFFFF, 0xFFDF, 0xFFFF, 0xFFFF, 0x9C6E, 0xDCC8, 0x52CA, 0x13B8,
    0x0928, 0x5248, 0xFFFF, 0xFFDF, 0xFFDF, 0xFFFF, 0xAD13, 0xD4A8, 0x7B29, 0x1356, 0x0A2E, 0x20A2,
    0xF7DE, 0xFFFF, 0xFFDF, 0xFFFF, 0xBDD6, 0xCC88, 0x9BA9, 0x1B34, 0x2354, 0x3985, 0x0021, 0x7BEF,
    0xFFFF, 0xFFFF, 0xEF7E, 0xAC4C, 0xD4A8, 0x3ACD, 0x0B78, 0x2187, 0x0000, 0x2104, 0xF7BE, 0xFFFF,
    0xFFFF, 0xA534, 0xA575, 0xEFFF, 0x5AEB, 0x0002, 0x0820, 0x0000, 0x0000, 0x0021, 0x0001, 0x0000,
    0x0000, 0x0000, 0x0000, 0x0021, 0x0021, 0x0862, 0x7C93, 0xBEDC, 0x9535, 0xB5D7, 0xEF5C, 0xB5D7,
    0x9556, 0xAE5A, 0xAE39, 0xAE19, 0xB67A, 0xA5F9, 0x9556, 0xA596, 0x7C10, 0x7C92, 0xBEDC, 0xB69B,
    0xB6BB, 0xAE5A, 0x9D55, 0xDEFB, 0xE73C, 0x9D14, 0x84D3, 0xB67A, 0x7C52, 0x8451, 0xA596, 0x9DB7,
    0xAE5A, 0xB67A, 0xB67A, 0xB65A, 0xBEBB, 0x9DF9, 0x6301, 0xA480, 0x7340, 0x6B8D, 0x94B2, 0x52AA,
    0xE75D, 0x1062, 0x0000, 0x0000, 0x0020, 0x0000, 0x94B2, 0xB596, 0x9CB2, 0xCE79, 0xC638, 0xA514,
    0x5B50, 0x94B3, 0xAD55, 0x94B3, 0x8CB3, 0x9D55, 0x8C91, 0x9D14, 0xC5F7, 0x6B8E, 0x8D15, 0x84D4,
    0x73CF, 0xD699, 0xBDD7, 0x6BAF, 0x7CD4, 0xA619, 0xA5D8, 0xA619, 0xA619, 0x5B4E, 0x84B3, 0xB69B,
    0xB69B, 0xBEBB, 0xB65A, 0xAE19, 0xB67A, 0x8D14, 0x94F3, 0xE71B, 0xAD75, 0x7431, 0xA5F8, 0xBEDC,
    0x530C, 0x0000, 0x0000, 0x0000, 0x0000, 0x0021, 0x016E, 0x010B, 0x0000, 0x0000, 0x0000, 0x0000,
    0x0065, 0x00EE, 0x0863, 0xE6FB, 0xFFFF, 0x8430, 0xC638, 0x49C4, 0x0A91, 0x02B4, 0x0841, 0xEF7D,
    0xFFFF, 0xFFFF, 0xFFFF, 0xFFFF, 0xE75D, 0x5A45, 0x122D, 0x0336, 0x0043, 0x0000, 0x0000, 0x0841,
    0xEF7D, 0xFFFF, 0xF7DF, 0x6287, 0x19EA, 0x0337, 0x00A5, 0x0000, 0x0000, 0x0000, 0x8C71, 0xFFFF,
    0xFFFF, 0xA4F2, 0x3984, 0x02B4, 0x2333, 0x2944, 0x0000, 0x738E, 0xFFFF, 0xFFDF, 0xFFFF, 0xFFFF,
    0x7B6B, 0x21A7, 0x0337, 0x09AB, 0x0000, 0x4229, 0xFFFF, 0xFFDF, 0xFFDF, 0xFFFF, 0x9CB1, 0x3184,
    0x02F5, 0x0A70, 0x0000, 0x0861, 0xF7BE, 0xFFFF, 0xFFDF, 0xFFFF, 0xB595, 0x4184, 0x02B3, 0x0271,
    0x0000, 0x0020, 0x0000, 0x9492, 0xFFFF, 0xFFFF, 0xF7BE, 0x6287, 0x1A0B, 0x02D6, 0x42AD, 0xB574,
    0x0000, 0x0861, 0xF79E, 0xFFFF, 0xFFFF, 0xA534, 0xB596, 0xFFFF, 0x62EB, 0x090C, 0x012F, 0x0065,
    0x0000, 0x0000, 0x0000, 0x0841, 0x8C51, 0x73AF, 0x0000, 0x0000, 0x0000, 0x0000, 0x0000, 0x84B3,
    0xBEBC, 0x9576, 0x94F4, 0xD6BA, 0xDEDB, 0x9D55, 0xA619, 0xAE39, 0xAE39, 0xB67B, 0xB69B, 0xAE5A,
    0xA5D8, 0x5B6E, 0x7C72, 0xAE5A, 0xA619, 0xAE39, 0xA5F9, 0x7CB3, 0x9D14, 0xDEDB, 0xBDF7, 0x7410,
    0x9576, 0x84B3, 0x7C10, 0xAD75, 0x9535, 0x8D35, 0x8D35, 0x8D15, 0x9535, 0x9536, 0x6328, 0x8380,
    0x6B24, 0x6BF0, 0x52CB, 0x4229, 0xEF7D, 0x1062, 0x0000, 0x0000, 0x0020, 0x0000, 0x94B2, 0xB5B6,
    0x52CC, 0x8493, 0x84B3, 0x9534, 0x9513, 0x73F0, 0x8410, 0xFFFF, 0xFFDD, 0xAD35, 0x8474, 0xA555,
    0xE73C, 0xEF7D, 0xCE58, 0xB575, 0xBDF7, 0xB5B6, 0x94B2, 0xA534, 0xAD96, 0x9D14, 0x9D14, 0x9514,
    0x8CD3, 0x9514, 0x9D55, 0x8CF4, 0x8CF4, 0x7C92, 0x84D4, 0xB67A, 0x9DD8, 0x94D3, 0xD69A, 0x8CB3,
    0x8D35, 0xB67A, 0xB67A, 0xB658, 0x3A8D, 0x01B2, 0x01B1, 0x0190, 0x014D, 0x010B, 0x02BC, 0x0258,
    0x00C9, 0x012C, 0x00CB, 0x00CD, 0x11F1, 0x7414, 0x18C3, 0x2945, 0x2965, 0x4A49, 0xE71C, 0x7C52,
    0x8CF5, 0x5AEC, 0x62EB, 0xEF7D, 0xFFDF, 0xF7DE, 0xFFDF, 0xFFDF, 0xF7BE, 0x8C92, 0x84F5, 0x8CB3,
    0x630B, 0x4A49, 0x528A, 0xA514, 0xFFDF, 0xF7DE, 0xFFDF, 0x94D3, 0x84D5, 0x94F4, 0x83EF, 0x4A6A,
    0x4A49, 0x6B4D, 0xE73C, 0xF7DE, 0xFFDF, 0xCE58, 0x7C52, 0x8CF5, 0xBDD7, 0xAD55, 0x52AA, 0xA534,
    0xFFDF, 0xF7DE, 0xF7DE, 0xFFDF, 0xAD55, 0x7C94, 0x9515, 0x8C51, 0x52AB, 0x8C51, 0xFFDF, 0xF7DE,
    0xF7DE, 0xFFDF, 0xC618, 0x7C53, 0x8D16, 0x94B2, 0x5ACB, 0x632D, 0xF7BE, 0xFFDF, 0xF7DE, 0xFFDF,
    0xD6BA, 0x7C52, 0x9536, 0x73AF, 0x4A49, 0x4229, 0x6B4D, 0xE73C, 0xFFDF, 0xF7DF, 0xF7DE, 0x94D3,
    0x7C74, 0x5B0D, 0x9471, 0xEF9E, 0x5AAB, 0x6B2D, 0xF7BE, 0xF7DE, 0xFFDF, 0xA534, 0x20E4, 0x3186,
    0x1082, 0x9492, 0x7476, 0x0172, 0x00AD, 0x00CA, 0x00AA, 0x52ED, 0xFFFF, 0xFFFF, 0x31EB, 0x010D,
    0x012D, 0x0190, 0x012E, 0x4AAB, 0xBE9A, 0xB67A, 0xA619, 0x84D4, 0xAD96, 0xD6BA, 0x9D56, 0xAE5A,
    0xA619, 0x84B3, 0x9576, 0x9556, 0x9DB7, 0xA5D7, 0x9535, 0x9D76, 0x9D55, 0xA576, 0xA576, 0xADB6,
    0x94F3, 0x94B2, 0xC638, 0xB5B6, 0xB596, 0xCE9A, 0xC659, 0xE73C, 0xE71B, 0xCE37, 0xDED9, 0xEF5D,
    0xDEFB, 0xC617, 0xC639, 0x9492, 0xA535, 0xBDF7, 0xA514, 0x4A6A, 0xEF5D, 0x1062, 0x0000, 0x0000,
    0x0020, 0x0000, 0x94B2, 0xB575, 0x7C92, 0xC73E, 0xAE5A, 0x9597, 0x8CD4, 0x94F4, 0xC638, 0xBDD7,
    0x3291, 0x0174, 0x0170, 0x73AF, 0xF7BE, 0xC618, 0x84B3, 0xA5D8, 0xA597, 0xA597, 0xADB7, 0xA596,
    0xA596, 0xAD96, 0xAD96, 0xAD96, 0xADB6, 0xAD75, 0x94B2, 0xB5B6, 0xAD55, 0x636E, 0xA5F8, 0xB67B,
    0x6B8E, 0x9D14, 0x9556, 0xB67A, 0xBEDC, 0xB6BB, 0xA5B7, 0x328F, 0x0238, 0x02BC, 0x027A, 0x0A36,
    0x029C, 0x01D3, 0x01B2, 0x01B1, 0x01F5, 0x1277, 0x4B34, 0x94F6, 0xC617, 0x9CF3, 0x10C3, 0x0000,
    0x0000, 0x39C7, 0xFFFF, 0xFFFF, 0xFFFF, 0xFFFF, 0xFFFF, 0xFFFF, 0xFFFF, 0xFFFF, 0xFFFF, 0xFFFF,
    0xFFFF, 0xFFFF, 0xFFFF, 0xFFFF, 0xFFFF, 0xFFFF, 0xFFFF, 0xFFFF, 0xFFFF, 0xFFFF, 0xFFFF, 0xFFFF,
    0xFFFF, 0xFFFF, 0xFFFF, 0xFFFF, 0xFFFF, 0xFFFF, 0xFFFF, 0xFFFF, 0xFFFF, 0xFFFF, 0xFFFF, 0xFFFF,
    0xFFFF, 0xFFFF, 0xFFFF, 0xFFFF, 0xFFFF, 0xFFFF, 0xFFFF, 0xFFFF, 0xFFFF, 0xFFFF, 0xFFFF, 0xFFFF,
    0xFFFF, 0xFFFF, 0xFFFF, 0xFFFF, 0xFFFF, 0xFFFF, 0xFFFF, 0xFFFF, 0xFFFF, 0xFFFF, 0xFFFF, 0xFFFF,
    0xFFFF, 0xFFFF, 0xFFFF, 0xFFFF, 0xFFFF, 0xFFFF, 0xFFFF, 0xFFFF, 0xFFFF, 0xFFFF, 0xFFFF, 0xFFFF,
    0xFFFF, 0xFFFF, 0xFFFF, 0xFFFF, 0xFFFF, 0xFFFF, 0xFFFF, 0xFFFF, 0xFFFF, 0xFFFF, 0xFFFF, 0xFFFF,
    0xFFFF, 0xB5B6, 0x0000, 0x0000, 0x0000, 0x7431, 0xD6B9, 0xD6BA, 0x7C76, 0x3B16, 0x0A37, 0x2275,
    0xC63A, 0xAD98, 0x1257, 0x025A, 0x0A57, 0x025A, 0x029B, 0x01B4, 0x42EF, 0xAE19, 0xBEBB, 0xBEDC,
    0xA5F8, 0x9D55, 0x8C92, 0x84B3, 0xBEFC, 0x84B3, 0x8CB2, 0xD6BA, 0xB596, 0xAD75, 0xBE18, 0xBDF7,
    0xBDF7, 0xBDF7, 0xB5F8, 0xADB7, 0xB5D7, 0xADD7, 0xA596, 0xA5B7, 0xA596, 0xADB7, 0xFFFF, 0xE73C,
    0x4AAE, 0x1213, 0x4335, 0xC639, 0xFFFF, 0x94D2, 0x636E, 0x7CB3, 0x8D15, 0x9556, 0x7451, 0x4A49,
    0xEF5D, 0x1062, 0x0000, 0x0000, 0x0020, 0x0000, 0x94D2, 0xB5B6, 0x2145, 0x4249, 0x2986, 0x632D,
    0x94B2, 0x7BCF, 0x322D, 0x010C, 0x0150, 0x21CB, 0x9491, 0xCE38, 0x6B4D, 0x4AAB, 0x84D4, 0x84D4,
    0x84B3, 0x84B3, 0x7C93, 0x7C92, 0x7C72, 0x7452, 0x7431, 0x7431, 0x5B6E, 0x3A09, 0x5AEC, 0x5ACB,
    0x5B2D, 0x84D3, 0x84D4, 0x4A8A, 0x31E8, 0x7431, 0x7C93, 0x7C52, 0x7C72, 0x6BAF, 0x1907, 0x014F,
    0x09D1, 0x0191, 0x114A, 0x5268, 0x094C, 0x09B1, 0x092C, 0x092C, 0x218A, 0x83CE, 0xAD53, 0xA4F2,
    0x4228, 0x5B4E, 0x18C3, 0x0821, 0x0821, 0x20E4, 0x738E, 0x6B6D, 0x6B8E, 0x6B6E, 0x6B6D, 0x738E,
    0x738E, 0x738E, 0x738E, 0x738E, 0x738E, 0x6B6D, 0x6B6E, 0x6B6E, 0x6B6D, 0x738E, 0x6B6D, 0x6B6E,
    0x738E, 0x738E, 0x738E, 0x6B6D, 0x6B6E, 0x6B6E, 0x6B6D, 0x6B6E, 0x738E, 0x6B6D, 0x738E, 0x738E,
    0x738E, 0x738E, 0x6B6D, 0x6B6E, 0x738E, 0x738E, 0x6B6D, 0x738E, 0x738E, 0x738E, 0x738E, 0x738E,
    0x738E, 0x6B6E, 0x6B6E, 0x6B6E, 0x6B6D, 0x738E, 0x738E, 0x738E, 0x738E, 0x738E, 0x738E, 0x6B6D,
    0x6B6E, 0x6B6E, 0x6B6D, 0x6B6E, 0x738E, 0x738E, 0x738E, 0x738E, 0x738E, 0x6B6D, 0x6B8E, 0x6B6D,
    0x738E, 0x738E, 0x6B6D, 0x738E, 0x738E, 0x738E, 0x738E, 0x6B6D, 0x6B6E, 0x6B8E, 0x738E, 0x738E,
    0x6B6D, 0x6B6E, 0x738E, 0x738E, 0x73AE, 0x4A6A, 0x0821, 0x0841, 0x0821, 0x638F, 0x5B4D, 0x73CF,
    0xBDB5, 0xA512, 0x738E, 0x114B, 0x010C, 0x012D, 0x0170, 0x2A0D, 0x62EB, 0x012D, 0x09B0, 0x09D2,
    0x012F, 0x2189, 0x7431, 0x7C93, 0x84B3, 0x84D4, 0x6BD0, 0x2966, 0x6BF0, 0x9555, 0x7C93, 0x7C10,
    0x73AE, 0x52CB, 0x5B2D, 0x7C92, 0x7C92, 0x7CB3, 0x84D3, 0x84D4, 0x84F4, 0x8CF4, 0x8D35, 0x9556,
    0x9596, 0x8D14, 0x7C30, 0xCE79, 0xDEFB, 0x6BF4, 0x01D3, 0x01D4, 0x5B73, 0xB5D8, 0xD69A, 0xB5F7,
    0x9D76, 0xAE39, 0x84B3, 0x39E8, 0xEF9D, 0x1062, 0x0000, 0x0000, 0x0020, 0x0000, 0x7BCF, 0xF79E,
    0x0020, 0x0000, 0x0000, 0x0000, 0x0000, 0x0000, 0x0000, 0x0000, 0x0000, 0x0000, 0x0000, 0x0000,
    0x0000, 0x0000, 0x0000, 0x0000, 0x0000, 0x0000, 0x0000, 0x0000, 0x0000, 0x0000, 0x0000, 0x0000,
    0x0000, 0x0000, 0x0000, 0x0000, 0x0000, 0x0000, 0x0000, 0x0000, 0x0000, 0x0000, 0x0000, 0x0000,
    0x0000, 0x0000, 0x0000, 0x0000, 0x0000, 0x0000, 0x0000, 0x0000, 0x0000, 0x0000, 0x0000, 0x0000,
    0x0000, 0x0000, 0x0000, 0x0000, 0x0000, 0x0000, 0x0000, 0x0000, 0x0000, 0x0000, 0x0000, 0x0000,
    0x0000, 0x0000, 0x0000, 0x0000, 0x0000, 0x0000, 0x0000, 0x0000, 0x0000, 0x0000, 0x0000, 0x0000,
    0x0000, 0x0000, 0x0000, 0x0000, 0x0000, 0x0000, 0x0000, 0x0000, 0x0000, 0x0000, 0x0000, 0x0000,
    0x0000, 0x0000, 0x0000, 0x0000, 0x0000, 0x0000, 0x0000, 0x0000, 0x0000, 0x0000, 0x0000, 0x0000,
    0x0000, 0x0000, 0x0000, 0x0000, 0x0000, 0x0000, 0x0000, 0x0000, 0x0000, 0x0000, 0x0000, 0x0000,
    0x0000, 0x0000, 0x0000, 0x0000, 0x0000, 0x0000, 0x0000, 0x0000, 0x0000, 0x0000, 0x0000, 0x0000,
    0x0000, 0x0000, 0x0000, 0x0000, 0x0000, 0x0000, 0x0000, 0x0000, 0x0000, 0x0000, 0x0000, 0x0000,
    0x0000, 0x0000, 0x0000, 0x0000, 0x0000, 0x0000, 0x0000, 0x0000, 0x0000, 0x0000, 0x0000, 0x0000,
    0x0000, 0x0000, 0x0000, 0x0000, 0x0000, 0x0000, 0x0000, 0x0000, 0x0000, 0x0000, 0x0000, 0x0000,
    0x0000, 0x0000, 0x0000, 0x0000, 0x0000, 0x0000, 0x0000, 0x0000, 0x0000, 0x0000, 0x0000, 0x0000,
    0x0000, 0x0000, 0x0000, 0x0000, 0x0000, 0x0000, 0x0000, 0x0000, 0x0000, 0x0000, 0x0000, 0x0000,
    0x0000, 0x0000, 0x0000, 0x0000, 0x0000, 0x0000, 0x0000, 0x0000, 0x0020, 0x18A1, 0x0000, 0x0001,
    0x0001, 0x0000, 0x1061, 0x4208, 0x39A7, 0x10A2, 0x0000, 0x8430, 0xEF9D, 0x0020, 0x0000, 0x0000,
    0x0000, 0x0000, 0x18C3, 0xDF1B, 0xEF7D, 0xAD75, 0xA534, 0xA534, 0xA534, 0xAD55, 0xA534, 0xA534,
    0xA534, 0xA534, 0xA534, 0xA534, 0xA554, 0xA534, 0xA534, 0xA534, 0xA534, 0xA534, 0xA534, 0xA534,
    0xA534, 0xA534, 0xA534, 0xA534, 0xA554, 0xA534, 0xA534, 0xA534, 0xA534, 0xA534, 0xA554, 0xA534,
    0xA534, 0xA534, 0xA554, 0xA534, 0xA534, 0xA554, 0xA534, 0xA534, 0xA534, 0xA534, 0xA534, 0xA534,
    0xA534, 0xA534, 0xA534, 0xA534, 0xA534, 0xA534, 0xA554, 0xAD55, 0xA534, 0xA534, 0xA534, 0xA534,
    0xA534, 0xA534, 0xAD55, 0xAD55, 0xAD55, 0xAD55, 0xAD55, 0xAD55, 0xAD55, 0xAD55, 0xAD55, 0xAD55,
    0xAD55, 0xAD55, 0xAD55, 0xAD55, 0xAD55, 0xAD55, 0xAD55, 0xAD55, 0xAD55, 0xAD55, 0xAD55, 0xAD55,
    0xAD55, 0xAD55, 0xAD55, 0xAD55, 0xAD55, 0xAD55, 0xAD55, 0xAD55, 0xAD55, 0xAD55, 0xAD55, 0xAD55,
    0xAD55, 0xAD55, 0xAD55, 0xAD55, 0xAD55, 0xAD55, 0xAD55, 0xAD55, 0xAD55, 0xAD55, 0xAD55, 0xAD55,
    0xAD55, 0xAD55, 0xAD55, 0xAD55, 0xAD55, 0xAD55, 0xAD55, 0xAD55, 0xAD55, 0xAD55, 0xAD55, 0xAD55,
    0xAD55, 0xAD55, 0xAD55, 0xAD55, 0xAD55, 0xAD55, 0xAD55, 0xAD55, 0xAD55, 0xAD55, 0xAD55, 0xAD55,
    0xAD55, 0xAD55, 0xAD55, 0xAD55, 0xAD55, 0xAD55, 0xAD55, 0xAD55, 0xAD55, 0xAD55, 0xAD55, 0xAD55,
    0xAD55, 0xA554, 0xA534, 0xA534, 0xA534, 0xA534, 0xA534, 0xA554, 0xA554, 0xA554, 0xA534, 0xA534,
    0xA534, 0xA534, 0xA534, 0xA534, 0xA534, 0xA534, 0xA534, 0xA534, 0xA534, 0xA534, 0xA554, 0xA534,
    0xA534, 0xA534, 0xA534, 0xA534, 0xA534, 0xA534, 0xA534, 0xA534, 0xA534, 0xA534, 0xA534, 0xA534,
    0xA534, 0xA534, 0xA534, 0xA534, 0xA534, 0xA534, 0xA534, 0xA534, 0xA534, 0xA514, 0xA534, 0xA534,
    0x9CF3, 0x9CF3, 0xA514, 0xA513, 0xA533, 0xA534, 0x9CF3, 0x94B2, 0x9CD3, 0xA514, 0xC618, 0xFFFF,
    0x6B6D, 0x0000, 0x0020, 0x0000, 0x0000, 0x0000, 0x0000, 0x18C3, 0x8410, 0xA534, 0xA534, 0xA534,
    0xA534, 0xA534, 0xA534, 0xA534, 0xA534, 0xA534, 0xA534, 0xA534, 0xA534, 0xA534, 0xA534, 0xA534,
    0xA534, 0xA534, 0xA534, 0xA534, 0xA534, 0xA534, 0xA534, 0xA534, 0xA534, 0xA534, 0xA534, 0xA534,
    0xA534, 0xA534, 0xA534, 0xA534, 0xA534, 0xA534, 0xA534, 0xA534, 0xA534, 0xA534, 0xA534, 0xA534,
    0xA534, 0xA534, 0xA534, 0xA534, 0xA534, 0xA534, 0xA534, 0xA534, 0xA534, 0xA534, 0xA534, 0xA534,
    0xA534, 0xA534, 0xA534, 0xA534, 0xA534, 0xA534, 0xA534, 0xA534, 0xA534, 0xA534, 0xA534, 0xA534,
    0xA534, 0xA534, 0xA534, 0xA534, 0xA534, 0xA534, 0xA534, 0xA534, 0xA534, 0xA534, 0xA534, 0xA534,
    0xA534, 0xA534, 0xA534, 0xA534, 0xA534, 0xA534, 0xA534, 0xA534, 0xA534, 0xA534, 0xA534, 0xA534,
    0xA534, 0xA534, 0xA534, 0xA534, 0xA534, 0xA534, 0xA534, 0xA534, 0xA534, 0xA534, 0xA534, 0xA534,
    0xA534, 0xA534, 0xA534, 0xA534, 0xA534, 0xA534, 0xA534, 0xA534, 0xA534, 0xA534, 0xA534, 0xA534,
    0xA534, 0xA534, 0xA534, 0xA534, 0xA534, 0xA534, 0xA534, 0xA534, 0xA534, 0xA534, 0xA534, 0xA534,
    0xA534, 0xA534, 0xA534, 0xA534, 0xA534, 0xA534, 0xA534, 0xA534, 0xA534, 0xA534, 0xA534, 0xA534,
    0xA534, 0xA534, 0xA534, 0xA534, 0xA534, 0xA534, 0xA534, 0xA534, 0xA534, 0xA534, 0xA534, 0xA534,
    0xA534, 0xA534, 0xA534, 0xA534, 0xA534, 0xA534, 0xA534, 0xA534, 0xA534, 0xA534, 0xA534, 0xA534,
    0xA534, 0xA534, 0xA534, 0xA534, 0xA534, 0xA534, 0xA534, 0xA534, 0xA534, 0xA534, 0xA534, 0xA534,
    0xA534, 0xA534, 0xA534, 0xA534, 0xA534, 0xA534, 0xA534, 0xA534, 0xA534, 0xA534, 0xA534, 0xA534,
    0xA534, 0xA534, 0xA534, 0xA534, 0xA534, 0xA534, 0xA534, 0xA534, 0xA534, 0xA534, 0xA534, 0xAD55,
    0xA554, 0xA534, 0x9CF3, 0x4A69, 0x0000, 0x0000, 0x0000, 0x0000, 0x0000, 0x0000, 0x0000, 0x0000,
    0x0000, 0x0000, 0x0000, 0x0000, 0x0000, 0x0000, 0x0000, 0x0000, 0x0000, 0x0000, 0x0000, 0x0000,
    0x0000, 0x0000, 0x0000, 0x0000, 0x0000, 0x0000, 0x0000, 0x0000, 0x0000, 0x0000, 0x0000, 0x0000,
    0x0000, 0x0000, 0x0000, 0x0000, 0x0000, 0x0000, 0x0000, 0x0000, 0x0000, 0x0000, 0x0000, 0x0000,
    0x0000, 0x0000, 0x0000, 0x0000, 0x0000, 0x0000, 0x0000, 0x0000, 0x0000, 0x0000, 0x0000, 0x0000,
    0x0000, 0x0000, 0x0000, 0x0000, 0x0000, 0x0000, 0x0000, 0x0000, 0x0000, 0x0000, 0x0000, 0x0000,
    0x0000, 0x0000, 0x0000, 0x0000, 0x0000, 0x0000, 0x0000, 0x0000, 0x0000, 0x0000, 0x0000, 0x0000,
    0x0000, 0x0000, 0x0000, 0x0000, 0x0000, 0x0000, 0x0000, 0x0000, 0x0000, 0x0000, 0x0000, 0x0000,
    0x0000, 0x0000, 0x0000, 0x0000, 0x0000, 0x0000, 0x0000, 0x0000, 0x0000, 0x0000, 0x0000, 0x0000,
    0x0000, 0x0000, 0x0000, 0x0000, 0x0000, 0x0000, 0x0000, 0x0000, 0x0000, 0x0000, 0x0000, 0x0000,
    0x0000, 0x0000, 0x0000, 0x0000, 0x0000, 0x0000, 0x0000, 0x0000, 0x0000, 0x0000, 0x0000, 0x0000,
    0x0000, 0x0000, 0x0000, 0x0000, 0x0000, 0x0000, 0x0000, 0x0000, 0x0000, 0x0000, 0x0000, 0x0000,
    0x0000, 0x0000, 0x0000, 0x0000, 0x0000, 0x0000, 0x0000, 0x0000, 0x0000, 0x0000, 0x0000, 0x0000,
    0x0000, 0x0000, 0x0000, 0x0000, 0x0000, 0x0000, 0x0000, 0x0000, 0x0000, 0x0000, 0x0000, 0x0000,
    0x0000, 0x0000, 0x0000, 0x0000, 0x0000, 0x0000, 0x0000, 0x0000, 0x0000, 0x0000, 0x0000, 0x0000,
    0x0000, 0x0000, 0x0000, 0x0000, 0x0000, 0x0000, 0x0000, 0x0000, 0x0000, 0x0000, 0x0000, 0x0000,
    0x0000, 0x0000, 0x0000, 0x0000, 0x0000, 0x0000, 0x0000, 0x0000, 0x0000, 0x0000, 0x0000, 0x0000,
    0x0000, 0x0000, 0x0000, 0x0000, 0x0000, 0x0000, 0x0000, 0x0000, 0x0000, 0x0000, 0x0000, 0x0000,
    0x0000, 0x0000, 0x0000, 0x0000, 0x0020, 0x0020, 0x0020, 0x0020, 0x0020, 0x0020, 0x0020, 0x0020,
    0x0020, 0x0020, 0x0020, 0x0020, 0x0020, 0x0020, 0x0020, 0x0020, 0x0020, 0x0020, 0x0020, 0x0020,
    0x0020, 0x0020, 0x0020, 0x0020, 0x0020, 0x0020, 0x0020, 0x0020, 0x0020, 0x0020, 0x0020, 0x0020,
    0x0020, 0x0020, 0x0020, 0x0020, 0x0020, 0x0020, 0x0020, 0x0020, 0x0020, 0x0020, 0x0020, 0x0020,
    0x0020, 0x0020, 0x0020, 0x0020, 0x0020, 0x0020, 0x0020, 0x0020, 0x0020, 0x0020, 0x0020, 0x0020,
    0x0020, 0x0020, 0x0020, 0x0020, 0x0020, 0x0020, 0x0020, 0x0020, 0x0020, 0x0020, 0x0020, 0x0020,
    0x0020, 0x0020, 0x0020, 0x0020, 0x0020, 0x0020, 0x0020, 0x0020, 0x0020, 0x0020, 0x0020, 0x0020,
    0x0020, 0x0020, 0x0020, 0x0020, 0x0020, 0x0020, 0x0020, 0x0020, 0x0020, 0x0020, 0x0020, 0x0020,
    0x0020, 0x0020, 0x0020, 0x0020, 0x0020, 0x0020, 0x0020, 0x0020, 0x0020, 0x0020, 0x0020, 0x0020,
    0x0020, 0x0020, 0x0020, 0x0020, 0x0020, 0x0020, 0x0020, 0x0020, 0x0020, 0x0020, 0x0020, 0x0020,
    0x0020, 0x0020, 0x0020, 0x0020, 0x0020, 0x0020, 0x0020, 0x0020, 0x0020, 0x0020, 0x0020, 0x0020,
    0x0020, 0x0020, 0x0020, 0x0020, 0x0020, 0x0020, 0x0020, 0x0020, 0x0020, 0x0020, 0x0020, 0x0020,
    0x0020, 0x0020, 0x0020, 0x0020, 0x0020, 0x0020, 0x0020, 0x0020, 0x0020, 0x0020, 0x0020, 0x0020,
    0x0020, 0x0020, 0x0020, 0x0020, 0x0020, 0x0020, 0x0020, 0x0020, 0x0020, 0x0020, 0x0020, 0x0020,
    0x0020, 0x0020, 0x0020, 0x0020, 0x0020, 0x0020, 0x0020, 0x0020, 0x0020, 0x0020, 0x0020, 0x0020,
    0x0020, 0x0020, 0x0020, 0x0020, 0x0020, 0x0020, 0x0020, 0x0821, 0x0841, 0x0841, 0x0841, 0x0841,
    0x0841, 0x0841, 0x0841, 0x0841, 0x0841, 0x0841, 0x0841, 0x0841, 0x0841, 0x0841, 0x0020, 0x0020,
    0x0000, 0x0000, 0x0000, 0x0000, 0x0000, 0x0000, 0x0000, 0x0000, 0x0000, 0x0000, 0x0000, 0x0000,
    0x0000, 0x0000, 0x0000, 0x0000, 0x0000, 0x0000, 0x0000, 0x0000, 0x0000, 0x0000, 0x0000, 0x0000,
    0x0000, 0x0000, 0x0000, 0x0000, 0x0000, 0x0000, 0x0000, 0x0000, 0x0000, 0x0000, 0x0000, 0x0000,
    0x0000, 0x0000, 0x0000, 0x0000, 0x0000, 0x0000, 0x0000, 0x0000, 0x0000, 0x0000, 0x0000, 0x0000,
    0x0000, 0x0000, 0x0000, 0x0000, 0x0000, 0x0000, 0x0000, 0x0000, 0x0000, 0x0000, 0x0000, 0x0000,
    0x0000, 0x0000, 0x0000, 0x0000, 0x0000, 0x0000, 0x0000, 0x0000, 0x0000, 0x0000, 0x0000, 0x0000,
    0x0000, 0x0000, 0x0000, 0x0000, 0x0000, 0x0000, 0x0000, 0x0000, 0x0000, 0x0000, 0x0000, 0x0000,
    0x0000, 0x0000, 0x0000, 0x0000, 0x0000, 0x0000, 0x0000, 0x0000, 0x0000, 0x0000, 0x0000, 0x0000,
    0x0000, 0x0000, 0x0000, 0x0000, 0x0000, 0x0000, 0x0000, 0x0000, 0x0000, 0x0000, 0x0000, 0x0000,
    0x0000, 0x0000, 0x0000, 0x0000, 0x0000, 0x0000, 0x0000, 0x0000, 0x0000, 0x0000, 0x0000, 0x0000,
    0x0000, 0x0000, 0x0000, 0x0000, 0x0000, 0x0000, 0x0000, 0x0000, 0x0000, 0x0000, 0x0000, 0x0000,
    0x0000, 0x0000, 0x0000, 0x0000, 0x0000, 0x0000, 0x0000, 0x0000, 0x0000, 0x0000, 0x0000, 0x0000,
    0x0000, 0x0000, 0x0000, 0x0000, 0x0000, 0x0000, 0x0000, 0x0000, 0x0000, 0x0000, 0x0000, 0x0000,
    0x0000, 0x0000, 0x0000, 0x0000, 0x0000, 0x0000, 0x0000, 0x0000, 0x0000, 0x0000, 0x0000, 0x0000,
    0x0000, 0x0000, 0x0000, 0x0000, 0x0000, 0x0000, 0x0000, 0x0000, 0x0000, 0x0000, 0x0000, 0x0000,
    0x0000, 0x0000, 0x0000, 0x0000, 0x0000, 0x0000, 0x0000, 0x0000, 0x0000, 0x0000, 0x0000, 0x0000,
    0x0000, 0x0000, 0x0000, 0x0000, 0x0000, 0x0000, 0x0000, 0x0000, 0x0000, 0x0000, 0x0000, 0x0000,
    0x0000, 0x0000, 0x0000, 0x0000, 0x0000, 0x0000, 0x0000, 0x0000, 0x0000, 0x0000, 0x0000, 0x0000,
    0x0000, 0x0000, 0x0000, 0x0000, 0x0000, 0x0000, 0x0000, 0x0000, 0x0000, 0x0000, 0x0000, 0x0000,
    0x0000, 0x0000, 0x0000, 0x0000, 0x0000, 0x0000, 0x0000, 0x0000, 0x0000, 0x0000, 0x0000, 0x0000,
    0x0000, 0x0000, 0x0000, 0x0000, 0x0000, 0x0000, 0x0000, 0x0000, 0x0000, 0x0000, 0x0000, 0x0000,
    0x0000, 0x0000, 0x0000, 0x0000, 0x0000, 0x0000, 0x0000, 0x0000, 0x0000, 0x0000, 0x0000, 0x0000,
    0x0000, 0x0000, 0x0000, 0x0000, 0x0000, 0x0000, 0x0000, 0x0000, 0x0000, 0x0000, 0x0000, 0x0000,
    0x0000, 0x0000, 0x0000, 0x0000, 0x0000, 0x0000, 0x0000, 0x0000, 0x0000, 0x0000, 0x0000, 0x0000,
    0x0000, 0x0000, 0x0000, 0x0000, 0x0000, 0x0000, 0x0000, 0x0000, 0x0000, 0x0000, 0x0000, 0x0000,
    0x0000, 0x0000, 0x0000, 0x0000, 0x0000, 0x0000, 0x0000, 0x0000, 0x0000, 0x0000, 0x0000, 0x0000,
    0x0000, 0x0000, 0x0000, 0x0000, 0x0000, 0x0000, 0x0000, 0x0000, 0x0000, 0x0000, 0x0000, 0x0000,
    0x0000, 0x0000, 0x0000, 0x0000, 0x0000, 0x0000, 0x0000, 0x0000, 0x0000, 0x0000, 0x0000, 0x0000,
    0x0000, 0x0000, 0x0000, 0x0000, 0x0000, 0x0000, 0x0000, 0x0000, 0x0000, 0x0000, 0x0000, 0x0000,
    0x0000, 0x0000, 0x0000, 0x0000, 0x0000, 0x0000, 0x0000, 0x0000, 0x0000, 0x0000, 0x0000, 0x0000,
    0x0000, 0x0000, 0x0000, 0x0000, 0x0000, 0x0000, 0x0000, 0x0000, 0x0000, 0x0000, 0x0000, 0x0000,
    0x0000, 0x0000, 0x0000, 0x0000, 0x0000, 0x0000, 0x0000, 0x0000, 0x0000, 0x0000, 0x0000, 0x0000,
    0x0000, 0x0000, 0x0000, 0x0000, 0x0000, 0x0000, 0x0000, 0x0000, 0x0000, 0x0000, 0x0000, 0x0000,
    0x0000, 0x0000, 0x0000, 0x20E4, 0x5AAB, 0x528A, 0x52AB, 0x5ACB, 0x52AA, 0x5AAB, 0x5ACB, 0x52AA,
    0x52AA, 0x52AA, 0x528A, 0x52AA, 0x52AA, 0x4A49, 0x0000, 0x0000, 0x0000, 0x0000, 0x0000, 0x0000,
    0x0000, 0x0000, 0x0000, 0x0000, 0x0000, 0x0000, 0x0000, 0x0000, 0x0000, 0x0000, 0x0000, 0x0000,
    0x0000, 0x0000, 0x0000, 0x0000, 0x0000, 0x0000, 0x0000, 0x0000, 0x0000, 0x0000, 0x0000, 0x0000,
    0x0000, 0x0000, 0x0000, 0x0000, 0x0000, 0x0000, 0x0000, 0x0000, 0x0000, 0x0000, 0x0000, 0x0000,
    0x0000, 0x0000, 0x0000, 0x0000, 0x0000, 0x0000, 0x0000, 0x0000, 0x0000, 0x0000, 0x0000, 0x0000,
    0x0000, 0x0000, 0x0000, 0x0000, 0x0000, 0x0000, 0x0000, 0x0000, 0x0000, 0x0000, 0x0000, 0x0000,
    0x0000, 0x0000, 0x0000, 0x0000, 0x0000, 0x0000, 0x0000, 0x0000, 0x0000, 0x0000, 0x0000, 0x0000,
    0x0000, 0x0000, 0x0000, 0x0000, 0x0000, 0x0000, 0x0000, 0x0000, 0x0000, 0x0000, 0x0000, 0x0000,
    0x0000, 0x0000, 0x0000, 0x0000, 0x0000, 0x0000, 0x0000, 0x0000, 0x0000, 0x0000, 0x0000, 0x0000,
    0x0000, 0x0000, 0x0000, 0x0000, 0x0000, 0x0000, 0x0000, 0x0000, 0x0000, 0x0000, 0x0000, 0x0000,
    0x0000, 0x0000, 0x0000, 0x0000, 0x0000, 0x0000, 0x0000, 0x0000, 0x0000, 0x0000, 0x0000, 0x0000,
    0x0000, 0x0000, 0x0000, 0x0000, 0x0000, 0x0000, 0x0000, 0x0000, 0x0000, 0x0000, 0x0000, 0x0000,
    0x0000, 0x0000, 0x0000, 0x0000, 0x0000, 0x0000, 0x0000, 0x0000, 0x0000, 0x0000, 0x0000, 0x0000,
    0x0000, 0x0000, 0x0000, 0x0000, 0x0000, 0x0000, 0x0000, 0x0000, 0x0000, 0x0000, 0x0000, 0x0000,
    0x0000, 0x0000, 0x0000, 0x0000, 0x0000, 0x0000, 0x0000, 0x0000, 0x0000, 0x0000, 0x0000, 0x0000,
    0x0000, 0x0000, 0x0000, 0x0000, 0x0000, 0x0000, 0x0000, 0x0000, 0x0000, 0x0000, 0x0000, 0x0000,
    0x0000, 0x0000, 0x0000, 0x0000, 0x0000, 0x0020, 0x0000, 0x630C, 0xBE18, 0xA534, 0x9CF3, 0xA555,
    0xB5D7, 0xA555, 0xBDF7, 0xAD55, 0xE75C, 0xAD75, 0xB596, 0xCE59, 0xB5D7, 0xD69A, 0x0841, 0x0000,
    0x0000, 0x0000, 0x0000, 0x0000, 0x0000, 0x0000, 0x0000, 0x0000, 0x0000, 0x0000, 0x0000, 0x0000,
    0x0000, 0x0000, 0x0000, 0x0000, 0x0000, 0x0000, 0x0000, 0x0000, 0x0000, 0x0000, 0x0000, 0x0000,
    0x0000, 0x0000, 0x0000, 0x0000, 0x0000, 0x0000, 0x0000, 0x0000, 0x0000, 0x0000, 0x0000, 0x0000,
    0x0000, 0x0000, 0x0000, 0x0000, 0x0000, 0x0000, 0x0000, 0x0000, 0x0000, 0x0000, 0x0000, 0x0000,
    0x0000, 0x0000, 0x0000, 0x0000, 0x0000, 0x0000, 0x0000, 0x0000, 0x0000, 0x0000, 0x0000, 0x0000,
    0x0000, 0x0000, 0x0000, 0x0000, 0x0000, 0x0000, 0x0000, 0x0000, 0x0000, 0x0000, 0x0000, 0x0000,
    0x0000, 0x0000, 0x0000, 0x0000, 0x0000, 0x0000, 0x0000, 0x0000, 0x0000, 0x0000, 0x0000, 0x0000,
    0x0000, 0x0000, 0x0000, 0x0000, 0x0000, 0x0000, 0x0000, 0x0000, 0x0000, 0x0000, 0x0000, 0x0000,
    0x0000, 0x0000, 0x0000, 0x0000, 0x0000, 0x0000, 0x0000, 0x0000, 0x0000, 0x0000, 0x0000, 0x0000,
    0x0000, 0x0000, 0x0000, 0x0000, 0x0000, 0x0000, 0x0000, 0x0000, 0x0000, 0x0000, 0x0000, 0x0000,
    0x0000, 0x0000, 0x0000, 0x0000, 0x0000, 0x0000, 0x0000, 0x0000, 0x0000, 0x0000, 0x0000, 0x0000,
    0x0000, 0x0000, 0x0000, 0x0000, 0x0000, 0x0000, 0x0000, 0x0000, 0x0000, 0x0000, 0x0000, 0x0000,
    0x0000, 0x0000, 0x0000, 0x0000, 0x0000, 0x0000, 0x0000, 0x0000, 0x0000, 0x0000, 0x0000, 0x0000,
    0x0000, 0x0000, 0x0000, 0x0000, 0x0000, 0x0000, 0x0000, 0x0000, 0x0000, 0x0000, 0x0000, 0x0000,
    0x0000, 0x0000, 0x0000, 0x0000, 0x0000, 0x0000, 0x0000, 0x0000, 0x0000, 0x0000, 0x0000, 0x0000,
    0x0000, 0x0000, 0x0000, 0x0000, 0x0000, 0x0000, 0x0000, 0x0000, 0x0000, 0x0020, 0x0000, 0x4208,
    0xA514, 0x94B2, 0x94B2, 0x9CD3, 0xA534, 0x94D3, 0x9CF3, 0x9D13, 0xAD75, 0x9D14, 0x9CF3, 0xA514,
    0x9CF3, 0x94B2, 0x0020, 0x0000, 0x0000, 0x0000, 0x0000, 0x0000,
};
