// Pac-Man — 208x77 RGB565, generated
#include "marquees.h"

const uint16_t marquee_pacman_data[16016] = {
    0xFFFF, 0xFFFF, 0xFFFF, 0xFFFF, 0xFFFF, 0xFFFF, 0xFFFF, 0xFFFF, 0xFFFF, 0xFFFF, 0xFFFF, 0xFFFF,
    0xFFFF, 0xFFFF, 0xFFFF, 0xFFFF, 0xFFFF, 0xFFFF, 0xFFFF, 0xFFFF, 0xFFFF, 0xFFFF, 0xFFFF, 0xFFFF,
    0xFFFF, 0xFFFF, 0xFFFF, 0xFFFF, 0xFFFF, 0xFFFF, 0xFFFF, 0xFFFF, 0xFFFF, 0xFFFF, 0xFFFF, 0xFFFF,
    0xFFFF, 0xFFFF, 0xFFFF, 0xFFFF, 0xFFFF, 0xFFFF, 0xFFFF, 0xFFFF, 0xFFFF, 0xFFFF, 0xFFFF, 0xFFFF,
    0xFFFF, 0xFFFF, 0xFFFF, 0xFFFF, 0xFFFF, 0xFFFF, 0xFFFF, 0xFFFF, 0xFFFF, 0xFFFF, 0xFFFF, 0xFFFF,
    0xFFFF, 0xFFFF, 0xFFFF, 0xFFFF, 0xFFFF, 0xFFFF, 0xFFFF, 0xFFFF, 0xFFFF, 0xFFFF, 0xFFFF, 0xFFFF,
    0xFFFF, 0xFFFF, 0xFFFF, 0xFFFF, 0xFFFF, 0xFFFF, 0xFFFF, 0xFFFF, 0xFFFF, 0xFFFF, 0xFFFF, 0xFFFF,
    0xFFFF, 0xFFFF, 0xFFFF, 0xFFFF, 0xFFFF, 0xFFFF, 0xFFFF, 0xFFFF, 0xFFFF, 0xFFFF, 0xFFFF, 0xFFFF,
    0xFFFF, 0xFFFF, 0xFFFF, 0xFFFF, 0xFFFF, 0xFFFF, 0xFFFF, 0xFFFF, 0xFFFF, 0xFFFF, 0xFFFF, 0xFFFF,
    0xFFFF, 0xFFFF, 0xFFFF, 0xFFFF, 0xFFFF, 0xFFFF, 0xFFFF, 0xFFFF, 0xFFFF, 0xFFFF, 0xFFFF, 0xFFFF,
    0xFFFF, 0xFFFF, 0xFFFF, 0xFFFF, 0xFFFF, 0xFFFF, 0xFFFF, 0xFFFF, 0xFFFF, 0xFFFF, 0xFFFF, 0xFFFF,
    0xFFFF, 0xFFFF, 0xFFFF, 0xFFFF, 0xFFFF, 0xFFFF, 0xFFFF, 0xFFFF, 0xFFFF, 0xFFFF, 0xFFFF, 0xFFFF,
    0xFFFF, 0xFFFF, 0xFFFF, 0xFFFF, 0xFFFF, 0xFFFF, 0xFFFF, 0xFFFF, 0xFFFF, 0xFFFF, 0xFFFF, 0xFFFF,
    0xFFFF, 0xFFFF, 0xFFFF, 0xFFFF, 0xFFFF, 0xFFFF, 0xFFFF, 0xFFFF, 0xFFFF, 0xFFFF, 0xFFFF, 0xFFFF,
    0xFFFF, 0xFFFF, 0xFFFF, 0xFFFF, 0xFFFF, 0xFFFF, 0xFFFF, 0xFFFF, 0xFFFF, 0xFFFF, 0xFFFF, 0xFFFF,
    0xFFFF, 0xFFFF, 0xFFFF, 0xFFFF, 0xFFFF, 0xFFFF, 0xFFFF, 0xFFFF, 0xFFFF, 0xFFFF, 0xFFFF, 0xFFFF,
    0xFFFF, 0xFFFF, 0xFFFF, 0xFFFF, 0xFFFF, 0xFFFF, 0xFFFF, 0xFFFF, 0xFFFF, 0xFFFF, 0xFFFF, 0xFFFF,
    0xFFFF, 0xFFFF, 0xFFFF, 0xFFFF, 0xFFFF, 0xFFFF, 0xFFFF, 0xFFFF, 0xFFFF, 0xFFFF, 0xFFFF, 0xFFFF,
    0xFFFF, 0xFFFF, 0xFFFF, 0xFFFF, 0xFFFF, 0xFFFF, 0xFFFF, 0xFFFF, 0xFFFF, 0xFFFF, 0xFFFF, 0xFFFF,
    0xFFFF, 0xFFFF, 0xFFFF, 0xFFFF, 0xFFFF, 0xFFFF, 0xFFFF, 0xFFFF, 0xFFFF, 0xFFFF, 0xFFFF, 0xFFFF,
    0xFFFF, 0xFFFF, 0xFFFF, 0xFFFF, 0xFFFF, 0xFFFF, 0xFFFF, 0xFFFF, 0xFFFF, 0xFFFF, 0xFFFF, 0xFFFF,
    0xFFFF, 0xFFFF, 0xFFFF, 0xFFFF, 0xFFFF, 0xFFFF, 0xFFFF, 0xFFFF, 0xFFFF, 0xFFFF, 0xFFFF, 0xFFFF,
    0xFFFF, 0xFFFF, 0xFFFF, 0xFFFF, 0xFFFF, 0xFFFF, 0xFFFF, 0xFFFF, 0xFFFF, 0xFFFF, 0xFFFF, 0xFFFF,
    0xFFFF, 0xFFFF, 0xFFFF, 0xFFFF, 0xFFFF, 0xFFFF, 0xFFFF, 0xFFFF, 0xFFFF, 0xFFFF, 0xFFFF, 0xFFFF,
    0xFFFF, 0xFFFF, 0xFFFF, 0xFFFF, 0xFFFF, 0xFFFF, 0xFFFF, 0xFFFF, 0xFFFF, 0xFFFF, 0xFFFF, 0xFFFF,
    0xFFFF, 0xFFFF, 0xFFFF, 0xFFFF, 0xFFFF, 0xFFFF, 0xFFFF, 0xFFFF, 0xFFFF, 0xFFFF, 0xFFFF, 0xFFFF,
    0xFFFF, 0xFFFF, 0xFFFF, 0xFFFF, 0xFFFF, 0xFFFF, 0xFFFF, 0xFFFF, 0xFFFF, 0xFFFF, 0xFFFF, 0xFFFF,
    0xFFFF, 0xFFFF, 0xFFFF, 0xFFFF, 0xFFFF, 0xFFFF, 0xFFFF, 0xFFFF, 0xFFFF, 0xFFFF, 0xFFFF, 0xFFFF,
    0xFFFF, 0xFFFF, 0xFFFF, 0xFFFF, 0xFFFF, 0xFFFF, 0xFFFF, 0xFFFF, 0xFFFF, 0xFFFF, 0xFFFF, 0xFFFF,
    0xFFFF, 0xFFFF, 0xFFFF, 0xFFFF, 0xFFFF, 0xFFFF, 0xFFFF, 0xFFFF, 0xFFFF, 0xFFFF, 0xFFFF, 0xFFFF,
    0xFFFF, 0xFFFF, 0xFFFF, 0xFFFF, 0xFFFF, 0xFFFF, 0xFFFF, 0xFFFF, 0xFFFF, 0xFFFF, 0xFFFF, 0xFFFF,
    0xFFFF, 0xFFFF, 0xFFFF, 0xFFFF, 0xFFFF, 0xFFFF, 0xFFFF, 0xFFFF, 0xFFFF, 0xFFFF, 0xFFFF, 0xFFFF,
    0xFFFF, 0xFFFF, 0xFFFF, 0xFFFF, 0xFFFF, 0xFFFF, 0xFFFF, 0xFFFF, 0xFFFF, 0xFFFF, 0xFFFF, 0xFFFF,
    0xFFFF, 0xFFFF, 0xFFFF, 0xFFFF, 0xFFFF, 0xFFFF, 0xFFFF, 0xFFFF, 0xFFFF, 0xFFFF, 0xFFFF, 0xFFFF,
    0xFFFF, 0xFFFF, 0xFFFF, 0xFFFF, 0xFFFF, 0xFFFF, 0xFFFF, 0xFFFF, 0xFFFF, 0xFFFF, 0xFFFF, 0xFFFF,
    0xFFFF, 0xFFFF, 0xFFFF, 0xFFFF, 0xFFFF, 0xFFFF, 0xFFFF, 0xFFFF, 0xFFFF, 0xFFFF, 0xFFFF, 0xFFFF,
    0xFFFF, 0xFFFF, 0xFFFF, 0xFFFF, 0xFFFF, 0xFFFF, 0xFFFF, 0xFFFF, 0xFFFF, 0xFFFF, 0xFFFF, 0xFFFF,
    0xFFFF, 0xFFFF, 0xFFFF, 0xFFFF, 0xFFFF, 0xFFFF, 0xFFFF, 0xFFFF, 0xFFFF, 0xFFFF, 0xFFFF, 0xFFFF,
    0xFFFF, 0xFFFF, 0xFFFF, 0xFFFF, 0xFFFF, 0xFFFF, 0xFFFF, 0xFFFF, 0xFFFF, 0xFFFF, 0xFFFF, 0xFFFF,
    0xFFFF, 0xFFFF, 0xFFFF, 0xFFFF, 0xFFFF, 0xFFFF, 0xFFFF, 0xFFFF, 0xFFFF, 0xFFFF, 0xFFFF, 0xFFFF,
    0xFFFF, 0xFFFF, 0xFFFF, 0xFFFF, 0xFFFF, 0xFFFF, 0xFFFF, 0xFFFF, 0xFFFF, 0xFFFF, 0xFFFF, 0xFFFF,
    0xFFFF, 0xFFFF, 0xFFFF, 0xFFFF, 0xFFFF, 0xFFFF, 0xFFFF, 0xFFFF, 0xFFFF, 0xFFFF, 0xFFFF, 0xFFFF,
    0xFFFF, 0xFFFF, 0xFFFF, 0xFFFF, 0xFFFF, 0xFFFF, 0xFFFF, 0xFFFF, 0xFFFF, 0xFFFF, 0xFFFF, 0xFFFF,
    0xFFFF, 0xFFFF, 0xFFFF, 0xFFFF, 0xFFFF, 0xFFFF, 0xFFFF, 0xFFFF, 0xFFFF, 0xFFFF, 0xFFFF, 0xFFFF,
    0xFFFF, 0xFFFF, 0xFFFF, 0xFFFF, 0xFFFF, 0xFFFF, 0xFFFF, 0xFFFF, 0xFFFF, 0xFFFF, 0xFFFF, 0xFFFF,
    0xFFFF, 0xFFFF, 0xFFFF, 0xFFFF, 0xFFFF, 0xFFFF, 0xFFFF, 0xFFFF, 0xFFFF, 0xFFFF, 0xFFFF, 0xFFFF,
    0xFFFF, 0xFFFF, 0xFFFF, 0xFFFF, 0xFFFF, 0xFFFF, 0xFFFF, 0xFFFF, 0xFFFF, 0xFFFF, 0xFFFF, 0xFFFF,
    0xFFFF, 0xFFFF, 0xFFFF, 0xFFFF, 0xFFFF, 0xFFFF, 0xFFFF, 0xFFFF, 0xFFFF, 0xFFFF, 0xFFFF, 0xFFFF,
    0xFFFF, 0xFFFF, 0xFFFF, 0xFFFF, 0xFFFF, 0xFFFF, 0xFFFF, 0xFFFF, 0xFFFF, 0xFFFF, 0xFFFF, 0xFFFF,
    0xFFFF, 0xFFFF, 0xFFFF, 0xFFFF, 0xFFFF, 0xFFFF, 0xFFFF, 0xFFFF, 0xFFFF, 0xFFFF, 0xFFFF, 0xFFFF,
    0xFFFF, 0xFFFF, 0xFFFF, 0xFFFF, 0xFFFF, 0xFFFF, 0xFFFF, 0xFFFF, 0xFFFF, 0xFFFF, 0xFFFF, 0xFFFF,
    0xFFFF, 0xFFFF, 0xFFFF, 0xFFFF, 0xFFFF, 0xFFFF, 0xFFFF, 0xFFFF, 0xFFFF, 0xFFFF, 0xFFFF, 0xFFFF,
    0xFFFF, 0xFFFF, 0xFFFF, 0xFFFF, 0xFFFF, 0xFFFF, 0xFFFF, 0xFFFF, 0xFFFF, 0xFFFF, 0xFFFF, 0xFFFF,
    0xFFFF, 0xFFFF, 0xFFFF, 0xFFFF, 0xFFFF, 0xFFFF, 0xFFFF, 0xFFFF, 0xFFFF, 0xFFFF, 0xFFFF, 0xFFFF,
    0xFFFF, 0xFFFF, 0xFFFF, 0xFFFF, 0xFFFF, 0xFFFF, 0xFFFF, 0xFFFF, 0xFFFF, 0xFFFF, 0xFFFF, 0xFFFF,
    0xFFFF, 0xFFFF, 0xFFFF, 0xFFFF, 0xFFFF, 0xFFFF, 0xFFFF, 0xFFFF, 0xFFFF, 0xFFFF, 0xFFFF, 0xFFFF,
    0xFFFF, 0xFFFF, 0xFFFF, 0xFFFF, 0xFFFF, 0xFFFF, 0xFFFF, 0xFFFF, 0xFFFF, 0xFFFF, 0xFFFF, 0xFFFF,
    0xFFFF, 0xFFFF, 0xFFFF, 0xFFFF, 0xFFFF, 0xFFFF, 0xFFFF, 0xFFFF, 0xFFFF, 0xFFFF, 0xFFFF, 0xFFFF,
    0xFFFF, 0xFFFF, 0xFFFF, 0xFFFF, 0xFFFF, 0xFFFF, 0xFFFF, 0xFFFF, 0xFFFF, 0xFFFF, 0xFFFF, 0xFFFF,
    0xFFFF, 0xFFFF, 0xFFFF, 0xFFFF, 0xFFFF, 0xFFFF, 0xFFFF, 0xFFFF, 0xFFFF, 0xFFFF, 0xFFFF, 0xFFFF,
    0xFFFF, 0xFFFF, 0xFFFF, 0xFFFF, 0xFFFF, 0xFFFF, 0xFFFF, 0xFFFF, 0xFFFF, 0xFFFF, 0xFFFF, 0xFFFF,
    0xFFFF, 0xFFFF, 0xFFFF, 0xFFFF, 0xFFFF, 0xFFFF, 0xFFFF, 0xFFFF, 0xFFFF, 0xFFFF, 0xFFFF, 0xFFFF,
    0xFFFF, 0xFFFF, 0xFFFF, 0xFFFF, 0xFFFF, 0xFFFF, 0xFFFF, 0xFFFF, 0xFFFF, 0xFFFF, 0xFFFF, 0xFFFF,
    0xFFFF, 0xFFFF, 0xFFFF, 0xFFFF, 0xFFFF, 0xFFFF, 0xFFFF, 0xFFFF, 0xFFFF, 0xFFFF, 0xFFFF, 0xFFFF,
    0xFFFF, 0xFFFF, 0xFFFF, 0xFFFF, 0xFFFF, 0xFFFF, 0xFFFF, 0xFFFF, 0xFFFF, 0xFFFF, 0xFFFF, 0xFFFF,
    0xFFFF, 0xFFFF, 0xFFFF, 0xFFFF, 0xFFFF, 0xFFFF, 0xFFFF, 0xFFFF, 0xFFFF, 0xFFFF, 0xFFFF, 0xFFFF,
    0xFFFF, 0xFFFF, 0xFFFF, 0xFFFF, 0xFFFF, 0xFFFF, 0xFFFF, 0xFFFF, 0xFFFF, 0xFFFF, 0xFFFF, 0xFFFF,
    0xFFFF, 0xFFFF, 0xFFFF, 0xFFFF, 0xFFFF, 0xFFFF, 0xFFFF, 0xFFFF, 0xFFFF, 0xFFFF, 0xFFFF, 0xFFFF,
    0xFFFF, 0xFFFF, 0xFFFF, 0xFFFF, 0xFFFF, 0xFFFF, 0xFFFF, 0xFFFF, 0xFFFF, 0xFFFF, 0xFFFF, 0xFFFF,
    0xFFFF, 0xFFFF, 0xFFFF, 0xFFFF, 0xFFFF, 0xFFFF, 0xFFFF, 0xFFFF, 0xFFFF, 0xFFFF, 0xFFFF, 0xFFFF,
    0xFFFF, 0xFFFF, 0xFFFF, 0xFFFF, 0xFFFF, 0xFFFF, 0xFFFF, 0xFFFF, 0xFFFF, 0xFFFF, 0xFFFF, 0xFFFF,
    0xFFFF, 0xFFFF, 0xFFFF, 0xFFFF, 0xFFFF, 0xFFFF, 0xFFFF, 0xFFFF, 0xFFFF, 0xFFFF, 0xFFFF, 0xFFFF,
    0xFFFF, 0xFFFF, 0xFFFF, 0xFFFF, 0xFFFF, 0xFFFF, 0xFFFF, 0xFFFF, 0xFFFF, 0xFFFF, 0xFFFF, 0xFFDF,
    0xFFDF, 0xFFFF, 0xFFFF, 0xFFFF, 0xFFFF, 0xFFFF, 0xFFFF, 0xFFFF, 0xFFFF, 0xFFFF, 0xFFFF, 0xFFFF,
    0xFFFF, 0xFFDF, 0xFFDF, 0xFFFF, 0xFFFF, 0xFFFF, 0xFFFF, 0xFFFF, 0xFFFF, 0xFFFF, 0xFFFF, 0xFFFF,
    0xFFFF, 0xFFFF, 0xFFFF, 0xFFFF, 0xFFFF, 0xFFFF, 0xFFFF, 0xFFFF, 0xFFFF, 0xFFFF, 0xFFFF, 0xFFFF,
    0xFFFF, 0xFFFF, 0xFFFF, 0xFFFF, 0xFFFF, 0xFFFF, 0xFFFF, 0xFFFF, 0xFFFF, 0xFFFF, 0xFFFF, 0xFFFF,
    0xFFFF, 0xFFFF, 0xFFFF, 0xFFFF, 0xFFFF, 0xFFFF, 0xFFFF, 0xFFFF, 0xFFFF, 0xFFFF, 0xFFFF, 0xFFFF,
    0xFFFF, 0xFFFF, 0xFFFF, 0xFFFF, 0xFFFF, 0xFFFF, 0xFFFF, 0xFFFF, 0xFFFF, 0xFFFF, 0xFFFF, 0xFFFF,
    0xFFFF, 0xFFFF, 0xFFFF, 0xFFFF, 0xFFFF, 0xFFFF, 0xFFFF, 0xFFFF, 0xFFFF, 0xFFFF, 0xFFFF, 0xFFFF,
    0xFFFF, 0xFFFF, 0xFFFF, 0xFFFF, 0xFFFF, 0xFFFF, 0xFFFF, 0xFFFF, 0xFFFF, 0xFFFF, 0xFFFF, 0xFFFF,
    0xFFFF, 0xFFFF, 0xFFFF, 0xFFFF, 0xFFFF, 0xFFFF, 0xFFFF, 0xFFFF, 0xFFFF, 0xFFFF, 0xFFFF, 0xFFFF,
    0xFFFF, 0xFFFF, 0xFFFF, 0xFFFF, 0xFFFF, 0xFFFF, 0xFFFF, 0xFFFF, 0xFFFF, 0xFFFF, 0xFFFF, 0xFFFF,
    0xFFFF, 0xFFFF, 0xFFFF, 0xFFFF, 0xFFFF, 0xFFFF, 0xFFFF, 0xFFFF, 0xFFFF, 0xFFFF, 0xFFFF, 0xFFFF,
    0xFFFF, 0xFFFF, 0xFFFF, 0xFFFF, 0xFFFF, 0xFFFF, 0xFFFF, 0xFFFF, 0xFFFF, 0xFFFF, 0xFFFF, 0xFFFF,
    0xFFFF, 0xFFFF, 0xFFFF, 0xFFFF, 0xFFFF, 0xFFFF, 0xFFFF, 0xFFFF, 0xFFFF, 0xFFFF, 0xFFFF, 0xFFFF,
    0xFFFF, 0xFFFF, 0xFFFF, 0xFFFF, 0xFFFF, 0xFFFF, 0xFFFF, 0xFFFF, 0xFFFF, 0xFFFF, 0xFFFF, 0xFFFF,
    0xFFFF, 0xFFFF, 0xFFFF, 0xFFFF, 0xFFFF, 0xFFFF, 0xFFFF, 0xFFFF, 0xFFFF, 0xFFFF, 0xFFFF, 0xFFFF,
    0xFFFF, 0xFFFF, 0xFFFF, 0xFFFF, 0xFFFF, 0xFFFF, 0xFFFF, 0xFFFF, 0xFFFF, 0xFFFF, 0xFFFF, 0xFFFF,
    0xFFFF, 0xFFFF, 0xFFFF, 0xFFFF, 0xFFFF, 0xFFFF, 0xFFFF, 0xFFFF, 0xFFFF, 0xFFDF, 0xFFDF, 0xFFFF,
    0xFFFF, 0xFFFF, 0xFFFF, 0xFFFF, 0xFFFF, 0xFFFF, 0xEF9D, 0xDEDB, 0xBDF7, 0xE75C, 0xFFFF, 0xFFDF,
    0xFFDF, 0xFFFF, 0xFFFF, 0xFFFF, 0xFFFF, 0xFFFF, 0xFFFF, 0xFFFF, 0xF7BE, 0xDEFB, 0xF79E, 0xFFFF,
    0xFFFF, 0xFFFF, 0xFFFF, 0xFFFF, 0xFFFF, 0xFFDF, 0xFFDF, 0xFFFF, 0xFFFF, 0xFFFF, 0xFFFF, 0xFFFF,
    0xFFFF, 0xFFDF, 0xFFDF, 0xFFFF, 0xFFFF, 0xFFFF, 0xFFFF, 0xFFFF, 0xFFFF, 0xFFFF, 0xFFFF, 0xFFFF,
    0xFFFF, 0xFFFF, 0xFFFF, 0xFFFF, 0xFFFF, 0xFFFF, 0xFFFF, 0xFFFF, 0xFFFF, 0xFFFF, 0xFFFF, 0xFFFF,
    0xFFFF, 0xFFFF, 0xFFFF, 0xFFFF, 0xFFFF, 0xFFFF, 0xFFFF, 0xFFFF, 0xFFFF, 0xFFFF, 0xFFFF, 0xFFFF,
    0xFFFF, 0xFFFF, 0xFFFF, 0xFFFF, 0xFFFF, 0xFFFF, 0xFFFF, 0xFFFF, 0xFFFF, 0xFFFF, 0xFFFF, 0xFFFF,
    0xFFFF, 0xFFFF, 0xFFFF, 0xFFFF, 0xFFFF, 0xFFFF, 0xFFFF, 0xFFFF, 0xFFFF, 0xFFFF, 0xFFFF, 0xFFFF,
    0xFFFF, 0xFFFF, 0xFFFF, 0xFFFF, 0xFFFF, 0xFFFF, 0xFFFF, 0xFFFF, 0xFFFF, 0xFFFF, 0xFFFF, 0xFFFF,
    0xFFFF, 0xFFFF, 0xFFFF, 0xFFFF, 0xFFFF, 0xFFFF, 0xFFFF, 0xFFFF, 0xFFFF, 0xFFFF, 0xFFFF, 0xFFFF,
    0xFFFF, 0xFFFF, 0xFFFF, 0xFFFF, 0xFFFF, 0xFFFF, 0xFFFF, 0xFFFF, 0xFFFF, 0xFFFF, 0xFFFF, 0xFFFF,
    0xFFFF, 0xFFFF, 0xFFFF, 0xFFFF, 0xFFFF, 0xFFFF, 0xFFFF, 0xFFFF, 0xFFFF, 0xFFFF, 0xFFFF, 0xFFFF,
    0xFFFF, 0xFFFF, 0xFFFF, 0xFFFF, 0xFFFF, 0xFFFF, 0xFFFF, 0xFFFF, 0xFFFF, 0xFFFF, 0xFFFF, 0xFFFF,
    0xFFFF, 0xFFFF, 0xFFFF, 0xFFFF, 0xFFFF, 0xFFFF, 0xFFFF, 0xFFFF, 0xFFFF, 0xFFFF, 0xFFFF, 0xFFFF,
    0xFFFF, 0xFFFF, 0xFFFF, 0xFFFF, 0xFFFF, 0xFFFF, 0xFFFF, 0xFFFF, 0xFFFF, 0xFFFF, 0xFFFF, 0xFFFF,
    0xFFFF, 0xFFFF, 0xFFFF, 0xFFFF, 0xFFFF, 0xFFFF, 0xFFFF, 0xFFFF, 0xFFFF, 0xFFFF, 0xFFFF, 0xFFFF,
    0xFFFF, 0xFFDF, 0xFFDF, 0xFFFF, 0xFFFF, 0xFFFF, 0xFFFF, 0xFFFF, 0xFFDF, 0xFFDF, 0xFFFF, 0xFFFF,
    0xFFFF, 0xFFFF, 0xFFFF, 0xFFFF, 0xF79E, 0xDEDB, 0xBDF7, 0x9D13, 0x8C51, 0x7BEF, 0x7BEF, 0x8C51,
    0x9CF3, 0xEF9D, 0xFFFF, 0xFFFF, 0xFFFF, 0xFFFF, 0xF7BE, 0xDEFB, 0xBDF7, 0xA534, 0x8C71, 0x8410,
    0x7BEF, 0x8430, 0xDEFB, 0xFFFF, 0xFFFF, 0xFFFF, 0xFFFF, 0xFFDF, 0xFFFF, 0xFFFF, 0xFFFF, 0xFFFF,
    0xFFDE, 0xEF7D, 0xEF7D, 0xFFDE, 0xFFFF, 0xFFFF, 0xFFFF, 0xFFFF, 0xFFDF, 0xFFFF, 0xFFFF, 0xFFFF,
    0xFFFF, 0xFFFF, 0xFFFF, 0xFFFF, 0xFFFF, 0xFFFF, 0xFFFF, 0xFFFF, 0xFFFF, 0xFFFF, 0xFFFF, 0xFFFF,
    0xFFFF, 0xFFFF, 0xFFFF, 0xFFFF, 0xFFFF, 0xFFFF, 0xFFFF, 0xFFFF, 0xFFFF, 0xFFFF, 0xFFFF, 0xFFFF,
    0xFFFF, 0xFFFF, 0xFFFF, 0xFFFF, 0xFFFF, 0xFFFF, 0xFFFF, 0xFFFF, 0xFFFF, 0xFFFF, 0xFFFF, 0xFFFF,
    0xFFFF, 0xFFFF, 0xFFFF, 0xFFFF, 0xFFFF, 0xFFFF, 0xFFFF, 0xFFFF, 0xFFFF, 0xFFFF, 0xFFFF, 0xFFFF,
    0xFFFF, 0xFFFF, 0xFFFF, 0xFFFF, 0xFFFF, 0xFFFF, 0xFFFF, 0xFFFF, 0xFFFF, 0xFFFF, 0xFFFF, 0xFFFF,
    0xFFFF, 0xFFFF, 0xFFFF, 0xFFFF, 0xFFFF, 0xFFFF, 0xFFFF, 0xFFFF, 0xFFFF, 0xFFFF, 0xFFFF, 0xFFFF,
    0xFFFF, 0xFFFF, 0xFFFF, 0xFFFF, 0xFFFF, 0xFFDF, 0xFFDF, 0xFFFF, 0xFFFF, 0xFFFF, 0xFFFF, 0xFFFF,
    0xFFFF, 0xFFFF, 0xFFFF, 0xFFFF, 0xFFFF, 0xFFFF, 0xFFFF, 0xFFFF, 0xFFFF, 0xFFFF, 0xFFFF, 0xFFFF,
    0xFFFF, 0xFFFF, 0xFFFF, 0xFFFF, 0xFFFF, 0xFFFF, 0xFFFF, 0xFFFF, 0xFFFF, 0xFFFF, 0xFFFF, 0xFFFF,
    0xFFFF, 0xFFFF, 0xFFFF, 0xFFFF, 0xFFFF, 0xFFFF, 0xFFFF, 0xFFFF, 0xFFFF, 0xFFFF, 0xFFFF, 0xFFFF,
    0xFFFF, 0xFFFF, 0xFFFF, 0xFFFF, 0xFFFF, 0xFFFF, 0xFFFF, 0xFFFF, 0xFFFF, 0xFFFF, 0xFFFF, 0xFFFF,
    0xFFFF, 0xFFFF, 0xFFFF, 0xFFFF, 0xFFFF, 0xFFFF, 0xFFFF, 0xFFFF, 0xFFFF, 0xFFFF, 0xFFFF, 0xFFFF,
    0xFFFF, 0xFFDF, 0xFFDF, 0xFFFF, 0xFFFF, 0xFFFF, 0xFFFF, 0xFFFF, 0xFFDF, 0xFFFF, 0xFFFF, 0xFFFF,
    0xFFFF, 0xFFFF, 0xFFFF, 0xE73C, 0xC638, 0xAD55, 0x9492, 0x7BEF, 0x7BCF, 0x8C51, 0x9CF3, 0xBE17,
    0xE71C, 0xFFFF, 0xFFFF, 0xFFFF, 0xFFFF, 0xE73C, 0xC638, 0xA554, 0x9492, 0x8410, 0x7BEF, 0x8430,
    0x94D2, 0xB596, 0xCE99, 0xE75C, 0xFFFF, 0xFFFF, 0xFFFF, 0xFFFF, 0xFFFF, 0xFFDF, 0xFFFF, 0xFFFF,
    0xE73C, 0xAD34, 0x6B2C, 0x4A49, 0x3A08, 0x3A09, 0x3A29, 0x4249, 0x52AA, 0x6B4D, 0xA4F3, 0xE71B,
    0xFFFF, 0xFFFF, 0xFFDF, 0xFFFF, 0xFFFF, 0xFFFF, 0xFFFF, 0xFFFF, 0xFFFF, 0xFFFF, 0xFFFF, 0xFFFF,
    0xFFFF, 0xFFFF, 0xFFFF, 0xFFFF, 0xFFFF, 0xFFFF, 0xFFFF, 0xFFFF, 0xFFFF, 0xFFFF, 0xFFFF, 0xFFFF,
    0xFFFF, 0xFFFF, 0xFFFF, 0xFFFF, 0xFFFF, 0xFFFF, 0xFFFF, 0xFFFF, 0xFFFF, 0xFFFF, 0xFFFF, 0xFFFF,
    0xFFFF, 0xFFFF, 0xFFFF, 0xFFFF, 0xFFFF, 0xFFFF, 0xFFFF, 0xFFFF, 0xFFFF, 0xFFFF, 0xFFFF, 0xFFFF,
    0xFFFF, 0xFFFF, 0xFFFF, 0xFFFF, 0xFFFF, 0xFFFF, 0xFFFF, 0xFFFF, 0xFFFF, 0xFFFF, 0xFFFF, 0xFFFF,
    0xFFFF, 0xFFFF, 0xFFFF, 0xFFFF, 0xFFFF, 0xFFFF, 0xFFFF, 0xFFFF, 0xFFFF, 0xFFFF, 0xFFFF, 0xFFFF,
    0xFFDF, 0xFFDF, 0xFFFF, 0xFFFF, 0xFFFF, 0xFFFF, 0xEF5D, 0xE73C, 0xFFFF, 0xFFFF, 0xFFFF, 0xFFFF,
    0xFFFF, 0xFFFF, 0xFFDF, 0xFFDF, 0xFFFF, 0xFFFF, 0xFFFF, 0xFFFF, 0xFFFF, 0xFFDF, 0xFFFF, 0xFFFF,
    0xFFFF, 0xFFFF, 0xFFFF, 0xFFFF, 0xFFFF, 0xFFFF, 0xFFFF, 0xFFFF, 0xFFFF, 0xFFFF, 0xFFFF, 0xFFFF,
    0xFFFF, 0xFFFF, 0xFFFF, 0xFFFF, 0xFFFF, 0xFFFF, 0xFFFF, 0xFFFF, 0xFFFF, 0xFFFF, 0xFFFF, 0xFFFF,
    0xFFFF, 0xFFFF, 0xFFFF, 0xFFFF, 0xFFFF, 0xFFFF, 0xFFFF, 0xFFFF, 0xFFFF, 0xFFFF, 0xFFFF, 0xFFFF,
    0xFFFF, 0xFFFF, 0xFFFF, 0xFFFF, 0xFFFF, 0xFFFF, 0xFFFF, 0xFFFF, 0xFFFF, 0xFFFF, 0xFFFF, 0xFFFF,
    0xFFDF, 0xFFDF, 0xFFFF, 0xFFFF, 0xFFFF, 0xFFFF, 0xFFFF, 0xF7BE, 0xDEFB, 0xBDF7, 0xA514, 0xE73C,
    0xFFFF, 0xFFDF, 0xE71C, 0xC618, 0xA514, 0x8430, 0x7BEF, 0x8410, 0x94B2, 0xB596, 0xDEDB, 0xFFDF,
    0xFFFF, 0xFFFF, 0xFFFF, 0xF79E, 0xCE99, 0xAD75, 0x8C71, 0x7BEF, 0x7BCF, 0x8430, 0x94B2, 0xAD75,
    0xCE79, 0xE75C, 0xFFFF, 0xFFFF, 0xFFFF, 0xFFFF, 0xFFFF, 0xFFFF, 0xFFFF, 0xFFDF, 0xFFFF, 0xFFFF,
    0xFFFF, 0xFFFF, 0xD679, 0x630C, 0x29C7, 0x3AED, 0x5CB5, 0x75DA, 0x7E3B, 0x7E1A, 0x7599, 0x6D57,
    0x64F5, 0x5432, 0x432E, 0x3A49, 0x6B4D, 0xCE38, 0xFFFF, 0xFFFF, 0xFFFF, 0xFFFF, 0xFFFF, 0xFFFF,
    0xFFFF, 0xFFFF, 0xFFFF, 0xFFFF, 0xFFFF, 0xFFFF, 0xFFFF, 0xFFFF, 0xFFFF, 0xFFFF, 0xFFFF, 0xFFFF,
    0xFFFF, 0xFFFF, 0xFFFF, 0xFFFF, 0xFFFF, 0xFFFF, 0xFFFF, 0xFFFF, 0xFFFF, 0xFFFF, 0xFFFF, 0xFFFF,
    0xFFFF, 0xFFFF, 0xF7BE, 0xDEFB, 0xFFFF, 0xFFFF, 0xFFFF, 0xFFFF, 0xFFFF, 0xFFFF, 0xFFFF, 0xFFFF,
    0xFFFF, 0xFFFF, 0xFFFF, 0xFFFF, 0xFFFF, 0xFFFF, 0xFFFF, 0xFFFF, 0xFFFF, 0xFFFF, 0xFFFF, 0xFFFF,
    0xFFFF, 0xFFFF, 0xFFFF, 0xFFFF, 0xFFFF, 0xFFFF, 0xFFFF, 0xFFFF, 0xFFFF, 0xFFFF, 0xFFFF, 0xFFFF,
    0xFFFF, 0xFFFF, 0xFFFF, 0xFFFF, 0xFFFF, 0xFFFF, 0xFFFF, 0xFFFF, 0xFFDF, 0xFFDF, 0xCE58, 0x8C51,
    0x8C51, 0x94B2, 0xAD75, 0xCE79, 0xEF5D, 0xFFFF, 0xFFFF, 0xFFFF, 0xFFFF, 0xCE59, 0xDEFB, 0xF7BE,
    0xFFFF, 0xFFFF, 0xFFFF, 0xFFFF, 0xFFFF, 0xFFDF, 0xFFDF, 0xFFFF, 0xFFFF, 0xFFFF, 0xFFFF, 0xFFFF,
    0xFFFF, 0xFFFF, 0xFFFF, 0xFFFF, 0xFFFF, 0xFFFF, 0xFFFF, 0xFFFF, 0xFFFF, 0xFFFF, 0xFFFF, 0xFFFF,
    0xFFFF, 0xFFFF, 0xFFFF, 0xFFFF, 0xFFFF, 0xFFFF, 0xFFFF, 0xFFFF, 0xFFFF, 0xFFFF, 0xFFFF, 0xFFFF,
    0xFFFF, 0xFFFF, 0xFFFF, 0xFFFF, 0xFFFF, 0xFFFF, 0xFFFF, 0xFFFF, 0xFFFF, 0xFFFF, 0xFFFF, 0xFFFF,
    0xFFDF, 0xFFFF, 0xFFFF, 0xFFFF, 0xFFFF, 0xFFFF, 0xFFDF, 0xE71C, 0xC638, 0xAD55, 0x94B2, 0x8C71,
    0x8C51, 0x8C51, 0x8C51, 0x9492, 0x8C51, 0x7BCF, 0x8410, 0x9CF3, 0xBDF7, 0xE73C, 0xFFFF, 0xFFFF,
    0xFFFF, 0xFFFF, 0xE73C, 0xBDF7, 0x9CF3, 0x8410, 0x7BCF, 0x7BEF, 0x9492, 0xAD75, 0xCE79, 0xE75C,
    0xFFFF, 0xFFFF, 0xFFFF, 0xFFFF, 0xFFFF, 0xFFFF, 0xFFFF, 0xFFDF, 0xFFDF, 0xFFDF, 0xFFFF, 0xFFFF,
    0xFFFF, 0xFFFF, 0xFFDF, 0xFFFF, 0xF79E, 0x6B2C, 0x2187, 0x5474, 0x8EFE, 0x8EBD, 0x5C95, 0x2A4C,
    0x08C6, 0x0023, 0x0001, 0x0021, 0x0043, 0x10E6, 0x21AA, 0x32AD, 0x32CC, 0x29E8, 0x738E, 0xEF7D,
    0xFFFF, 0xFFDF, 0xFFFF, 0xFFFF, 0xFFFF, 0xFFFF, 0xFFFF, 0xFFFF, 0xFFFF, 0xFFFF, 0xFFFF, 0xFFFF,
    0xFFFF, 0xFFFF, 0xFFFF, 0xFFFF, 0xFFFF, 0xFFFF, 0xFFFF, 0xFFFF, 0xFFFF, 0xFFFF, 0xFFFF, 0xFFFF,
    0xFFFF, 0xFFFF, 0xB5D6, 0xBDF7, 0xFFFF, 0xEF5D, 0xFFFF, 0x39C7, 0xDEFB, 0xFFFF, 0xFFFF, 0xFFFF,
    0xFFFF, 0xFFFF, 0xFFFF, 0xFFFF, 0xFFFF, 0xFFFF, 0xFFFF, 0xFFFF, 0xFFFF, 0xFFFF, 0xFFFF, 0xFFFF,
    0xFFFF, 0xFFFF, 0xFFFF, 0xFFFF, 0xFFFF, 0xFFFF, 0xFFFF, 0xFFFF, 0xFFFF, 0xFFFF, 0xFFFF, 0xFFFF,
    0xFFFF, 0xFFFF, 0xFFFF, 0xFFFF, 0xFFFF, 0xFFFF, 0xFFFF, 0xE71C, 0x94B2, 0xB596, 0xD69A, 0xEF9D,
    0xFFFF, 0xFFFF, 0xFFFF, 0xFFFF, 0xF7BE, 0xDEDB, 0xBDD6, 0x9CF3, 0x8C71, 0x8C51, 0x9CD2, 0xB595,
    0xCE59, 0xA514, 0x94D2, 0x9CD2, 0xA513, 0xB595, 0xC638, 0xDF1B, 0xF7DE, 0xFFFF, 0xFFFF, 0xFFFF,
    0xFFFF, 0xFFFF, 0xFFDF, 0xFFDF, 0xFFFF, 0xFFFF, 0xFFFF, 0xFFFF, 0xFFFF, 0xFFFF, 0xFFFF, 0xFFFF,
    0xFFFF, 0xFFFF, 0xFFFF, 0xFFFF, 0xFFFF, 0xFFFF, 0xFFFF, 0xFFFF, 0xFFFF, 0xFFFF, 0xFFFF, 0xFFFF,
    0xFFFF, 0xFFFF, 0xFFFF, 0xFFFF, 0xFFFF, 0xFFFF, 0xFFFF, 0xFFFF, 0xFFFF, 0xFFFF, 0xFFFF, 0xFFFF,
    0xFFFF, 0xFFFF, 0xFFFF, 0xFFFF, 0xFFFF, 0xFFFF, 0xEF7D, 0xD69A, 0xB5B6, 0x9CD3, 0x8C51, 0x8C51,
    0x8C51, 0x8C51, 0x8C51, 0x8430, 0x8C51, 0x9492, 0xA534, 0xBE17, 0xE73C, 0xFFFF, 0xFFFF, 0xFFFF,
    0xFFFF, 0xDEDB, 0xB596, 0x9492, 0x7BEF, 0x7BCF, 0x8C51, 0x9D13, 0xBDF7, 0xDEFB, 0xF7BE, 0xFFFF,
    0xFFFF, 0xFFFF, 0xFFFF, 0xFFFF, 0xFFFF, 0xFFFF, 0xFFDF, 0xFFDF, 0xFFFF, 0xFFFF, 0xFFFF, 0xFFFF,
    0xFFFF, 0xFFFF, 0xFFFF, 0xFFFF, 0xFFFF, 0xFFDF, 0xFFFF, 0xCE59, 0x2945, 0x434F, 0x973F, 0x865B,
    0x328C, 0x0002, 0x1040, 0x4200, 0x83C0, 0xA500, 0xBDA0, 0xC5C0, 0xB560, 0x9480, 0x6B00, 0x3140,
    0x0862, 0x1106, 0x0883, 0x2924, 0xC638, 0xFFFF, 0xFFDF, 0xFFFF, 0xFFFF, 0xFFFF, 0xFFFF, 0xFFFF,
    0xFFFF, 0xFFFF, 0xFFFF, 0xFFFF, 0xFFFF, 0xFFFF, 0xFFFF, 0xFFFF, 0xFFFF, 0xFFFF, 0xFFFF, 0xFFFF,
    0xFFFF, 0xFFFF, 0xFFFF, 0xFFFF, 0xFFDF, 0xFFFF, 0x9492, 0x2124, 0xFFFF, 0x4A49, 0xD699, 0x1082,
    0x3A08, 0xFFFF, 0xFFDF, 0xFFFF, 0xFFFF, 0xFFFF, 0xFFFF, 0xFFFF, 0xFFFF, 0xFFFF, 0xFFFF, 0xFFFF,
    0xFFFF, 0xFFFF, 0xFFFF, 0xFFFF, 0xFFFF, 0xFFFF, 0xFFFF, 0xFFFF, 0xFFFF, 0xFFFF, 0xFFFF, 0xFFFF,
    0xFFFF, 0xFFFF, 0xFFFF, 0xFFFF, 0xFFFF, 0xFFFF, 0xFFFF, 0xFFFF, 0xFFFF, 0xFFFF, 0xFFFF, 0xF7DE,
    0xDEDB, 0xBDD7, 0x9CF3, 0x9491, 0x8C71, 0x9CF3, 0xB596, 0xD6BA, 0xF7BE, 0xFFFF, 0xFFFF, 0xFFFF,
    0xFFFF, 0xF7BE, 0xD6BA, 0xB5B6, 0x9CF3, 0x9CF3, 0x9CD2, 0x9CD3, 0x9CF3, 0x9CF3, 0x9CF3, 0x9CD3,
    0x9CD2, 0xA513, 0xB596, 0xCE79, 0xE75C, 0xFFFF, 0xFFFF, 0xFFFF, 0xFFFF, 0xFFFF, 0xFFFF, 0xFFDF,
    0xFFFF, 0xFFFF, 0xFFFF, 0xFFFF, 0xFFFF, 0xFFFF, 0xFFFF, 0xFFFF, 0xFFFF, 0xFFFF, 0xFFFF, 0xFFFF,
    0xFFFF, 0xFFFF, 0xFFFF, 0xFFFF, 0xFFFF, 0xFFFF, 0xFFFF, 0xFFFF, 0xFFFF, 0xFFFF, 0xFFFF, 0xFFFF,
    0xFFFF, 0xFFFF, 0xFFFF, 0xFFFF, 0xFFFF, 0xFFFF, 0xE75C, 0xBE17, 0xA514, 0x8C71, 0x8430, 0x8C51,
    0x8C71, 0x8C71, 0x8C51, 0x8C51, 0x8C71, 0xA514, 0xBDD7, 0xDEFB, 0xFFFF, 0xFFFF, 0xFFFF, 0xFFDF,
    0xD6BA, 0xAD75, 0x8C51, 0x7BCF, 0x7BCF, 0x8C71, 0xAD55, 0xCE59, 0xE75C, 0xFFFF, 0xFFFF, 0xFFFF,
    0xFFFF, 0xFFFF, 0xFFFF, 0xFFFF, 0xFFDF, 0xFFDF, 0xFFFF, 0xFFFF, 0xFFFF, 0xFFFF, 0xFFFF, 0xFFFF,
    0xFFFF, 0xFFFF, 0xFFFF, 0xFFFF, 0xFFFF, 0xFFFF, 0xFFFF, 0xFFFF, 0xFFDF, 0xFFFF, 0xBDB6, 0x1905,
    0x6D57, 0x9F7F, 0x434F, 0x0001, 0x2920, 0x9CC0, 0xEF41, 0xFFE1, 0xFFE1, 0xFFE0, 0xFFE0, 0xFFE0,
    0xFFE0, 0xFFE1, 0xFFE1, 0xFFE1, 0xCE40, 0x6B20, 0x1080, 0x0000, 0x0841, 0xAD75, 0xFFFF, 0xFFDF,
    0xFFFF, 0xFFFF, 0xFFFF, 0xFFFF, 0xFFFF, 0xFFFF, 0xFFFF, 0xFFFF, 0xFFFF, 0xFFFF, 0xFFFF, 0xFFFF,
    0xFFFF, 0xFFFF, 0xFFFF, 0xFFFF, 0xFFFF, 0xFFFF, 0xFFFF, 0xFFFF, 0xFFDF, 0xFFFF, 0x8C51, 0x0041,
    0x6B4D, 0x1062, 0x18E3, 0x40C3, 0x3800, 0x8471, 0xFFFF, 0xFFDF, 0xFFFF, 0xFFFF, 0xFFFF, 0xFFFF,
    0xFFFF, 0xFFFF, 0xFFFF, 0xFFFF, 0xFFFF, 0xFFFF, 0xFFFF, 0xFFFF, 0xFFFF, 0xFFFF, 0xFFFF, 0xFFFF,
    0xFFDF, 0xFFFF, 0x94B2, 0xD69A, 0xFFFF, 0xFFFF, 0xFFFF, 0xFFFF, 0xFFFF, 0xFFFF, 0xFFFF, 0xFFFF,
    0xFFFF, 0xFFFF, 0xFFFF, 0xFFFF, 0xFFFF, 0xFFFF, 0xFFFF, 0xFFFF, 0xEF7D, 0xD6BA, 0xB5B6, 0x9CD3,
    0x8C51, 0x8C71, 0x9D13, 0xBDF7, 0xDEFB, 0xFFFF, 0xFFFF, 0xFFFF, 0xFFFF, 0xFFFF, 0xEF7D, 0xD699,
    0xB5D6, 0xA534, 0x9CD3, 0x9CD2, 0x9CD3, 0x9D13, 0x9D13, 0x9CF3, 0x9CD3, 0x9CF3, 0xA514, 0xB5B6,
    0xD69A, 0xEF7D, 0xFFFF, 0xFFFF, 0xFFFF, 0xFFFF, 0xFFFF, 0xFFFF, 0xFFDF, 0xFFFF, 0xFFFF, 0xFFFF,
    0xFFFF, 0xFFFF, 0xFFFF, 0xFFFF, 0xFFFF, 0xFFFF, 0xFFFF, 0xFFFF, 0xFFFF, 0xFFFF, 0xFFFF, 0xFFFF,
    0xFFFF, 0xFFFF, 0xFFFF, 0xFFFF, 0xFFFF, 0xFFFF, 0xFFFF, 0xFFFF, 0xB5B6, 0x738E, 0x73AE, 0x8C51,
    0x8430, 0x8430, 0x8430, 0x8C51, 0x9492, 0xAD75, 0xCE99, 0xF7BE, 0xFFFF, 0xFFFF, 0xFFFF, 0xE73C,
    0xB5B6, 0x8C71, 0x7BCF, 0x7BCF, 0x8C71, 0xAD55, 0xCE79, 0xEF7D, 0xFFFF, 0xFFFF, 0xFFFF, 0xFFFF,
    0xFFFF, 0xFFFF, 0xFFDF, 0xFFDF, 0xFFFF, 0xFFFF, 0xFFFF, 0xFFFF, 0xFFFF, 0xFFFF, 0xFFFF, 0xFFFF,
    0xFFFF, 0xFFFF, 0xFFFF, 0xFFFF, 0xFFFF, 0xFFFF, 0xFFFF, 0xFFFF, 0xFFFF, 0xFFFF, 0xFFFF, 0xFFFF,
    0xFFFF, 0xC638, 0x10C4, 0x7E3B, 0x8EBC, 0x1947, 0x0820, 0x9480, 0xFFC1, 0xFFE0, 0xFFA0, 0xF780,
    0xF760, 0xF780, 0xF780, 0xF780, 0xF780, 0xF760, 0xF760, 0xFF80, 0xFFE0, 0xFFE1, 0xDEC0, 0x5AC1,
    0x0000, 0x0020, 0xBDF7, 0xFFFF, 0xFFDF, 0xFFFF, 0xFFFF, 0xFFFF, 0xFFFF, 0xFFFF, 0xFFFF, 0xFFFF,
    0xFFFF, 0xFFFF, 0xFFFF, 0xFFFF, 0xFFFF, 0xFFFF, 0xFFFF, 0xFFFF, 0xFFFF, 0xFFFF, 0xFFFF, 0xFFFF,
    0xFFDF, 0xFFFF, 0x6B2C, 0x4C12, 0x1925, 0x0000, 0x0000, 0x3041, 0xB8C3, 0x1820, 0xC638, 0xFFFF,
    0xFFDF, 0xFFFF, 0xFFFF, 0xFFFF, 0xFFFF, 0xFFFF, 0xFFFF, 0xFFFF, 0xFFFF, 0xFFFF, 0xFFFF, 0xFFFF,
    0xFFFF, 0xFFFF, 0xFFFF, 0xFFFF, 0xFFFF, 0x736D, 0x0000, 0xFFFF, 0xB5D6, 0xDEDB, 0xFFFF, 0xEF9D,
    0xFFFF, 0xFFFF, 0xFFFF, 0xFFFF, 0xFFFF, 0xFFFF, 0xFFFF, 0xFFFF, 0xFFFF, 0xFFFF, 0xFFDF, 0xFFFF,
    0xFFFF, 0xFFFF, 0xFFFF, 0xFFFF, 0xFFFF, 0xE73C, 0xC658, 0xA554, 0x9492, 0x8C51, 0x9492, 0xAD55,
    0xC638, 0xE75C, 0xFFFF, 0xFFFF, 0xFFFF, 0xFFFF, 0xFFFF, 0xE73C, 0xCE59, 0xB596, 0x9D13, 0x9CD2,
    0x9CD3, 0xA513, 0xA514, 0xA514, 0x9CF3, 0x9CD3, 0x9CF3, 0xAD54, 0xBDF7, 0xDEDB, 0xF7DE, 0xFFFF,
    0xFFFF, 0xFFFF, 0xFFFF, 0xFFFF, 0xFFDF, 0xFFFF, 0xFFFF, 0xFFFF, 0xFFFF, 0xFFFF, 0xFFFF, 0xFFFF,
    0xFFFF, 0xFFFF, 0xFFFF, 0xFFFF, 0xFFFF, 0xFFFF, 0xFFFF, 0xFFFF, 0xFFFF, 0xFFFF, 0xFFFF, 0xFFFF,
    0xDEFB, 0xE71C, 0xFFFF, 0xFFFF, 0xA534, 0xBDD7, 0xDF1B, 0xFFFF, 0xFFFF, 0xFFFF, 0xEF9D, 0xC638,
    0x9CF3, 0x7BEF, 0x73AE, 0x8430, 0xA514, 0xC638, 0xEF5D, 0xFFFF, 0xFFFF, 0xFFFF, 0xFFFF, 0xFFFF,
    0xFFFF, 0xFFDF, 0xFFDF, 0xFFFF, 0xFFFF, 0xFFFF, 0xFFFF, 0xFFFF, 0xFFDF, 0xFFFF, 0xFFFF, 0xFFFF,
    0xFFFF, 0xF7DE, 0xFFFF, 0xFFFF, 0xFFFF, 0xFFFF, 0xFFFF, 0xFFFF, 0xFFFF, 0xFFFF, 0xFFFF, 0xFFFF,
    0xFFFF, 0xFFFF, 0xFFFF, 0xFFFF, 0xE73C, 0x2104, 0x7598, 0x8E7B, 0x0884, 0x2940, 0xDEC1, 0xFFE0,
    0xFF80, 0xF760, 0xFF80, 0xFF80, 0xFF80, 0xFF80, 0xFF80, 0xFF80, 0xFF80, 0xFF80, 0xFF80, 0xFF80,
    0xFF80, 0xF760, 0xFFC0, 0xFFE0, 0x9CA1, 0x0020, 0x10A2, 0xDF1B, 0xFFFF, 0xFFFF, 0xFFFF, 0xFFFF,
    0xFFFF, 0xFFFF, 0xFFFF, 0xFFFF, 0xFFFF, 0xFFFF, 0xFFFF, 0xFFFF, 0xFFFF, 0xFFFF, 0xFFFF, 0xFFFF,
    0xFFFF, 0xFFFF, 0xFFFF, 0xFFFF, 0xFFDF, 0xFFFF, 0x5269, 0x6D78, 0x6494, 0x0000, 0x3161, 0x0000,
    0x90A3, 0x9062, 0x2124, 0xEF9E, 0xFFFF, 0xFFFF, 0xFFFF, 0xFFFF, 0xFFFF, 0xFFFF, 0xFFFF, 0xFFFF,
    0xFFFF, 0xFFFF, 0xFFFF, 0xFFFF, 0xFFFF, 0xFFFF, 0xFFFF, 0xFFFF, 0x5ACB, 0x1987, 0x3A08, 0x9492,
    0x0861, 0xFFDF, 0x8C51, 0xA514, 0xFFFF, 0xFFDF, 0xFFFF, 0xFFFF, 0xFFFF, 0xFFFF, 0xFFFF, 0xFFFF,
    0xFFFF, 0xFFFF, 0xFFFF, 0xFFFF, 0xFFFF, 0xFFDF, 0xFFFF, 0xF7DE, 0xFFFF, 0xFFFF, 0xFFFF, 0xFFFF,
    0xFFFF, 0xFFDF, 0xDF1B, 0xC618, 0xA534, 0x94B2, 0x8C71, 0x94B2, 0xB595, 0xD699, 0xEF7D, 0xFFFF,
    0xFFFF, 0xFFFF, 0xFFFF, 0xF7DF, 0xDEFB, 0xBE17, 0xAD54, 0x9CF3, 0x9CD3, 0xA513, 0xAD54, 0xAD54,
    0xA534, 0xA514, 0x9492, 0x94B2, 0xAD75, 0xCE79, 0xEF7D, 0xFFFF, 0xFFFF, 0xFFFF, 0xFFFF, 0xFFFF,
    0xFFFF, 0xFFFF, 0xFFFF, 0xFFFF, 0xFFFF, 0xFFFF, 0xFFFF, 0xFFFF, 0xFFFF, 0xFFFF, 0xFFFF, 0xFFFF,
    0xFFFF, 0xFFFF, 0xFFFF, 0xFFFF, 0xFFFF, 0xFFFF, 0xFFFF, 0xFFFF, 0xFFFF, 0xFFFF, 0xE71C, 0xB596,
    0x8C51, 0x73AE, 0x738E, 0x8C71, 0xB596, 0xD6BA, 0xF7BE, 0xFFFF, 0xFFFF, 0xFFFF, 0xFFFF, 0xFFFF,
    0xFFDF, 0xFFDF, 0xFFFF, 0xFFFF, 0xFFFF, 0xFFFF, 0xFFFF, 0xFFFF, 0xFFFF, 0xFFFF, 0xFFDF, 0xFFFF,
    0x9492, 0x736D, 0xEF9D, 0x8C71, 0xFFFF, 0x7BEF, 0x8C71, 0xFFFF, 0xFFDF, 0xFFFF, 0xFFFF, 0xFFFF,
    0xFFFF, 0xFFFF, 0xFFFF, 0xFFFF, 0xFFFF, 0xFFFF, 0xFFDF, 0xFFFF, 0x5289, 0x4BD1, 0x971E, 0x08A4,
    0x3980, 0xEF61, 0xFFE0, 0xF760, 0xFF80, 0xFF80, 0xFF80, 0xFF80, 0xFF80, 0xFF80, 0xFF80, 0xFF80,
    0xFF80, 0xFF80, 0xFF80, 0xFF80, 0xFF80, 0xFF80, 0xFF80, 0xF760, 0xFFE0, 0xB561, 0x0000, 0x4A29,
    0xFFFF, 0xFFDF, 0xFFFF, 0xFFFF, 0xFFFF, 0xFFFF, 0xFFFF, 0xFFFF, 0xFFFF, 0xFFFF, 0xFFFF, 0xFFFF,
    0xFFFF, 0xFFFF, 0xFFFF, 0xFFFF, 0xFFFF, 0xFFFF, 0xFFFF, 0xFFFF, 0xFFFF, 0xFFFF, 0x4208, 0x75DA,
    0x5C53, 0x0000, 0xD661, 0x3180, 0x0800, 0xB8E3, 0x5800, 0x52EB, 0xFFFF, 0xFFDF, 0xFFFF, 0xFFFF,
    0xFFFF, 0xFFFF, 0xFFFF, 0xFFFF, 0xFFFF, 0xFFFF, 0xFFFF, 0xFFFF, 0xFFDF, 0xFFFF, 0xF79E, 0x41E7,
    0x3AED, 0x8E9D, 0x1082, 0x0000, 0x2925, 0x8451, 0x0000, 0xC618, 0xFFFF, 0xFFDF, 0xFFFF, 0xFFFF,
    0xFFFF, 0xFFFF, 0xFFFF, 0xFFFF, 0xFFFF, 0xFFFF, 0xFFFF, 0xFFFF, 0xFFDF, 0xFFFF, 0xCE59, 0x5AEB,
    0xFFFF, 0xFFFF, 0xF79E, 0xC638, 0xFFDF, 0xFFFF, 0xFFFF, 0xFFFF, 0xFFFF, 0xFFFF, 0xF7BE, 0xDEDB,
    0xBDD7, 0x9CF3, 0x8C71, 0x8C71, 0x9CF3, 0xB5B6, 0xD6BA, 0xF7BE, 0xFFFF, 0xFFFF, 0xFFFF, 0xFFFF,
    0xEF9D, 0xD69A, 0xB5B6, 0xA514, 0x9CD3, 0x9CF3, 0xDEFB, 0xE71C, 0xC617, 0xA514, 0x9492, 0x9491,
    0xA534, 0xC638, 0xE73C, 0xFFFF, 0xFFFF, 0xFFFF, 0xFFFF, 0xFFFF, 0xFFFF, 0xFFFF, 0xFFFF, 0xFFFF,
    0xFFFF, 0xFFFF, 0xFFFF, 0xFFFF, 0xFFFF, 0xFFFF, 0xFFFF, 0xFFFF, 0xFFFF, 0xF7BE, 0xD69A, 0xA534,
    0x8410, 0x738E, 0x7BEF, 0x9CD3, 0xC638, 0xEF9E, 0xFFFF, 0xFFFF, 0xFFFF, 0xFFFF, 0xFFFF, 0xFFFF,
    0xFFFF, 0xFFDF, 0xFFDF, 0xFFDF, 0xFFDF, 0xFFFF, 0xFFFF, 0xFFFF, 0xFFFF, 0xFFFF, 0xFFFF, 0xFFFF,
    0xFFFF, 0xFFFF, 0xFFFF, 0xFFFF, 0x4A69, 0x0883, 0x4A69, 0x0000, 0xB596, 0x41E7, 0x0000, 0xCE79,
    0xFFFF, 0xFFDF, 0xFFFF, 0xFFFF, 0xFFFF, 0xFFFF, 0xFFFF, 0xFFFF, 0xFFFF, 0xFFDF, 0xFFFF, 0xBDB6,
    0x1987, 0x9F5F, 0x21C8, 0x20C0, 0xEF61, 0xFFC0, 0xF760, 0xFF80, 0xFF80, 0xFF80, 0xFF80, 0xFF80,
    0xFF80, 0xFF80, 0xFF80, 0xFF80, 0xFF80, 0xFF80, 0xFF80, 0xFF80, 0xFF80, 0xFF80, 0xFF80, 0xFF80,
    0xF760, 0xFFE0, 0x9CE1, 0x0000, 0xA534, 0xFFFF, 0xFFDF, 0xFFFF, 0xFFFF, 0xFFFF, 0xFFFF, 0xFFFF,
    0xFFFF, 0xFFFF, 0xFFFF, 0xFFFF, 0xFFFF, 0xFFFF, 0xFFFF, 0xFFFF, 0xFFFF, 0xFFFF, 0xFFFF, 0xFFFF,
    0xFFFF, 0xFFDF, 0x31E7, 0x867C, 0x434F, 0x0820, 0xFFA1, 0xDE80, 0x0840, 0x3041, 0xC8E4, 0x2800,
    0x9514, 0xFFFF, 0xFFDF, 0xFFFF, 0xFFFF, 0xFFFF, 0xFFFF, 0xFFFF, 0xFFFF, 0xFFFF, 0xFFFF, 0xFFDF,
    0xFFFF, 0xE73C, 0x3165, 0x436F, 0xA7BF, 0x432E, 0x0000, 0x0821, 0x0021, 0x3000, 0x3062, 0xD6FB,
    0xFFFF, 0xFFFF, 0xFFFF, 0xFFFF, 0xFFFF, 0xFFFF, 0xFFFF, 0xFFFF, 0xFFFF, 0xFFFF, 0xFFFF, 0xFFFF,
    0xFFFF, 0xEF5D, 0x20E4, 0x2125, 0xD6BA, 0xDEDB, 0x73AE, 0x2124, 0xFFFF, 0xFFFF, 0xFFFF, 0xFFFF,
    0xFFDF, 0xFFFF, 0xFFFF, 0xFFFF, 0xFFFF, 0xFFFF, 0xFFFF, 0xEF7D, 0xD69A, 0xB596, 0x9CD3, 0x8C71,
    0x8C71, 0x9CF3, 0xB5B6, 0xDEDA, 0xF7DE, 0xFFFF, 0xFFFF, 0xFFFF, 0xFFFF, 0xE71C, 0xEF7D, 0xFFFF,
    0xFFFF, 0xFFFF, 0xFFFF, 0xEF7D, 0xCE79, 0xAD75, 0x9CF3, 0xF7BE, 0xFFFF, 0xFFFF, 0xFFFF, 0xFFFF,
    0xFFFF, 0xFFFF, 0xFFFF, 0xFFFF, 0xFFFF, 0xFFFF, 0xFFFF, 0xFFFF, 0xFFFF, 0xFFFF, 0xFFFF, 0xB5D6,
    0x8410, 0x73AE, 0x8430, 0xA534, 0xD6BA, 0xFFFF, 0xFFFF, 0xFFFF, 0xFFFF, 0xEF5C, 0xBDD6, 0x8C30,
    0x6B4C, 0x632C, 0x7BCF, 0x9CF3, 0xD69A, 0xFFFF, 0xFFFF, 0xFFFF, 0xFFFF, 0xFFFF, 0xFFFF, 0xFFFF,
    0xFFFF, 0xFFFF, 0xFFFF, 0xFFFF, 0xFFFF, 0xFFFF, 0xFFFF, 0xDEBA, 0x29C7, 0x7E1B, 0x0062, 0x0000,
    0x0000, 0x4082, 0x8862, 0x2124, 0xEF9D, 0xFFFF, 0xFFFF, 0xFFFF, 0xFFFF, 0xFFFF, 0xFFFF, 0xFFFF,
    0xFFFF, 0xFFDF, 0xFFFF, 0x4A28, 0x6516, 0x6474, 0x0000, 0xC601, 0xFFE0, 0xF760, 0xFF80, 0xFF80,
    0xFF80, 0xFF80, 0xFF80, 0xFF80, 0xFF80, 0xFF80, 0xFF80, 0xFF80, 0xFF80, 0xFF80, 0xFF80, 0xFF80,
    0xFF80, 0xFF80, 0xFF80, 0xFF80, 0xF760, 0xFFA0, 0xFFE1, 0x4A40, 0x0001, 0xE71B, 0xFFFF, 0xFFFF,
    0xFFDF, 0xFFDF, 0xFFDF, 0xFFDF, 0xFFDF, 0xFFDF, 0xFFDF, 0xFFDF, 0xFFDF, 0xFFDF, 0xFFDF, 0xFFFF,
    0xFFFF, 0xFFFF, 0xFFFF, 0xFFFF, 0xFFFF, 0xEF5D, 0x29A7, 0x8EDE, 0x2A4B, 0x20C0, 0xF781, 0xFFE0,
    0xA4C0, 0x0000, 0x6882, 0xB0A3, 0x1861, 0xD6DB, 0xFFFF, 0xFFFF, 0xFFFF, 0xFFFF, 0xFFFF, 0xFFFF,
    0xFFFF, 0xFFFF, 0xFFDF, 0xFFFF, 0xDEDA, 0x2104, 0x5432, 0x9F9F, 0x3ACC, 0x0000, 0x7B81, 0x31A0,
    0x1801, 0xB0A2, 0x38E4, 0xEF9E, 0xFFFF, 0xFFFF, 0xFFFF, 0xFFFF, 0xFFFF, 0xFFFF, 0xFFFF, 0xFFFF,
    0xFFFF, 0xFFFF, 0xFFFF, 0xFFDF, 0xFFDF, 0x39C7, 0x5432, 0x42CC, 0x20E3, 0x18E4, 0x3861, 0x2841,
    0xD6FB, 0xFFFF, 0xFFFF, 0xFFFF, 0xFFFF, 0xFFFF, 0xFFFF, 0xFFFF, 0xFFFF, 0xFFDF, 0xFFFF, 0xFFFF,
    0xFFFF, 0xFFFF, 0xFFFF, 0xFFFF, 0xEF5D, 0xCE79, 0xAD75, 0x94D2, 0x8C71, 0x9492, 0xA534, 0xC617,
    0xE73C, 0xFFFF, 0xFFFF, 0xFFFF, 0xFFFF, 0xFFFF, 0xFFDF, 0xFFFF, 0xFFFF, 0xFFFF, 0xFFFF, 0xFFFF,
    0xFFFF, 0xFFFF, 0xFFFF, 0xFFFF, 0xFFFF, 0xFFFF, 0xFFFF, 0xFFFF, 0xFFFF, 0xFFFF, 0xFFFF, 0xFFFF,
    0xFFFF, 0xFFDF, 0xFFDF, 0xCE79, 0xDEFB, 0xFFFF, 0xFFFF, 0xFFFF, 0xFFFF, 0xD679, 0x9CB2, 0x6B2C,
    0x4208, 0x31E8, 0x326B, 0x4390, 0x5C73, 0x5473, 0x3B0D, 0x08A3, 0x0000, 0x4209, 0x5ACB, 0x738E,
    0xA513, 0xDF1B, 0xFFFF, 0xFFFF, 0xFFDF, 0xFFFF, 0xFFFF, 0xFFFF, 0xFFFF, 0xFFDF, 0xFFFF, 0x8C10,
    0x3AED, 0x96FE, 0x0883, 0x4A40, 0x2100, 0x2000, 0xC0E4, 0x5800, 0x4AAA, 0xFFFF, 0xFFDF, 0xFFFF,
    0xFFFF, 0xFFFF, 0xFFFF, 0xFFFF, 0xFFFF, 0xFFFF, 0xD699, 0x21A7, 0x8E9C, 0x0043, 0x6B20, 0xFFE1,
    0xF760, 0xFF80, 0xFF80, 0xFF80, 0xFF80, 0xFF80, 0xFF80, 0xFF80, 0xFF80, 0xFF80, 0xFF80, 0xFF80,
    0xFF80, 0xFF80, 0xFF80, 0xFF80, 0xFF80, 0xFF80, 0xFF80, 0xFF80, 0xFFE0, 0xE700, 0x6320, 0x1080,
    0x31A6, 0xDEDB, 0xFFFF, 0xFFFF, 0xFFFF, 0xFFFF, 0xFFFF, 0xFFFF, 0xFFFF, 0xFFFF, 0xFFFF, 0xFFFF,
    0xFFFF, 0xFFFF, 0xFFFF, 0xFFFF, 0xFFFF, 0xFFFF, 0xFFFF, 0xFFFF, 0xFFFF, 0xDEDA, 0x29C7, 0x971F,
    0x1968, 0x39A0, 0xFFE1, 0xF760, 0xFFE0, 0x62E0, 0x0000, 0x98C3, 0x8041, 0x31C7, 0xF7DF, 0xFFDF,
    0xFFFF, 0xFFFF, 0xFFFF, 0xFFFF, 0xFFFF, 0xFFDF, 0xFFFF, 0xCE38, 0x18E4, 0x64D5, 0x9F5F, 0x2A29,
    0x0000, 0x8C21, 0xFFE1, 0x10E0, 0x5022, 0xA862, 0x3986, 0xFFFF, 0xFFFF, 0xFFFF, 0xFFFF, 0xFFFF,
    0xFFFF, 0xFFFF, 0xFFFF, 0xFFFF, 0xFFFF, 0xFFFF, 0xFFDF, 0xFFFF, 0x62CB, 0x32CD, 0x9F9F, 0x21A7,
    0x0000, 0x0000, 0xA8C3, 0x5000, 0x94F3, 0xFFFF, 0xFFDF, 0xFFFF, 0xFFFF, 0xFFFF, 0xFFFF, 0xFFFF,
    0xFFFF, 0xFFFF, 0xFFFF, 0xFFFF, 0xFFFF, 0xFFFF, 0xFFDF, 0xFFFF, 0xFFFF, 0xFFFF, 0xFFFF, 0xFFFF,
    0xFFFF, 0xE75C, 0xCE79, 0xAD75, 0x94B2, 0x8C71, 0x9CD2, 0xB5B6, 0xD6BA, 0xF7BE, 0xFFFF, 0xFFFF,
    0xFFFF, 0xFFFF, 0xFFDF, 0xFFDF, 0xFFFF, 0xFFFF, 0xFFFF, 0xFFFF, 0xFFFF, 0xFFFF, 0xFFFF, 0xFFFF,
    0xFFFF, 0xFFFF, 0xFFFF, 0xFFFF, 0xFFFF, 0xFFFF, 0xFFFF, 0xFFFF, 0xF7BE, 0xBDD6, 0x83EF, 0x528A,
    0x31C8, 0x2A09, 0x3B2E, 0x5CB4, 0x75D9, 0x865B, 0x7598, 0x53F2, 0x2A2B, 0x08A5, 0x0001, 0x0860,
    0x18C0, 0x1060, 0x0000, 0x0000, 0x0000, 0x0861, 0x5ACA, 0xC638, 0xFFFF, 0xFFFF, 0xFFFF, 0xFFFF,
    0xFFFF, 0xFFFF, 0xFFFF, 0x39E7, 0x6D99, 0x64B4, 0x0000, 0xCE41, 0xC600, 0x0000, 0x4061, 0xC8E4,
    0x3000, 0x8471, 0xFFFF, 0xFFDF, 0xFFFF, 0xFFFF, 0xFFFF, 0xFFFF, 0xFFDF, 0xFFFF, 0x8C10, 0x438F,
    0x5C73, 0x0800, 0xE701, 0xFFC0, 0xFF80, 0xFF80, 0xFF80, 0xFF80, 0xFF80, 0xFF80, 0xFF80, 0xFF80,
    0xFF80, 0xFF80, 0xFF80, 0xFF80, 0xFF80, 0xFF80, 0xFF80, 0xFF80, 0xFF80, 0xF760, 0xFFE0, 0xFFC0,
    0x9CC0, 0x10C0, 0x0000, 0x2104, 0xFFFF, 0xFFFF, 0xFFFF, 0xFFFF, 0xB596, 0x9471, 0x9491, 0x9451,
    0x9471, 0x9471, 0x9491, 0x9491, 0x9491, 0x9491, 0x9CB2, 0xC638, 0xFFFF, 0xFFFF, 0xFFFF, 0xFFFF,
    0xFFFF, 0xC618, 0x2A09, 0x971F, 0x0885, 0x5A80, 0xFFE1, 0xF760, 0xFFA0, 0xF760, 0x2940, 0x1000,
    0xC0E3, 0x4800, 0x638E, 0xFFFF, 0xFFDF, 0xFFFF, 0xFFFF, 0xFFFF, 0xF7DE, 0xFFFF, 0xBDB6, 0x10C4,
    0x6D78, 0x96FE, 0x2187, 0x0000, 0x9CC1, 0xFFE0, 0xE6C0, 0x0040, 0x6862, 0x9021, 0x4A69, 0xFFFF,
    0xFFDF, 0xFFFF, 0xFFFF, 0xFFFF, 0xFFFF, 0xFFFF, 0xFFFF, 0xFFFF, 0xFFFF, 0xF7DE, 0xFFFF, 0x83EF,
    0x21E9, 0x9F9F, 0x432E, 0x0000, 0x5AA1, 0x0020, 0x90A3, 0x8020, 0x52CB, 0xFFFF, 0xFFDF, 0xFFFF,
    0xFFFF, 0xFFFF, 0xFFFF, 0xFFFF, 0xFFFF, 0xFFFF, 0xFFFF, 0xFFFF, 0xF79E, 0xF7DE, 0xFFFF, 0xFFFF,
    0xFFFF, 0xFFFF, 0xFFDF, 0xFFDF, 0xFFFF, 0xFFFF, 0xFFFF, 0xFFFF, 0xFFFF, 0xF7BE, 0xDEDA, 0xB5B6,
    0x9CD3, 0x8C71, 0x9491, 0xAD54, 0xCE58, 0xEF7D, 0xFFFF, 0xFFFF, 0xFFFF, 0xFFFF, 0xFFFF, 0xFFDF,
    0xFFFF, 0xFFFF, 0xFFFF, 0xFFFF, 0xFFFF, 0xFFFF, 0xFFFF, 0xFFFF, 0xEF5D, 0xBDD6, 0x83CF, 0x4A49,
    0x29C7, 0x324A, 0x4BB0, 0x6D57, 0x867C, 0x8EBD, 0x7DD9, 0x5412, 0x21EA, 0x0043, 0x0000, 0x0800,
    0x3980, 0x7360, 0xAD40, 0xDEA0, 0xF740, 0xF761, 0xE6E1, 0xB581, 0x62E1, 0x0000, 0x0000, 0x0820,
    0x7BCF, 0xFFFF, 0xFFFF, 0xFFFF, 0xFFFF, 0xFFFF, 0xD699, 0x2187, 0x973F, 0x21E9, 0x18A0, 0xF761,
    0xFFE0, 0x8C00, 0x0000, 0x6882, 0xC0C3, 0x1800, 0xB5F7, 0xFFFF, 0xFFDF, 0xFFFF, 0xFFFF, 0xFFFF,
    0xFFDF, 0xFFFF, 0x5289, 0x6516, 0x1968, 0x5260, 0xFFE1, 0xF760, 0xFF80, 0xFF80, 0xFF80, 0xFF80,
    0xFF80, 0xFF80, 0xFF80, 0xFF80, 0xFF80, 0xFF80, 0xFF80, 0xFF80, 0xFF80, 0xFF80, 0xFF80, 0xF760,
    0xFFA0, 0xFFE0, 0xCE20, 0x3A00, 0x0000, 0x3821, 0xB904, 0x4800, 0x6B8E, 0xFFFF, 0xF7DE, 0xFFFF,
    0x39C7, 0x2A6B, 0x4B90, 0x436F, 0x436F, 0x434F, 0x434F, 0x436F, 0x436F, 0x4BB0, 0x2A4A, 0x4A49,
    0xFFFF, 0xFFFF, 0xFFFF, 0xFFDF, 0xFFFF, 0xB555, 0x326B, 0x96FE, 0x0002, 0x7B80, 0xFFE1, 0xF760,
    0xF780, 0xFFE0, 0xD640, 0x0040, 0x3841, 0xC8E3, 0x2000, 0xA575, 0xFFFF, 0xFFDF, 0xFFFF, 0xF7DE,
    0xFFFF, 0xAD34, 0x10E4, 0x7E1A, 0x8EBC, 0x1925, 0x0000, 0xB561, 0xFFE0, 0xFFC0, 0xCE20, 0x0000,
    0x80A3, 0x8000, 0x5B2C, 0xFFFF, 0xFFDF, 0xFFFF, 0xFFFF, 0xFFFF, 0xFFFF, 0xFFFF, 0xFFFF, 0xFFFF,
    0xFFDF, 0xFFFF, 0xAD34, 0x1125, 0x973F, 0x5C52, 0x0000, 0x7BA1, 0xFFC1, 0x08A0, 0x4821, 0xB082,
    0x30E4, 0xEFBE, 0xFFFF, 0xFFFF, 0xFFFF, 0xFFFF, 0xFFFF, 0xFFFF, 0xFFFF, 0xFFFF, 0xFFDF, 0xFFFF,
    0x94B2, 0xBDF7, 0xFFFF, 0xFFFF, 0xF7DE, 0x8C51, 0xFFFF, 0xFFFF, 0xFFFF, 0xFFFF, 0xFFFF, 0xFFDF,
    0xFFFF, 0xFFFF, 0xFFFF, 0xFFFF, 0xFFFF, 0xFFFF, 0xE71C, 0xC618, 0xA514, 0x9491, 0x8C71, 0x9D13,
    0xC618, 0xE73C, 0xFFFF, 0xFFFF, 0xFFFF, 0xFFFF, 0xFFFF, 0xFFFF, 0xFFFF, 0xFFDF, 0xFFFF, 0x9492,
    0x2986, 0x326B, 0x4BF1, 0x6D98, 0x8EBD, 0x8EBD, 0x7598, 0x4BB1, 0x21C9, 0x0023, 0x0000, 0x0800,
    0x3980, 0x7BA0, 0xB580, 0xEF21, 0xFFE1, 0xFFE1, 0xFFE0, 0xFFC0, 0xFFA0, 0xFFA0, 0xFFC0, 0xFFE0,
    0xFFE0, 0xCE40, 0x39A0, 0x0000, 0x1800, 0x5AAA, 0xF7DE, 0xFFDF, 0xF7DE, 0xFFFF, 0x83EF, 0x3B2E,
    0x96DD, 0x0001, 0x6B20, 0xFFE0, 0xF760, 0xFFE0, 0x5AA0, 0x0000, 0x90C3, 0xA082, 0x18C3, 0xE73C,
    0xFFFF, 0xFFFF, 0xFFFF, 0xFFFF, 0xFFFF, 0xFFDF, 0x4229, 0x6516, 0x0001, 0xAD20, 0xFFE0, 0xF780,
    0xFF80, 0xFF80, 0xFF80, 0xFF80, 0xFF80, 0xFF80, 0xFF80, 0xFF80, 0xFF80, 0xFF80, 0xFF80, 0xFF80,
    0xFF80, 0xFF80, 0xFF80, 0xFFE0, 0xF760, 0x7380, 0x0000, 0x1000, 0x88A2, 0xC8E4, 0x8021, 0x2861,
    0x7BEF, 0xFFDF, 0xFFDF, 0xFFFF, 0x528A, 0x75DA, 0x8EBD, 0x7578, 0x7598, 0x7598, 0x7DB9, 0x7DD9,
    0x7DD9, 0x863B, 0x5CB4, 0x4208, 0xCE79, 0xEF5D, 0xFFDF, 0xF7BE, 0xFFFF, 0x9491, 0x3B0E, 0x8E7C,
    0x0000, 0x9460, 0xFFE0, 0xF760, 0xFF80, 0xF760, 0xFFE0, 0x9CA0, 0x0000, 0x70A2, 0xA882, 0x1882,
    0xDF1C, 0xFFFF, 0xF7DE, 0xFFFF, 0x9CB2, 0x10E4, 0x867C, 0x865B, 0x10C4, 0x0840, 0xBDE1, 0xFFE0,
    0xF740, 0xFFE0, 0xB580, 0x0000, 0x98C3, 0x6800, 0x7410, 0xFFFF, 0xFFDF, 0xFFFF, 0xFFFF, 0xFFFF,
    0xFFFF, 0xFFFF, 0xFFFF, 0xFFDF, 0xFFFF, 0xC638, 0x10C4, 0x869C, 0x7557, 0x0000, 0x5280, 0xFFE1,
    0xFFE0, 0x52A0, 0x0800, 0xC0E3, 0x3800, 0xB617, 0xFFFF, 0xFFDF, 0xFFFF, 0xFFFF, 0xFFFF, 0xFFFF,
    0xFFFF, 0xFFFF, 0xFFDF, 0xFFFF, 0x52AA, 0x6B6D, 0xE71C, 0x7BCF, 0xF7BE, 0x0041, 0xC618, 0xFFFF,
    0xFFDF, 0xFFFF, 0xFFFF, 0xFFFF, 0xFFFF, 0xFFFF, 0xFFDF, 0xC638, 0xE71C, 0xFFFF, 0xFFFF, 0xFFFF,
    0xFFFF, 0xFFFF, 0xEF5D, 0xCE59, 0xAD55, 0x9492, 0x8C71, 0x9D13, 0xBDF7, 0xDEFB, 0xFFDF, 0xFFFF,
    0xFFFF, 0xFFDF, 0xFFFF, 0x83EF, 0x3B0E, 0x9F9F, 0x7557, 0x4B90, 0x1968, 0x0002, 0x0000, 0x0820,
    0x41C0, 0x7BA0, 0xB580, 0xE701, 0xFFE1, 0xFFE1, 0xFFE0, 0xFFA0, 0xFF80, 0xF760, 0xF780, 0xFF80,
    0xFF80, 0xFF80, 0xFF80, 0xF780, 0xF760, 0xFFE0, 0xF780, 0x4200, 0x1001, 0x3800, 0x632C, 0xFFFF,
    0xFFDF, 0xFFFF, 0x39C7, 0x75B9, 0x64D5, 0x0000, 0xBDC1, 0xFFE0, 0xF760, 0xFFA0, 0xF780, 0x3160,
    0x0800, 0xB0E3, 0x7020, 0x3A08, 0xFFFF, 0xFFDF, 0xFFFF, 0xFFFF, 0xFFFF, 0xEF5D, 0x3A4A, 0x5433,
    0x0000, 0xDEC1, 0xFFC0, 0xFF80, 0xFF80, 0xFF80, 0xFF80, 0xFF80, 0xFF80, 0xFF80, 0xFF80, 0xFF80,
    0xFF80, 0xFF80, 0xFF80, 0xFF80, 0xF760, 0xFFC0, 0xFFE0, 0xAD40, 0x2120, 0x0000, 0x6062, 0xC0E3,
    0xA062, 0x3800, 0x4269, 0xCEBA, 0xFFFF, 0xFFFF, 0xFFDF, 0xFFFF, 0x528A, 0x6D58, 0x4BB0, 0x0000,
    0x0000, 0x0000, 0x0000, 0x0000, 0x0000, 0x0000, 0x0000, 0x0000, 0x0000, 0xB596, 0xFFFF, 0xFFFF,
    0xFFFF, 0x83EF, 0x4BD1, 0x7DF9, 0x0000, 0xAD40, 0xFFE0, 0xF780, 0xFF80, 0xFF80, 0xF780, 0xFFE0,
    0x5AC0, 0x0000, 0xA0E3, 0x7821, 0x3A08, 0xFFFF, 0xFFFF, 0x8C10, 0x1946, 0x8EDD, 0x7DD9, 0x0863,
    0x18A0, 0xCE61, 0xFFE0, 0xF760, 0xF760, 0xFFE0, 0x9CA0, 0x0000, 0xA8E3, 0x5000, 0x94F3, 0xFFFF,
    0xFFDF, 0xFFFF, 0xFFFF, 0xFFFF, 0xFFFF, 0xFFFF, 0xFFFF, 0xFFFF, 0xE71B, 0x18E4, 0x7598, 0x865B,
    0x0042, 0x3180, 0xF781, 0xF780, 0xFFE0, 0xA500, 0x0000, 0xA0E3, 0x6800, 0x73EF, 0xFFFF, 0xFFDF,
    0xFFFF, 0xFFFF, 0xFFFF, 0xFFFF, 0xFFFF, 0xFFFF, 0xFFFF, 0xFFFF, 0x2965, 0x2965, 0x9CD3, 0x0000,
    0x8430, 0x1000, 0x528A, 0xFFFF, 0xFFDF, 0xFFFF, 0xFFFF, 0xFFFF, 0xFFFF, 0xFFFF, 0xD69A, 0x10A3,
    0x3208, 0x4A49, 0x7BAE, 0xB595, 0xE73C, 0xFFFF, 0xFFFF, 0xFFFF, 0xFFFF, 0xFFFF, 0xF7BE, 0xD6BA,
    0xB596, 0x94B2, 0x94B2, 0xEF9D, 0xFFFF, 0xFFFF, 0xFFFF, 0xBDD6, 0x2A2A, 0x971F, 0x10C3, 0x0000,
    0x4200, 0x8400, 0xBDE0, 0xEF41, 0xFFE1, 0xFFE1, 0xFFE0, 0xFFC0, 0xFF80, 0xF760, 0xF780, 0xFF80,
    0xFF80, 0xFF80, 0xFF80, 0xFF80, 0xFF80, 0xFF80, 0xFF80, 0xFF80, 0xFF80, 0xF760, 0xFFC0, 0xEF20,
    0x18E0, 0x3041, 0x4000, 0x9D54, 0xFFFF, 0xCE58, 0x2187, 0x973F, 0x2A0A, 0x1880, 0xF781, 0xFFA0,
    0xFF80, 0xFF80, 0xFFC0, 0xDEA0, 0x0880, 0x2821, 0xC8E4, 0x4000, 0x6BAE, 0xFFFF, 0xFFDF, 0xFFFF,
    0xFFFF, 0xE71B, 0x3A6A, 0x3B0F, 0x18A0, 0xFF81, 0xFFA0, 0xFF80, 0xFF80, 0xFF80, 0xFF80, 0xFF80,
    0xFF80, 0xFF80, 0xFF80, 0xFF80, 0xFF80, 0xFF80, 0xFF80, 0xFF80, 0xFFE0, 0xD680, 0x4A80, 0x0000,
    0x2801, 0xA8E3, 0xC0C3, 0x5800, 0x2925, 0x9D55, 0xFFFF, 0xFFFF, 0xFFDF, 0xFFFF, 0xFFDF, 0xFFFF,
    0x5AAA, 0x6D99, 0x5C74, 0x0000, 0xB581, 0xC601, 0xC5E0, 0xBDC0, 0xBDA0, 0xB560, 0xAD40, 0x8C40,
    0x0000, 0x3A08, 0x5B0C, 0x738E, 0xFFFF, 0x6B2C, 0x5C94, 0x6D36, 0x0000, 0xC601, 0xFFE0, 0xF780,
    0xFF80, 0xFF80, 0xFF80, 0xFFA0, 0xF760, 0x2120, 0x1800, 0xC0E3, 0x4000, 0x7410, 0x8C0F, 0x1966,
    0x973F, 0x7556, 0x0001, 0x2920, 0xDEC1, 0xFFE0, 0xF760, 0xFF80, 0xF760, 0xFFE0, 0x7BE0, 0x0000,
    0xB8E3, 0x4000, 0xA596, 0xFFFF, 0xFFDF, 0xFFFF, 0xFFFF, 0xFFFF, 0xFFFF, 0xFFFF, 0xFFFF, 0xF7BE,
    0x3165, 0x5C74, 0x971E, 0x1105, 0x18A0, 0xE6E1, 0xFFC0, 0xF760, 0xFFC0, 0xE6E0, 0x0040, 0x6062,
    0xA041, 0x39C7, 0xFFFF, 0xFFFF, 0xFFFF, 0xFFFF, 0xFFFF, 0xFFFF, 0xFFFF, 0xFFFF, 0xFFFF, 0xDEBA,
    0x3229, 0x3AAC, 0x18C3, 0x0000, 0x0000, 0x8082, 0x3820, 0xBE58, 0xFFFF, 0xFFDF, 0xFFFF, 0xFFFF,
    0xFFDF, 0xFFFF, 0x8C30, 0x3B2E, 0x975F, 0x75B9, 0x5412, 0x32AB, 0x31E8, 0x5289, 0x840F, 0xC5F7,
    0xF79D, 0xFFFF, 0xFFFF, 0xFFFF, 0xFFFF, 0xFFFF, 0xFFDF, 0xFFFF, 0xFFFF, 0xFFFF, 0xFFFF, 0xE71C,
    0x2987, 0x96FE, 0x326B, 0x18A0, 0xFFE1, 0xFFE0, 0xFFE0, 0xFFA0, 0xFF80, 0xF760, 0xF780, 0xFF80,
    0xFF80, 0xFF80, 0xFF80, 0xFF80, 0xFF80, 0xFF80, 0xFF80, 0xFF80, 0xFF80, 0xFF80, 0xFF80, 0xFF80,
    0xFF80, 0xFF80, 0xF760, 0xFFE0, 0xA4E0, 0x0000, 0x7041, 0x3904, 0xF7DE, 0x83EF, 0x3B2E, 0x96DE,
    0x0022, 0x6B00, 0xFFE0, 0xF760, 0xFF80, 0xFF80, 0xF760, 0xFFE0, 0xB540, 0x0000, 0x5061, 0xC8E3,
    0x2000, 0x9D55, 0xFFFF, 0xF7DE, 0xFFFF, 0xEF3C, 0x3A6A, 0x2A4C, 0x3140, 0xFFE1, 0xFF80, 0xFF80,
    0xFF80, 0xFF80, 0xFF80, 0xFF80, 0xFF80, 0xFF80, 0xFF80, 0xFF80, 0xFF80, 0xFF80, 0xFFC0, 0xFFA0,
    0x8400, 0x0860, 0x1000, 0x7882, 0xC0C3, 0x7821, 0x2041, 0x6BCF, 0xEF9D, 0xFFFF, 0xFFFF, 0xFFFF,
    0xFFFF, 0xFFFF, 0xFFDF, 0xFFFF, 0x528A, 0x43B0, 0x432E, 0x0000, 0xEF41, 0xFFE0, 0xFFC0, 0xFFE0,
    0xFFE0, 0xFFE0, 0xFFE0, 0xDEA0, 0x0000, 0x5000, 0x7000, 0x20C3, 0xFFFF, 0x52AA, 0x6537, 0x5C53,
    0x0000, 0xDEA1, 0xFFC0, 0xFF80, 0xFF80, 0xFF80, 0xFF80, 0xF760, 0xFFE0, 0xCE20, 0x0020, 0x4041,
    0xC0E4, 0x1800, 0x1187, 0x9F7F, 0x6CF5, 0x0001, 0x39A0, 0xE721, 0xFFE0, 0xF760, 0xFF80, 0xFF80,
    0xF760, 0xFFE0, 0x6300, 0x0800, 0xB8E3, 0x3820, 0xC679, 0xFFFF, 0xFFFF, 0xFFFF, 0xFFFF, 0xFFFF,
    0xFFFF, 0xFFDF, 0xFFFF, 0x5249, 0x3B4F, 0x9F9F, 0x29E8, 0x0000, 0xC621, 0xFFE0, 0xF760, 0xFF80,
    0xFF80, 0xFFE0, 0x39E0, 0x2001, 0xB8C3, 0x3062, 0xD71B, 0xFFFF, 0xFFFF, 0xFFFF, 0xFFFF, 0xFFFF,
    0xFFFF, 0xFFDF, 0xFFFF, 0xA4D3, 0x3B0D, 0x7578, 0x0000, 0x0820, 0x0000, 0x98A3, 0x8021, 0x4A69,
    0xFFFF, 0xFFFF, 0xFFFF, 0xFFFF, 0xFFFF, 0xFFFF, 0x4A49, 0x6D57, 0x5C53, 0x432E, 0x7578, 0x8EBD,
    0x8EBD, 0x6D99, 0x4BD1, 0x326B, 0x31C7, 0x7BEF, 0xFFDF, 0xFFDF, 0xFFDF, 0xFFDF, 0xFFFF, 0xFFFF,
    0xFFFF, 0xFFFF, 0xFFFF, 0xFFFF, 0x39E7, 0x7DFB, 0x5412, 0x0000, 0xDEA1, 0xFFA0, 0xF760, 0xFF80,
    0xFF80, 0xFF80, 0xFF80, 0xFF80, 0xFF80, 0xFF80, 0xFF80, 0xFF80, 0xFF80, 0xF760, 0xF760, 0xFF80,
    0xFF80, 0xFF80, 0xFF80, 0xFF80, 0xFF80, 0xFFA0, 0xF760, 0xAD40, 0xF740, 0x10E0, 0x4842, 0x5000,
    0x8CB2, 0x4A29, 0x7599, 0x64D5, 0x0000, 0xBDA1, 0xFFE0, 0xF780, 0xFF80, 0xFF80, 0xFF80, 0xF760,
    0xFFE0, 0x7BA0, 0x0000, 0x78A2, 0xB0A3, 0x1061, 0xCEBA, 0xFFFF, 0xFFFF, 0xF7BE, 0x4269, 0x19C9,
    0x39A0, 0xFFE1, 0xFF80, 0xFF80, 0xFF80, 0xFF80, 0xFF80, 0xFF80, 0xFF80, 0xFF80, 0xFF80, 0xFF80,
    0xFF80, 0xFFA0, 0xDEC0, 0x2960, 0x0000, 0x1800, 0x98C2, 0xA8C3, 0x4062, 0x4269, 0xC679, 0xFFFF,
    0xFFFF, 0xFFDF, 0xFFFF, 0xFFFF, 0xFFFF, 0xFFFF, 0xFFDF, 0xFFFF, 0x94D2, 0x5269, 0x39C7, 0x0840,
    0xE6E1, 0xFFE0, 0xFFC0, 0xFFE0, 0xFFE0, 0xFFE0, 0xFFE0, 0xE6C0, 0x0000, 0x88A3, 0xB882, 0x3965,
    0xFFFF, 0x4208, 0x75FA, 0x4B70, 0x0820, 0xEF41, 0xFFA0, 0xFF80, 0xFF80, 0xFF80, 0xFF80, 0xFF80,
    0xF760, 0xFFE0, 0x9C80, 0x0000, 0x70A2, 0xA882, 0x2945, 0x53D0, 0x0000, 0x4200, 0xEF61, 0xFFC0,
    0xF760, 0xFF80, 0xFF80, 0xFF80, 0xF780, 0xFFE0, 0x4A40, 0x1801, 0xB8C3, 0x3062, 0xDF1B, 0xFFFF,
    0xFFFF, 0xFFFF, 0xFFFF, 0xFFFF, 0xF7DE, 0xFFFF, 0x736D, 0x2229, 0x9F9F, 0x42ED, 0x0000, 0xA501,
    0xFFE0, 0xF760, 0xFF80, 0xFF80, 0xF760, 0xFFE0, 0x8C20, 0x0000, 0xB0E3, 0x4800, 0x9514, 0xFFFF,
    0xFFDF, 0xFFFF, 0xFFFF, 0xFFFF, 0xFFFF, 0xFFDF, 0xFFFF, 0x6B0C, 0x5473, 0x865B, 0x0000, 0x83E0,
    0x2120, 0x3021, 0xC8E3, 0x2800, 0xC659, 0xFFFF, 0xFFDF, 0xFFFF, 0xFFFF, 0xE73C, 0x29A7, 0x869D,
    0x10E4, 0x0000, 0x0000, 0x0002, 0x1968, 0x4B90, 0x7578, 0x9F5F, 0x436F, 0x738D, 0xFFFF, 0xFFFF,
    0xFFFF, 0xFFFF, 0xFFFF, 0xFFFF, 0xFFFF, 0xFFFF, 0xFFDF, 0xFFFF, 0x62EB, 0x5CB4, 0x7DB9, 0x0000,
    0xB540, 0xFFE0, 0xF780, 0xFF80, 0xFF80, 0xFF80, 0xFF80, 0xFF80, 0xFF80, 0xFF80, 0xFF80, 0xFF80,
    0xFFA0, 0xFFE0, 0xFFE0, 0xFFC0, 0xFF80, 0xFF80, 0xFF80, 0xFF80, 0xFF80, 0xFF80, 0xFFC0, 0x41E0,
    0xDEC0, 0x5B00, 0x1001, 0x90A2, 0x20E4, 0x29E8, 0x973F, 0x2A0A, 0x1880, 0xF781, 0xFFA0, 0xFF80,
    0xFF80, 0xFF80, 0xFF80, 0xFF80, 0xF780, 0xFFC0, 0x4A40, 0x0000, 0xA0C3, 0x8841, 0x2165, 0xF7BE,
    0xFFDF, 0xFFFF, 0x52CB, 0x0906, 0x3180, 0xFFC1, 0xFF80, 0xFF80, 0xFF80, 0xFF80, 0xFF80, 0xFF80,
    0xFF80, 0xFF80, 0xFF80, 0xFF80, 0xFF80, 0xFFA0, 0xEF20, 0xA500, 0x5AC0, 0x0820, 0x0001, 0x0000,
    0x5B2C, 0xFFFF, 0xFFFF, 0xFFFF, 0xFFDF, 0xFFDF, 0xFFFF, 0xFFFF, 0xFFFF, 0xFFFF, 0xFFFF, 0xFFFF,
    0xFFFF, 0xFFFF, 0xAD75, 0x0000, 0x3180, 0x3A00, 0x3A20, 0x4220, 0x4220, 0x4A60, 0x4AA0, 0x4220,
    0x0000, 0x7882, 0xA061, 0x3986, 0xF7DE, 0x31C7, 0x867C, 0x328C, 0x20C0, 0xFFA1, 0xFFA0, 0xFF80,
    0xFF80, 0xFF80, 0xFF80, 0xFF80, 0xFF80, 0xF780, 0xFFE0, 0x5AC0, 0x0000, 0x98C3, 0x5041, 0x0000,
    0x5260, 0xF7A1, 0xFFA0, 0xF780, 0xFF80, 0xFF80, 0xFF80, 0xFF80, 0xFF80, 0xFFC0, 0x2980, 0x3001,
    0xB0A2, 0x30E4, 0xEF9E, 0xFFFF, 0xFFFF, 0xFFFF, 0xFFFF, 0xFFDF, 0xFFFF, 0x9CB2, 0x1946, 0x9F7F,
    0x53F1, 0x0000, 0x83E1, 0xFFE0, 0xF760, 0xFF80, 0xFF80, 0xFF80, 0xFF80, 0xFFE0, 0xD640, 0x0000,
    0x80A2, 0x8020, 0x52EB, 0xFFFF, 0xFFDF, 0xFFFF, 0xFFFF, 0xFFFF, 0xFFFF, 0xFFFF, 0xFFDF, 0x39C7,
    0x7E1B, 0x5C73, 0x0000, 0xEF01, 0x8C40, 0x0000, 0xA8E3, 0x7820, 0x4A8A, 0xFFFF, 0xFFDF, 0xFFDF,
    0xFFFF, 0xA513, 0x32AC, 0x863B, 0x0000, 0x9461, 0xCE81, 0x8C20, 0x4A00, 0x1040, 0x0000, 0x0023,
    0x0023, 0x6B4D, 0xCE79, 0xF79E, 0xFFFF, 0xFFFF, 0xFFFF, 0xFFFF, 0xFFFF, 0xFFFF, 0xFFDF, 0xFFFF,
    0x9471, 0x3B2E, 0x96DD, 0x0001, 0x7BC0, 0xFFE1, 0xF760, 0xFF80, 0xFF80, 0xFF80, 0xFF80, 0xFF80,
    0xFF80, 0xFF80, 0xFF80, 0xFFA0, 0xEF40, 0x7380, 0x6B20, 0xE6E0, 0xFFA0, 0xFF80, 0xFF80, 0xFF80,
    0xFF80, 0xF760, 0xFFE0, 0x6B20, 0xBDA0, 0x8C40, 0x0000, 0xA8E3, 0x0800, 0x434E, 0x96DD, 0x0022,
    0x6300, 0xFFE0, 0xF760, 0xFF80, 0xFF80, 0xFF80, 0xFF80, 0xFF80, 0xFF80, 0xFFA0, 0xEF40, 0x2100,
    0x1000, 0xB8E3, 0x5800, 0x4ACB, 0xFFFF, 0xFFFF, 0x840F, 0x0042, 0x2100, 0xF760, 0xFFA0, 0xFF80,
    0xFF80, 0xFF80, 0xFF80, 0xFF80, 0xFF80, 0xFF80, 0xFF80, 0xFF80, 0xFF80, 0xFF80, 0xFFC0, 0xFFC0,
    0xC620, 0xCE60, 0x8420, 0x2120, 0x0001, 0x2106, 0x8430, 0xDEFB, 0xFFFF, 0xFFFF, 0xFFFF, 0xFFDF,
    0xFFFF, 0xFFFF, 0xFFFF, 0xFFFF, 0xFFDF, 0xFFDF, 0xCE79, 0x52AA, 0x1063, 0x2000, 0x3001, 0x2801,
    0x2001, 0x2001, 0x2001, 0x2801, 0x3041, 0x90A3, 0xA062, 0x41A6, 0xE75C, 0x29A7, 0x8EDE, 0x21A9,
    0x3980, 0xFFE1, 0xFF80, 0xFF80, 0xFF80, 0xFF80, 0xFF80, 0xFF80, 0xFF80, 0xFF80, 0xFFA0, 0xF760,
    0x2920, 0x0800, 0x0000, 0x5AC1, 0xFFC0, 0xFFA0, 0xFF80, 0xFF80, 0xFF80, 0xFF80, 0xFF80, 0xFF80,
    0xFFA0, 0xFF60, 0x10E0, 0x4822, 0xA862, 0x3966, 0xFFFF, 0xFFFF, 0xFFFF, 0xFFFF, 0xFFDF, 0xFFFF,
    0xBDF7, 0x10E4, 0x8EDD, 0x6D16, 0x0000, 0x5AC1, 0xFFE0, 0xF780, 0xFF80, 0xFF80, 0xFF80, 0xFF80,
    0xFF80, 0xFFA0, 0xFFA0, 0x2120, 0x3821, 0xB082, 0x3104, 0xF7BE, 0xFFFF, 0xFFFF, 0xFFFF, 0xFFFF,
    0xFFFF, 0xFFFF, 0xDEBA, 0x21A7, 0x973F, 0x2A4B, 0x20C0, 0xFFC1, 0xEF20, 0x10A0, 0x3821, 0xC8C3,
    0x2820, 0xC659, 0xFFFF, 0xF7DE, 0xFFFF, 0x62EB, 0x5CB5, 0x5C74, 0x0000, 0xDEA1, 0xFFE0, 0xFFE0,
    0xFFE1, 0xEF41, 0xC5E1, 0x7BC0, 0x41E0, 0x0840, 0x0000, 0xAD55, 0xFFFF, 0xFFDF, 0xFFFF, 0xFFFF,
    0xFFFF, 0xFFFF, 0xFFFF, 0xFFFF, 0xC5F7, 0x2A09, 0x975F, 0x1106, 0x4200, 0xFFE1, 0xF780, 0xFF80,
    0xFF80, 0xFF80, 0xFF80, 0xFF80, 0xFF80, 0xFF80, 0xF760, 0xFFE0, 0x7380, 0x0000, 0x0000, 0x4A20,
    0xFFE0, 0xFF80, 0xFF80, 0xFF80, 0xFF80, 0xF760, 0xFFE0, 0x6B20, 0xBD80, 0x8C40, 0x0000, 0xA8C3,
    0x2820, 0x6D98, 0x6CD5, 0x0000, 0xBDA1, 0xFFE0, 0xF780, 0xFF80, 0xFF80, 0xFF80, 0xFF80, 0xFF80,
    0xFF80, 0xF760, 0xFFE0, 0xCE20, 0x0040, 0x3041, 0xC8E4, 0x2800, 0x7C51, 0xFFFF, 0xC617, 0x0000,
    0x0840, 0xD680, 0xFFC0, 0xFF80, 0xFF80, 0xFF80, 0xFF80, 0xFF80, 0xFF80, 0xFF80, 0xFF80, 0xFF80,
    0xFF80, 0xFF80, 0xFFA0, 0xE700, 0x5280, 0x4A60, 0x94A0, 0xD660, 0xB560, 0x4A40, 0x0000, 0x0001,
    0x4229, 0xAD75, 0xF7BD, 0xFFFF, 0xFFFF, 0xFFFF, 0xFFFF, 0xFFFF, 0xFFFF, 0xFFFF, 0xFFFF, 0xFFFF,
    0x4A69, 0x9020, 0xC8E3, 0xB8C3, 0xB8A2, 0xB8C3, 0xB8C3, 0xB8A2, 0xB882, 0xB8A3, 0x9000, 0x39A6,
    0xD6BA, 0x29E8, 0x96FE, 0x08C6, 0x5260, 0xFFE1, 0xF780, 0xFF80, 0xFF80, 0xFF80, 0xFF80, 0xFF80,
    0xFF80, 0xFF80, 0xF760, 0xFFE0, 0xCE20, 0x0020, 0x6B20, 0xFFE0, 0xFFA0, 0xFF80, 0xFF80, 0xFF80,
    0xFF80, 0xFF80, 0xFF80, 0xF780, 0xFFC0, 0xEF00, 0x0060, 0x6062, 0x9841, 0x4228, 0xFFFF, 0xFFFF,
    0xFFFF, 0xFFFF, 0xFFFF, 0xDEDB, 0x18E4, 0x75D9, 0x861A, 0x0021, 0x39C0, 0xF7A1, 0xFF80, 0xFF80,
    0xFF80, 0xFF80, 0xFF80, 0xFF80, 0xFF80, 0xF760, 0xFFE0, 0x6B40, 0x0800, 0xB8E3, 0x3820, 0xBE38,
    0xFFFF, 0xFFDF, 0xFFFF, 0xFFFF, 0xFFDF, 0xFFFF, 0xA4F3, 0x32AC, 0x973F, 0x0064, 0x62C0, 0xFFE1,
    0xFFE0, 0x83E0, 0x0000, 0xA8E3, 0x7820, 0x4A8A, 0xFFFF, 0xFFFF, 0xF7BE, 0x31A7, 0x865C, 0x2A2B,
    0x20E0, 0xFFA1, 0xFF80, 0xF760, 0xF780, 0xFFA0, 0xFFE0, 0xFFE1, 0xFFE1, 0x8C20, 0x0001, 0xE73C,
    0xFFFF, 0xFFFF, 0xFFFF, 0xFFFF, 0xFFFF, 0xFFFF, 0xFFFF, 0xFFFF, 0xEF5D, 0x29A7, 0x8EDE, 0x3ACD,
    0x1060, 0xF781, 0xFFA0, 0xFF80, 0xFF80, 0xFF80, 0xFF80, 0xFF80, 0xFF80, 0xFF80, 0xF760, 0xFFE0,
    0x6B40, 0x0000, 0x0000, 0x4200, 0xFFE0, 0xFF80, 0xFF80, 0xFF80, 0xFF80, 0xF780, 0xFFE0, 0x52A0,
    0xD660, 0x7380, 0x0000, 0xA8A2, 0x30A3, 0x86BD, 0x2A2A, 0x18A0, 0xF781, 0xFFA0, 0xFF80, 0xFF80,
    0xFF80, 0xFF80, 0xF760, 0xFF80, 0xFF80, 0xFF80, 0xF760, 0xFFE0, 0xA4C0, 0x0000, 0x5882, 0xC0C3,
    0x1000, 0xB5D7, 0xFFFF, 0x2945, 0x0000, 0xA4E1, 0xFFE0, 0xF760, 0xFF80, 0xFF80, 0xFF80, 0xFF80,
    0xFF80, 0xFF80, 0xFF80, 0xFF80, 0xFF80, 0xFF80, 0xFF80, 0xFFA0, 0xFFE0, 0xCE40, 0x73A0, 0x4220,
    0x6B40, 0xBDC1, 0xD681, 0x8C60, 0x2100, 0x0000, 0x0864, 0x6B6E, 0xCE59, 0xFFFF, 0xFFFF, 0xFFFF,
    0xFFFF, 0xFFFF, 0xFFDF, 0xFFDF, 0x5ACB, 0x2882, 0x38C3, 0x30A3, 0x38A3, 0x30A2, 0x30A3, 0x38C3,
    0x38E3, 0x4104, 0x30C3, 0x528A, 0xC5F7, 0x2A2A, 0x96FE, 0x0023, 0x6B20, 0xFFE1, 0xF760, 0xFF80,
    0xFF80, 0xFF80, 0xFF80, 0xFF80, 0xFF80, 0xFF80, 0xFF80, 0xFF80, 0xFFC0, 0xC5E0, 0xFFA0, 0xFFA0,
    0xFF80, 0xFF80, 0xFF80, 0xFF80, 0xFF80, 0xFF80, 0xFF80, 0xFFA0, 0xFFE0, 0xD660, 0x0000, 0x80A2,
    0x8000, 0x52EB, 0xFFFF, 0xFFDF, 0xFFFF, 0xFFFF, 0xF79E, 0x2945, 0x5CD5, 0x96DD, 0x10A4, 0x20E0,
    0xE721, 0xFFC0, 0xFF80, 0xFF80, 0xFF80, 0xFF80, 0xFF80, 0xFF80, 0xFF80, 0xF780, 0xFFE0, 0xB560,
    0x0000, 0x98C3, 0x6800, 0x7410, 0xFFFF, 0xFFDF, 0xFFFF, 0xFFFF, 0xFFDF, 0xFFFF, 0x6B0C, 0x5453,
    0x861A, 0x0000, 0xA500, 0xFFE0, 0xFF80, 0xEF20, 0x10A0, 0x4021, 0xC8E3, 0x2800, 0xBE38, 0xFFFF,
    0xBDD6, 0x2A09, 0x96DE, 0x0043, 0x6B20, 0xFFE1, 0xF760, 0xFF80, 0xFF80, 0xFF80, 0xF780, 0xF760,
    0xFFE1, 0x4A40, 0x10A4, 0xD6FB, 0xFFFF, 0xFFFF, 0xFFFF, 0xFFFF, 0xFFFF, 0xFFFF, 0xFFFF, 0xFFFF,
    0xFFFF, 0x4228, 0x75B9, 0x64B5, 0x0000, 0xCE41, 0xFFE0, 0xFF80, 0xFF80, 0xFF80, 0xFF80, 0xFF80,
    0xFF80, 0xFF80, 0xFF80, 0xFFA0, 0xEF20, 0x6300, 0x4A60, 0xD680, 0xFFC0, 0xFF80, 0xFF80, 0xFF80,
    0xFF80, 0xFFC0, 0xE6E0, 0x41E0, 0xFFA0, 0x2160, 0x2801, 0xB882, 0x2905, 0x7E1A, 0x0022, 0x6B00,
    0xFFE1, 0xF760, 0xFF80, 0xFF80, 0xFF80, 0xFFC0, 0xFFE0, 0xFFC0, 0xFF80, 0xFF80, 0xFF80, 0xF760,
    0xFFE0, 0x6B20, 0x0000, 0x88A2, 0xA082, 0x1082, 0xE75D, 0xA513, 0x0000, 0x4A41, 0xFFE0, 0xFF80,
    0xFF80, 0xFF80, 0xFF80, 0xFF80, 0xFF80, 0xFF80, 0xFF80, 0xFF80, 0xFF80, 0xFF80, 0xFF80, 0xFF80,
    0xFF80, 0xFFE0, 0xFFE0, 0xF760, 0xA500, 0x5280, 0x4A40, 0x9480, 0xD6A1, 0xC601, 0x6300, 0x0020,
    0x0000, 0x4208, 0xE73C, 0xFFFF, 0xFFFF, 0xFFFF, 0xFFFF, 0xFFFF, 0xF79E, 0xE75C, 0xE75C, 0xE75C,
    0xE75C, 0xDF3C, 0xDF5C, 0xE77D, 0xE79D, 0xEF9E, 0xEF9D, 0xF7BE, 0xA513, 0x32AC, 0x8EBD, 0x0001,
    0x8C20, 0xFFE0, 0xF760, 0xFF80, 0xFF80, 0xFF80, 0xFF80, 0xFF80, 0xFF80, 0xFF80, 0xFF80, 0xFF80,
    0xFF80, 0xFFE0, 0xFF80, 0xFF80, 0xFF80, 0xFF80, 0xFF80, 0xFF80, 0xFF80, 0xFF80, 0xFFA0, 0xDEA0,
    0xFFC0, 0xBDA0, 0x0000, 0x90C3, 0x7000, 0x6BCF, 0xFFFF, 0xF7DE, 0xFFDF, 0xFFFF, 0x4A28, 0x4390,
    0x9F7F, 0x2186, 0x0840, 0xD661, 0xFFE0, 0xF760, 0xFF80, 0xFF80, 0xFF80, 0xF780, 0xFF80, 0xFF80,
    0xFF80, 0xFF80, 0xFFA0, 0xEF20, 0x0880, 0x5042, 0x9841, 0x39E7, 0xFFFF, 0xFFFF, 0xFFFF, 0xFFFF,
    0xFFFF, 0xFFFF, 0x39E8, 0x7E1B, 0x5412, 0x0000, 0xDEA1, 0xFFC0, 0xF760, 0xFFE0, 0x7BE0, 0x0000,
    0xA8E3, 0x7821, 0x4249, 0xFFFF, 0x738D, 0x4BB1, 0x7DB9, 0x0000, 0xB560, 0xFFE0, 0xF780, 0xFF80,
    0xFF80, 0xFF80, 0xFF80, 0xFFA0, 0xEF20, 0x10A0, 0x2821, 0x2841, 0x73AE, 0xFFFF, 0xFFDF, 0xFFFF,
    0xFFFF, 0xFFFF, 0xFFFF, 0xFFDF, 0xFFFF, 0x6B4D, 0x5432, 0x865B, 0x0000, 0x9CA0, 0xFFE0, 0xF760,
    0xFF80, 0xFF80, 0xFF80, 0xFF80, 0xFF80, 0xFF80, 0xFF80, 0xFF80, 0xFFA0, 0xFFE0, 0xFFE0, 0xFFC0,
    0xFF80, 0xFF80, 0xFF80, 0xFF80, 0xF760, 0xFFE0, 0x52A0, 0x9CC0, 0xD640, 0x0000, 0x7082, 0xA041,
    0x324A, 0x64B4, 0x0000, 0xC5C1, 0xFFE0, 0xF780, 0xFF80, 0xFF80, 0xFFC0, 0xDEC1, 0xA4E1, 0xE6E1,
    0xFFC0, 0xFF80, 0xFF80, 0xFF80, 0xFFA0, 0xFFE0, 0x41E0, 0x0000, 0xA8E3, 0x7021, 0x29C7, 0xFFFF,
    0x2945, 0x0020, 0xD661, 0xFFC0, 0xFF80, 0xFF80, 0xFF80, 0xFF80, 0xFF80, 0xFF80, 0xFF80, 0xFF80,
    0xFF80, 0xFF80, 0xFF80, 0xFF80, 0xFF80, 0xFF80, 0xF760, 0xFFA0, 0xFFE0, 0xFFE0, 0xCE60, 0x7380,
    0x39E0, 0x73A0, 0xBDE0, 0xEF61, 0x5AA0, 0x0001, 0xE73C, 0xFFFF, 0xFFFF, 0xFFFF, 0xFFFF, 0xFFFF,
    0xFFFF, 0xFFFF, 0xFFFF, 0xFFFF, 0xFFFF, 0xFFFF, 0xFFFF, 0xFFFF, 0xFFFF, 0xFFFF, 0xFFFF, 0xFFFF,
    0x8C30, 0x436F, 0x865B, 0x0000, 0xA4E0, 0xFFE0, 0xF760, 0xFF80, 0xFF80, 0xFF80, 0xFF80, 0xFF80,
    0xFF80, 0xFF80, 0xFF80, 0xFF80, 0xFF80, 0xFF80, 0xFF80, 0xFF80, 0xFF80, 0xFF80, 0xFF80, 0xFF80,
    0xFF80, 0xFFA0, 0xFF80, 0x39C0, 0xEF20, 0xA500, 0x0000, 0xA8E3, 0x5800, 0x84B2, 0xFFFF, 0xF7BE,
    0xFFFF, 0x734D, 0x2A6B, 0x9F9F, 0x326A, 0x0000, 0xB581, 0xFFE0, 0xF760, 0xFF80, 0xFF80, 0xFF80,
    0xFF80, 0xFFE0, 0xFFA0, 0xFF80, 0xFF80, 0xFF80, 0xF780, 0xFFE0, 0x4A80, 0x1001, 0xB8C3, 0x3062,
    0xDF1B, 0xFFFF, 0xFFFF, 0xFFFF, 0xFFFF, 0xDEDB, 0x29A7, 0x971F, 0x21EA, 0x2900, 0xFFC1, 0xFF80,
    0xFF80, 0xFFA0, 0xEF20, 0x10A0, 0x4041, 0xC8C3, 0x2800, 0xC679, 0x4A49, 0x75B9, 0x4B90, 0x0820,
    0xEF21, 0xFFC0, 0xFF80, 0xFF80, 0xFF80, 0xFF80, 0xF780, 0xFFE0, 0xBDA0, 0x0000, 0x98C3, 0x6000,
    0x7C30, 0xFFFF, 0xFFDF, 0xFFFF, 0xFFFF, 0xFFFF, 0xFFFF, 0xFFDF, 0xFFFF, 0xA4F3, 0x32AC, 0x973F,
    0x0064, 0x62E0, 0xFFE1, 0xF760, 0xFF80, 0xFF80, 0xFF80, 0xFF80, 0xFF80, 0xFF80, 0xFF80, 0xFF80,
    0xFF80, 0xF780, 0xF760, 0xF760, 0xF760, 0xFF80, 0xFFA0, 0xFFE0, 0xFFE0, 0x83E0, 0x5280, 0xFFE0,
    0x31A0, 0x0800, 0xB8E3, 0x6800, 0x4C12, 0x326C, 0x18A0, 0xF781, 0xFFA0, 0xFF80, 0xFF80, 0xFFA0,
    0xEF20, 0x3161, 0x0001, 0x3981, 0xF760, 0xFFA0, 0xFF80, 0xFFC0, 0xD640, 0x6B40, 0xEF20, 0x18C0,
    0x1800, 0xC0E4, 0x4000, 0x636D, 0xD699, 0x0000, 0x5281, 0xFFE0, 0xF760, 0xFF80, 0xFF80, 0xFF80,
    0xFF80, 0xFF80, 0xFF80, 0xFF80, 0xFF80, 0xFF80, 0xFF80, 0xFF80, 0xFF80, 0xFF80, 0xFF80, 0xFF80,
    0xF780, 0xFF80, 0xFFC0, 0xFFE0, 0xFFE0, 0x2100, 0x5260, 0xFFE1, 0x2100, 0x5B0D, 0xFFFF, 0xFFFF,
    0xFFFF, 0xFFFF, 0xFFFF, 0xFFFF, 0xFFFF, 0xFFFF, 0xFFFF, 0xFFFF, 0xFFFF, 0xFFFF, 0xFFFF, 0xFFFF,
    0xFFFF, 0xFFFF, 0xF7DE, 0xFFFF, 0x736D, 0x4C12, 0x7DB9, 0x0000, 0xBDA0, 0xFFE0, 0xF780, 0xFF80,
    0xFF80, 0xFF80, 0xFF80, 0xFF80, 0xFF80, 0xFF80, 0xFF80, 0xFF80, 0xFF80, 0xFF80, 0xFF80, 0xFF80,
    0xFF80, 0xFF80, 0xFF80, 0xFF80, 0xFF80, 0xFFC0, 0xE700, 0x3180, 0xFFC0, 0x8400, 0x0000, 0xB8E3,
    0x4800, 0x9D55, 0xFFFF, 0xFFFF, 0x9492, 0x1967, 0x9F7F, 0x4B6F, 0x0000, 0x9461, 0xFFE0, 0xF760,
    0xFF80, 0xFF80, 0xFF80, 0xFFA0, 0xFFA0, 0xCE01, 0xEF40, 0xFFC0, 0xFF80, 0xFF80, 0xF760, 0xFFE0,
    0x9CC0, 0x0000, 0xA8E3, 0x4800, 0x9514, 0xFFFF, 0xFFDF, 0xFFDF, 0xFFFF, 0xA513, 0x328B, 0x971E,
    0x0043, 0x6B00, 0xFFE1, 0xF760, 0xFF80, 0xF760, 0xFFE0, 0x7BC0, 0x0000, 0xA8C3, 0x8062, 0x2145,
    0x31E8, 0x8EFE, 0x1947, 0x39A0, 0xFFE1, 0xFF80, 0xFF80, 0xFF80, 0xFF80, 0xFF80, 0xF760, 0xFFE0,
    0x73A0, 0x0000, 0xB0C3, 0x3041, 0xCE9A, 0xFFFF, 0xFFFF, 0xFFFF, 0xFFFF, 0xFFFF, 0xFFFF, 0xFFFF,
    0xFFFF, 0xD699, 0x29C8, 0x975F, 0x21C9, 0x2920, 0xFFC1, 0xFF80, 0xFF80, 0xFF80, 0xFF80, 0xFF80,
    0xFF80, 0xFF80, 0xFF80, 0xFF80, 0xFF80, 0xFF80, 0xFFC0, 0xFFE0, 0xFFE0, 0xFFE0, 0xEF20, 0xBDE0,
    0x52A0, 0x5AC0, 0xFFC0, 0x62E0, 0x0000, 0x7082, 0xC0A2, 0x2882, 0x6D98, 0x0043, 0x6B40, 0xFFE0,
    0xF760, 0xFF80, 0xFF80, 0xFFC0, 0xDEA1, 0x0842, 0x0001, 0x1082, 0xE701, 0xFFC0, 0xFF80, 0xFF80,
    0xF7C0, 0x5260, 0x7360, 0xDE80, 0x0000, 0x3841, 0xC0E3, 0x1800, 0x9D54, 0x9CD2, 0x0000, 0xAD41,
    0xFFE0, 0xF760, 0xFF80, 0xFF80, 0xFF80, 0xFF80, 0xFF80, 0xFF80, 0xFF80, 0xFF80, 0xFF80, 0xFF80,
    0xFF80, 0xFF80, 0xFF80, 0xFF80, 0xFF80, 0xF780, 0xF780, 0xFFE0, 0x7360, 0x4A20, 0xFFE0, 0x8400,
    0x0000, 0x40E3, 0x5AAB, 0xCE9A, 0xFFFF, 0xFFFF, 0xFFFF, 0xFFFF, 0xFFFF, 0xFFFF, 0xFFFF, 0xFFFF,
    0xFFFF, 0xFFFF, 0xFFFF, 0xFFFF, 0xFFFF, 0xFFFF, 0xFFDF, 0xFFFF, 0x5ACB, 0x64F6, 0x6CF6, 0x0000,
    0xCE41, 0xFFE0, 0xFF80, 0xFF80, 0xFF80, 0xFF80, 0xFF80, 0xFF80, 0xFF80, 0xFF80, 0xFF80, 0xFF80,
    0xFF80, 0xFF80, 0xFF80, 0xFF80, 0xFF80, 0xFF80, 0xFF80, 0xFF80, 0xFF80, 0xFFE0, 0xCE40, 0x39C0,
    0xFFE0, 0x6300, 0x0800, 0xC0E3, 0x3821, 0xBE38, 0xFFFF, 0xB596, 0x10C4, 0x8EFE, 0x64B4, 0x0000,
    0x6B41, 0xFFE0, 0xF780, 0xFF80, 0xFF80, 0xFF80, 0xFF80, 0xFFA0, 0x6301, 0x0002, 0x41E1, 0xEF40,
    0xFFA0, 0xFF80, 0xFF80, 0xFFC0, 0xE6A0, 0x0040, 0x7082, 0x8020, 0x52CB, 0xFFFF, 0xFFDF, 0xFFDF,
    0xFFFF, 0x6B2C, 0x5433, 0x7DF9, 0x0000, 0xAD40, 0xFFE0, 0xF780, 0xFF80, 0xFF80, 0xFFA0, 0xEF00,
    0x0880, 0x4021, 0xC904, 0x1800, 0x3B4E, 0x8EBD, 0x0001, 0x8400, 0xFFE0, 0xF760, 0xFF80, 0xFF80,
    0xFF80, 0xFF80, 0xFF80, 0xFFC0, 0x2980, 0x3001, 0xA862, 0x3165, 0xF7DF, 0xFFFF, 0xFFFF, 0xFFFF,
    0xFFFF, 0xFFFF, 0xFFFF, 0xFFFF, 0xFFFF, 0xF7BE, 0x31C7, 0x869D, 0x4BB0, 0x0000, 0xE701, 0xFFC0,
    0xFF80, 0xFF80, 0xFF80, 0xFF80, 0xFF80, 0xFF80, 0xFF80, 0xFF80, 0xFFA0, 0xFFE0, 0xE700, 0xB560,
    0x7BA0, 0x4A60, 0x39A0, 0x5280, 0xB580, 0xFFC0, 0x5AC0, 0x0000, 0x5061, 0xD0E4, 0x5000, 0x436F,
    0x6CD5, 0x0000, 0xC5E1, 0xFFE0, 0xF780, 0xFF80, 0xFF80, 0xFF80, 0xFFC0, 0xA501, 0x4A21, 0xA4E1,
    0xFFC0, 0xFF80, 0xFF80, 0xFF80, 0xFFA0, 0xFFE0, 0x3160, 0xA4E0, 0xAD20, 0x0000, 0x6082, 0xB0A3,
    0x0820, 0xD6DA, 0x7BAF, 0x0000, 0xD681, 0xFFE0, 0xF760, 0xFF80, 0xFF80, 0xFF80, 0xFF80, 0xFF80,
    0xFF80, 0xFF80, 0xFF80, 0xFF80, 0xFF80, 0xFF80, 0xFF80, 0xFF80, 0xFF80, 0xFFE0, 0xFFC0, 0x62E0,
    0x41E0, 0xFFE0, 0xA500, 0x0000, 0x7882, 0xA882, 0x0000, 0xCE79, 0xFFFF, 0xFFFF, 0xFFFF, 0xFFFF,
    0xFFFF, 0xFFFF, 0xFFFF, 0xFFFF, 0xFFFF, 0xFFFF, 0xFFFF, 0xFFFF, 0xFFFF, 0xFFFF, 0xFFFF, 0xFFFF,
    0x4A49, 0x75B9, 0x5432, 0x0000, 0xE6E1, 0xFFC0, 0xFF80, 0xFF80, 0xFF80, 0xFF80, 0xFF80, 0xFF80,
    0xFF80, 0xFF80, 0xFF80, 0xFF80, 0xFF80, 0xFF80, 0xFF80, 0xFF80, 0xFF80, 0xFF80, 0xFF80, 0xFF80,
    0xF780, 0xFFE0, 0xB560, 0x4A40, 0xFFE0, 0x4220, 0x1801, 0xB8C3, 0x3041, 0xDF5C, 0xE71B, 0x10A3,
    0x7DFA, 0x7DB8, 0x0001, 0x4A40, 0xFFC1, 0xF780, 0xFF80, 0xFF80, 0xFF80, 0xFF80, 0xFFA0, 0xF760,
    0x18A1, 0x0001, 0x0002, 0xD661, 0xFFE0, 0xFF80, 0xFF80, 0xFFA0, 0xFFE0, 0x31C0, 0x2001, 0xB082,
    0x3104, 0xEFBE, 0xFFFF, 0xFFFF, 0xFFFF, 0x39E7, 0x75FA, 0x53F1, 0x0000, 0xE6E1, 0xFFC0, 0xFF80,
    0xFF80, 0xFF80, 0xF760, 0xFFE0, 0x73A0, 0x0000, 0xA8E3, 0x8021, 0x32AC, 0x64F5, 0x0000, 0xC601,
    0xFFE0, 0xF780, 0xFF80, 0xFF80, 0xFF80, 0xFF80, 0xFFC0, 0xDE80, 0x0020, 0x7882, 0x7800, 0x636D,
    0xFFFF, 0xFFDF, 0xFFFF, 0xFFFF, 0xFFFF, 0xFFFF, 0xFFFF, 0xFFFF, 0xFFDF, 0xFFFF, 0x528A, 0x6517,
    0x7598, 0x0000, 0xB580, 0xFFE0, 0xF780, 0xFF80, 0xFF80, 0xFF80, 0xFF80, 0xFF80, 0xFF80, 0xFFA0,
    0xEF20, 0x52A0, 0x4200, 0x5AE0, 0x9480, 0xCE40, 0xF760, 0xF760, 0xAD40, 0x2120, 0x0000, 0x6081,
    0xC8E4, 0x7861, 0x08A3, 0x8EBD, 0x21EA, 0x20C0, 0xF7A1, 0xFFA0, 0xFF80, 0xFF80, 0xFF80, 0xFF80,
    0xFF80, 0xFFE0, 0xFFE0, 0xFFE0, 0xFF80, 0xFF80, 0xFF80, 0xFF80, 0xFF80, 0xFFA0, 0xE720, 0x18C0,
    0xCE20, 0x7360, 0x0000, 0x88C3, 0x9062, 0x18E4, 0xF7DE, 0x4A6A, 0x1060, 0xDEA1, 0xFFE0, 0xF760,
    0xFF80, 0xFF80, 0xFF80, 0xFF80, 0xFF80, 0xFF80, 0xFF80, 0xFF80, 0xFF80, 0xFF80, 0xFF80, 0xFF80,
    0xFFA0, 0xBDC0, 0x31A0, 0x6300, 0xFFE0, 0xAD40, 0x0000, 0x5061, 0xC8E4, 0x2800, 0x94F3, 0xFFFF,
    0xFFDF, 0xFFFF, 0xFFFF, 0xFFFF, 0xFFFF, 0xFFFF, 0xFFFF, 0xFFFF, 0xFFFF, 0xFFFF, 0xFFFF, 0xFFFF,
    0xFFFF, 0xFFFF, 0xFFFF, 0xFFFF, 0x31A6, 0x75FA, 0x432F, 0x1040, 0xF761, 0xFFA0, 0xFF80, 0xFF80,
    0xFF80, 0xFF80, 0xFF80, 0xFF80, 0xFF80, 0xFF80, 0xFF80, 0xFF80, 0xFF80, 0xFF80, 0xFF80, 0xFF80,
    0xFF80, 0xF780, 0xFF80, 0xFF80, 0xF760, 0xFFE0, 0x9480, 0x62E0, 0xFFE0, 0x2960, 0x3001, 0xB082,
    0x3904, 0xEF9D, 0x3165, 0x5CB5, 0x8EBC, 0x0883, 0x2920, 0xEF61, 0xFFA0, 0xFF80, 0xFF80, 0xFF80,
    0xFF80, 0xFF80, 0xFF80, 0xFFC0, 0xA4E1, 0x3161, 0x83C1, 0xFFA0, 0xFF80, 0xFF80, 0xFFA0, 0xE6C1,
    0xF7A0, 0x8400, 0x0000, 0xB0E3, 0x3800, 0xB618, 0xFFFF, 0xFFFF, 0xE6FB, 0x2187, 0x96FE, 0x21A9,
    0x3160, 0xFFE1, 0xFF80, 0xFF80, 0xFF80, 0xFF80, 0xFF80, 0xFFC0, 0xE6E0, 0x0860, 0x4041, 0xC0C3,
    0x3082, 0x1125, 0x20C0, 0xF780, 0xFFA0, 0xFF80, 0xFF80, 0xFF80, 0xFF80, 0xF760, 0xFFE0, 0x94A0,
    0x0000, 0xA8E3, 0x4000, 0xA596, 0xFFFF, 0xFFDF, 0xFFFF, 0xFFFF, 0xFFFF, 0xFFFF, 0xFFFF, 0xFFFF,
    0xFFDF, 0xFFFF, 0x83EF, 0x436F, 0x96DE, 0x0002, 0x7BA0, 0xFFE0, 0xF760, 0xFF80, 0xFF80, 0xFF80,
    0xFF80, 0xFF80, 0xFF80, 0xFFA0, 0xF760, 0x3160, 0xDEA0, 0xFFE0, 0xD680, 0x9480, 0x4260, 0x0060,
    0x0000, 0x2001, 0x90A2, 0xD0E4, 0x7041, 0x0000, 0x430D, 0x8E9D, 0x0001, 0x7340, 0xFFE0, 0xF760,
    0xFF80, 0xFF80, 0xFF80, 0xFF80, 0xFF80, 0xF780, 0xF780, 0xF780, 0xFF80, 0xFF80, 0xFF80, 0xFF80,
    0xFF80, 0xF780, 0xFFE0, 0xC600, 0x20E0, 0xE700, 0x41E0, 0x0000, 0xB0E3, 0x6000, 0x3A49, 0xFFFF,
    0x4209, 0x0840, 0xBDA1, 0xFFE1, 0xFFA0, 0xF760, 0xFF80, 0xFF80, 0xFF80, 0xFF80, 0xFF80, 0xFF80,
    0xFF80, 0xFF80, 0xFF80, 0xFFA0, 0xF760, 0x5AA0, 0xB5A0, 0xFFE0, 0x9460, 0x0000, 0x5061, 0xD104,
    0x4000, 0x638E, 0xFFFF, 0xFFDF, 0xFFFF, 0xFFFF, 0xFFFF, 0xFFFF, 0xFFFF, 0xFFFF, 0xFFFF, 0xFFFF,
    0xFFFF, 0xFFFF, 0xFFFF, 0xFFFF, 0xFFFF, 0xFFFF, 0xFFFF, 0xFFDF, 0x4A69, 0x31C7, 0x0883, 0x2940,
    0xFFA0, 0xF760, 0xF760, 0xF760, 0xF760, 0xF780, 0xFF80, 0xFF80, 0xFF80, 0xFF80, 0xFF80, 0xFF80,
    0xFF80, 0xFF80, 0xFF80, 0xFF80, 0xFFE0, 0xFFE0, 0xFFE0, 0xFFC0, 0xFF80, 0xFFE0, 0x7BC0, 0x7BC0,
    0xFFE0, 0x10C0, 0x4821, 0xA862, 0x39A6, 0x4A28, 0x434F, 0x9F5F, 0x1946, 0x1060, 0xD681, 0xFFC0,
    0xF780, 0xFF80, 0xFF80, 0xFF80, 0xFF80, 0xFF80, 0xFF80, 0xFF80, 0xFFE0, 0xFFA0, 0xFFE0, 0xFFA0,
    0xFF80, 0xF780, 0xFFE0, 0x8C21, 0x8C21, 0xDEA0, 0x0000, 0x80A3, 0x6800, 0x7410, 0xFFFF, 0xFFFF,
    0xAD34, 0x326B, 0x96FE, 0x0022, 0x7380, 0xFFE0, 0xF760, 0xFF80, 0xFF80, 0xFF80, 0xFF80, 0xF760,
    0xFFE0, 0x7380, 0x0000, 0xA8C3, 0x88A2, 0x0000, 0x5AC0, 0xFFE0, 0xF760, 0xFF80, 0xFF80, 0xFF80,
    0xFF80, 0xF780, 0xFFE0, 0x4A60, 0x1801, 0xB0A2, 0x30A3, 0xE77D, 0xFFFF, 0xFFFF, 0xFFFF, 0xFFFF,
    0xFFFF, 0xFFFF, 0xFFFF, 0xFFFF, 0xFFDF, 0xFFFF, 0xB596, 0x2A2A, 0x9F7F, 0x1127, 0x41C0, 0xFFE1,
    0xFF80, 0xFF80, 0xFF80, 0xFF80, 0xFF80, 0xFF80, 0xFF80, 0xF760, 0xFFE0, 0x5AA0, 0xC5E0, 0x9480,
    0x0000, 0x0000, 0x1801, 0x5841, 0x98C3, 0xC8E4, 0xA882, 0x3800, 0x39E8, 0x2104, 0x6D58, 0x64B4,
    0x0000, 0xC601, 0xFFE0, 0xF780, 0xFF80, 0xFF80, 0xFF80, 0xFF80, 0xFF80, 0xFF80, 0xFF80, 0xFF80,
    0xFF80, 0xFF80, 0xFF80, 0xFF80, 0xFF80, 0xFF80, 0xF760, 0xFFE0, 0x9480, 0x39A0, 0xEF20, 0x18C0,
    0x2020, 0xC0E4, 0x3000, 0x6BEF, 0xFFFF, 0x630C, 0x0000, 0x6B40, 0xEF41, 0xFFE1, 0xFFE0, 0xFF80,
    0xF760, 0xF760, 0xF760, 0xF780, 0xF760, 0xF760, 0xF780, 0xFFA0, 0xFFE0, 0xFFE0, 0xDEC0, 0x3A00,
    0x0000, 0x6882, 0xC8E3, 0x4000, 0x52EC, 0xFFFF, 0xFFDF, 0xFFFF, 0xFFFF, 0xFFFF, 0xFFFF, 0xFFFF,
    0xFFFF, 0xFFFF, 0xFFFF, 0xFFFF, 0xFFFF, 0xFFFF, 0xFFFF, 0xFFFF, 0xFFFF, 0xFFFF, 0xFFFF, 0xFFFF,
    0xFFFF, 0xEF7D, 0x3187, 0x4200, 0xFFE1, 0xFFE0, 0xFFE0, 0xFFE0, 0xFFE0, 0xFFE0, 0xFFE0, 0xFFC0,
    0xFFA0, 0xFF80, 0xFF80, 0xF780, 0xF760, 0xF760, 0xF760, 0xFFA0, 0xBDA0, 0xB540, 0xCE20, 0xDEC0,
    0xEF20, 0xFFE0, 0x6B00, 0x9CA0, 0xF760, 0x0020, 0x6842, 0xA0C3, 0x0000, 0x326B, 0x9F7F, 0x324A,
    0x0000, 0xBDA1, 0xFFE0, 0xF760, 0xFF80, 0xFF80, 0xFF80, 0xFF80, 0xFF80, 0xFF80, 0xFF80, 0xFF80,
    0xFF80, 0xFF80, 0xFF80, 0xFF80, 0xFF80, 0xFF80, 0xFFE0, 0xCE21, 0x4A41, 0xFFC0, 0x1900, 0x4022,
    0x9841, 0x39E7, 0xFFFF, 0xFFFF, 0x736D, 0x5432, 0x7598, 0x0000, 0xB580, 0xFFE0, 0xF780, 0xFF80,
    0xFF80, 0xFF80, 0xFF80, 0xFF80, 0xFFA0, 0xE700, 0x0860, 0x4841, 0xA8C3, 0x0000, 0x9CC0, 0xFFE0,
    0xF760, 0xFF80, 0xFF80, 0xFF80, 0xFF80, 0xFFA0, 0xF740, 0x08A0, 0x5842, 0x9021, 0x4A69, 0xFFFF,
    0xFFDF, 0xFFFF, 0xFFFF, 0xFFFF, 0xFFFF, 0xFFFF, 0xFFFF, 0xFFFF, 0xFFFF, 0xFFFF, 0xE71C, 0x29A7,
    0x96FF, 0x3AEE, 0x1040, 0xF761, 0xFFA0, 0xFF80, 0xFF80, 0xFF80, 0xFF80, 0xFF80, 0xFF80, 0xF760,
    0xFFE0, 0x83E0, 0x8C40, 0xC5C0, 0x0000, 0x80A2, 0xC0E3, 0xB0A3, 0x8021, 0x4800, 0x28E3, 0x8471,
    0xD699, 0x2187, 0x96FF, 0x21C9, 0x20C0, 0xFFA1, 0xFFA0, 0xFF80, 0xFF80, 0xFF80, 0xFF80, 0xFF80,
    0xFF80, 0xFF80, 0xFF80, 0xFF80, 0xFF80, 0xFF80, 0xFF80, 0xFF80, 0xFF80, 0xFFA0, 0xFFE0, 0xFFE0,
    0xFFE0, 0x7BA0, 0x6300, 0xC5E0, 0x0000, 0x4041, 0xC0E3, 0x1800, 0xA555, 0xFFFF, 0xA534, 0x18C4,
    0x0840, 0x6B60, 0xD660, 0xFFC1, 0xFFE1, 0xFFE0, 0xFFE0, 0xFFE0, 0xFFE0, 0xFFE0, 0xFFE0, 0xF760,
    0xBDC0, 0x52C0, 0x0000, 0x2001, 0xA0C3, 0xA882, 0x2800, 0x6BCF, 0xFFFF, 0xF7DE, 0xF7DE, 0xFFDF,
    0xFFDF, 0xFFFF, 0xFFFF, 0xFFFF, 0xFFFF, 0xFFFF, 0xFFFF, 0xFFFF, 0xFFFF, 0xFFFF, 0xFFFF, 0xFFFF,
    0xFFFF, 0xFFFF, 0xFFFF, 0xFFFF, 0xFFFF, 0xFFFF, 0x18E4, 0x0000, 0x4A20, 0x5AC0, 0x7380, 0x8C40,
    0xA4E0, 0xBDA0, 0xD640, 0xDEC0, 0xF720, 0xFFA0, 0xFFE0, 0xFFE0, 0xFFE0, 0xFFE0, 0xFFE0, 0xFFE0,
    0x9CA0, 0x52A0, 0x4A20, 0x39E0, 0x39A0, 0x41E0, 0x0860, 0xBDA0, 0xDE80, 0x0000, 0x8082, 0x8861,
    0x1125, 0x971F, 0x434E, 0x0000, 0x9CC1, 0xFFE0, 0xF760, 0xFF80, 0xFF80, 0xFF80, 0xFF80, 0xFF80,
    0xFF80, 0xFF80, 0xFF80, 0xFF80, 0xFF80, 0xFF80, 0xFF80, 0xFF80, 0xFF80, 0xFF80, 0xFFA0, 0xF780,
    0x41E1, 0xEF21, 0x6B40, 0x0800, 0xB0C2, 0x3062, 0xDF1B, 0xFFFF, 0x41E8, 0x75DA, 0x4B90, 0x0820,
    0xEF21, 0xFFC0, 0xFF80, 0xFF80, 0xFF80, 0xFF80, 0xFF80, 0xFF80, 0xF760, 0xFFE0, 0x73A0, 0x0000,
    0x4841, 0x0820, 0xDEA0, 0xFFC0, 0xFF80, 0xFF80, 0xFF80, 0xFF80, 0xF780, 0xFFE0, 0xBDA0, 0x0000,
    0x98C3, 0x5800, 0x8492, 0xFFFF, 0xFFDF, 0xFFFF, 0xFFFF, 0xFFFF, 0xFFFF, 0xFFFF, 0xFFFF, 0xFFFF,
    0xFFFF, 0xFFFF, 0xFFFF, 0x39E8, 0x75DA, 0x64D5, 0x0000, 0xCE21, 0xFFE0, 0xF780, 0xFF80, 0xFF80,
    0xFF80, 0xFF80, 0xFF80, 0xF780, 0xFFE0, 0xB560, 0x5AE0, 0xEF00, 0x0000, 0x7062, 0xA0A2, 0x1041,
    0x4A8A, 0x94D3, 0xE75C, 0xFFFF, 0x83CF, 0x3B0E, 0x96DD, 0x0001, 0x7360, 0xFFE1, 0xF760, 0xFF80,
    0xFF80, 0xFF80, 0xFF80, 0xFF80, 0xFF80, 0xFF80, 0xFF80, 0xFF80, 0xFF80, 0xFF80, 0xFF80, 0xFFE0,
    0xFFE0, 0xEF20, 0xC600, 0x9CA0, 0x6B40, 0x4A60, 0x1080, 0xCE40, 0xA500, 0x0020, 0x6882, 0xB0A2,
    0x1061, 0xCEBA, 0xFFFF, 0xF79D, 0x8C52, 0x18E5, 0x0000, 0x2100, 0x52A0, 0x8C20, 0xA501, 0xAD41,
    0xA501, 0x8420, 0x52A0, 0x2120, 0x0001, 0x2801, 0x8082, 0xA082, 0x5800, 0x2945, 0xA575, 0xFFFF,
    0xFFFF, 0xFFFF, 0xFFFF, 0xFFFF, 0xFFFF, 0xFFFF, 0xFFDF, 0xFFFF, 0xFFFF, 0xFFFF, 0xFFFF, 0xFFFF,
    0xFFFF, 0xFFFF, 0xFFFF, 0xFFFF, 0xFFFF, 0xFFFF, 0xFFFF, 0xFFFF, 0xFFFF, 0xFFDF, 0x8410, 0x52AB,
    0x0843, 0x0000, 0x0800, 0x0000, 0x0000, 0x0000, 0x0000, 0x0020, 0x08A0, 0x2120, 0x31C0, 0x52A0,
    0x6B60, 0x8C40, 0xA4E0, 0xBDC0, 0xE6C0, 0xF760, 0xFFA0, 0xFFA0, 0xF740, 0xDEC0, 0xD640, 0xFFE0,
    0xC5C0, 0x0000, 0x98A2, 0x7841, 0x1904, 0x29C7, 0x0000, 0x7BA0, 0xFFE0, 0xF760, 0xFF80, 0xFF80,
    0xFF80, 0xFF80, 0xFF80, 0xFF80, 0xFF80, 0xFF80, 0xFF80, 0xFF80, 0xFF80, 0xFF80, 0xFF80, 0xFF80,
    0xFF80, 0xFF80, 0xF760, 0xFFE0, 0x62E1, 0xB541, 0xBDC0, 0x0000, 0x98C3, 0x4800, 0x9D55, 0xF79E,
    0x2186, 0x8EFE, 0x1989, 0x3980, 0xFFE1, 0xFF80, 0xFF80, 0xFF80, 0xFF80, 0xFF80, 0xFF80, 0xFF80,
    0xFF80, 0xFFA0, 0xEF20, 0x18A0, 0x0000, 0x31A0, 0xFFC0, 0xFF80, 0xFF80, 0xFF80, 0xFF80, 0xFF80,
    0xF760, 0xFFE0, 0x6B60, 0x0000, 0xB0C3, 0x3041, 0xCEBA, 0xFFFF, 0xFFFF, 0xFFFF, 0xFFFF, 0xFFFF,
    0xFFFF, 0xFFFF, 0xFFFF, 0xFFFF, 0xFFFF, 0xFFDF, 0xFFFF, 0x6B2C, 0x5453, 0x865B, 0x0000, 0x9480,
    0xFFE0, 0xF760, 0xFF80, 0xFF80, 0xFF80, 0xFF80, 0xFF80, 0xFF80, 0xFFC0, 0xE6E0, 0x4200, 0xF740,
    0x10E0, 0x4821, 0xB0A2, 0x28C3, 0xF7DF, 0xFFFF, 0xFFFF, 0xF7DE, 0x31A6, 0x75B9, 0x6494, 0x0000,
    0xC601, 0xFFE0, 0xF780, 0xFF80, 0xFF80, 0xFF80, 0xFF80, 0xFF80, 0xFF80, 0xFF80, 0xFF80, 0xFF80,
    0xFF80, 0xF760, 0xF7A0, 0xA4E0, 0x4A40, 0x4200, 0x5280, 0x7B80, 0xA4E0, 0xCE20, 0xEF00, 0xD680,
    0xBDC0, 0x2100, 0x0000, 0x80A2, 0x8041, 0x2145, 0xEF7D, 0xFFFF, 0xFFFF, 0xFFFF, 0xC618, 0x73B0,
    0x39E9, 0x0002, 0x0000, 0x0000, 0x0000, 0x0000, 0x1800, 0x4000, 0x6800, 0x6800, 0x4821, 0x3965,
    0x8471, 0xF7BE, 0xFFFF, 0xEF7D, 0xBDB6, 0x8C10, 0x62CB, 0x83CF, 0xAD34, 0xEF5C, 0xFFFF, 0xFFFF,
    0xFFDF, 0xFFFF, 0xFFFF, 0xFFFF, 0xFFFF, 0xFFFF, 0xFFFF, 0xFFFF, 0xFFFF, 0xFFFF, 0xFFFF, 0xFFFF,
    0xFFFF, 0xFFFF, 0xFFFF, 0xFFFF, 0x4207, 0xA061, 0xC904, 0xB0E3, 0xA8E3, 0x98C3, 0x88A3, 0x7082,
    0x5842, 0x4001, 0x3001, 0x1801, 0x0000, 0x0000, 0x0000, 0x0000, 0x0000, 0x0040, 0x10E0, 0x2980,
    0x4A60, 0x6B40, 0x7BE0, 0x94A0, 0x62E0, 0x0000, 0xA8C3, 0x6041, 0x4269, 0x0801, 0x6300, 0xFFE0,
    0xFFA0, 0xFF80, 0xF760, 0xF760, 0xF780, 0xFF80, 0xFF80, 0xFF80, 0xFF80, 0xFF80, 0xFF80, 0xFF80,
    0xFF80, 0xFF80, 0xFF80, 0xFF80, 0xFF80, 0xFF80, 0xF780, 0xFFE0, 0xA4E1, 0x6B21, 0xF780, 0x0040,
    0x6062, 0x8000, 0x636D, 0xC5F7, 0x2A2A, 0x96DD, 0x0022, 0x7BA0, 0xFFE1, 0xF760, 0xFF80, 0xFF80,
    0xFF80, 0xFF80, 0xFF80, 0xFF80, 0xFF80, 0xF760, 0xFFE0, 0x8400, 0x0000, 0x7BA0, 0xFFE0, 0xF760,
    0xFF80, 0xFF80, 0xFF80, 0xF780, 0xFF80, 0xFFA0, 0x2160, 0x3801, 0xA062, 0x3166, 0xF7DF, 0xFFFF,
    0xFFFF, 0xFFFF, 0xFFFF, 0xFFFF, 0xFFFF, 0xFFFF, 0xFFFF, 0xFFFF, 0xFFFF, 0xFFDF, 0xFFFF, 0x9CD2,
    0x32CC, 0x9F5F, 0x0864, 0x5AA0, 0xFFE1, 0xF760, 0xFF80, 0xFF80, 0xFF80, 0xFF80, 0xFF80, 0xFF80,
    0xFF80, 0xFFC0, 0x4200, 0xDEA0, 0x4240, 0x2001, 0xC8E3, 0x3000, 0xBE18, 0xFFDF, 0xFFFF, 0xC618,
    0x1946, 0x973F, 0x2188, 0x20E0, 0xFFA1, 0xFFA0, 0xFF80, 0xFF80, 0xFF80, 0xFF80, 0xFF80, 0xF780,
    0xF760, 0xF760, 0xFF80, 0xFFA0, 0xFFE0, 0xFFE0, 0xFFE0, 0xE6E0, 0xC5C0, 0xCE20, 0xC5E0, 0xA500,
    0x73A0, 0x4240, 0x1900, 0x0020, 0x0000, 0x0800, 0x2021, 0x4861, 0xD104, 0x6820, 0x52CB, 0xFFFF,
    0xF7DE, 0xFFFF, 0xFFFF, 0xFFFF, 0xFFFF, 0xE73B, 0xA513, 0x6B4C, 0x4208, 0x4186, 0x4986, 0x51E7,
    0x5AAA, 0x7410, 0xB5F7, 0xF7BE, 0xFFFF, 0xEF7D, 0x738E, 0x31A7, 0x2187, 0x32AC, 0x3B2E, 0x32AC,
    0x21C8, 0x2104, 0x6B4D, 0xDEFB, 0xFFFF, 0xFFDF, 0xFFFF, 0xFFFF, 0xFFFF, 0xFFFF, 0xFFFF, 0xFFFF,
    0xFFFF, 0xFFFF, 0xFFFF, 0xFFFF, 0xFFFF, 0xFFFF, 0xFFDF, 0xF79E, 0x18C3, 0x3000, 0x4000, 0x5000,
    0x6000, 0x7000, 0x8800, 0xA041, 0xB082, 0xB8A2, 0xC0C3, 0xC8E3, 0xC0E3, 0xB8E3, 0xA8E3, 0x90C3,
    0x80A2, 0x6862, 0x4821, 0x3001, 0x2001, 0x0800, 0x0000, 0x0000, 0x0000, 0x0800, 0xB0A3, 0x4861,
    0x0000, 0x0000, 0x8C20, 0xCE20, 0xEF00, 0xFFC0, 0xFFE0, 0xFFE0, 0xFFE0, 0xFFC0, 0xFF80, 0xF760,
    0xF760, 0xF780, 0xFF80, 0xFF80, 0xFF80, 0xFF80, 0xFF80, 0xFFC0, 0xFF80, 0xF760, 0xF760, 0xFFA0,
    0xDEC0, 0x41E1, 0xFFC0, 0x3A00, 0x2001, 0xA861, 0x41A6, 0x630C, 0x4BF2, 0x7598, 0x0000, 0xBDA0,
    0xFFE0, 0xF780, 0xFF80, 0xFF80, 0xFF80, 0xFF80, 0xFF80, 0xFF80, 0xFF80, 0xFF80, 0xFFC0, 0xE6E0,
    0x0000, 0xB560, 0xFFE0, 0xF780, 0xFF80, 0xFF80, 0xFF80, 0xFFE0, 0xFFE0, 0xD660, 0x0020, 0x7882,
    0x7000, 0x636D, 0xFFFF, 0xFFDF, 0xFFFF, 0xFFFF, 0xFFFF, 0xFFFF, 0xFFFF, 0xFFFF, 0xFFFF, 0xFFFF,
    0xFFFF, 0xFFFF, 0xFFFF, 0xD679, 0x29C8, 0x975F, 0x220A, 0x20E0, 0xFFC1, 0xFF80, 0xFF80, 0xFF80,
    0xFF80, 0xFF80, 0xFF80, 0xFF80, 0xF760, 0xFFE0, 0x5AC0, 0xB580, 0x7BE0, 0x0000, 0xC103, 0x4800,
    0x8CB2, 0xFFFF, 0xFFFF, 0x6B4C, 0x4BD1, 0x8EBD, 0x0001, 0x7B80, 0xFFE0, 0xF760, 0xF760, 0xF760,
    0xFF80, 0xFFA0, 0xFFC0, 0xFFE0, 0xFFE0, 0xFFE0, 0xFFC0, 0xEF20, 0xCE20, 0xA4E0, 0x6B80, 0x4A60,
    0x2160, 0x0040, 0x0000, 0x0000, 0x0800, 0x2801, 0x5022, 0x7882, 0x98C3, 0xA0A3, 0xA082, 0x9021,
    0x6800, 0x5000, 0x0000, 0x9492, 0xFFFF, 0xFFDF, 0xFFDF, 0xFFDF, 0xFFDF, 0xFFFF, 0xFFFF, 0xFFFF,
    0xFFFF, 0xFFFF, 0xF7FF, 0xFFFF, 0xFFFF, 0xFFFF, 0xFFFF, 0xFFFF, 0xB5B6, 0x20E3, 0x328B, 0x7E3B,
    0x8EDE, 0x971F, 0x973F, 0x973F, 0x96FF, 0x7599, 0x3B0E, 0x2166, 0xA514, 0xFFFF, 0xFFDF, 0xFFDF,
    0xFFDF, 0xFFDF, 0xFFDF, 0xFFDF, 0xFFDF, 0xFFDF, 0xFFDF, 0xFFDF, 0xFFDF, 0xFFDF, 0xFFDF, 0xFFDF,
    0xDEFB, 0xCEDA, 0xBE38, 0xA575, 0x8C92, 0x73CE, 0x5AEB, 0x41E7, 0x3124, 0x28A2, 0x2821, 0x3800,
    0x4800, 0x5800, 0x7000, 0x8000, 0x9841, 0xA862, 0xB8A2, 0xC0C3, 0xC0E3, 0xC0E3, 0xC0E3, 0xB8E3,
    0xA8E3, 0x98C3, 0xC0E3, 0x3841, 0x52CB, 0x2965, 0x0000, 0x0000, 0x08A0, 0x29A0, 0x5AE0, 0x9460,
    0xBDC0, 0xE6E0, 0xFFC0, 0xFFE0, 0xFFE0, 0xFFE0, 0xFFC0, 0xFF80, 0xF760, 0xF780, 0xF760, 0xE6E1,
    0xFFA0, 0xFFE0, 0xFFE0, 0xFFE0, 0xFFE0, 0x4A21, 0xD661, 0x9460, 0x0000, 0xA8C3, 0x4061, 0x0020,
    0x7DFA, 0x4B90, 0x0820, 0xEF21, 0xFFC0, 0xFF80, 0xFF80, 0xFF80, 0xFF80, 0xFF80, 0xFF80, 0xFF80,
    0xFF80, 0xFF80, 0xFF80, 0xFFE0, 0x8400, 0xDEC0, 0xFFC0, 0xFF80, 0xFF80, 0xFF80, 0xFFA0, 0xB580,
    0xFFA0, 0x9480, 0x0000, 0xA8E3, 0x4000, 0xADB6, 0xFFFF, 0xFFDF, 0xFFFF, 0xFFFF, 0xFFFF, 0xFFFF,
    0xFFFF, 0xFFFF, 0xFFFF, 0xFFFF, 0xFFFF, 0xFFFF, 0xFFFF, 0xF7BE, 0x31A7, 0x867C, 0x53F1, 0x0000,
    0xDEC1, 0xFFC0, 0xFF80, 0xFF80, 0xFF80, 0xFF80, 0xFF80, 0xFF80, 0xF760, 0xFFC0, 0x8400, 0x8400,
    0xB560, 0x0000, 0xA8E3, 0x7000, 0x5B2C, 0xFFFF, 0xEF7D, 0x0861, 0x21A8, 0x2186, 0x0000, 0xCE00,
    0xFFE0, 0xFFC0, 0xFFE0, 0xFFE0, 0xFFE0, 0xF760, 0xDEA0, 0xB580, 0x8C40, 0x5B00, 0x29A0, 0x08A0,
    0x0000, 0x0000, 0x0000, 0x2001, 0x4801, 0x7082, 0x98C3, 0xB0E3, 0xB0C3, 0xA882, 0x9021, 0x6800,
    0x4800, 0x3041, 0x3104, 0x4208, 0x636D, 0x8CD3, 0xC658, 0xE71C, 0xFFFF, 0xFFFF, 0xFFFF, 0xFFFF,
    0xFFFF, 0xFFFF, 0xFFDF, 0xFFDF, 0xFFFF, 0xFFFF, 0xFFFF, 0xFFFF, 0xFFDF, 0xF7BE, 0xFFFF, 0x8430,
    0x0041, 0x5CB4, 0x973F, 0x8EBD, 0x867D, 0x867C, 0x867C, 0x867C, 0x867D, 0x8EBE, 0x973F, 0x75D9,
    0x1946, 0x8410, 0xFFFF, 0xFFFF, 0xFFFF, 0xFFFF, 0xFFFF, 0xFFFF, 0xFFFF, 0xFFFF, 0xFFFF, 0xFFFF,
    0xFFFF, 0xFFFF, 0xFFFF, 0xFFFF, 0xDEFC, 0xA516, 0x8C53, 0x7BF0, 0x9472, 0x9CF5, 0xC619, 0xFFFF,
    0xFFFF, 0xF7FF, 0xE75D, 0xCE9A, 0xA575, 0x8471, 0x6BCF, 0x5AEC, 0x4A28, 0x3965, 0x30E4, 0x3082,
    0x3021, 0x3800, 0x4800, 0x5800, 0x6800, 0x8000, 0x8000, 0x2861, 0xCEBA, 0x39A6, 0x7061, 0x98C3,
    0x6862, 0x3801, 0x1001, 0x0000, 0x0000, 0x0060, 0x2980, 0x5AE0, 0x9460, 0xC5E0, 0xE6E0, 0xFFA0,
    0xFFE0, 0xFFE0, 0xFFE0, 0x7361, 0x4A21, 0x62E1, 0x8401, 0xAD41, 0xDF00, 0x7BA1, 0x9441, 0xDEA0,
    0x0000, 0x80A2, 0x7041, 0x08E4, 0x9F5F, 0x1968, 0x3980, 0xFFE1, 0xFF80, 0xFF80, 0xFF80, 0xFF80,
    0xFF80, 0xFF80, 0xFF80, 0xFF80, 0xFF80, 0xFF80, 0xFF80, 0xFF80, 0xFFC0, 0xFFA0, 0xFF80, 0xFF80,
    0xFF80, 0xFFC0, 0xE6E0, 0x3160, 0xFFC0, 0x4A60, 0x1801, 0xB0A2, 0x30C3, 0xEF7D, 0xFFFF, 0xFFFF,
    0xFFFF, 0xFFFF, 0xFFFF, 0xFFFF, 0xFFFF, 0xFFFF, 0xFFFF, 0xFFFF, 0xFFFF, 0xFFFF, 0xFFDF, 0xFFFF,
    0x528A, 0x64F6, 0x7DB9, 0x0000, 0xAD40, 0xFFE0, 0xF780, 0xFF80, 0xF780, 0xF760, 0xF780, 0xFFA0,
    0xFFE0, 0xFFE0, 0xCE20, 0x5280, 0xD660, 0x0000, 0x80A2, 0x9841, 0x39C7, 0xFFFF, 0xE73C, 0x94B2,
    0xBDB6, 0x2125, 0x2960, 0xFFE1, 0xEF00, 0xCE00, 0x9CC0, 0x6B60, 0x3A00, 0x10E0, 0x0020, 0x0000,
    0x0000, 0x1000, 0x3001, 0x5842, 0x88A3, 0xA8E3, 0xB8E3, 0xB8A2, 0xA061, 0x8820, 0x6000, 0x4000,
    0x3061, 0x3145, 0x4A8A, 0x73EF, 0xA575, 0xCEBA, 0xEF9E, 0xFFFF, 0xFFFF, 0xFFFF, 0xFFFF, 0xFFFF,
    0xFFFF, 0xFFFF, 0xFFFF, 0xFFFF, 0xFFFF, 0xFFFF, 0xFFFF, 0xFFFF, 0xFFFF, 0xFFFF, 0xFFFF, 0xFFFF,
    0xF7DE, 0xFFFF, 0xBDD7, 0x0041, 0x75B9, 0x971F, 0x867C, 0x869D, 0x8E9D, 0x8E9D, 0x8E9D, 0x8E9D,
    0x869D, 0x8E9D, 0x975F, 0x53D1, 0x1061, 0x4A49, 0xBE17, 0xBDF7, 0xBDF7, 0xBDD7, 0xAD55, 0xAD55,
    0xAD55, 0xA554, 0xA534, 0x9CF3, 0x9CF3, 0xA514, 0x8431, 0x4208, 0x2941, 0x62E0, 0x7360, 0x9CC0,
    0xA500, 0x83E0, 0x5260, 0x52A7, 0xADB6, 0x94D3, 0x8451, 0xA555, 0xFFFF, 0xFFFF, 0xFFFF, 0xFFFF,
    0xFFFF, 0xFFFF, 0xEF9D, 0xD6FB, 0xC679, 0xADB6, 0x9513, 0x7C51, 0x6B8E, 0x5AEB, 0x4A49, 0x630C,
    0x7BEF, 0x1882, 0x4041, 0x5000, 0x7800, 0x9841, 0xA8A2, 0xA8C3, 0x98C3, 0x7062, 0x4001, 0x1001,
    0x0000, 0x0000, 0x0060, 0x2980, 0x5AE0, 0x9460, 0xC5E0, 0xE6E0, 0xDEA1, 0xBDA1, 0x9461, 0x6B01,
    0x5261, 0x2921, 0x41E1, 0xFFA0, 0x10C0, 0x4021, 0xA082, 0x1925, 0x64F5, 0x0022, 0x7380, 0xFFE0,
    0xF760, 0xFF80, 0xFF80, 0xFF80, 0xFF80, 0xFF80, 0xFF80, 0xFF80, 0xFF80, 0xFF80, 0xFF80, 0xFF80,
    0xFF80, 0xFF80, 0xFF80, 0xFF80, 0xF780, 0xFFE0, 0xA4E0, 0x6300, 0xFFC0, 0x0860, 0x5842, 0x9021,
    0x4A6A, 0xFFFF, 0xFFDF, 0xFFFF, 0xFFFF, 0xFFFF, 0xFFFF, 0xFFFF, 0xFFFF, 0xFFFF, 0xFFFF, 0xFFFF,
    0xFFFF, 0xFFFF, 0xFFDF, 0xFFFF, 0x8C10, 0x434F, 0x96FE, 0x0002, 0x7380, 0xFFE0, 0xF760, 0xFFC0,
    0xFFE0, 0xFFE0, 0xFFE0, 0xEF40, 0xC5E0, 0x9480, 0x5260, 0x39C0, 0xF780, 0x10C0, 0x5021, 0xB8A2,
    0x28A3, 0xE77D, 0xFFFF, 0xFFFF, 0xEF9D, 0x0021, 0x18C0, 0x39C0, 0x0080, 0x0000, 0x0000, 0x0000,
    0x2001, 0x4822, 0x7882, 0x98C3, 0xB0E3, 0xB8C3, 0xB0A2, 0x9841, 0x7800, 0x5000, 0x3800, 0x30A2,
    0x3986, 0x52AB, 0x7C30, 0xA596, 0xD6FB, 0xF7DF, 0xFFFF, 0xFFFF, 0xFFFF, 0xFFFF, 0xFFFF, 0xFFFF,
    0xFFDF, 0xFFDF, 0xFFDF, 0xFFFF, 0xFFFF, 0xFFFF, 0xFFFF, 0xFFFF, 0xFFFF, 0xFFDF, 0xFFDF, 0xFFDF,
    0xFFDF, 0xFFDF, 0xFFFF, 0xFFFF, 0xFFFF, 0xFFDF, 0x18A2, 0x5412, 0x9F5F, 0x865C, 0x8E9D, 0x8E9D,
    0x8E9D, 0x867D, 0x8E9D, 0x867C, 0x8E9D, 0x863B, 0x3AAC, 0x4B90, 0x3ACC, 0x20E3, 0x4A69, 0x39C7,
    0x39E7, 0x39C7, 0x2945, 0x2124, 0x2104, 0x18A3, 0x2104, 0x10A2, 0x2965, 0x1062, 0x18A0, 0xA500,
    0xF780, 0xFFE1, 0xFFE1, 0xFFE1, 0xFFE1, 0xFFE1, 0xFFE0, 0x4200, 0x2800, 0x6000, 0x7000, 0x4800,
    0x2104, 0xA555, 0xD6BA, 0xDEFB, 0xF79E, 0xFFFF, 0xFFFF, 0xFFFF, 0xFFFF, 0xFFFF, 0xFFFF, 0xFFFF,
    0xFFFF, 0xFFFF, 0xFFFF, 0xFFFF, 0xFFFF, 0xEF9D, 0xBE59, 0x9514, 0x6B8E, 0x4A29, 0x3904, 0x3841,
    0x5000, 0x7800, 0x9861, 0xB0A2, 0xB0C3, 0x98C3, 0x6862, 0x4001, 0x1001, 0x0000, 0x0000, 0x0060,
    0x29C0, 0x6340, 0x9CE0, 0xCE20, 0xE6E0, 0xE6C1, 0xD641, 0xFFE0, 0x6320, 0x0800, 0xB0C3, 0x2821,
    0x2144, 0x0000, 0xB560, 0xFFE0, 0xF780, 0xFF80, 0xFF80, 0xFF80, 0xFF80, 0xFF80, 0xFF80, 0xFF80,
    0xFF80, 0xFF80, 0xFF80, 0xFF80, 0xFF80, 0xFF80, 0xFF80, 0xFF80, 0xF760, 0xFFE0, 0x5AC0, 0xB540,
    0xC5E0, 0x0000, 0x98C3, 0x5800, 0x8CB2, 0xFFFF, 0xFFDF, 0xFFFF, 0xFFFF, 0xFFFF, 0xFFFF, 0xFFFF,
    0xFFFF, 0xFFFF, 0xFFFF, 0xFFFF, 0xFFFF, 0xFFFF, 0xFFDF, 0xFFFF, 0xBDD6, 0x2A09, 0x9F7F, 0x1948,
    0x39C0, 0xFFE1, 0xF780, 0xDEC0, 0xAD40, 0x7BC0, 0x52A0, 0x4A20, 0x5AA0, 0x8400, 0xB580, 0xE6E0,
    0xDEC0, 0x2160, 0x2001, 0xC8E3, 0x3000, 0xBE18, 0xFFFF, 0xFFDF, 0x9492, 0x0861, 0x18E4, 0x0800,
    0x6062, 0x88A3, 0xA8E3, 0xB8E3, 0xB8C3, 0xA862, 0x8821, 0x6800, 0x4800, 0x3041, 0x3104, 0x4208,
    0x636D, 0x8CD2, 0xBE18, 0xDF3C, 0xFFFF, 0xFFFF, 0xFFFF, 0xFFFF, 0xFFFF, 0xFFFF, 0xFFDF, 0xFFDF,
    0xFFDF, 0xFFFF, 0xFFFF, 0xFFFF, 0xFFFF, 0xFFDF, 0xFFDF, 0xFFDF, 0xFFFF, 0xFFFF, 0xFFFF, 0xFFFF,
    0xFFFF, 0xFFFF, 0xFFFF, 0xFFFF, 0xFFFF, 0xFFFF, 0xFFFF, 0xF79E, 0xE71C, 0x738E, 0x2A6B, 0x7DD9,
    0x7DDA, 0x8EBD, 0x8E9D, 0x8E9D, 0x8E9D, 0x8EFE, 0x8EBD, 0x8EFE, 0x973F, 0x4B6F, 0x1925, 0x324A,
    0x434E, 0x2A29, 0x1082, 0x2104, 0x18A3, 0x18C3, 0x18C3, 0x18C3, 0x18C3, 0x18C3, 0x1082, 0x18E3,
    0x0000, 0x3180, 0xF781, 0xFFE1, 0xFFA0, 0xFFC0, 0xFFE0, 0xFFC0, 0xF760, 0xF7A0, 0x4A80, 0x5822,
    0xC0E3, 0xC0E3, 0xB8E3, 0xC0E3, 0x8861, 0x1000, 0x634D, 0x73AE, 0x6B6D, 0x738E, 0x7BCF, 0x8430,
    0x94B2, 0xAD55, 0xBE17, 0xD6BA, 0xE75C, 0xF7DE, 0xFFFF, 0xFFFF, 0xFFFF, 0xFFFF, 0xFFFF, 0xFFFF,
    0xFFFF, 0xFFFF, 0xEF7D, 0xC679, 0x94F3, 0x636D, 0x4208, 0x30C3, 0x4021, 0x5800, 0x8000, 0xA061,
    0xB0A2, 0xB0C3, 0x98C3, 0x6862, 0x4001, 0x1001, 0x0000, 0x0000, 0x0060, 0x29A0, 0x6320, 0x9480,
    0x7360, 0x0000, 0x98A2, 0x6082, 0x2986, 0x1060, 0xE6E0, 0xFFA0, 0xF780, 0xFF80, 0xFF80, 0xFF80,
    0xFF80, 0xFF80, 0xFF80, 0xFF80, 0xFF80, 0xFF80, 0xFF80, 0xFF80, 0xFF80, 0xFF80, 0xFF80, 0xFF80,
    0xFFA0, 0xF760, 0x39A0, 0xF760, 0x6B60, 0x0800, 0xB0C3, 0x3041, 0xCEBA, 0xFFFF, 0xFFFF, 0xFFFF,
    0xFFFF, 0xFFFF, 0xFFFF, 0xFFFF, 0xFFFF, 0xFFFF, 0xFFFF, 0xFFFF, 0xFFFF, 0xFFFF, 0xFFFF, 0xFFFF,
    0xEF5C, 0x29A7, 0x7E5C, 0x21E9, 0x1040, 0xFFA1, 0xC600, 0x4A40, 0x6B40, 0x94A0, 0xC5C0, 0xD660,
    0xCE20, 0x9CE0, 0x6320, 0x2140, 0x0020, 0x0000, 0x1820, 0xB8E4, 0x5800, 0x8CB2, 0xFFFF, 0xFFDF,
    0xDEDB, 0xE73C, 0x9D54, 0x4000, 0xA861, 0x7000, 0x5800, 0x3800, 0x3082, 0x3986, 0x52AA, 0x7410,
    0xA575, 0xCEBA, 0xEF9E, 0xFFFF, 0xFFFF, 0xFFFF, 0xFFFF, 0xFFFF, 0xFFFF, 0xFFDF, 0xFFDF, 0xFFDF,
    0xFFFF, 0xFFFF, 0xFFFF, 0xFFDF, 0xFFDF, 0xFFFF, 0xFFFF, 0xFFFF, 0xFFFF, 0xFFFF, 0xFFFF, 0xFFFF,
    0xFFFF, 0xFFFF, 0xEF7D, 0xDEDB, 0xCE79, 0xBDD7, 0xAD55, 0x9CD3, 0x8430, 0x738E, 0x528A, 0x39C7,
    0x2104, 0x0862, 0x8E9D, 0x6D36, 0x7DFA, 0x8EBD, 0x869D, 0x8E9D, 0x8E9D, 0x2A29, 0x1946, 0x430D,
    0x8EFE, 0x4B8F, 0x64D5, 0x9F7F, 0x4BD0, 0x7557, 0x18E4, 0x4A49, 0x6B6D, 0x73AE, 0x7BEF, 0x8430,
    0x8430, 0x8430, 0x8430, 0x39C8, 0x41E0, 0xEF61, 0xFF80, 0xFFC0, 0xF7A0, 0xBE00, 0xA540, 0xCE40,
    0xFFE0, 0xB560, 0x0000, 0xA8C3, 0xB8C3, 0xA8A3, 0xB0A3, 0xA8A3, 0xC8E4, 0x5000, 0x94F3, 0xFFFF,
    0xF7BE, 0xEF7D, 0xE73C, 0xCE79, 0xB596, 0x9CD3, 0x8430, 0x73AE, 0x6B6D, 0x6B6D, 0x73AE, 0x8410,
    0x9CD3, 0xB596, 0xCE79, 0xE73C, 0xFFDF, 0xFFFF, 0xFFFF, 0xFFFF, 0xFFFF, 0xFFFF, 0xFFFF, 0xE75D,
    0xBE38, 0x8CD2, 0x5B2D, 0x41C7, 0x30C3, 0x4020, 0x6000, 0x8020, 0xA861, 0xB8C2, 0xB0E3, 0x98C3,
    0x6862, 0x3801, 0x1001, 0x0000, 0x0000, 0x0000, 0x5041, 0x90A2, 0x0000, 0x4200, 0xFFE1, 0xFFE0,
    0xFFE0, 0xFFA0, 0xF760, 0xF760, 0xFF80, 0xFF80, 0xFF80, 0xFF80, 0xFF80, 0xFF80, 0xFF80, 0xF760,
    0xF780, 0xFF80, 0xFF80, 0xF780, 0xFFE0, 0xBDA0, 0x4A40, 0xFFE0, 0x1920, 0x3821, 0xA061, 0x3986,
    0xFFFF, 0xFFFF, 0xFFFF, 0xFFFF, 0xFFFF, 0xFFFF, 0xFFFF, 0xFFFF, 0xFFFF, 0xFFFF, 0xFFFF, 0xFFFF,
    0xFFFF, 0xFFFF, 0xFFFF, 0xFFFF, 0xFFFF, 0x4A49, 0x2986, 0x4228, 0x0000, 0xD661, 0xF781, 0xCE20,
    0xB560, 0x7BE0, 0x3A00, 0x0880, 0x0000, 0x0000, 0x1001, 0x4001, 0x7082, 0x98C3, 0xB0C3, 0xC0C3,
    0x6000, 0x4AAA, 0xFFFF, 0xFFDF, 0xFFFF, 0xFFFF, 0x6B4D, 0x20C3, 0x4A49, 0x636D, 0x8CD3, 0xB618,
    0xDF3C, 0xFFFF, 0xFFFF, 0xFFFF, 0xFFFF, 0xFFFF, 0xFFFF, 0xFFFF, 0xFFDF, 0xFFDF, 0xFFDF, 0xFFFF,
    0xFFFF, 0xFFDF, 0xFFDF, 0xFFDF, 0xFFFF, 0xFFFF, 0xFFFF, 0xFFFF, 0xFFFF, 0xFFFF, 0xFFFF, 0xE75C,
    0xD69A, 0xBDF7, 0xA534, 0x8C71, 0x7BCF, 0x6B2D, 0x52AA, 0x4228, 0x39A7, 0x2945, 0x2124, 0x18C3,
    0x10A2, 0x1062, 0x0861, 0x18A3, 0x1061, 0x326B, 0x865C, 0x5C94, 0x8EBD, 0x8E9D, 0x867C, 0x96FE,
    0x4B6F, 0x1904, 0x7578, 0x5C53, 0x3AED, 0x53F1, 0x7558, 0x8EDE, 0x96FF, 0x867E, 0x2A8D, 0x3186,
    0x7BEF, 0x738E, 0x73AE, 0x7BEF, 0x7BCF, 0x73AE, 0x6B4D, 0x0842, 0xD640, 0xFFE0, 0xFFC0, 0xBE20,
    0x49E0, 0x3821, 0x4001, 0x2021, 0x6B60, 0x7BC0, 0x0000, 0x2040, 0xA8A3, 0xB0A3, 0xB0A3, 0xB0A3,
    0xB8E3, 0x6800, 0x636D, 0xFFFF, 0xFFFF, 0xFFFF, 0xCE79, 0xDF1B, 0xF7BE, 0xFFFF, 0xFFFF, 0xFFFF,
    0xFFFF, 0xFFFF, 0xEF5D, 0xCE79, 0xB596, 0x94B2, 0x8410, 0x738E, 0x738E, 0x7BCF, 0x9492, 0xAD75,
    0xCE79, 0xEF7D, 0xFFFF, 0xFFFF, 0xFFFF, 0xFFFF, 0xFFFF, 0xFFFF, 0xDF3C, 0xB5F7, 0x8492, 0x5AEB,
    0x39A6, 0x30A2, 0x4000, 0x6000, 0x8820, 0xA882, 0xB8C3, 0xB0E3, 0x98C3, 0x7082, 0x6862, 0xA8A3,
    0x0820, 0x0000, 0x4200, 0x8C40, 0xCE20, 0xF780, 0xFFE0, 0xFFE0, 0xFFC0, 0xFF80, 0xF760, 0xF780,
    0xFF80, 0xFF80, 0xFFC0, 0xFFE0, 0xFFE0, 0xFFC0, 0xFF80, 0xF740, 0xFFE0, 0x6B60, 0x8C40, 0xE700,
    0x0000, 0x80A2, 0x7000, 0x6B8E, 0xFFFF, 0xFFDF, 0xFFFF, 0xFFFF, 0xFFFF, 0xFFFF, 0xFFFF, 0xFFFF,
    0xFFFF, 0xFFFF, 0xFFFF, 0xFFFF, 0xFFFF, 0xFFFF, 0xFFFF, 0xFFFF, 0xFFFF, 0xE73C, 0xF79D, 0xEF5C,
    0x0000, 0x20E0, 0x18C0, 0x0000, 0x0000, 0x0000, 0x3001, 0x6042, 0x90C3, 0xB0E3, 0xC0E3, 0xB8A2,
    0x9841, 0x6800, 0x4800, 0x3082, 0x3986, 0x8430, 0xFFFF, 0xFFFF, 0xFFFF, 0xFFFF, 0xE71C, 0xEF9E,
    0xFFFF, 0xFFFF, 0xFFFF, 0xFFFF, 0xFFFF, 0xFFFF, 0xFFDF, 0xFFDF, 0xFFDF, 0xFFFF, 0xFFFF, 0xFFDF,
    0xFFDF, 0xFFDF, 0xFFFF, 0xFFFF, 0xFFFF, 0xFFFF, 0xFFFF, 0xFFFF, 0xFFDF, 0xE73C, 0xCE79, 0xAD75,
    0x94B2, 0x7BEF, 0x632C, 0x528A, 0x4A29, 0x41E8, 0x39C7, 0x3186, 0x2945, 0x2104, 0x2104, 0x20E4,
    0x20E4, 0x2104, 0x2124, 0x2124, 0x2945, 0x39C7, 0x4A49, 0x632C, 0x18C3, 0x5433, 0x7598, 0x6D37,
    0x8EDE, 0x867D, 0x867D, 0x8EFE, 0x21C8, 0x6D16, 0x975F, 0x96FF, 0x7DFA, 0x29C8, 0x6D16, 0x973F,
    0x5413, 0x6324, 0x5B03, 0x0000, 0xB595, 0xDEFB, 0xDF1B, 0xEF7D, 0xEF7D, 0xF7BE, 0x7390, 0x31A0,
    0xFFE1, 0xFFC0, 0xBE00, 0x3041, 0x9843, 0xB8C3, 0xB8C3, 0xB0A3, 0x4821, 0x0860, 0x5ACB, 0x0882,
    0x8062, 0xB8C3, 0xB0A3, 0xB0A3, 0xB8C3, 0x8021, 0x4228, 0xB596, 0xCE59, 0xD69A, 0x9492, 0x9492,
    0x8C51, 0x8430, 0x8C51, 0x94B2, 0xA534, 0xBDF7, 0xDEFB, 0xF7BE, 0xFFFF, 0xFFFF, 0xFFFF, 0xFFFF,
    0xFFFF, 0xDEFB, 0xBDD7, 0x9CD3, 0x7BEF, 0x738E, 0x73AE, 0x8C51, 0xAD55, 0xCE79, 0xEF7D, 0xFFFF,
    0xFFFF, 0xFFFF, 0xFFFF, 0xFFFF, 0xFFFF, 0xDF1C, 0xADD7, 0x7C51, 0x52AB, 0x3965, 0x3082, 0x4800,
    0x6800, 0x9041, 0xB082, 0xC0E3, 0x4041, 0x4AAB, 0x18A4, 0x0000, 0x0000, 0x1920, 0x5AE0, 0x9CC0,
    0xD680, 0xFF80, 0xFFE0, 0xFFE0, 0xFFE0, 0xD680, 0x4A20, 0x6B40, 0xA500, 0xDEA0, 0xFFC0, 0xFFE0,
    0xFFE0, 0x39E0, 0xDEC0, 0x9CA0, 0x0000, 0xA8E3, 0x4000, 0xB5F7, 0xFFFF, 0xFFDF, 0xFFFF, 0xFFFF,
    0xFFFF, 0xFFFF, 0xFFFF, 0xFFFF, 0xFFFF, 0xFFFF, 0xFFFF, 0xFFFF, 0xFFFF, 0xFFFF, 0xFFFF, 0xFFFF,
    0xFFFF, 0xFFFF, 0xFFFF, 0xF7DF, 0x4208, 0x39C8, 0x39E9, 0x3821, 0xB0E3, 0xC0E3, 0xC0C3, 0xA861,
    0x8000, 0x5800, 0x3820, 0x30E3, 0x4228, 0x6BCF, 0xA596, 0xD71B, 0xFFFF, 0xFFFF, 0xFFFF, 0xFFFF,
    0xFFFF, 0xFFFF, 0xFFFF, 0xFFFF, 0xFFFF, 0xFFDF, 0xFFDF, 0xFFDF, 0xFFFF, 0xFFFF, 0xFFFF, 0xFFDF,
    0xFFDF, 0xFFFF, 0xFFFF, 0xFFFF, 0xFFFF, 0xFFFF, 0xFFFF, 0xEF9D, 0xD6BA, 0xB5D6, 0x94B2, 0x7BCF,
    0x5AEB, 0x4A49, 0x39E7, 0x3186, 0x2965, 0x2925, 0x2104, 0x18E3, 0x18C3, 0x18C3, 0x10A2, 0x18C3,
    0x2104, 0x3186, 0x4228, 0x5ACB, 0x6B4D, 0x7BEF, 0x8C71, 0x9D13, 0xAD55, 0xB596, 0xB5B6, 0xAD55,
    0x2104, 0x7DFA, 0x5C94, 0x7599, 0x8EBE, 0x869D, 0x869D, 0x8E9D, 0x3AED, 0x328B, 0x64B5, 0x971F,
    0x8EBE, 0x6D16, 0x6D36, 0x6D59, 0x4A20, 0xFFE0, 0xFFE0, 0x18C0, 0x738F, 0xFFFF, 0xFFFF, 0xFFFF,
    0xFFFF, 0xF7DF, 0x3165, 0x9CC0, 0xCE21, 0xFFC0, 0x39E0, 0x5001, 0xC0E3, 0xA8A3, 0xB0A3, 0xB0C3,
    0xB8C3, 0x2821, 0x10A2, 0x0821, 0x9082, 0xB0C3, 0xA8A3, 0xA8A3, 0xC8E3, 0x4820, 0x8451, 0x9CF3,
    0x8410, 0x7BCF, 0x8410, 0x8410, 0x8410, 0x8C71, 0x94B2, 0x9492, 0x9492, 0x9492, 0x8C51, 0x8430,
    0x8C71, 0x9CD3, 0xA534, 0xBDD7, 0xD6BA, 0xF79E, 0xFFFF, 0xFFFF, 0xFFFF, 0xFFFF, 0xE75C, 0xBE17,
    0x9CD3, 0x7BEF, 0x738E, 0x7BCF, 0x8C71, 0xAD75, 0xCE99, 0xF79E, 0xFFFF, 0xFFFF, 0xFFFF, 0xFFFF,
    0xFFFF, 0xF7DF, 0xD6FB, 0xA596, 0x73CF, 0x4208, 0x20A3, 0x3800, 0x1000, 0x73CF, 0x4A08, 0x9061,
    0x90C3, 0x4822, 0x1001, 0x0000, 0x0000, 0x2140, 0x5B00, 0x9CE0, 0xDE80, 0xF780, 0xDEC0, 0xA500,
    0x6B20, 0x4200, 0x4200, 0x6B40, 0x8400, 0x39C0, 0xFFE0, 0x3A00, 0x1801, 0xB0A2, 0x30E4, 0xEF9E,
    0xFFFF, 0xFFFF, 0xFFFF, 0xFFFF, 0xFFFF, 0xFFFF, 0xFFFF, 0xFFFF, 0xFFFF, 0xFFFF, 0xFFFF, 0xFFFF,
    0xFFFF, 0xFFFF, 0xFFFF, 0xFFFF, 0xFFFF, 0xFFFF, 0xFFFF, 0xFFFF, 0xF7BE, 0xFFFF, 0xCEBA, 0x2000,
    0x7000, 0x4000, 0x3082, 0x3986, 0x5B0C, 0x8CB2, 0xBE38, 0xE77D, 0xFFFF, 0xFFFF, 0xFFFF, 0xFFFF,
    0xFFFF, 0xFFDF, 0xFFFF, 0xFFFF, 0xFFFF, 0xFFFF, 0xFFFF, 0xFFFF, 0xFFFF, 0xFFFF, 0xFFDF, 0xFFDF,
    0xFFFF, 0xFFFF, 0xFFFF, 0xFFFF, 0xFFFF, 0xFFFF, 0xDF1B, 0xBDF7, 0x9CD3, 0x8430, 0x630C, 0x4A49,
    0x31A6, 0x2945, 0x2104, 0x2104, 0x18C3, 0x18A3, 0x1082, 0x0861, 0x1082, 0x18C3, 0x2965, 0x4208,
    0x52AA, 0x6B6D, 0x8410, 0x9CD3, 0xA534, 0xAD75, 0xB596, 0xB596, 0xAD55, 0xA514, 0x9492, 0x8410,
    0x738E, 0x6B4D, 0x632C, 0x4A49, 0x1945, 0x865C, 0x5C53, 0x865C, 0x8E9D, 0x8E9D, 0x867C, 0x8EFE,
    0x5C53, 0x432E, 0x1945, 0x2A29, 0x2984, 0x3ACD, 0x96FE, 0x4BB2, 0x9C80, 0xFFE1, 0xA501, 0x0840,
    0x20E3, 0xF79E, 0xFFFF, 0xFFFF, 0xFFFF, 0xE75E, 0x4203, 0xD640, 0x9C81, 0xDEA0, 0x1060, 0x0020,
    0x7882, 0xB8C3, 0xB0A3, 0xB0A3, 0xB8C3, 0x8082, 0x0000, 0x3821, 0xC8E3, 0xB8E3, 0xC0E3, 0xC0E3,
    0x6001, 0x528A, 0xFFFF, 0xFFFF, 0xFFFF, 0xFFFF, 0xF7BE, 0xE73C, 0xCE7A, 0x2944, 0x0000, 0x8C31,
    0x8C71, 0x8430, 0x8410, 0x7BEF, 0x7BEF, 0x8410, 0x8430, 0x8C71, 0x8C71, 0x8C71, 0x8C71, 0x94D2,
    0xAD55, 0xC658, 0xEF7D, 0xFFFF, 0xFFFF, 0xFFFF, 0xFFFF, 0xE75C, 0xBDF7, 0x9CD3, 0x7BCF, 0x6B6D,
    0x7BCF, 0x94B2, 0xBDD7, 0xDF1B, 0xFFFF, 0xFFFF, 0xFFFF, 0xFFFF, 0xFFFF, 0xFFFF, 0xDF3C, 0xADB6,
    0x73CF, 0x4A69, 0x20E3, 0x4000, 0x6800, 0x9841, 0xB0A2, 0xA8C3, 0x80A2, 0x4822, 0x1001, 0x0000,
    0x0020, 0x2160, 0x6B60, 0xB581, 0xEF20, 0xFFA0, 0xDEC0, 0xA520, 0x5AC0, 0x94A0, 0xEF40, 0x0040,
    0x6062, 0x8820, 0x52AA, 0xFFFF, 0xFFDF, 0xFFFF, 0xFFFF, 0xFFFF, 0xFFFF, 0xFFFF, 0xFFFF, 0xFFFF,
    0xFFFF, 0xFFFF, 0xFFFF, 0xFFFF, 0xFFFF, 0xFFFF, 0xFFFF, 0xFFFF, 0xFFFF, 0xFFFF, 0xFFFF, 0xFFFF,
    0xFFFF, 0xFFFF, 0xE75C, 0x52AA, 0x73EF, 0xADB6, 0xDF1B, 0xFFFF, 0xFFFF, 0xFFFF, 0xFFFF, 0xFFFF,
    0xFFFF, 0xFFDF, 0xFFDF, 0xFFFF, 0xFFFF, 0xFFFF, 0xFFFF, 0xFFFF, 0xFFFF, 0xFFDF, 0xFFDF, 0xFFFF,
    0xFFFF, 0xFFFF, 0xFFFF, 0xFFFF, 0xFFDF, 0xDEFB, 0xBDD7, 0x94B2, 0x7BCF, 0x6B4D, 0x738E, 0x8C51,
    0xAD75, 0x2945, 0x18A3, 0x18C3, 0x18C3, 0x18A3, 0x18C3, 0x20E4, 0x3186, 0x4A49, 0x630C, 0x7BEF,
    0x94B2, 0xA514, 0xAD55, 0xAD55, 0xA534, 0x9CF3, 0x94B2, 0x8C51, 0x7BEF, 0x73AE, 0x6B6D, 0x5AEB,
    0x5AAB, 0x5AAB, 0x5ACB, 0x5AEB, 0x630C, 0x632C, 0x7BCF, 0x5AAA, 0x21E8, 0x863B, 0x53D1, 0x865C,
    0x8E9D, 0x869D, 0x869D, 0x867C, 0x5C53, 0x7DB9, 0x0864, 0x7340, 0xEF40, 0x62C0, 0x21C9, 0x4BD2,
    0x9C80, 0xFFE1, 0x52A0, 0x2946, 0x0882, 0xCE59, 0xFFDF, 0xF7BE, 0xFFDF, 0xE71D, 0x41E3, 0xD680,
    0xBDC1, 0xD660, 0x4206, 0x4249, 0x3800, 0xC0C3, 0xB0A3, 0xB0A3, 0xB8C3, 0x8062, 0x10C0, 0x1840,
    0x3001, 0x6002, 0x6002, 0x4862, 0x39C0, 0x6B8D, 0xFFFF, 0xF7BE, 0xFFDF, 0xFFFF, 0xFFFF, 0xFFFF,
    0xAD56, 0xA4E0, 0x6300, 0xC65B, 0xFFFF, 0xFFFF, 0xF79E, 0xDEFB, 0xC658, 0xAD75, 0x94D2, 0x8430,
    0x8410, 0x8430, 0x8C71, 0x94B2, 0x94B2, 0x9492, 0x8C71, 0x8C71, 0x9CD3, 0xAD75, 0xCE79, 0xEF7D,
    0xFFFF, 0xFFFF, 0xFFFF, 0xFFFF, 0xDEFB, 0xB596, 0x8C51, 0x73AE, 0x738E, 0x8430, 0xAD55, 0xD69A,
    0xF79E, 0xFFFF, 0xFFFF, 0xFFFF, 0xFFFF, 0xFFFF, 0xE73C, 0xADD7, 0x73EF, 0x4A29, 0x30C3, 0x4000,
    0x6800, 0x9041, 0xB0A2, 0xA8C3, 0x8082, 0x4822, 0x1001, 0x0000, 0x0000, 0x2160, 0x6B60, 0xB560,
    0xE6E0, 0xFFE0, 0xAD20, 0x0000, 0xA0C3, 0x5000, 0x94F3, 0xFFFF, 0xFFDF, 0xFFFF, 0xFFFF, 0xFFFF,
    0xFFFF, 0xFFFF, 0xFFFF, 0xFFFF, 0xFFFF, 0xFFFF, 0xFFFF, 0xFFFF, 0xFFFF, 0xFFFF, 0xFFFF, 0xFFFF,
    0xFFFF, 0xFFFF, 0xFFFF, 0xFFFF, 0xFFFF, 0xFFFF, 0xFFFF, 0xFFFF, 0xFFFF, 0xFFFF, 0xFFFF, 0xFFFF,
    0xFFDF, 0xFFDF, 0xFFDF, 0xFFFF, 0xFFFF, 0xFFFF, 0xFFFF, 0xFFFF, 0xFFFF, 0xFFFF, 0xFFFF, 0xFFFF,
    0xFFFF, 0xFFFF, 0xFFFF, 0xFFFF, 0xE73C, 0xC618, 0x9CF3, 0x7BEF, 0x738E, 0x73AE, 0x9492, 0xBDF7,
    0xE73C, 0xFFFF, 0xFFFF, 0xFFFF, 0xE73C, 0x528A, 0x4208, 0x5AAB, 0x6B4D, 0x8410, 0x94B2, 0xA534,
    0xAD55, 0xA534, 0x9CF3, 0x9492, 0x8C51, 0x8410, 0x7BCF, 0x73AE, 0x73AE, 0x73AE, 0x73AE, 0x73AE,
    0x73AE, 0x73AE, 0x73AE, 0x73AE, 0x73AE, 0x738E, 0x6B4D, 0x5ACB, 0x4A49, 0x39C7, 0x2966, 0x18C3,
    0x3AAC, 0x7DD9, 0x4BB0, 0x8E9D, 0x8E9D, 0x869D, 0x8EBD, 0x7599, 0x29E9, 0x7557, 0x2A8D, 0x83E0,
    0xFFE1, 0x62E0, 0x1062, 0x10A3, 0x8C20, 0xFFE0, 0x9440, 0x0001, 0x328B, 0x632C, 0xFFFF, 0xFFFF,
    0xFFFF, 0xF7BF, 0x41E3, 0xE6E0, 0xB581, 0xF780, 0x3161, 0x0841, 0x5061, 0xB8C3, 0xA8A3, 0xA8A3,
    0xC8E3, 0x4801, 0x8C80, 0xCE40, 0x5B00, 0x6360, 0x73C0, 0xBE00, 0xF740, 0x39C4, 0xF7BE, 0xFFFF,
    0xFFFF, 0xFFFF, 0xFFFF, 0xFFFF, 0x5AE9, 0xEF00, 0x9460, 0xAD57, 0xFFDF, 0xFFDF, 0xFFFF, 0xFFFF,
    0xFFFF, 0xFFFF, 0xFFFF, 0xFFFF, 0xEF9D, 0xD69A, 0xB596, 0x9CD3, 0x8C51, 0x8410, 0x8430, 0x8C51,
    0x9492, 0x9492, 0x94B2, 0x8C71, 0x9492, 0x9CF3, 0xB5B6, 0xD6BA, 0xFFFF, 0xFFFF, 0xFFFF, 0xFFFF,
    0xEF9D, 0xC638, 0x9CF3, 0x7BEF, 0x6B6D, 0x7BCF, 0x9CD3, 0xC618, 0xEF5D, 0xFFFF, 0xFFFF, 0xFFFF,
    0xFFFF, 0xFFFF, 0xE75C, 0xB5F7, 0x7C30, 0x4A49, 0x30E4, 0x4020, 0x6800, 0x9041, 0xA8A2, 0xA8C3,
    0x8082, 0x4002, 0x1001, 0x0000, 0x0000, 0x2160, 0x1900, 0x1821, 0xB0A3, 0x3061, 0xD6FB, 0xFFFF,
    0xFFFF, 0xFFFF, 0xFFFF, 0xFFFF, 0xFFFF, 0xFFFF, 0xFFFF, 0xFFFF, 0xFFFF, 0xFFFF, 0xFFFF, 0xFFFF,
    0xFFFF, 0xFFFF, 0xFFFF, 0xFFFF, 0xFFFF, 0xFFFF, 0xFFFF, 0xFFFF, 0xFFFF, 0xFFFF, 0xFFFF, 0xFFDF,
    0xFFDF, 0xFFDF, 0xFFFF, 0xFFFF, 0xFFFF, 0xFFFF, 0xFFFF, 0xFFFF, 0xFFFF, 0xFFFF, 0xFFFF, 0xFFFF,
    0xFFFF, 0xFFFF, 0xFFFF, 0xF79E, 0xCE79, 0xAD55, 0x8430, 0x738E, 0x73AE, 0x8C71, 0xB596, 0xD6BA,
    0xF7BE, 0xFFFF, 0xFFFF, 0xE71C, 0xB5B6, 0x94B2, 0x8410, 0x7BCF, 0x7BCF, 0x9492, 0x9CD3, 0x94B2,
    0x9492, 0x8C71, 0x8C51, 0x8430, 0x8410, 0x8430, 0x8C51, 0x8C51, 0x8C51, 0x8430, 0x8410, 0x7BEF,
    0x7BEF, 0x73AE, 0x738E, 0x632C, 0x5ACB, 0x4A49, 0x39C7, 0x2925, 0x1082, 0x0000, 0x0000, 0x0000,
    0x0000, 0x0000, 0x18C3, 0x0841, 0x32AC, 0x7E1B, 0x863B, 0x8E9D, 0x869D, 0x867D, 0x867D, 0x8EFE,
    0x7578, 0x7DFA, 0x4BB2, 0x41C0, 0xFFE1, 0x9CC0, 0x10A4, 0x0823, 0x4200, 0xFFC0, 0xF7A0, 0x62E0,
    0x5CB6, 0x29C7, 0x9492, 0x9CD3, 0x8C71, 0x8410, 0x2102, 0xEF20, 0xCE21, 0xEF61, 0x8400, 0x0000,
    0xA0C2, 0xC0E3, 0xB8E3, 0xC8E3, 0x7822, 0x10A0, 0xE700, 0xFFE0, 0xFFE0, 0xFFE0, 0xFFE0, 0xFFE0,
    0xF7A0, 0x39C1, 0xD69B, 0xFFFF, 0xFFFF, 0xFFFF, 0xFFFF, 0xDEDD, 0x6B42, 0xC5E0, 0x62E0, 0xB5B7,
    0xFFFF, 0xFFDF, 0xFFFF, 0xFFFF, 0xFFFF, 0xFFDF, 0xFFDF, 0xFFFF, 0xFFFF, 0xFFFF, 0xFFFF, 0xFFFF,
    0xFFFF, 0xF79E, 0xD6DA, 0xB5D6, 0x9D13, 0x8C71, 0x8410, 0x8430, 0x94B2, 0x9CF3, 0x9CF3, 0x94B2,
    0x9492, 0x9492, 0xA534, 0xC638, 0xEF7D, 0xFFFF, 0xFFFF, 0xFFFF, 0xFFFF, 0xD6DA, 0xAD75, 0x8430,
    0x738E, 0x7BCF, 0x9CD3, 0xC638, 0xEF7D, 0xFFFF, 0xFFFF, 0xFFFF, 0xFFFF, 0xFFFF, 0xE77D, 0xB618,
    0x7C51, 0x4A69, 0x30E4, 0x4021, 0x6800, 0x9041, 0xB0A2, 0xA8C3, 0x80A2, 0x4822, 0x1000, 0x5062,
    0x9841, 0x39C7, 0xFFFF, 0xFFFF, 0xFFFF, 0xFFFF, 0xFFFF, 0xFFFF, 0xFFFF, 0xFFFF, 0xFFFF, 0xFFFF,
    0xFFFF, 0xFFFF, 0xFFFF, 0xFFFF, 0xFFFF, 0xFFFF, 0xFFFF, 0xFFFF, 0xFFFF, 0xFFFF, 0xFFFF, 0xFFFF,
    0xFFFF, 0xFFFF, 0xFFFF, 0xFFFF, 0xFFFF, 0xFFFF, 0xFFFF, 0xFFFF, 0xFFFF, 0xFFFF, 0xFFFF, 0xFFFF,
    0xFFFF, 0xFFFF, 0xFFFF, 0xFFFF, 0xFFFF, 0xCE99, 0x7BCF, 0x73AE, 0x8410, 0xA534, 0xCE59, 0xEF5D,
    0xFFFF, 0xFFFF, 0xFFFF, 0xFFFF, 0xFFFF, 0xA534, 0x73AE, 0x7BEF, 0x8430, 0x8C71, 0x8C71, 0x8C71,
    0x8C71, 0x8C51, 0x8C71, 0x9492, 0x94B2, 0x94B2, 0x94B2, 0x94B2, 0x9492, 0x8C71, 0x8C51, 0x8410,
    0x7BCF, 0x738E, 0x632C, 0x52AA, 0x39C7, 0x2104, 0x0861, 0x0000, 0x0000, 0x0000, 0x0000, 0x1082,
    0x3186, 0x5ACB, 0x8410, 0xA514, 0xC618, 0xDEFB, 0xEF9D, 0x4A49, 0x20E3, 0x53F1, 0x971F, 0x867C,
    0x8EBD, 0x8EDE, 0x867D, 0x867C, 0x8EBD, 0x8EFE, 0x7E1B, 0x1902, 0xDEA0, 0xFFE1, 0x8C20, 0x39C0,
    0x1080, 0xD661, 0xFFE1, 0x9CC1, 0x761D, 0x6D36, 0x0820, 0xA534, 0xB5B6, 0xBDF7, 0x39C8, 0xAD40,
    0xEF61, 0xDE81, 0xFFC0, 0x6B40, 0x4021, 0x8022, 0x7802, 0x4801, 0x2920, 0xC600, 0xFFE0, 0xF760,
    0xF760, 0xFFA0, 0xFFC0, 0xFFA0, 0xFFE1, 0x6B20, 0x73B0, 0xD69A, 0xDF1B, 0xEF9D, 0xFFFF, 0x9CF5,
    0x9CC0, 0xE6E1, 0x4A40, 0x9CD4, 0xFFFF, 0xFFDF, 0xFFDF, 0xFFDF, 0xFFDF, 0xFFFF, 0xFFFF, 0xFFFF,
    0xFFFF, 0xFFFF, 0xFFDF, 0xFFDF, 0xFFFF, 0xFFFF, 0xFFFF, 0xFFFF, 0xFFFF, 0xFFFF, 0xEF9D, 0xCE99,
    0xAD75, 0x9492, 0x8410, 0x8430, 0x94B2, 0x9CF3, 0x9CF3, 0x94B2, 0x9492, 0x9492, 0xA514, 0xBDF7,
    0xDEFB, 0xFFFF, 0xFFFF, 0xFFFF, 0xFFFF, 0xDEFB, 0xB596, 0x8C51, 0x738E, 0x7BEF, 0xA514, 0xD69A,
    0xF7DE, 0xFFFF, 0xFFFF, 0xFFFF, 0xFFFF, 0xFFFF, 0xEF7D, 0xB618, 0x7C51, 0x4A69, 0x30E3, 0x4800,
    0x7000, 0x9841, 0xA8A2, 0xC904, 0x6820, 0x73EF, 0xFFFF, 0xFFDF, 0xFFFF, 0xFFFF, 0xFFFF, 0xFFFF,
    0xFFFF, 0xFFFF, 0xFFFF, 0xFFFF, 0xFFFF, 0xFFFF, 0xFFFF, 0xFFFF, 0xFFFF, 0xFFFF, 0xFFFF, 0xFFFF,
    0xFFFF, 0xFFFF, 0xFFFF, 0xFFFF, 0xFFFF, 0xFFFF, 0xFFFF, 0xFFFF, 0xFFFF, 0xFFFF, 0xFFFF, 0xFFFF,
    0xFFFF, 0xFFFF, 0xFFFF, 0xFFFF, 0xFFFF, 0xFFFF, 0xFFFF, 0xFFFF, 0xFFFF, 0xE73C, 0xDEDB, 0xFFFF,
    0xFFFF, 0xFFFF, 0xFFFF, 0xFFFF, 0xFFFF, 0xFFFF, 0xFFFF, 0xF7DE, 0xDEFB, 0xA534, 0x9492, 0x9492,
    0x8C71, 0x8C71, 0x9492, 0x94B2, 0x9492, 0x8C51, 0x8430, 0x8410, 0x8410, 0x8C51, 0x8C51, 0x7BEF,
    0x6B4D, 0x4A69, 0x31A6, 0x2104, 0x1062, 0x0000, 0x0000, 0x0000, 0x0000, 0x10A2, 0x39C7, 0x630C,
    0x8C71, 0xB5B6, 0xD6DA, 0xEF9D, 0xFFFF, 0xFFFF, 0xFFFF, 0xFFFF, 0xFFFF, 0xFFFF, 0xFFFF, 0xFFFF,
    0xB595, 0x2A4A, 0x971F, 0x8EBD, 0x863B, 0x6CF6, 0x8EFE, 0x96FF, 0x8EDE, 0x865C, 0x96FE, 0x4BB2,
    0x39A0, 0xFFC1, 0xFFE1, 0xFFE1, 0x6300, 0x9460, 0xE700, 0x39C1, 0x4B71, 0x6CD4, 0x434F, 0x7BEF,
    0xFFFF, 0xFFFF, 0xA516, 0x6300, 0xFFE1, 0xB581, 0xFF80, 0xFFE0, 0xB5A0, 0x7380, 0x6B60, 0x94C0,
    0xEF40, 0xFFE0, 0xFF80, 0xF780, 0xFFC0, 0xDEC1, 0xAD21, 0xA501, 0xD661, 0xBDA0, 0x18E4, 0x840F,
    0x738E, 0x6B4D, 0x738E, 0x3186, 0xCE20, 0xDEC1, 0x62E0, 0x9493, 0xF7BE, 0xFFFF, 0xFFFF, 0xFFFF,
    0xFFFF, 0xFFFF, 0xFFFF, 0xFFFF, 0xFFFF, 0xFFDF, 0xFFDF, 0xFFFF, 0xFFFF, 0xFFFF, 0xFFFF, 0xFFDF,
    0xFFDF, 0xFFFF, 0xFFFF, 0xFFFF, 0xFFFF, 0xFFFF, 0xFFDF, 0xDEDB, 0xB5D6, 0x9CD3, 0x8430, 0x8430,
    0x8C51, 0x9492, 0x9492, 0x9492, 0x8C71, 0x8C71, 0x9CD3, 0xB596, 0xD69A, 0xFFDF, 0xFFFF, 0xFFFF,
    0xFFFF, 0xD6BA, 0xA514, 0x7BEF, 0x738E, 0x8C51, 0xB596, 0xDF1B, 0xFFFF, 0xFFFF, 0xFFFF, 0xFFFF,
    0xFFFF, 0xFFFF, 0xE77D, 0xB5F7, 0x73EF, 0x4208, 0x30A3, 0x5000, 0x1800, 0xBE38, 0xFFFF, 0xFFDF,
    0xFFFF, 0xFFFF, 0xFFFF, 0xFFFF, 0xFFFF, 0xFFFF, 0xFFFF, 0xFFFF, 0xFFFF, 0xFFFF, 0xFFFF, 0xFFFF,
    0xFFFF, 0xFFFF, 0xFFFF, 0xFFFF, 0xFFFF, 0xFFFF, 0xFFFF, 0xFFFF, 0xFFFF, 0xFFFF, 0xFFFF, 0xFFFF,
    0xFFFF, 0xFFFF, 0xFFFF, 0xFFFF, 0xFFFF, 0xFFFF, 0xFFFF, 0xFFFF, 0xFFFF, 0xFFFF, 0xFFFF, 0xFFFF,
    0xFFDF, 0xFFFF, 0xFFFF, 0xFFFF, 0xFFFF, 0xFFFF, 0xFFFF, 0xE73C, 0xC638, 0xA534, 0x8C71, 0x8410,
    0x8410, 0x8C71, 0x8C71, 0x8430, 0x8410, 0x7BEF, 0x8430, 0x8C71, 0x9CF3, 0xB5B6, 0xD6BA, 0xEF7D,
    0xFFFF, 0xFFFF, 0x5ACB, 0x18C3, 0x2965, 0x4A69, 0x7BEF, 0x738E, 0x31A6, 0x632C, 0x9492, 0xBDD7,
    0xDEDB, 0xF79E, 0xFFFF, 0xFFFF, 0xFFFF, 0xFFFF, 0xFFFF, 0xFFFF, 0xFFFF, 0xFFFF, 0xF7BE, 0xDF1B,
    0xC638, 0xAD55, 0x8C71, 0x7BEF, 0x41E7, 0x2A09, 0x973F, 0x7599, 0x3AAB, 0x6D16, 0x6D57, 0x5C74,
    0x7557, 0x971F, 0x8E9D, 0x971E, 0x3B0F, 0x5AC0, 0xFFC0, 0xE6E0, 0x7BC0, 0x42A8, 0x6CB1, 0x64D5,
    0x863B, 0x438F, 0x5432, 0x3B0E, 0x8C30, 0xFFFF, 0xF79E, 0x2924, 0xCE20, 0xF7A1, 0xF760, 0xFF80,
    0xFFE0, 0xFFE0, 0xFFE0, 0xFFE0, 0xFFA0, 0xF780, 0xF780, 0xFFE0, 0xC5E1, 0xA4E1, 0xDE81, 0xEF20,
    0xE6E1, 0xF740, 0x4204, 0xF7BF, 0xFFFF, 0xF7DE, 0xE75C, 0x4228, 0xD680, 0xD661, 0x62E0, 0x528A,
    0x7BCF, 0x738E, 0x7BEF, 0x8C71, 0xAD55, 0xC638, 0xDF1B, 0xF7DE, 0xFFFF, 0xFFFF, 0xFFFF, 0xFFFF,
    0xFFFF, 0xFFFF, 0xFFDF, 0xFFDF, 0xFFFF, 0xFFFF, 0xFFFF, 0xFFFF, 0xFFDF, 0xFFDF, 0xFFFF, 0xFFFF,
    0xFFFF, 0xFFFF, 0xFFFF, 0xEF7D, 0xCE79, 0xAD75, 0x94B2, 0x8430, 0x8410, 0x8430, 0x9492, 0x94B2,
    0x94B2, 0x8C51, 0xCE59, 0xFFFF, 0xFFDF, 0xFFFF, 0xFFFF, 0xFFFF, 0xEF9D, 0xC638, 0x94B2, 0x73AE,
    0x73AE, 0x94B2, 0xC638, 0xF79E, 0xFFFF, 0xFFFF, 0xFFFF, 0xFFFF, 0xFFFF, 0xFFFF, 0xDF3C, 0xA575,
    0x7BEF, 0xF7BE, 0xFFFF, 0xFFFF, 0xFFFF, 0xFFFF, 0xFFFF, 0xFFFF, 0xFFFF, 0xFFFF, 0xFFFF, 0xFFFF,
    0xFFFF, 0xFFFF, 0xFFFF, 0xFFFF, 0xFFFF, 0xFFFF, 0xFFFF, 0xFFFF, 0xFFFF, 0xFFFF, 0xFFFF, 0xFFFF,
    0xFFFF, 0xFFFF, 0xFFFF, 0xFFFF, 0xFFFF, 0xFFFF, 0xFFFF, 0xFFFF, 0xFFFF, 0xFFFF, 0xFFFF, 0xFFFF,
    0xFFDF, 0xFFFF, 0xFFFF, 0xFFFF, 0xFFFF, 0xFFFF, 0xFFFF, 0xDEFB, 0xB5D6, 0x94B2, 0x8430, 0x8430,
    0x9492, 0x9CD3, 0x94B2, 0x8C71, 0x8430, 0x8430, 0x9492, 0xAD55, 0xCE59, 0xE73C, 0xFFFF, 0xFFFF,
    0xFFFF, 0xFFFF, 0xFFFF, 0xFFFF, 0xFFFF, 0xFFDF, 0xD69A, 0xE71C, 0xFFFF, 0xFFFF, 0xFFFF, 0xFFFF,
    0xFFFF, 0xFFFF, 0xFFFF, 0xFFFF, 0xFFFF, 0xFFFF, 0xFFFF, 0xF79E, 0xDEDB, 0xC618, 0xA534, 0x8C71,
    0x7BCF, 0x6B6D, 0x6B4D, 0x6B6D, 0x7BCF, 0x8C71, 0xA554, 0xCE59, 0xA4F3, 0x21C8, 0x9F5F, 0x5C73,
    0x5412, 0x2A09, 0x2187, 0x4BD0, 0x224A, 0x3B6F, 0x75FA, 0x8EFE, 0x9F5F, 0x2A4C, 0x4222, 0x5BEE,
    0x6D59, 0x869E, 0x6537, 0x7E7C, 0x434F, 0x5820, 0x3800, 0x43B0, 0x2A09, 0xCE38, 0xFFFF, 0x73B0,
    0x31A0, 0xFFE1, 0xFF80, 0xEF40, 0x62E1, 0xE6E0, 0xFFE0, 0xFF80, 0xFF80, 0xFFC0, 0xFFE0, 0x9CA1,
    0x83C1, 0xFFE0, 0xFFC0, 0xFFA0, 0xFFA0, 0xFFE1, 0x5AA0, 0xAD57, 0xFFFF, 0xFFFF, 0xFFFF, 0x5AE8,
    0xEF20, 0xDEA1, 0x5AE0, 0xAD76, 0xFFFF, 0xEF7D, 0xDEDB, 0xC618, 0xA534, 0x8C71, 0x7BEF, 0x73AE,
    0x7BEF, 0x8C71, 0xAD55, 0xCE59, 0xE75C, 0xFFFF, 0xFFFF, 0xFFFF, 0xFFFF, 0xFFFF, 0xFFFF, 0xFFDF,
    0xFFDF, 0xFFFF, 0xFFFF, 0xFFFF, 0xFFDF, 0xFFDF, 0xFFFF, 0xFFFF, 0xFFFF, 0xFFFF, 0xFFFF, 0xFFFF,
    0xE71C, 0xBE17, 0x9CF3, 0x8C51, 0x8430, 0x9492, 0xBDD7, 0xEF9D, 0xFFFF, 0xFFFF, 0xFFFF, 0xFFDF,
    0xFFFF, 0xFFFF, 0xFFFF, 0xFFFF, 0xE73C, 0xB5B6, 0x8430, 0x738E, 0x8410, 0xB5B6, 0xEF5D, 0xFFDF,
    0xFFDF, 0xFFFF, 0xFFFF, 0xFFFF, 0xFFFF, 0xFFFF, 0xFFFF, 0xFFFF, 0xFFFF, 0xFFFF, 0xFFFF, 0xFFFF,
    0xFFFF, 0xFFFF, 0xFFFF, 0xFFFF, 0xFFFF, 0xFFFF, 0xFFFF, 0xFFFF, 0xFFFF, 0xFFFF, 0xFFFF, 0xFFFF,
    0xFFFF, 0xFFFF, 0xFFFF, 0xFFFF, 0xFFFF, 0xFFFF, 0xFFFF, 0xFFFF, 0xFFFF, 0xFFFF, 0xFFFF, 0xFFFF,
    0xFFFF, 0xFFFF, 0xFFFF, 0xFFFF, 0xFFFF, 0xFFFF, 0xF7BE, 0xD69A, 0xAD75, 0x94B2, 0x8430, 0x8C51,
    0x94B2, 0x9D13, 0xA514, 0x9492, 0x8430, 0x8430, 0x94B2, 0xB5B6, 0xDEDB, 0xF7DE, 0xFFFF, 0xFFFF,
    0xFFFF, 0xFFFF, 0xFFFF, 0xFFDF, 0xFFDF, 0xFFDF, 0xFFFF, 0xFFFF, 0xFFFF, 0xFFDF, 0xFFFF, 0xFFFF,
    0xFFFF, 0xFFFF, 0xFFFF, 0xFFFF, 0xFFFF, 0xF7BE, 0xDEFB, 0xC618, 0x9CF3, 0x7BEF, 0x6B6D, 0x6B4D,
    0x6B6D, 0x7BEF, 0x94B2, 0xAD75, 0xCE79, 0xEF5D, 0xFFFF, 0xFFFF, 0xFFFF, 0xFFFF, 0xFFFF, 0xFFFF,
    0xAD34, 0x21C8, 0x96FE, 0x8EBD, 0x3AAC, 0x21A7, 0x75FA, 0x634E, 0x6966, 0x5041, 0x3882, 0x42ED,
    0x6DD9, 0x64D5, 0x6539, 0x8F1F, 0x7E7C, 0x29E8, 0x2800, 0x3062, 0x7020, 0xC0E3, 0xA882, 0x3987,
    0x3B6F, 0x62EB, 0xFFFF, 0xF7DE, 0x2966, 0xB580, 0xFFE1, 0xDEA0, 0x20E1, 0x5261, 0xC601, 0xEF40,
    0xF760, 0xE6E0, 0x8C41, 0x83C1, 0xE6E0, 0xFFA0, 0xFF80, 0xFF80, 0xF780, 0xFFC1, 0xCE20, 0x4227,
    0xFFDF, 0xFFDF, 0xF7BF, 0x5AC6, 0xF760, 0xD661, 0x6B21, 0xCE5A, 0xFFFF, 0xFFFF, 0xFFFF, 0xFFFF,
    0xFFFF, 0xFFFF, 0xFFFF, 0xFFDF, 0xE71C, 0xC638, 0xA534, 0x8C51, 0x7BCF, 0x73AE, 0x8410, 0xA514,
    0xC638, 0xEF5D, 0xFFFF, 0xFFFF, 0xFFFF, 0xFFFF, 0xFFFF, 0xFFDF, 0xFFDF, 0xFFFF, 0xFFFF, 0xFFFF,
    0xFFFF, 0xFFDF, 0xFFDF, 0xFFFF, 0xFFFF, 0xFFFF, 0xFFFF, 0xFFFF, 0xE73C, 0xBDD7, 0x8C71, 0x73AE,
    0x7BEF, 0xAD55, 0xDEFB, 0xFFFF, 0xFFFF, 0xFFFF, 0xFFFF, 0xF7DE, 0xFFFF, 0xFFFF, 0xFFFF, 0xF7DE,
    0xCE59, 0x9492, 0x8C71, 0xFFFF, 0xFFFF, 0xFFFF, 0xFFFF, 0xFFDF, 0xFFDF, 0xFFFF, 0xFFFF, 0xFFFF,
    0xFFFF, 0xFFFF, 0xFFFF, 0xFFFF, 0xFFFF, 0xFFFF, 0xFFFF, 0xFFFF, 0xFFFF, 0xFFFF, 0xFFFF, 0xFFFF,
    0xFFFF, 0xFFFF, 0xFFFF, 0xFFFF, 0xFFFF, 0xFFFF, 0xFFFF, 0xFFFF, 0xFFFF, 0xFFFF, 0xFFFF, 0xFFFF,
    0xFFFF, 0xFFFF, 0xFFFF, 0xFFFF, 0xFFFF, 0xFFFF, 0xFFFF, 0xCE99, 0x9CF3, 0x7BEF, 0x73AE, 0x8410,
    0x94B2, 0x94D2, 0x94B2, 0x8C71, 0x8430, 0x8C51, 0x9CF3, 0xBE17, 0xE73C, 0xFFFF, 0xFFFF, 0xFFFF,
    0xFFFF, 0xFFFF, 0xFFDF, 0xFFDF, 0xFFFF, 0xFFFF, 0xFFFF, 0xFFFF, 0xFFFF, 0xFFFF, 0xFFFF, 0xFFFF,
    0xFFFF, 0xFFFF, 0xFFFF, 0xFFFF, 0xEF7D, 0xD6BA, 0xB5B6, 0x9CD3, 0x8410, 0x738E, 0x632C, 0x6B4D,
    0x9CF3, 0xC618, 0xE75C, 0xFFFF, 0xFFFF, 0xFFFF, 0xFFFF, 0xFFFF, 0xFFFF, 0xE75C, 0xC638, 0xA534,
    0x7BEF, 0x5ACB, 0x4208, 0x2966, 0x1062, 0x3ACC, 0x96FF, 0x8EBE, 0x322A, 0x5494, 0x5966, 0xA800,
    0xB882, 0xB8C3, 0xB8A3, 0x9820, 0x3882, 0x2A4A, 0x41A7, 0x2945, 0x30A3, 0x8041, 0xB8C3, 0xB0A3,
    0xB8C3, 0xB0A3, 0xB861, 0x5800, 0x4C74, 0x3A08, 0xF7BE, 0xFFFF, 0xBDD8, 0x18C1, 0xE700, 0xFFA1,
    0xBD81, 0xC601, 0x7BA1, 0x9441, 0x9CC1, 0x8C01, 0xB581, 0xFFE0, 0xFFC0, 0xFF80, 0xFF80, 0xFF80,
    0xFF80, 0xF760, 0xFFE1, 0x7380, 0x9CF6, 0xFFFF, 0xEF7E, 0x52A5, 0xFF80, 0xC5E0, 0x5264, 0xF79F,
    0xFFFF, 0xFFFF, 0xFFFF, 0xFFFF, 0xFFDF, 0xFFDF, 0xFFFF, 0xFFFF, 0xFFFF, 0xFFFF, 0xFFFF, 0xFFFF,
    0xFFFF, 0xEF9D, 0xCE99, 0xAD55, 0x8C51, 0x73AE, 0x73AE, 0x8C51, 0xAD75, 0xDEDB, 0xFFDF, 0xFFFF,
    0xFFFF, 0xFFFF, 0xFFFF, 0xFFDF, 0xFFDF, 0xFFFF, 0xFFFF, 0xFFFF, 0xFFFF, 0xFFFF, 0xFFDF, 0xFFFF,
    0xFFFF, 0xFFFF, 0xFFFF, 0xFFFF, 0xD6BA, 0xA534, 0x7BEF, 0x73AE, 0x94D2, 0xCE59, 0xF7DE, 0xFFFF,
    0xFFFF, 0xFFFF, 0xF7DE, 0xFFFF, 0xFFFF, 0xFFFF, 0xFFFF, 0xFFFF, 0xFFFF, 0xFFFF, 0xFFFF, 0xFFFF,
    0xFFFF, 0xFFFF, 0xFFFF, 0xFFFF, 0xFFFF, 0xFFFF, 0xFFFF, 0xFFFF, 0xFFFF, 0xFFFF, 0xFFFF, 0xFFFF,
    0xFFFF, 0xFFFF, 0xFFFF, 0xFFFF, 0xFFFF, 0xFFFF, 0xFFFF, 0xFFFF, 0xFFFF, 0xFFFF, 0xFFFF, 0xFFFF,
    0xFFFF, 0xFFFF, 0xFFFF, 0xFFFF, 0xFFFF, 0xFFFF, 0xFFFF, 0xFFFF, 0xFFFF, 0xFFFF, 0xF7BE, 0x9492,
    0xAD55, 0xDEDB, 0xFFDF, 0xCE59, 0x8410, 0x9492, 0xAD55, 0xCE79, 0xEF7D, 0xFFFF, 0xFFFF, 0xFFFF,
    0xFFFF, 0xFFFF, 0xFFDF, 0xFFDF, 0xFFFF, 0xFFFF, 0xFFFF, 0xFFFF, 0xFFFF, 0xFFFF, 0xFFFF, 0xFFFF,
    0xFFFF, 0xFFDF, 0xFFDF, 0xFFFF, 0xDEFB, 0xB596, 0x9492, 0x7BCF, 0x6B6D, 0x632D, 0x6B2D, 0x6B6D,
    0x738E, 0x7BCF, 0x94B2, 0xAD55, 0xFFFF, 0xFFFF, 0xE73C, 0xC618, 0x9CF3, 0x73AE, 0x52AA, 0x39C7,
    0x2124, 0x18C3, 0x18C3, 0x20E4, 0x2945, 0x31A6, 0x39E7, 0x4A69, 0x2945, 0x430E, 0x971F, 0x8E9D,
    0x21C8, 0x2966, 0xA082, 0xB8E4, 0xA8C3, 0xB0A3, 0xB0C3, 0xB8C3, 0xB0A3, 0x7800, 0xA861, 0xA061,
    0xB082, 0xB8C3, 0xB0A3, 0xB0C3, 0xB0A3, 0x3841, 0x41C8, 0x41E9, 0x865C, 0x42CC, 0xCE58, 0xFFDF,
    0xFFFF, 0xAD56, 0x2940, 0xDEA0, 0xFFE1, 0xFFC0, 0xFFE0, 0xFFA0, 0xFFA0, 0xFFE0, 0xFFE0, 0xFF80,
    0xFF80, 0xFF80, 0xFF80, 0xF760, 0xF760, 0xF760, 0xF781, 0xE720, 0x4204, 0xE75D, 0xEF9E, 0x52A3,
    0xFFE0, 0xDE80, 0x73AC, 0xFFFF, 0xFFFF, 0xFFFF, 0xFFFF, 0xFFFF, 0xFFFF, 0xFFFF, 0xFFFF, 0xFFFF,
    0xFFFF, 0xFFFF, 0xFFDF, 0xFFDF, 0xFFFF, 0xFFFF, 0xFFFF, 0xFFFF, 0xFFFF, 0xFFFF, 0xE75C, 0xC638,
    0x9CF3, 0x7BEF, 0x738E, 0x8410, 0xA534, 0xCE79, 0xF7BE, 0xFFFF, 0xFFFF, 0xFFFF, 0xFFFF, 0xFFFF,
    0xFFDF, 0xFFFF, 0xFFFF, 0xFFFF, 0xFFFF, 0xFFFF, 0xFFDF, 0xFFFF, 0xFFFF, 0xFFFF, 0xFFFF, 0xE73C,
    0xB596, 0x8430, 0x73AE, 0x8C51, 0xBDD7, 0xEF7D, 0xFFFF, 0xFFFF, 0xFFFF, 0xF7DE, 0xFFDF, 0xFFFF,
    0xFFFF, 0xFFFF, 0xFFFF, 0xFFFF, 0xFFFF, 0xFFFF, 0xFFFF, 0xFFFF, 0xFFFF, 0xFFFF, 0xFFFF, 0xFFFF,
    0xFFFF, 0xFFFF, 0xFFFF, 0xFFFF, 0xFFFF, 0xFFFF, 0xFFFF, 0xFFFF, 0xFFFF, 0xFFFF, 0xFFFF, 0xFFFF,
    0xFFFF, 0xFFFF, 0xFFFF, 0xFFFF, 0xFFFF, 0xFFFF, 0xFFFF, 0xFFFF, 0xFFFF, 0xFFFF, 0xFFFF, 0xFFFF,
    0xFFFF, 0xFFFF, 0xFFFF, 0xFFFF, 0xFFFF, 0xFFFF, 0xFFFF, 0xF7BE, 0xFFDF, 0xFFFF, 0xFFFF, 0xFFFF,
    0xFFFF, 0xFFFF, 0xFFDF, 0xFFFF, 0xFFFF, 0xFFFF, 0xFFFF, 0xFFFF, 0xFFFF, 0xFFFF, 0xFFFF, 0xFFFF,
    0xFFFF, 0xFFDF, 0xFFFF, 0xFFFF, 0xFFFF, 0xFFFF, 0xFFFF, 0xFFDF, 0x8410, 0x5AEB, 0x6B4D, 0x7BAE,
    0x8410, 0x9492, 0xA514, 0xB596, 0xCE59, 0xD69A, 0x7BEF, 0x5AEB, 0x39E7, 0x2124, 0x18C3, 0x18A3,
    0x18C3, 0x2925, 0x31A6, 0x4228, 0x528A, 0x5ACB, 0x6B4D, 0x738E, 0x7BCF, 0x8430, 0x9492, 0xA555,
    0x5269, 0x3B2E, 0x96FF, 0x96FE, 0x3B2E, 0x1000, 0xB0C3, 0xB0A3, 0xB0A3, 0xB0A3, 0xB0A3, 0xB0A3,
    0xB0C3, 0xB8C3, 0xB0C3, 0xB0C3, 0xB0C3, 0xB0A3, 0xA8A3, 0xC0E4, 0x7000, 0x3B2E, 0x5CB5, 0x222A,
    0x32CC, 0x08A3, 0xBDB6, 0xFFFF, 0xFFDF, 0xFFFF, 0xB5B8, 0x2942, 0xD660, 0xFFE1, 0xF740, 0xFF80,
    0xFF80, 0xFF80, 0xFF80, 0xFF80, 0xFF80, 0xFF80, 0xFFC0, 0xFFE1, 0xFFE1, 0xFFE1, 0xFFE1, 0xFFE1,
    0xBDA0, 0x39E7, 0xAD98, 0x6B42, 0xFFE0, 0xAD20, 0xAD76, 0xFFFF, 0xFFDF, 0xFFFF, 0xFFFF, 0xFFFF,
    0xFFFF, 0xFFFF, 0xFFFF, 0xFFFF, 0xFFFF, 0xFFFF, 0xFFFF, 0xFFFF, 0xFFFF, 0xFFFF, 0xFFFF, 0xFFDF,
    0xFFDF, 0xFFFF, 0xFFFF, 0xFFFF, 0xFFFF, 0xFFFF, 0xF7BE, 0xCE99, 0xA534, 0x8410, 0x738E, 0x7BEF,
    0x9CF3, 0xC658, 0xEF7D, 0xFFFF, 0xFFFF, 0xFFFF, 0xFFFF, 0xFFFF, 0xFFDF, 0xFFFF, 0xFFFF, 0xFFFF,
    0xFFFF, 0xFFDF, 0xFFFF, 0xFFFF, 0xFFFF, 0xFFFF, 0xF7BE, 0xC638, 0x9492, 0x738E, 0x8410, 0xAD75,
    0xE71C, 0xFFFF, 0xFFFF, 0xFFFF, 0xFFFF, 0xFFDF, 0xFFFF, 0xFFFF, 0xFFFF, 0xFFFF, 0xFFFF, 0xFFFF,
    0xFFFF, 0xFFFF, 0xFFFF, 0xFFFF, 0xFFFF, 0xFFFF, 0xFFFF, 0xFFFF, 0xFFFF, 0xFFFF, 0xFFFF, 0xFFFF,
    0xFFFF, 0xFFFF, 0xFFFF, 0xFFFF, 0xFFFF, 0xFFFF, 0xFFFF, 0xFFFF, 0xFFFF, 0xFFFF, 0xFFFF, 0xFFFF,
    0xFFFF, 0xFFFF, 0xFFFF, 0xFFFF, 0xFFFF, 0xFFFF, 0xFFFF, 0xFFDF, 0xFFDF, 0xFFFF, 0xFFFF, 0xFFFF,
    0xFFFF, 0xFFDF, 0xFFDF, 0xFFFF, 0xFFFF, 0xFFFF, 0xFFFF, 0xFFFF, 0xFFFF, 0xFFFF, 0xFFFF, 0xFFFF,
    0xFFDF, 0xFFDF, 0xFFFF, 0xFFFF, 0xFFFF, 0xFFFF, 0xFFFF, 0xE75C, 0xC638, 0xA534, 0x8C71, 0x8C30,
    0x9CD3, 0xB596, 0xC638, 0xDEFB, 0xF7BE, 0xFFFF, 0xFFFF, 0xFFFF, 0xFFFF, 0xEF7D, 0x2965, 0x2945,
    0x39E7, 0x4A69, 0x5ACB, 0x632C, 0x6B6D, 0x7BEF, 0x8C51, 0x9CF3, 0xAD55, 0xBDF7, 0xCE99, 0xE71C,
    0xF7BE, 0xFFFF, 0xFFFF, 0xFFFF, 0x5AAA, 0x436F, 0x971F, 0x8EBE, 0x7578, 0x0021, 0x8882, 0xB8C3,
    0xB0A3, 0xB0A3, 0xB0A3, 0xB0A3, 0xB0A3, 0xB0A3, 0xB0A3, 0xB0C3, 0xB0C3, 0xA8A3, 0xB8C3, 0xA061,
    0x2925, 0x5C94, 0x0000, 0x7B8E, 0x7BAE, 0x7BAE, 0xE75C, 0x7BEF, 0x31A6, 0x5ACC, 0xBDF8, 0xD69B,
    0x5AC8, 0xB580, 0xFFE0, 0xFFA0, 0xF780, 0xFF80, 0xFF80, 0xFF80, 0xFF80, 0xFFA0, 0xE6E0, 0x7BC0,
    0x5280, 0x6B40, 0xA500, 0xF760, 0xFFE1, 0xB580, 0x2123, 0x7BC1, 0xFFE0, 0x8C23, 0xD6BC, 0xFFFF,
    0xFFFF, 0xFFFF, 0xFFFF, 0xFFFF, 0xFFFF, 0xFFFF, 0xFFFF, 0xFFFF, 0xFFFF, 0xFFFF, 0xFFFF, 0xFFFF,
    0xFFFF, 0xFFFF, 0xFFFF, 0xFFFF, 0xFFFF, 0xFFFF, 0xFFDF, 0xF7DE, 0xF7DE, 0xFFDF, 0xFFFF, 0xFFFF,
    0xFFFF, 0xFFFF, 0xF7DE, 0xD6BA, 0xAD55, 0x8430, 0x738E, 0x73AE, 0x9CD3, 0xC638, 0xEF9D, 0xFFFF,
    0xFFFF, 0xFFFF, 0xFFFF, 0xFFDF, 0xFFDF, 0xFFFF, 0xFFFF, 0xFFFF, 0xFFDF, 0xFFDF, 0xFFFF, 0xFFFF,
    0xFFFF, 0xFFFF, 0xCE99, 0x9CF3, 0x7BCF, 0x7BCF, 0xA514, 0xDEDB, 0xFFFF, 0xFFFF, 0xFFFF, 0xFFFF,
    0xFFDF, 0xFFFF, 0xFFFF, 0xFFFF, 0xFFFF, 0xFFFF, 0xFFFF, 0xFFFF, 0xFFFF, 0xFFFF, 0xFFFF, 0xFFFF,
    0xFFFF, 0xFFFF, 0xFFFF, 0xFFFF, 0xFFFF, 0xFFFF, 0xFFFF, 0xFFFF, 0xFFFF, 0xFFFF, 0xFFFF, 0xFFFF,
    0xFFFF, 0xFFFF, 0xFFFF, 0xFFFF, 0xFFFF, 0xFFFF, 0xFFFF, 0xFFFF, 0xFFFF, 0xFFFF, 0xFFFF, 0xFFFF,
    0xFFFF, 0xFFFF, 0xFFFF, 0xFFFF, 0xFFFF, 0xFFFF, 0xFFFF, 0xFFFF, 0xFFFF, 0xFFFF, 0xFFFF, 0xFFFF,
    0xFFDF, 0xFFFF, 0xFFFF, 0xFFFF, 0xFFFF, 0xFFFF, 0xFFDF, 0xDEFB, 0xBDD7, 0x9CD3, 0x8C30, 0x8C51,
    0x9D13, 0xBDF7, 0xDEFB, 0xFFDE, 0xFFFF, 0xFFFF, 0xFFFF, 0xFFFF, 0xFFFF, 0xDEFB, 0xBDF7, 0x9CD3,
    0x8410, 0x738E, 0x7BCF, 0x8C51, 0x9CD3, 0xB596, 0xC658, 0xDEFB, 0xEF7D, 0xFFFF, 0xFFFF, 0xFFFF,
    0xFFFF, 0xFFFF, 0xFFFF, 0xFFFF, 0xFFFF, 0xFFFF, 0xFFDF, 0xEF5D, 0x31A7, 0x865C, 0x8EBE, 0x867C,
    0x96DE, 0x19C8, 0x3800, 0xC0E3, 0xB0A3, 0xB0A3, 0xB0A3, 0xB0A3, 0xB0A3, 0xB0A3, 0xB0C3, 0xA882,
    0xB082, 0xB8C3, 0xB882, 0x3841, 0x54B4, 0x1904, 0xA513, 0xFFFF, 0xFFFF, 0xFFFF, 0xEF9E, 0x1081,
    0xBDA0, 0x9480, 0x18C0, 0x4A6A, 0xBE19, 0x738D, 0x7361, 0xEF40, 0xFFE0, 0xFF80, 0xF780, 0xFF80,
    0xFF80, 0xFFC0, 0x39C0, 0x4A4C, 0x9494, 0x8412, 0x4229, 0x2940, 0x8C40, 0xFFE1, 0xDEA0, 0xDEC0,
    0xF760, 0x5AC6, 0xF7DF, 0xFFFF, 0xFFFF, 0xFFFF, 0xFFFF, 0xFFFF, 0xFFFF, 0xFFFF, 0xFFFF, 0xFFFF,
    0xFFFF, 0xFFFF, 0xFFFF, 0xFFFF, 0xFFFF, 0xFFFF, 0xFFFF, 0xFFFF, 0xFFFF, 0xFFFF, 0xFFFF, 0xFFFF,
    0xFFFF, 0xFFFF, 0xFFFF, 0xFFFF, 0xFFFF, 0xFFFF, 0xFFFF, 0xFFFF, 0xFFFF, 0xFFFF, 0xFFFF, 0xEF5D,
    0xB596, 0x8C51, 0x73AE, 0x7BEF, 0x9CF3, 0xCE79, 0xF7BE, 0xFFFF, 0xFFFF, 0xFFFF, 0xFFFF, 0xFFDF,
    0xFFFF, 0xFFFF, 0xFFFF, 0xFFFF, 0xFFDF, 0xFFFF, 0xFFFF, 0xFFFF, 0xE75C, 0xD6DA, 0xAD55, 0x7BEF,
    0x73AE, 0x9CD3, 0xCE79, 0xFFFF, 0xFFFF, 0xFFFF, 0xFFFF, 0xFFDF, 0xFFFF, 0xFFFF, 0xFFFF, 0xFFFF,
    0xFFFF, 0xFFFF, 0xFFFF, 0xFFFF, 0xFFFF, 0xFFFF, 0xFFFF, 0xFFFF, 0xFFFF, 0xFFFF, 0xFFFF, 0xFFFF,
    0xFFFF, 0xFFFF, 0xFFFF, 0xFFFF, 0xFFFF, 0xFFFF, 0xFFFF, 0xFFFF, 0xFFFF, 0xFFFF, 0xFFFF, 0xFFFF,
    0xFFFF, 0xFFFF, 0xFFFF, 0xFFFF, 0xFFFF, 0xFFFF, 0xFFFF, 0xFFFF, 0xFFFF, 0xFFFF, 0xFFFF, 0xFFFF,
    0xFFFF, 0xFFFF, 0xFFFF, 0xFFFF, 0xFFFF, 0xFFFF, 0xF7BE, 0xD69A, 0xB596, 0x94B2, 0x8C51, 0x9492,
    0xAD75, 0xCE79, 0xEF7D, 0xFFFF, 0xFFFF, 0xFFFF, 0xFFFF, 0xFFFF, 0xDEFB, 0xB5D6, 0x94B2, 0x7BCF,
    0x738E, 0x73AE, 0x8C71, 0xAD55, 0xCE59, 0xE73C, 0xF7DE, 0xFFFF, 0xFFFF, 0xFFFF, 0xFFFF, 0xFFFF,
    0xFFFF, 0xFFFF, 0xFFDF, 0xFFDF, 0xFFDF, 0xFFDF, 0xFFFF, 0xFFFF, 0xFFFF, 0xFFFF, 0xFFFF, 0xDEDB,
    0x0882, 0x3B0E, 0x96FE, 0x8EBD, 0x96DE, 0x326A, 0x0000, 0x98A2, 0xB8C3, 0xB0A3, 0xB0A3, 0xB0A3,
    0xB0C3, 0xC8E4, 0x5800, 0x20A3, 0x4945, 0x4021, 0x3041, 0x5453, 0x21C8, 0x9C92, 0xFFFF, 0xF7DE,
    0xFFDF, 0xF7DE, 0xFFFF, 0x4208, 0xA4E0, 0xFFE2, 0xEF41, 0x8C40, 0x3162, 0x52AC, 0x1086, 0x2963,
    0xBDC1, 0xFFE0, 0xFFE0, 0xFF80, 0xFFC1, 0xDEA0, 0x2123, 0xFFFF, 0xFFFF, 0xFFFF, 0xFFFF, 0xB597,
    0x2947, 0x7BA0, 0xFFE1, 0xFFE1, 0xB560, 0x5ACC, 0xFFFF, 0xFFDF, 0xFFFF, 0xFFFF, 0xFFFF, 0x8C71,
    0xDEDB, 0xF7DE, 0xF79E, 0xFFDF, 0xFFFF, 0xD69A, 0x41E8, 0xBDD7, 0xA534, 0x39E7, 0xAD75, 0x52AA,
    0xB596, 0x41E8, 0x31A6, 0x8C71, 0x9492, 0x8C72, 0x9CF3, 0x7BEF, 0xA534, 0x73AE, 0xC618, 0x52AB,
    0xA534, 0x5AEC, 0xEF7D, 0x630C, 0xBDF7, 0xFFFF, 0xFFFF, 0xDEFB, 0xAD75, 0x8430, 0x73AE, 0x8430,
    0xB596, 0xDEFB, 0xFFFF, 0xFFFF, 0xFFFF, 0xFFFF, 0xFFFF, 0xFFFF, 0xFFFF, 0xF79E, 0xBE17, 0x9CF3,
    0x94B2, 0xCE79, 0xFFFF, 0xEF7D, 0x9492, 0x9CD3, 0x8C51, 0x73AE, 0x8C71, 0xC638, 0xF7BE, 0xFFFF,
    0xFFFF, 0xFFFF, 0xFFFF, 0xFFFF, 0xFFFF, 0xFFFF, 0xFFFF, 0xFFFF, 0xFFFF, 0xFFFF, 0xFFFF, 0xFFFF,
    0xFFFF, 0xFFFF, 0xFFFF, 0xFFFF, 0xFFFF, 0xFFFF, 0xFFFF, 0xFFFF, 0xFFFF, 0xFFFF, 0xFFFF, 0xFFFF,
    0xFFFF, 0xFFFF, 0xFFFF, 0xFFFF, 0xFFFF, 0xFFFF, 0xFFFF, 0xFFFF, 0xFFFF, 0xFFFF, 0xFFFF, 0xFFFF,
    0xFFFF, 0xFFFF, 0xFFFF, 0xFFFF, 0xFFFF, 0xFFFF, 0xEF9D, 0xCE79, 0xAD55, 0x8C71, 0x8430, 0x9471,
    0xB5B6, 0xDEDB, 0xF7DE, 0xFFFF, 0xFFFF, 0xFFFF, 0xFFFF, 0xF79E, 0xCE79, 0xA534, 0x8410, 0x738E,
    0x73AE, 0x9492, 0xB596, 0xD6BA, 0xF7BE, 0xFFFF, 0xFFFF, 0xFFFF, 0xFFFF, 0xFFFF, 0xFFFF, 0xFFFF,
    0xFFDF, 0xFFDF, 0xFFFF, 0xFFFF, 0xFFFF, 0xFFFF, 0xFFFF, 0xFFFF, 0xFFFF, 0xFFFF, 0xFFFF, 0xFFFF,
    0xFFFF, 0xFFFF, 0xFFFF, 0xFFFF, 0xC5F7, 0x2945, 0x21A7, 0x7599, 0x9F9F, 0x5390, 0x2A8B, 0x48E4,
    0xB8A3, 0xB0C3, 0xB0C3, 0xC0E3, 0xB0A2, 0x5000, 0x29A7, 0x5473, 0x5CD5, 0x5CF5, 0x6D98, 0x21E9,
    0x6B2C, 0xFFFF, 0xF7DE, 0xFFFF, 0xFFFF, 0xFFFF, 0xFFFF, 0xCE7A, 0x18C4, 0x9460, 0xFFE1, 0xFFE1,
    0xE6E0, 0x9460, 0x4A60, 0x20E2, 0x0001, 0x39A0, 0xAD60, 0xEF20, 0xFF80, 0xFFC0, 0x5261, 0xA516,
    0xFFFF, 0xF7BE, 0xFFDF, 0xFFFF, 0xF7BE, 0x4A8C, 0x6300, 0xB560, 0x3181, 0xC639, 0xFFFF, 0xFFDF,
    0xFFFF, 0xFFFF, 0xE73C, 0x2945, 0x4A49, 0x4A49, 0x8C71, 0xFFFF, 0xFFFF, 0x94B2, 0x0000, 0x738E,
    0x20E4, 0x10A2, 0x7BEF, 0x2945, 0x738E, 0x2104, 0x9CF3, 0x0821, 0x4208, 0x4A29, 0x2965, 0x3186,
    0x3186, 0x8C71, 0x4A29, 0x0000, 0xA514, 0x2104, 0x2966, 0x3186, 0xEF5D, 0xF7DE, 0xFFFF, 0xFFFF,
    0xFFFF, 0xFFFF, 0xF7DE, 0xD69A, 0xA534, 0x8410, 0x7BCF, 0x94B2, 0xC618, 0xEF7D, 0xFFFF, 0xFFFF,
    0xF7DE, 0xC618, 0xCE59, 0xAD75, 0xB596, 0xBE17, 0xEF7D, 0xB596, 0x8430, 0xAD75, 0xF7BE, 0xEF5D,
    0xBDF7, 0x8C51, 0x738E, 0x8C51, 0xCE59, 0xFFFF, 0xFFFF, 0xFFFF, 0xFFFF, 0xFFFF, 0xFFFF, 0xFFFF,
    0xFFFF, 0xFFFF, 0xFFFF, 0xFFFF, 0xFFFF, 0xFFFF, 0xFFFF, 0xFFFF, 0xFFFF, 0xFFFF, 0xFFFF, 0xFFFF,
    0xFFFF, 0xFFFF, 0xFFFF, 0xFFFF, 0xFFFF, 0xFFFF, 0xFFFF, 0xFFFF, 0xFFFF, 0xFFFF, 0xFFFF, 0xFFFF,
    0xFFFF, 0xFFFF, 0xFFFF, 0xFFFF, 0xFFFF, 0xFFFF, 0xFFFF, 0xFFFF, 0xFFFF, 0xC618, 0x8430, 0x9CF3,
    0xBDF7, 0xE71B, 0xFFFF, 0xFFFF, 0xFFFF, 0xFFFF, 0xFFFF, 0xFFDF, 0xD69A, 0x94B2, 0x7BCF, 0x6B6D,
    0x7BEF, 0xA514, 0xCE59, 0xEF7D, 0xFFFF, 0xFFFF, 0xFFFF, 0xFFFF, 0xFFFF, 0xFFFF, 0xFFDF, 0xFFDF,
    0xFFFF, 0xFFFF, 0xFFFF, 0xFFFF, 0xFFFF, 0xFFFF, 0xFFFF, 0xFFFF, 0xFFFF, 0xFFFF, 0xFFFF, 0xFFFF,
    0xFFFF, 0xFFFF, 0xFFFF, 0xFFFF, 0xFFFF, 0xFFFF, 0xFFFF, 0xFFFF, 0xFFFF, 0xFFFF, 0x8C51, 0x2966,
    0x326A, 0x3B2E, 0x6516, 0x4C12, 0x6000, 0xB8A2, 0x9841, 0x6000, 0x30C3, 0x4BF1, 0x4390, 0x2966,
    0x2945, 0x1925, 0x1945, 0x738E, 0xFFFF, 0xFFDF, 0xFFFF, 0xFFFF, 0xFFFF, 0xFFFF, 0xFFFF, 0xFFFF,
    0xDEFB, 0x39E9, 0x52A0, 0xE6E0, 0xFFE1, 0xFFE1, 0xFFE0, 0xEF40, 0xC5E0, 0x8C40, 0x8C20, 0xDEA0,
    0xFF80, 0xFFC0, 0xBDE0, 0x0821, 0x7BF1, 0xFFFF, 0xFFFF, 0xFFDF, 0xFFFF, 0xFFFF, 0x8C52, 0x4A4A,
    0xB596, 0xFFFF, 0xFFFF, 0xFFFF, 0xFFFF, 0xFFFF, 0xE73C, 0x7BEF, 0xA534, 0x4228, 0xD6BA, 0xFFFF,
    0xFFFF, 0x630C, 0x18A3, 0x18A3, 0x0841, 0x5AAB, 0x630C, 0x5ACB, 0x4A69, 0x73AE, 0xDEFB, 0x0000,
    0x8430, 0x0862, 0x2945, 0x1082, 0x4208, 0x8410, 0x20E4, 0x2124, 0xA534, 0x8410, 0x0821, 0xE73C,
    0xFFFF, 0xFFFF, 0xFFFF, 0xFFFF, 0xFFDF, 0xFFDF, 0xFFFF, 0xFFFF, 0xFFFF, 0xFFFF, 0xEF7D, 0xBE17,
    0x9492, 0x9492, 0xFFDF, 0xF79E, 0xDEDB, 0xCE79, 0xDEFB, 0x9CD3, 0xAD55, 0xAD75, 0xA554, 0x9CF3,
    0x9CD3, 0x8C71, 0xA514, 0xEF5D, 0xFFFF, 0xFFFF, 0xFFDF, 0xBE17, 0xAD55, 0xFFFF, 0xFFFF, 0xFFFF,
    0xFFFF, 0xFFFF, 0xFFFF, 0xFFFF, 0xFFFF, 0xFFFF, 0xFFFF, 0xFFFF, 0xFFFF, 0xFFFF, 0xFFFF, 0xFFFF,
    0xFFFF, 0xFFFF, 0xFFFF, 0xFFFF, 0xFFFF, 0xFFFF, 0xFFFF, 0xFFFF, 0xFFFF, 0xFFFF, 0xFFFF, 0xFFFF,
    0xFFFF, 0xFFFF, 0xFFFF, 0xFFFF, 0xFFFF, 0xFFFF, 0xFFFF, 0xFFFF, 0xFFFF, 0xFFFF, 0xFFFF, 0xFFFF,
    0xFFFF, 0xFFDE, 0xFFFF, 0xFFFF, 0xFFFF, 0xFFFF, 0xFFFF, 0xFFDF, 0xFFDF, 0xFFFF, 0xFFFF, 0xFFFF,
    0xC638, 0xA554, 0xDEDB, 0xFFDF, 0xFFFF, 0xFFFF, 0xFFFF, 0xFFFF, 0xFFFF, 0xFFDF, 0xFFDF, 0xFFFF,
    0xFFFF, 0xFFFF, 0xFFFF, 0xFFFF, 0xFFFF, 0xFFFF, 0xFFFF, 0xFFFF, 0xFFFF, 0xFFFF, 0xFFFF, 0xFFFF,
    0xFFFF, 0xFFFF, 0xFFFF, 0xFFFF, 0xFFFF, 0xFFFF, 0xFFFF, 0xFFFF, 0xFFFF, 0xFFFF, 0xFFFF, 0xFFFF,
    0xFFFF, 0xFFFF, 0xFFFF, 0xEF7D, 0xB596, 0x738E, 0x2945, 0x436F, 0x4B6F, 0x40E4, 0x424A, 0x4C12,
    0x5CD5, 0x326B, 0x41E8, 0xDEFB, 0xF7DE, 0xBDD6, 0xC638, 0xFFFF, 0xFFFF, 0xFFFF, 0xFFFF, 0xFFFF,
    0xFFFF, 0xFFFF, 0xFFFF, 0xFFDF, 0xFFFF, 0xFFFF, 0x8C53, 0x3183, 0x62E0, 0x9CA0, 0xD680, 0xFFE1,
    0xFFE1, 0xFFE1, 0xFFE1, 0xFFE1, 0xFFE1, 0xFFC0, 0xFFE1, 0xD681, 0x4A60, 0x528A, 0xEF9D, 0xFFFF,
    0xFFFF, 0xFFFF, 0xFFFF, 0xFFFF, 0xFFFF, 0xFFFF, 0xFFFF, 0xFFFF, 0xFFFF, 0xFFFF, 0xFFFF, 0xFFFF,
    0xFFFF, 0xE73C, 0xFFFF, 0xFFFF, 0xFFFF, 0x3165, 0x528A, 0x3166, 0x39C7, 0x738D, 0x39A7, 0x7BCF,
    0x2965, 0x1082, 0x1062, 0x73AE, 0xDEDB, 0x0000, 0x8C71, 0x18C3, 0x6B4D, 0x2965, 0x5ACB, 0x2104,
    0x736E, 0x6B6D, 0x528A, 0xFFFF, 0xFFDF, 0xFFFF, 0xFFFF, 0xFFFF, 0xFFFF, 0xFFFF, 0xFFFF, 0xFFFF,
    0xFFDF, 0xFFFF, 0xFFFF, 0xFFFF, 0xFFFF, 0xFFFF, 0xC638, 0x52AA, 0xD69A, 0xC638, 0xB596, 0xA554,
    0xAD75, 0xB596, 0xBDF7, 0xBDD7, 0xB596, 0xB5B6, 0xDEFB, 0xAD75, 0x8430, 0x6B4D, 0xC638, 0xFFFF,
    0xFFFF, 0xFFFF, 0xFFFF, 0xFFFF, 0xFFFF, 0xFFFF, 0xFFFF, 0xFFFF, 0xFFFF, 0xFFFF, 0xFFFF, 0xFFFF,
    0xFFFF, 0xFFFF, 0xFFFF, 0xFFFF, 0xFFFF, 0xFFFF, 0xFFFF, 0xFFFF, 0xFFFF, 0xFFFF, 0xFFFF, 0xFFFF,
    0xFFFF, 0xFFFF, 0xFFFF, 0xFFFF, 0xFFFF, 0xFFFF, 0xFFFF, 0xFFFF, 0xFFFF, 0xFFFF, 0xFFFF, 0xFFFF,
    0xFFFF, 0xFFFF, 0xFFFF, 0xFFFF, 0xFFFF, 0xFFFF, 0xFFFF, 0xFFDF, 0xFFFF, 0xFFFF, 0xFFFF, 0xFFFF,
    0xFFFF, 0xFFFF, 0xFFFF, 0xFFFF, 0xFFFF, 0xFFFF, 0xFFFF, 0xFFFF, 0xFFDF, 0xFFDF, 0xFFFF, 0xFFFF,
    0xFFFF, 0xFFFF, 0xFFFF, 0xFFFF, 0xFFFF, 0xFFFF, 0xFFFF, 0xFFFF, 0xFFFF, 0xFFFF, 0xFFFF, 0xFFFF,
    0xFFFF, 0xFFFF, 0xFFFF, 0xFFFF, 0xFFFF, 0xFFFF, 0xFFFF, 0xFFFF, 0xFFFF, 0xFFFF, 0xFFFF, 0xFFFF,
    0xFFFF, 0xFFFF, 0xFFFF, 0xFFFF, 0xFFFF, 0xFFFF, 0xFFDF, 0xFFFF, 0xFFFF, 0xFFFF, 0xF79E, 0x39C7,
    0x43B0, 0x761B, 0x64F6, 0x3ACC, 0x2966, 0x8C50, 0xFFFF, 0xFFFF, 0xFFFF, 0xFFFF, 0xFFFF, 0xFFFF,
    0xFFFF, 0xFFFF, 0xFFFF, 0xFFFF, 0xFFFF, 0xFFFF, 0xFFFF, 0xFFFF, 0xFFFF, 0xFFFF, 0xFFFF, 0xE73D,
    0x8C73, 0x2126, 0x0820, 0x3180, 0x6B40, 0xA500, 0xC5E0, 0xC600, 0xCE00, 0xDEA0, 0xD660, 0xD680,
    0x8C60, 0x1081, 0xDF1C, 0xFFFF, 0xFFFF, 0xFFFF, 0xFFDF, 0xFFDF, 0xFFFF, 0xFFFF, 0xFFFF, 0xFFFF,
    0xFFFF, 0xFFFF, 0xFFFF, 0xFFDF, 0xFFFF, 0xFFFF, 0xFFFF, 0xFFFF, 0xFFFF, 0xCE79, 0xE71C, 0xDF1B,
    0xDEDB, 0xE73C, 0xCE79, 0xE73C, 0xCE59, 0xBDF7, 0xD6BA, 0xFFFF, 0xF7DE, 0xC638, 0xF79D, 0xCE79,
    0xD6BA, 0xCE59, 0xFFFF, 0xE71B, 0xCE79, 0xCE79, 0xDEDB, 0xFFFF, 0xFFFF, 0xFFFF, 0xFFFF, 0xFFFF,
    0xFFFF, 0xFFFF, 0xFFFF, 0xFFFF, 0xFFFF, 0xFFFF, 0xFFFF, 0xFFFF, 0xFFDF, 0xFFFF, 0xEF7D, 0xDEFB,
    0xF7BE, 0xC618, 0xE71C, 0xEF7D, 0xF79E, 0xEF5D, 0xE75C, 0xE75C, 0xEF7D, 0xCE59, 0xCE79, 0xEF5D,
    0xDEFB, 0xD6DA, 0xE73C, 0xFFFF, 0xFFDF, 0xFFFF, 0xFFFF, 0xFFFF, 0xFFFF, 0xFFFF, 0xFFFF, 0xFFFF,
    0xFFFF, 0xFFFF, 0xFFFF, 0xFFFF, 0xFFFF, 0xFFFF, 0xFFFF, 0xFFFF, 0xFFFF, 0xFFFF, 0xFFFF, 0xFFFF,
    0xFFFF, 0xFFFF, 0xFFFF, 0xFFFF, 0xFFFF, 0xFFFF, 0xFFFF, 0xFFFF, 0xFFFF, 0xFFFF, 0xFFFF, 0xFFFF,
    0xFFFF, 0xFFFF, 0xFFFF, 0xFFFF, 0xFFFF, 0xFFFF, 0xFFFF, 0xFFFF, 0xFFFF, 0xFFFF, 0xFFFF, 0xFFFF,
    0xFFFF, 0xFFFF, 0xFFFF, 0xFFFF, 0xFFFF, 0xFFFF, 0xFFFF, 0xFFFF, 0xFFFF, 0xFFDF, 0xFFFF, 0xFFFF,
    0xFFFF, 0xFFFF, 0xFFFF, 0xFFFF, 0xFFFF, 0xFFFF, 0xFFFF, 0xFFFF, 0xFFFF, 0xFFFF, 0xFFFF, 0xFFFF,
    0xFFFF, 0xFFFF, 0xFFFF, 0xFFFF, 0xFFFF, 0xFFFF, 0xFFFF, 0xFFFF, 0xFFFF, 0xFFFF, 0xFFFF, 0xFFFF,
    0xFFFF, 0xFFFF, 0xFFFF, 0xFFFF, 0xFFFF, 0xFFFF, 0xFFFF, 0xFFFF, 0xFFFF, 0xFFFF, 0xFFFF, 0xFFFF,
    0xFFDF, 0xF7DE, 0xFFFF, 0xEF7D, 0x4A29, 0x2986, 0x4208, 0x9C92, 0xF79D, 0xFFFF, 0xFFFF, 0xFFFF,
    0xFFFF, 0xFFDF, 0xFFFF, 0xFFFF, 0xFFFF, 0xFFFF, 0xFFFF, 0xFFFF, 0xFFFF, 0xFFFF, 0xFFFF, 0xFFFF,
    0xFFFF, 0xFFFF, 0xFFDF, 0xFFFF, 0xFFFF, 0xFFFF, 0xCE7A, 0xAD56, 0x630E, 0x4A4A, 0x4A49, 0x4A48,
    0x2945, 0x2944, 0x31A5, 0x4207, 0x632E, 0xCE79, 0xFFFF, 0xFFFF, 0xFFFF, 0xFFFF, 0xFFFF, 0xFFFF,
    0xFFFF, 0xFFFF, 0xFFFF, 0xFFFF, 0xFFFF, 0xFFFF, 0xFFFF, 0xFFFF, 0xFFFF, 0xFFFF, 0xFFFF, 0xFFFF,
    0xFFFF, 0xFFFF, 0xFFFF, 0xFFFF, 0xFFFF, 0xFFFF, 0xFFFF, 0xFFFF, 0xFFFF, 0xFFFF, 0xFFFF, 0xFFFF,
    0xFFFF, 0xFFFF, 0xFFFF, 0xFFFF, 0xFFFF, 0xFFFF, 0xFFDF, 0xFFFF, 0xFFFF, 0xFFFF, 0xFFFF, 0xFFFF,
    0xFFFF, 0xFFFF, 0xFFFF, 0xFFFF, 0xFFFF, 0xFFFF, 0xFFFF, 0xFFFF, 0xFFFF, 0xFFFF, 0xFFFF, 0xFFFF,
    0xFFFF, 0xFFFF, 0xFFFF, 0xFFFF, 0xFFFF, 0xFFFF, 0xFFFF, 0xFFFF, 0xFFFF, 0xFFFF, 0xFFFF, 0xFFFF,
    0xFFFF, 0xE73C, 0xEF7D, 0xFFFF, 0xFFFF, 0xFFFF, 0xFFFF, 0xFFFF, 0xFFFF, 0xFFFF, 0xFFFF, 0xFFFF,
    0xFFFF, 0xFFFF, 0xFFFF, 0xFFFF, 0xFFFF, 0xFFFF, 0xFFFF, 0xFFFF, 0xFFFF, 0xFFFF, 0xFFFF, 0xFFFF,
    0xFFFF, 0xFFFF, 0xFFFF, 0xFFFF, 0xFFFF, 0xFFFF, 0xFFFF, 0xFFFF, 0xFFFF, 0xFFFF, 0xFFFF, 0xFFFF,
    0xFFFF, 0xFFFF, 0xFFFF, 0xFFFF, 0xFFFF, 0xFFFF, 0xFFFF, 0xFFFF, 0xFFFF, 0xFFFF, 0xFFFF, 0xFFFF,
    0xFFFF, 0xFFFF, 0xFFFF, 0xFFFF, 0xFFFF, 0xFFFF, 0xFFFF, 0xFFFF, 0xFFFF, 0xFFFF, 0xFFFF, 0xFFFF,
    0xFFFF, 0xFFFF, 0xFFFF, 0xFFFF, 0xFFFF, 0xFFFF, 0xFFFF, 0xFFFF, 0xFFFF, 0xFFFF, 0xFFFF, 0xFFFF,
    0xFFFF, 0xFFFF, 0xFFFF, 0xFFFF, 0xFFFF, 0xFFFF, 0xFFFF, 0xFFFF, 0xFFFF, 0xFFFF, 0xFFFF, 0xFFFF,
    0xFFFF, 0xFFFF, 0xFFFF, 0xFFFF, 0xFFFF, 0xFFFF, 0xFFFF, 0xFFFF, 0xFFFF, 0xFFFF, 0xFFFF, 0xFFFF,
    0xFFFF, 0xFFFF, 0xFFFF, 0xFFFF, 0xFFFF, 0xFFFF, 0xFFFF, 0xFFFF, 0xFFFF, 0xEF5D, 0xFFFF, 0xFFFF,
    0xFFFF, 0xFFDF, 0xFFFF, 0xFFFF, 0xFFFF, 0xFFFF, 0xFFFF, 0xFFFF, 0xFFFF, 0xFFFF, 0xFFFF, 0xFFFF,
    0xFFFF, 0xFFFF, 0xFFFF, 0xFFFF, 0xFFFF, 0xFFFF, 0xFFFF, 0xFFFF, 0xFFDF, 0xFFFF, 0xFFFF, 0xFFFF,
    0xFFFF, 0xFFFF, 0xFFFF, 0xFFFF, 0xF7BE, 0xF79E, 0xFFDF, 0xFFFF, 0xFFFF, 0xFFFF, 0xFFFF, 0xFFFF,
    0xFFFF, 0xFFFF, 0xFFFF, 0xFFFF, 0xFFFF, 0xFFFF, 0xFFFF, 0xFFFF, 0xFFFF, 0xFFFF, 0xFFFF, 0xFFFF,
    0xFFFF, 0xFFFF, 0xFFFF, 0xFFFF, 0xFFFF, 0xFFFF, 0xFFFF, 0xFFFF, 0xFFFF, 0xFFFF, 0xFFFF, 0xFFFF,
    0xFFFF, 0xFFDF, 0xFFFF, 0xFFFF, 0xFFFF, 0xFFDF, 0xFFFF, 0xFFFF, 0xFFFF, 0xFFFF, 0xFFFF, 0xFFFF,
    0xFFFF, 0xFFFF, 0xFFFF, 0xFFFF, 0xFFFF, 0xFFFF, 0xFFFF, 0xFFFF, 0xFFFF, 0xFFFF, 0xFFFF, 0xFFFF,
    0xFFFF, 0xFFFF, 0xFFFF, 0xFFFF, 0xFFFF, 0xFFFF, 0xFFFF, 0xFFFF, 0xFFFF, 0xFFFF, 0xFFFF, 0xFFFF,
    0xFFFF, 0xFFFF, 0xFFFF, 0xFFFF, 0xFFFF, 0xFFFF, 0xFFFF, 0xFFFF, 0xFFFF, 0xFFFF, 0xFFFF, 0xFFFF,
    0xFFFF, 0xFFFF, 0xFFFF, 0xFFFF, 0xFFFF, 0xFFFF, 0xFFFF, 0xFFFF, 0xFFFF, 0xFFFF, 0xFFFF, 0xFFFF,
    0xFFFF, 0xFFFF, 0xFFFF, 0xFFFF, 0xFFFF, 0xFFFF, 0xFFFF, 0xFFFF, 0xFFFF, 0xFFFF, 0xFFFF, 0xFFFF,
    0xFFFF, 0xFFFF, 0xFFFF, 0xFFFF, 0xFFFF, 0xFFFF, 0xFFFF, 0xFFFF, 0xFFFF, 0xFFFF, 0xFFFF, 0xFFFF,
    0xFFFF, 0xFFFF, 0xFFFF, 0xFFFF, 0xFFFF, 0xFFFF, 0xFFFF, 0xFFFF, 0xFFFF, 0xFFFF, 0xFFFF, 0xFFFF,
    0xFFFF, 0xFFFF, 0xFFFF, 0xFFFF, 0xFFFF, 0xFFFF, 0xFFFF, 0xFFFF, 0xFFFF, 0xFFFF, 0xFFFF, 0xFFFF,
    0xFFFF, 0xFFFF, 0xFFFF, 0xFFFF, 0xFFFF, 0xFFFF, 0xFFFF, 0xFFFF, 0xFFFF, 0xFFFF, 0xFFFF, 0xFFFF,
    0xFFFF, 0xFFFF, 0xFFFF, 0xFFFF, 0xFFFF, 0xFFFF, 0xFFFF, 0xFFFF, 0xFFFF, 0xFFFF, 0xFFFF, 0xFFFF,
    0xFFFF, 0xFFFF, 0xFFFF, 0xFFFF, 0xFFFF, 0xFFFF, 0xFFFF, 0xFFFF, 0xFFFF, 0xFFFF, 0xFFFF, 0xFFFF,
    0xFFFF, 0xFFFF, 0xFFFF, 0xFFDF, 0xFFFF, 0xFFFF, 0xFFFF, 0xFFFF, 0xFFFF, 0xFFFF, 0xFFFF, 0xFFFF,
    0xFFFF, 0xFFFF, 0xFFFF, 0xFFFF, 0xFFFF, 0xFFFF, 0xFFFF, 0xFFFF, 0xFFFF, 0xFFFF, 0xFFFF, 0xFFFF,
    0xFFFF, 0xFFFF, 0xFFFF, 0xFFDF, 0xFFDF, 0xFFDF, 0xFFFF, 0xFFFF, 0xFFFF, 0xFFFF, 0xFFFF, 0xFFFF,
    0xFFDF, 0xFFFF, 0xFFFF, 0xFFFF, 0xFFFF, 0xFFFF, 0xFFFF, 0xFFFF, 0xFFFF, 0xFFFF, 0xFFFF, 0xFFFF,
    0xFFFF, 0xFFFF, 0xFFFF, 0xFFFF, 0xFFFF, 0xFFFF, 0xFFFF, 0xFFFF, 0xFFFF, 0xFFFF, 0xFFFF, 0xFFFF,
    0xFFFF, 0xFFFF, 0xFFFF, 0xFFFF, 0xFFFF, 0xFFFF, 0xFFFF, 0xFFFF, 0xFFFF, 0xFFFF, 0xFFFF, 0xFFFF,
    0xFFFF, 0xFFFF, 0xFFFF, 0xFFFF, 0xFFFF, 0xFFFF, 0xFFFF, 0xFFFF, 0xFFFF, 0xFFFF, 0xFFFF, 0xFFFF,
    0xFFFF, 0xFFFF, 0xFFFF, 0xFFFF, 0xFFFF, 0xFFFF, 0xFFFF, 0xFFFF, 0xFFFF, 0xFFFF, 0xFFFF, 0xFFFF,
    0xFFFF, 0xFFFF, 0xFFFF, 0xFFFF, 0xFFFF, 0xFFFF, 0xFFFF, 0xFFFF, 0xFFFF, 0xFFFF, 0xFFFF, 0xFFFF,
    0xFFFF, 0xFFFF, 0xFFFF, 0xFFFF, 0xFFFF, 0xFFFF, 0xFFFF, 0xFFFF, 0xFFFF, 0xFFFF, 0xFFFF, 0xFFFF,
    0xFFFF, 0xFFFF, 0xFFFF, 0xFFFF, 0xFFFF, 0xFFFF, 0xFFFF, 0xFFFF, 0xFFFF, 0xFFFF, 0xFFFF, 0xFFFF,
    0xFFFF, 0xFFFF, 0xFFFF, 0xFFFF, 0xFFFF, 0xFFFF, 0xFFFF, 0xFFFF, 0xFFFF, 0xFFFF, 0xFFFF, 0xFFFF,
    0xFFFF, 0xFFFF, 0xFFFF, 0xFFFF, 0xFFFF, 0xFFFF, 0xFFFF, 0xFFFF, 0xFFFF, 0xFFFF, 0xFFFF, 0xFFFF,
    0xFFFF, 0xFFFF, 0xFFFF, 0xFFFF, 0xFFFF, 0xFFFF, 0xFFFF, 0xFFFF, 0xFFFF, 0xFFFF, 0xFFFF, 0xFFFF,
    0xFFFF, 0xFFFF, 0xFFFF, 0xFFFF, 0xFFFF, 0xFFFF, 0xFFFF, 0xFFFF, 0xFFFF, 0xFFFF, 0xFFFF, 0xFFFF,
    0xFFFF, 0xFFFF, 0xFFFF, 0xFFFF, 0xFFFF, 0xFFFF, 0xFFFF, 0xFFFF, 0xFFFF, 0xFFFF, 0xFFFF, 0xFFFF,
    0xFFFF, 0xFFFF, 0xFFFF, 0xFFFF, 0xFFFF, 0xFFFF, 0xFFFF, 0xFFFF, 0xFFFF, 0xFFFF, 0xFFFF, 0xFFFF,
    0xFFFF, 0xFFFF, 0xFFFF, 0xFFFF, 0xFFFF, 0xFFFF, 0xFFFF, 0xFFFF, 0xFFFF, 0xFFFF, 0xFFFF, 0xFFFF,
    0xFFFF, 0xFFFF, 0xFFFF, 0xFFFF, 0xFFFF, 0xFFFF, 0xFFFF, 0xFFFF, 0xFFFF, 0xFFFF, 0xFFFF, 0xFFFF,
    0xFFFF, 0xFFFF, 0xFFFF, 0xFFFF, 0xFFFF, 0xFFFF, 0xFFFF, 0xFFFF, 0xFFFF, 0xFFFF, 0xFFFF, 0xFFFF,
    0xFFFF, 0xFFFF, 0xFFFF, 0xFFFF, 0xFFFF, 0xFFFF, 0xFFFF, 0xFFFF, 0xFFFF, 0xFFFF, 0xFFFF, 0xFFFF,
    0xFFFF, 0xFFFF, 0xFFFF, 0xFFFF, 0xFFFF, 0xFFFF, 0xFFFF, 0xFFFF, 0xFFFF, 0xFFFF, 0xFFFF, 0xFFFF,
    0xFFFF, 0xFFFF, 0xFFFF, 0xFFFF, 0xFFFF, 0xFFFF, 0xFFFF, 0xFFFF, 0xFFFF, 0xFFFF, 0xFFFF, 0xFFFF,
    0xFFFF, 0xFFFF, 0xFFFF, 0xFFFF, 0xFFFF, 0xFFFF, 0xFFFF, 0xFFFF, 0xFFFF, 0xFFFF, 0xFFFF, 0xFFFF,
    0xFFFF, 0xFFFF, 0xFFFF, 0xFFFF, 0xFFFF, 0xFFFF, 0xFFFF, 0xFFFF, 0xFFFF, 0xFFFF, 0xFFFF, 0xFFFF,
    0xFFFF, 0xFFFF, 0xFFFF, 0xFFFF, 0xFFFF, 0xFFFF, 0xFFFF, 0xFFFF, 0xFFFF, 0xFFFF, 0xFFFF, 0xFFFF,
    0xFFFF, 0xFFFF, 0xFFFF, 0xFFFF, 0xFFFF, 0xFFFF, 0xFFFF, 0xFFFF, 0xFFFF, 0xFFFF, 0xFFFF, 0xFFFF,
    0xFFFF, 0xFFFF, 0xFFFF, 0xFFFF, 0xFFFF, 0xFFFF, 0xFFFF, 0xFFFF, 0xFFFF, 0xFFFF, 0xFFFF, 0xFFFF,
    0xFFFF, 0xFFFF, 0xFFFF, 0xFFFF, 0xFFFF, 0xFFFF, 0xFFFF, 0xFFFF, 0xFFFF, 0xFFFF, 0xFFFF, 0xFFFF,
    0xFFFF, 0xFFFF, 0xFFFF, 0xFFFF, 0xFFFF, 0xFFFF, 0xFFFF, 0xFFFF, 0xFFFF, 0xFFFF, 0xFFFF, 0xFFFF,
    0xFFFF, 0xFFFF, 0xFFFF, 0xFFFF, 0xFFFF, 0xFFFF, 0xFFFF, 0xFFFF, 0xFFFF, 0xFFFF, 0xFFFF, 0xFFFF,
    0xFFFF, 0xFFFF, 0xFFFF, 0xFFFF, 0xFFFF, 0xFFFF, 0xFFFF, 0xFFFF, 0xFFFF, 0xFFFF, 0xFFFF, 0xFFFF,
    0xFFFF, 0xFFFF, 0xFFFF, 0xFFFF, 0xFFFF, 0xFFFF, 0xFFFF, 0xFFFF, 0xFFFF, 0xFFFF, 0xFFFF, 0xFFFF,
    0xFFFF, 0xFFFF, 0xFFFF, 0xFFFF, 0xFFFF, 0xFFFF, 0xFFFF, 0xFFFF, 0xFFFF, 0xFFFF, 0xFFFF, 0xFFFF,
    0xFFFF, 0xFFFF, 0xFFFF, 0xFFFF, 0xFFFF, 0xFFFF, 0xFFFF, 0xFFFF, 0xFFFF, 0xFFFF, 0xFFFF, 0xFFFF,
    0xFFFF, 0xFFFF, 0xFFFF, 0xFFFF, 0xFFFF, 0xFFFF, 0xFFFF, 0xFFFF, 0xFFFF, 0xFFFF, 0xFFFF, 0xFFFF,
    0xFFFF, 0xFFFF, 0xFFFF, 0xFFFF, 0xFFFF, 0xFFFF, 0xFFFF, 0xFFFF, 0xFFFF, 0xFFFF, 0xFFFF, 0xFFFF,
    0xFFFF, 0xFFFF, 0xFFFF, 0xFFFF, 0xFFFF, 0xFFFF, 0xFFFF, 0xFFFF, 0xFFFF, 0xFFFF, 0xFFFF, 0xFFFF,
    0xFFFF, 0xFFFF, 0xFFFF, 0xFFFF, 0xFFFF, 0xFFFF, 0xFFFF, 0xFFFF, 0xFFFF, 0xFFFF, 0xFFFF, 0xFFFF,
    0xFFFF, 0xFFFF, 0xFFFF, 0xFFFF, 0xFFFF, 0xFFFF, 0xFFFF, 0xFFFF, 0xFFFF, 0xFFFF, 0xFFFF, 0xFFFF,
    0xFFFF, 0xFFFF, 0xFFFF, 0xFFFF, 0xFFFF, 0xFFFF, 0xFFFF, 0xFFFF, 0xFFFF, 0xFFFF, 0xFFFF, 0xFFFF,
    0xFFFF, 0xFFFF, 0xFFFF, 0xFFFF, 0xFFFF, 0xFFFF, 0xFFFF, 0xFFFF, 0xFFFF, 0xFFFF, 0xFFFF, 0xFFFF,
    0xFFFF, 0xFFFF, 0xFFFF, 0xFFFF, 0xFFFF, 0xFFFF, 0xFFFF, 0xFFFF, 0xFFFF, 0xFFFF, 0xFFFF, 0xFFFF,
    0xFFFF, 0xFFFF, 0xFFFF, 0xFFFF, 0xFFFF, 0xFFFF, 0xFFFF, 0xFFFF, 0xFFFF, 0xFFFF, 0xFFFF, 0xFFFF,
    0xFFFF, 0xFFFF, 0xFFFF, 0xFFFF, 0xFFFF, 0xFFFF, 0xFFFF, 0xFFFF, 0xFFFF, 0xFFFF, 0xFFFF, 0xFFFF,
    0xFFFF, 0xFFFF, 0xFFFF, 0xFFFF, 0xFFFF, 0xFFFF, 0xFFFF, 0xFFFF, 0xFFFF, 0xFFFF, 0xFFFF, 0xFFFF,
    0xFFFF, 0xFFFF, 0xFFFF, 0xFFFF, 0xFFFF, 0xFFFF, 0xFFFF, 0xFFFF, 0xFFFF, 0xFFFF, 0xFFFF, 0xFFFF,
    0xFFFF, 0xFFFF, 0xFFFF, 0xFFFF, 0xFFFF, 0xFFFF, 0xFFFF, 0xFFFF, 0xFFFF, 0xFFFF, 0xFFFF, 0xFFFF,
    0xFFFF, 0xFFFF, 0xFFFF, 0xFFFF, 0xFFFF, 0xFFFF, 0xFFFF, 0xFFFF, 0xFFFF, 0xFFFF, 0xFFFF, 0xFFFF,
    0xFFFF, 0xFFFF, 0xFFFF, 0xFFFF, 0xFFFF, 0xFFFF, 0xFFFF, 0xFFFF, 0xFFFF, 0xFFFF, 0xFFFF, 0xFFFF,
    0xFFFF, 0xFFFF, 0xFFFF, 0xFFFF, 0xFFFF, 0xFFFF, 0xFFFF, 0xFFFF, 0xFFFF, 0xFFFF, 0xFFFF, 0xFFFF,
    0xFFFF, 0xFFFF, 0xFFFF, 0xFFFF, 0xFFFF, 0xFFFF, 0xFFFF, 0xFFFF, 0xFFFF, 0xFFFF, 0xFFFF, 0xFFFF,
    0xFFFF, 0xFFFF, 0xFFFF, 0xFFFF, 0xFFFF, 0xFFFF, 0xFFFF, 0xFFFF, 0xFFFF, 0xFFFF, 0xFFFF, 0xFFFF,
    0xFFFF, 0xFFFF, 0xFFFF, 0xFFFF, 0xFFFF, 0xFFFF, 0xFFFF, 0xFFFF, 0xFFFF, 0xFFFF, 0xFFFF, 0xFFFF,
    0xFFFF, 0xFFFF, 0xFFFF, 0xFFFF, 0xFFFF, 0xFFFF, 0xFFFF, 0xFFFF, 0xFFFF, 0xFFFF, 0xFFFF, 0xFFFF,
    0xFFFF, 0xFFFF, 0xFFFF, 0xFFFF, 0xFFFF, 0xFFFF, 0xFFFF, 0xFFFF, 0xFFFF, 0xFFFF, 0xFFFF, 0xFFFF,
    0xFFFF, 0xFFFF, 0xFFFF, 0xFFFF, 0xFFFF, 0xFFFF, 0xFFFF, 0xFFFF, 0xFFFF, 0xFFFF, 0xFFFF, 0xFFFF,
    0xFFFF, 0xFFFF, 0xFFFF, 0xFFFF, 0xFFFF, 0xFFFF, 0xFFFF, 0xFFFF, 0xFFFF, 0xFFFF, 0xFFFF, 0xFFFF,
    0xFFFF, 0xFFFF, 0xFFFF, 0xFFFF, 0xFFFF, 0xFFFF, 0xFFFF, 0xFFFF, 0xFFFF, 0xFFFF, 0xFFFF, 0xFFFF,
    0xFFFF, 0xFFFF, 0xFFFF, 0xFFFF, 0xFFFF, 0xFFFF, 0xFFFF, 0xFFFF, 0xFFFF, 0xFFFF, 0xFFFF, 0xFFFF,
    0xFFFF, 0xFFFF, 0xFFFF, 0xFFFF, 0xFFFF, 0xFFFF, 0xFFFF, 0xFFFF, 0xFFFF, 0xFFFF, 0xFFFF, 0xFFFF,
    0xFFFF, 0xFFFF, 0xFFFF, 0xFFFF, 0xFFFF, 0xFFFF, 0xFFFF, 0xFFFF, 0xFFFF, 0xFFFF, 0xFFFF, 0xFFFF,
    0xFFFF, 0xFFFF, 0xFFFF, 0xFFFF, 0xFFFF, 0xFFFF, 0xFFFF, 0xFFFF, 0xFFFF, 0xFFFF, 0xFFFF, 0xFFFF,
    0xFFFF, 0xFFFF, 0xFFFF, 0xFFFF, 0xFFFF, 0xFFFF, 0xFFFF, 0xFFFF, 0xFFFF, 0xFFFF, 0xFFFF, 0xFFFF,
    0xFFFF, 0xFFFF, 0xFFFF, 0xFFFF, 0xFFFF, 0xFFFF, 0xFFFF, 0xFFFF, 0xFFFF, 0xFFFF, 0xFFFF, 0xFFFF,
    0xFFFF, 0xFFFF, 0xFFFF, 0xFFFF, 0xFFFF, 0xFFFF, 0xFFFF, 0xFFFF, 0xFFFF, 0xFFFF, 0xFFFF, 0xFFFF,
    0xFFFF, 0xFFFF, 0xFFFF, 0xFFFF, 0xFFFF, 0xFFFF, 0xFFFF, 0xFFFF, 0xFFFF, 0xFFFF, 0xFFFF, 0xFFFF,
    0xFFFF, 0xFFFF, 0xFFFF, 0xFFFF, 0xFFFF, 0xFFFF, 0xFFFF, 0xFFFF, 0xFFFF, 0xFFFF, 0xFFFF, 0xFFFF,
    0xFFFF, 0xFFFF, 0xFFFF, 0xFFFF, 0xFFFF, 0xFFFF, 0xFFFF, 0xFFFF, 0xFFFF, 0xFFFF, 0xFFFF, 0xFFFF,
    0xFFFF, 0xFFFF, 0xFFFF, 0xFFFF, 0xFFFF, 0xFFFF, 0xFFFF, 0xFFFF, 0xFFFF, 0xFFFF, 0xFFFF, 0xFFFF,
    0xFFFF, 0xFFFF, 0xFFFF, 0xFFFF, 0xFFFF, 0xFFFF, 0xFFFF, 0xFFFF, 0xFFFF, 0xFFFF, 0xFFFF, 0xFFFF,
    0xFFFF, 0xFFFF, 0xFFFF, 0xFFFF, 0xFFFF, 0xFFFF, 0xFFFF, 0xFFFF, 0xFFFF, 0xFFFF, 0xFFFF, 0xFFFF,
    0xFFFF, 0xFFFF, 0xFFFF, 0xFFFF, 0xFFFF, 0xFFFF, 0xFFFF, 0xFFFF, 0xFFFF, 0xFFFF, 0xFFFF, 0xFFFF,
    0xFFFF, 0xFFFF, 0xFFFF, 0xFFFF, 0xFFFF, 0xFFFF, 0xFFFF, 0xFFFF, 0xFFFF, 0xFFFF, 0xFFFF, 0xFFFF,
    0xFFFF, 0xFFFF, 0xFFFF, 0xFFFF, 0xFFFF, 0xFFFF, 0xFFFF, 0xFFFF, 0xFFFF, 0xFFFF, 0xFFFF, 0xFFFF,
    0xFFFF, 0xFFFF, 0xFFFF, 0xFFFF, 0xFFFF, 0xFFFF, 0xFFFF, 0xFFFF, 0xFFFF, 0xFFFF, 0xFFFF, 0xFFFF,
    0xFFFF, 0xFFFF, 0xFFFF, 0xFFFF, 0xFFFF, 0xFFFF, 0xFFFF, 0xFFFF, 0xFFFF, 0xFFFF, 0xFFFF, 0xFFFF,
    0xFFFF, 0xFFFF, 0xFFFF, 0xFFFF, 0xFFFF, 0xFFFF, 0xFFFF, 0xFFFF, 0xFFFF, 0xFFFF, 0xFFFF, 0xFFFF,
    0xFFFF, 0xFFFF, 0xFFFF, 0xFFFF, 0xFFFF, 0xFFFF, 0xFFFF, 0xFFFF, 0xFFFF, 0xFFFF, 0xFFFF, 0xFFFF,
    0xFFFF, 0xFFFF, 0xFFFF, 0xFFFF, 0xFFFF, 0xFFFF, 0xFFFF, 0xFFFF, 0xFFFF, 0xFFFF, 0xFFFF, 0xFFFF,
    0xFFFF, 0xFFFF, 0xFFFF, 0xFFFF, 0xFFFF, 0xFFFF, 0xFFFF, 0xFFFF, 0xFFFF, 0xFFFF, 0xFFFF, 0xFFFF,
    0xFFFF, 0xFFFF, 0xFFFF, 0xFFFF, 0xFFFF, 0xFFFF, 0xFFFF, 0xFFFF, 0xFFFF, 0xFFFF, 0xFFFF, 0xFFFF,
    0xFFFF, 0xFFFF, 0xFFFF, 0xFFFF, 0xFFFF, 0xFFFF, 0xFFFF, 0xFFFF, 0xFFFF, 0xFFFF, 0xFFFF, 0xFFFF,
    0xFFFF, 0xFFFF, 0xFFFF, 0xFFFF, 0xFFFF, 0xFFFF, 0xFFFF, 0xFFFF, 0xFFFF, 0xFFFF, 0xFFFF, 0xFFFF,
    0xFFFF, 0xFFFF, 0xFFFF, 0xFFFF, 0xFFFF, 0xFFFF, 0xFFFF, 0xFFFF, 0xFFFF, 0xFFFF, 0xFFFF, 0xFFFF,
    0xFFFF, 0xFFFF, 0xFFFF, 0xFFFF, 0xFFFF, 0xFFFF, 0xFFFF, 0xFFFF, 0xFFFF, 0xFFFF, 0xFFFF, 0xFFFF,
    0xFFFF, 0xFFFF, 0xFFFF, 0xFFFF, 0xFFFF, 0xFFFF, 0xFFFF, 0xFFFF, 0xFFFF, 0xFFFF, 0xFFFF, 0xFFFF,
    0xFFFF, 0xFFFF, 0xFFFF, 0xFFFF, 0xFFFF, 0xFFFF, 0xFFFF, 0xFFFF, 0xFFFF, 0xFFFF, 0xFFFF, 0xFFFF,
    0xFFFF, 0xFFFF, 0xFFFF, 0xFFFF, 0xFFFF, 0xFFFF, 0xFFFF, 0xFFFF, 0xFFFF, 0xFFFF, 0xFFFF, 0xFFFF,
    0xFFFF, 0xFFFF, 0xFFFF, 0xFFFF, 0xFFFF, 0xFFFF, 0xFFFF, 0xFFFF, 0xFFFF, 0xFFFF, 0xFFFF, 0xFFFF,
    0xFFFF, 0xFFFF, 0xFFFF, 0xFFFF, 0xFFFF, 0xFFFF, 0xFFFF, 0xFFFF, 0xFFFF, 0xFFFF, 0xFFFF, 0xFFFF,
    0xFFFF, 0xFFFF, 0xFFFF, 0xFFFF, 0xFFFF, 0xFFFF, 0xFFFF, 0xFFFF, 0xFFFF, 0xFFFF, 0xFFFF, 0xFFFF,
    0xFFFF, 0xFFFF, 0xFFFF, 0xFFFF, 0xFFFF, 0xFFFF, 0xFFFF, 0xFFFF, 0xFFFF, 0xFFFF, 0xFFFF, 0xFFFF,
    0xFFFF, 0xFFFF, 0xFFFF, 0xFFFF, 0xFFFF, 0xFFFF, 0xFFFF, 0xFFFF, 0xFFFF, 0xFFFF, 0xFFFF, 0xFFFF,
    0xFFFF, 0xFFFF, 0xFFFF, 0xFFFF, 0xFFFF, 0xFFFF, 0xFFFF, 0xFFFF, 0xFFFF, 0xFFFF, 0xFFFF, 0xFFFF,
    0xFFFF, 0xFFFF, 0xFFFF, 0xFFFF, 0xFFFF, 0xFFFF, 0xFFFF, 0xFFFF, 0xFFFF, 0xFFFF, 0xFFFF, 0xFFFF,
    0xFFFF, 0xFFFF, 0xFFFF, 0xFFFF, 0xFFFF, 0xFFFF, 0xFFFF, 0xFFFF,
};
