// Missile Command — 208x58 RGB565, generated
#include "marquees.h"

const uint16_t marquee_missile_data[12064] = {
    0x0907, 0x0907, 0x0907, 0x0907, 0x0907, 0x0907, 0x0907, 0x0907, 0x0907, 0x0907, 0x0907, 0x0907,
    0x0907, 0x0907, 0x0907, 0x0907, 0x0907, 0x0907, 0x0907, 0x0907, 0x0907, 0x0907, 0x0907, 0x0907,
    0x0907, 0x0907, 0x0907, 0x0907, 0x0907, 0x0907, 0x0907, 0x0907, 0x0907, 0x0907, 0x0907, 0x0907,
    0x0907, 0x0907, 0x0907, 0x0907, 0x0907, 0x0907, 0x0907, 0x0907, 0x0907, 0x0907, 0x0907, 0x0907,
    0x0907, 0x0907, 0x0907, 0x0907, 0x0907, 0x0907, 0x0907, 0x0907, 0x0907, 0x0907, 0x0907, 0x0907,
    0x0907, 0x0907, 0x0907, 0x0907, 0x0907, 0x0907, 0x0907, 0x0907, 0x0907, 0x0907, 0x0907, 0x0907,
    0x0907, 0x0907, 0x0907, 0x0907, 0x0907, 0x0907, 0x0907, 0x0907, 0x0907, 0x0907, 0x0907, 0x0907,
    0x0907, 0x0907, 0x0907, 0x0907, 0x0907, 0x0907, 0x0907, 0x0907, 0x0907, 0x0907, 0x0907, 0x0907,
    0x0907, 0x0907, 0x0907, 0x0907, 0x0907, 0x0907, 0x0907, 0x0907, 0x0907, 0x0907, 0x0907, 0x0907,
    0x0907, 0x0907, 0x0907, 0x0907, 0x0907, 0x0907, 0x0907, 0x0907, 0x0907, 0x0907, 0x0907, 0x0907,
    0x0907, 0x0907, 0x0907, 0x0907, 0x0907, 0x0907, 0x0907, 0x0907, 0x0907, 0x0907, 0x0907, 0x0907,
    0x0907, 0x0907, 0x0907, 0x0907, 0x0907, 0x0907, 0x0907, 0x0907, 0x0907, 0x0907, 0x0907, 0x0907,
    0x0907, 0x0907, 0x0907, 0x0907, 0x0907, 0x0907, 0x0907, 0x0907, 0x0907, 0x0907, 0x0907, 0x0907,
    0x0907, 0x0907, 0x0907, 0x0907, 0x0907, 0x0907, 0x0907, 0x0907, 0x0907, 0x0907, 0x0907, 0x0907,
    0x0907, 0x0907, 0x0907, 0x0907, 0x0907, 0x0907, 0x0907, 0x0907, 0x0907, 0x0907, 0x0907, 0x0907,
    0x0907, 0x0907, 0x0907, 0x0907, 0x0907, 0x0907, 0x0907, 0x0907, 0x0907, 0x0907, 0x0907, 0x0907,
    0x0907, 0x0907, 0x0907, 0x0907, 0x0907, 0x0907, 0x0907, 0x0907, 0x0907, 0x0907, 0x0907, 0x0907,
    0x0907, 0x0907, 0x0907, 0x0907, 0x0907, 0x0907, 0x0907, 0x0907, 0x0907, 0x0907, 0x0907, 0x0907,
    0x0907, 0x0907, 0x0907, 0x0907, 0x0907, 0x0907, 0x0907, 0x0907, 0x0907, 0x0907, 0x0907, 0x0907,
    0x0907, 0x0907, 0x0907, 0x0907, 0x0907, 0x0907, 0x0907, 0x0907, 0x0907, 0x0907, 0x0907, 0x0907,
    0x0907, 0x0907, 0x0907, 0x0907, 0x0907, 0x0907, 0x0907, 0x0907, 0x0907, 0x0907, 0x0907, 0x0907,
    0x0907, 0x0907, 0x0907, 0x0907, 0x0907, 0x0907, 0x0907, 0x0907, 0x0907, 0x0907, 0x0907, 0x0907,
    0x0907, 0x0907, 0x0907, 0x0907, 0x0907, 0x0907, 0x0907, 0x0907, 0x0907, 0x0907, 0x0907, 0x0907,
    0x0907, 0x0907, 0x0907, 0x0907, 0x0907, 0x0907, 0x0907, 0x0907, 0x0907, 0x0907, 0x0907, 0x0907,
    0x0907, 0x0907, 0x0907, 0x0907, 0x0907, 0x0907, 0x0907, 0x0907, 0x0907, 0x0907, 0x0907, 0x0907,
    0x0907, 0x0907, 0x0907, 0x0907, 0x0907, 0x0907, 0x0907, 0x0907, 0x0907, 0x0907, 0x0907, 0x0907,
    0x0907, 0x0907, 0x0907, 0x0907, 0x0907, 0x0907, 0x0907, 0x0907, 0x0907, 0x0907, 0x0907, 0x0907,
    0x0907, 0x0907, 0x0907, 0x0907, 0x0907, 0x0907, 0x0907, 0x0907, 0x0907, 0x0907, 0x0907, 0x0907,
    0x0907, 0x0907, 0x0907, 0x0907, 0x0907, 0x0907, 0x0907, 0x0907, 0x0907, 0x0907, 0x0907, 0x0907,
    0x0907, 0x0907, 0x0907, 0x0907, 0x0907, 0x0907, 0x0907, 0x0907, 0x0907, 0x0907, 0x0907, 0x0907,
    0x0907, 0x0907, 0x0907, 0x0907, 0x0907, 0x0907, 0x0907, 0x0907, 0x0907, 0x0907, 0x0907, 0x0907,
    0x0907, 0x0907, 0x0907, 0x0907, 0x0907, 0x0907, 0x0907, 0x0907, 0x0907, 0x0907, 0x0907, 0x0907,
    0x0907, 0x0907, 0x0907, 0x0907, 0x0907, 0x0907, 0x0907, 0x0907, 0x0907, 0x0907, 0x0907, 0x0907,
    0x0907, 0x0907, 0x0907, 0x0907, 0x0907, 0x0907, 0x0907, 0x0907, 0x0907, 0x0907, 0x0907, 0x0907,
    0x0907, 0x0907, 0x0907, 0x0907, 0x0907, 0x0907, 0x0907, 0x0907, 0x0907, 0x0907, 0x0907, 0x0907,
    0x0907, 0x0907, 0x0907, 0x0907, 0x0907, 0x0907, 0x0907, 0x0907, 0x0907, 0x0907, 0x0907, 0x0907,
    0x0907, 0x0907, 0x0907, 0x0907, 0x0907, 0x0907, 0x0907, 0x0907, 0x0907, 0x0907, 0x0907, 0x0907,
    0x0907, 0x0907, 0x0907, 0x0907, 0x0907, 0x0907, 0x0907, 0x0907, 0x0907, 0x0907, 0x0907, 0x0907,
    0x0907, 0x0907, 0x0907, 0x0907, 0x0907, 0x0907, 0x0907, 0x0907, 0x0907, 0x0907, 0x0907, 0x0907,
    0x0907, 0x0907, 0x0907, 0x0907, 0x0907, 0x0907, 0x0907, 0x0907, 0x0907, 0x0907, 0x0907, 0x0907,
    0x0907, 0x0907, 0x0907, 0x0907, 0x0907, 0x0907, 0x0907, 0x0907, 0x0907, 0x0907, 0x0907, 0x0907,
    0x0907, 0x0907, 0x0907, 0x0907, 0x0907, 0x0907, 0x0907, 0x0907, 0x0907, 0x0907, 0x0907, 0x0907,
    0x0907, 0x0907, 0x0907, 0x0907, 0x0907, 0x0907, 0x0907, 0x0907, 0x0907, 0x0907, 0x0907, 0x0907,
    0x0907, 0x0907, 0x0907, 0x0907, 0x0907, 0x0907, 0x0907, 0x0907, 0x0907, 0x0907, 0x0907, 0x0907,
    0x0907, 0x0907, 0x0907, 0x0907, 0x0907, 0x0907, 0x0907, 0x0907, 0x0907, 0x0907, 0x0907, 0x0907,
    0x0907, 0x0907, 0x0907, 0x0907, 0x0907, 0x0907, 0x0907, 0x0907, 0x0907, 0x0907, 0x0907, 0x0907,
    0x0907, 0x0907, 0x0907, 0x0907, 0x0907, 0x0907, 0x0907, 0x0907, 0x0907, 0x0907, 0x0907, 0x0907,
    0x0907, 0x0907, 0x0907, 0x0907, 0x0907, 0x0907, 0x0907, 0x0907, 0x0907, 0x0907, 0x0907, 0x0907,
    0x0907, 0x0907, 0x0907, 0x0907, 0x0907, 0x0907, 0x0907, 0x0907, 0x0907, 0x0907, 0x0907, 0x0907,
    0x0907, 0x0907, 0x0907, 0x0907, 0x0907, 0x0907, 0x0907, 0x0907, 0x0907, 0x0907, 0x0907, 0x0907,
    0x0907, 0x0907, 0x0907, 0x0907, 0x0907, 0x0907, 0x0907, 0x0907, 0x0907, 0x0907, 0x0907, 0x0907,
    0x0907, 0x0907, 0x0907, 0x0907, 0x0907, 0x0907, 0x0907, 0x0907, 0x0907, 0x0907, 0x0907, 0x0907,
    0x0907, 0x0907, 0x0907, 0x0907, 0x0907, 0x0907, 0x0907, 0x0907, 0x0907, 0x0907, 0x0907, 0x0907,
    0x0907, 0x0907, 0x0907, 0x0907, 0x0907, 0x0907, 0x0907, 0x0907, 0x0907, 0x0907, 0x0907, 0x0907,
    0x0907, 0x0907, 0x0907, 0x0907, 0x0907, 0x0907, 0x0907, 0x0907, 0x0907, 0x0907, 0x0907, 0x0907,
    0x0907, 0x0907, 0x0907, 0x0907, 0x0907, 0x0907, 0x0907, 0x0907, 0x0907, 0x0907, 0x0907, 0x0907,
    0x0907, 0x0907, 0x0907, 0x0907, 0x0907, 0x0907, 0x0907, 0x0907, 0x0907, 0x0907, 0x0907, 0x0907,
    0x0907, 0x0907, 0x0907, 0x0907, 0x0907, 0x0907, 0x0907, 0x0907, 0x0907, 0x0907, 0x0907, 0x0907,
    0x0907, 0x0907, 0x0907, 0x0907, 0x0907, 0x0907, 0x0907, 0x0907, 0x0907, 0x0907, 0x0907, 0x0907,
    0x0907, 0x0907, 0x0907, 0x0907, 0x0907, 0x0907, 0x0907, 0x0907, 0x0907, 0x0907, 0x0907, 0x0907,
    0x0907, 0x0907, 0x0907, 0x0907, 0x0907, 0x0907, 0x0907, 0x0907, 0x0907, 0x0907, 0x0907, 0x0907,
    0x0907, 0x0907, 0x0907, 0x0907, 0x0907, 0x0907, 0x0907, 0x0907, 0x0907, 0x0907, 0x0907, 0x0907,
    0x0907, 0x0907, 0x0907, 0x0907, 0x0907, 0x0907, 0x0907, 0x0907, 0x0907, 0x0907, 0x0907, 0x0907,
    0x0907, 0x0907, 0x0907, 0x0907, 0x0907, 0x0907, 0x0907, 0x0907, 0x0907, 0x0907, 0x0907, 0x0907,
    0x0907, 0x0907, 0x0907, 0x0907, 0x0907, 0x0907, 0x0907, 0x0907, 0x0907, 0x0907, 0x0907, 0x0907,
    0x0907, 0x0907, 0x0907, 0x0907, 0x0907, 0x0907, 0x0907, 0x0907, 0x0907, 0x0907, 0x0907, 0x0907,
    0x0907, 0x0907, 0x0907, 0x0907, 0x0907, 0x0907, 0x0907, 0x0907, 0x0907, 0x0907, 0x0907, 0x0907,
    0x0907, 0x0907, 0x0907, 0x0907, 0x0907, 0x0907, 0x0907, 0x0907, 0x0907, 0x0907, 0x0907, 0x0907,
    0x0907, 0x0907, 0x0907, 0x0907, 0x0907, 0x0907, 0x0907, 0x0907, 0x0907, 0x0907, 0x0907, 0x0907,
    0x0907, 0x0907, 0x0907, 0x0907, 0x0907, 0x0907, 0x0907, 0x0907, 0x0907, 0x0907, 0x0907, 0x0907,
    0x0907, 0x0907, 0x0907, 0x0907, 0x0907, 0x0907, 0x0907, 0x0907, 0x0907, 0x0907, 0x0907, 0x0907,
    0x0907, 0x0907, 0x0907, 0x0907, 0x0907, 0x0907, 0x0907, 0x0907, 0x0907, 0x0907, 0x0907, 0x0907,
    0x0907, 0x0907, 0x0907, 0x0907, 0x0907, 0x0907, 0x0907, 0x0907, 0x0907, 0x0907, 0x0907, 0x0907,
    0x0907, 0x0907, 0x0907, 0x0907, 0x0907, 0x0907, 0x0907, 0x0907, 0x0907, 0x0907, 0x0907, 0x0907,
    0x0907, 0x0927, 0x0927, 0x0907, 0x0907, 0x0907, 0x0927, 0x0928, 0x0927, 0x0907, 0x0928, 0x0928,
    0x0907, 0x0907, 0x0907, 0x0907, 0x0928, 0x0928, 0x0928, 0x0907, 0x0907, 0x0928, 0x0928, 0x0928,
    0x0928, 0x0928, 0x0928, 0x0928, 0x0907, 0x0907, 0x0907, 0x0907, 0x0907, 0x0907, 0x0928, 0x0928,
    0x0928, 0x0928, 0x0928, 0x0907, 0x0907, 0x0907, 0x0907, 0x0928, 0x0928, 0x0928, 0x0928, 0x0928,
    0x0907, 0x0927, 0x0928, 0x0928, 0x0928, 0x0907, 0x0907, 0x0907, 0x0928, 0x0928, 0x0927, 0x0907,
    0x0907, 0x0928, 0x0928, 0x0928, 0x0907, 0x0907, 0x0928, 0x0928, 0x0928, 0x0907, 0x0907, 0x0907,
    0x0928, 0x0928, 0x0907, 0x0907, 0x0907, 0x0927, 0x0928, 0x0928, 0x0928, 0x0927, 0x0927, 0x0928,
    0x0927, 0x0907, 0x0927, 0x0928, 0x0928, 0x0928, 0x0928, 0x0928, 0x0928, 0x0928, 0x0928, 0x0907,
    0x0907, 0x0907, 0x0907, 0x0907, 0x0907, 0x0907, 0x0907, 0x0907, 0x0907, 0x0907, 0x0907, 0x0907,
    0x0907, 0x0907, 0x0907, 0x0907, 0x0907, 0x0907, 0x0907, 0x0907, 0x0907, 0x0907, 0x0907, 0x0907,
    0x0907, 0x0907, 0x0907, 0x0907, 0x0907, 0x0907, 0x0907, 0x0907, 0x0907, 0x0907, 0x0907, 0x0907,
    0x0907, 0x0907, 0x0907, 0x0907, 0x0907, 0x0907, 0x0907, 0x0907, 0x0907, 0x0907, 0x0907, 0x0907,
    0x0907, 0x0907, 0x0907, 0x0907, 0x0907, 0x0907, 0x0907, 0x0907, 0x0928, 0x0928, 0x0928, 0x0928,
    0x0928, 0x0928, 0x0928, 0x0928, 0x0928, 0x0928, 0x0928, 0x0928, 0x0928, 0x0928, 0x0928, 0x0928,
    0x0928, 0x0928, 0x0928, 0x0928, 0x0928, 0x0928, 0x0928, 0x0928, 0x0928, 0x0928, 0x0928, 0x0928,
    0x0928, 0x0928, 0x0928, 0x0928, 0x0928, 0x0928, 0x0928, 0x0928, 0x0928, 0x0928, 0x0928, 0x0928,
    0x0928, 0x0928, 0x0928, 0x0928, 0x0928, 0x0928, 0x0928, 0x0928, 0x0928, 0x0928, 0x0928, 0x0928,
    0x0907, 0x0907, 0x0907, 0x0927, 0x00E7, 0x00A6, 0x00A6, 0x00C7, 0x0928, 0x0907, 0x00A6, 0x00A6,
    0x00A6, 0x00E7, 0x00A6, 0x00A6, 0x0907, 0x0907, 0x0928, 0x08E7, 0x00A6, 0x00A6, 0x00A6, 0x00E7,
    0x00E7, 0x00A6, 0x00A6, 0x00A6, 0x00A6, 0x00A6, 0x00A6, 0x00A6, 0x00E7, 0x0907, 0x0907, 0x0907,
    0x0928, 0x08E7, 0x00A6, 0x00A6, 0x00A6, 0x00A6, 0x00C6, 0x0907, 0x0907, 0x0928, 0x08E7, 0x00A6,
    0x00A6, 0x00A6, 0x00A6, 0x00C6, 0x0907, 0x00A6, 0x00A6, 0x00A6, 0x00A6, 0x00C7, 0x0928, 0x00E7,
    0x00A6, 0x00A6, 0x00A6, 0x0928, 0x0907, 0x00A6, 0x00A6, 0x00A6, 0x08E7, 0x0907, 0x00A6, 0x00A6,
    0x00A6, 0x00E7, 0x0928, 0x00C6, 0x00A6, 0x00A6, 0x00C7, 0x0928, 0x0907, 0x00C6, 0x00A6, 0x00A6,
    0x00A6, 0x00A6, 0x00A6, 0x00A6, 0x00C6, 0x0928, 0x00C6, 0x0086, 0x00A6, 0x0086, 0x0086, 0x0086,
    0x0086, 0x0086, 0x0086, 0x00E7, 0x0907, 0x00C7, 0x0907, 0x0907, 0x0928, 0x0928, 0x0928, 0x0928,
    0x0928, 0x0928, 0x0928, 0x0928, 0x0928, 0x0928, 0x0928, 0x0928, 0x0928, 0x0928, 0x0928, 0x0928,
    0x0928, 0x0928, 0x0928, 0x0928, 0x0928, 0x0928, 0x0928, 0x0928, 0x0928, 0x0928, 0x0928, 0x0928,
    0x0928, 0x0928, 0x0928, 0x0928, 0x0928, 0x0928, 0x0928, 0x0928, 0x0928, 0x0928, 0x0928, 0x0928,
    0x0928, 0x0928, 0x0928, 0x0928, 0x0928, 0x0928, 0x0928, 0x0928, 0x0928, 0x0928, 0x0928, 0x0928,
    0x0085, 0x0085, 0x0085, 0x0085, 0x0085, 0x0085, 0x0085, 0x0085, 0x0085, 0x0085, 0x0085, 0x0085,
    0x0085, 0x0085, 0x0085, 0x0085, 0x0085, 0x0085, 0x0085, 0x0085, 0x0085, 0x0085, 0x0085, 0x0085,
    0x0085, 0x0085, 0x0085, 0x0085, 0x0085, 0x0085, 0x0085, 0x0085, 0x0085, 0x0085, 0x0085, 0x0085,
    0x0085, 0x0085, 0x0085, 0x0085, 0x0085, 0x0085, 0x0085, 0x0085, 0x0085, 0x0085, 0x0085, 0x0085,
    0x0085, 0x0085, 0x0085, 0x00A6, 0x0907, 0x0907, 0x0907, 0x00C6, 0x19CA, 0x2A8C, 0x2A8C, 0x220A,
    0x00A6, 0x0948, 0x32AC, 0x32AC, 0x328C, 0x21C9, 0x32AC, 0x328C, 0x1148, 0x0907, 0x00C6, 0x0948,
    0x32AC, 0x3ACD, 0x3ACD, 0x1989, 0x19A9, 0x3ACD, 0x3ACD, 0x3AAD, 0x3AAD, 0x3AAD, 0x3AAD, 0x3ACD,
    0x21CA, 0x08E7, 0x0907, 0x0928, 0x00C6, 0x1168, 0x3AAC, 0x3ACD, 0x3AAD, 0x3ACD, 0x326C, 0x0907,
    0x0928, 0x00C6, 0x1168, 0x3AAC, 0x3AAD, 0x3AAD, 0x3ACD, 0x326C, 0x0948, 0x328C, 0x3ACD, 0x3AAD,
    0x3AAD, 0x222B, 0x0085, 0x19C9, 0x3AAD, 0x3AAD, 0x328C, 0x00C6, 0x0948, 0x3AAD, 0x3AAD, 0x3AAD,
    0x1168, 0x0927, 0x32AC, 0x3AAD, 0x3AAD, 0x1189, 0x00A6, 0x2A4B, 0x3AAD, 0x3AAD, 0x220A, 0x00C6,
    0x0907, 0x2A6C, 0x32AC, 0x328C, 0x32AC, 0x328C, 0x328C, 0x430E, 0x2A2B, 0x00A6, 0x324B, 0x4B4E,
    0x4B0E, 0x4B4E, 0x534F, 0x534F, 0x536F, 0x536F, 0x4B4F, 0x1168, 0x1148, 0x2A0B, 0x0907, 0x0907,
    0x00A6, 0x0085, 0x0085, 0x0085, 0x0085, 0x0085, 0x0085, 0x0085, 0x0085, 0x0085, 0x0085, 0x0085,
    0x0085, 0x0085, 0x0085, 0x0085, 0x0085, 0x0085, 0x0085, 0x0085, 0x0085, 0x0085, 0x0085, 0x0085,
    0x0085, 0x0085, 0x0086, 0x0086, 0x0086, 0x0086, 0x0086, 0x0086, 0x0086, 0x0086, 0x0086, 0x0086,
    0x0086, 0x0086, 0x0086, 0x0086, 0x0086, 0x0086, 0x0086, 0x0086, 0x0086, 0x0086, 0x0086, 0x00A6,
    0x0086, 0x00A6, 0x0086, 0x00A6, 0x7411, 0x7411, 0x7412, 0x7C32, 0x7C32, 0x7C32, 0x7C32, 0x7C32,
    0x7C32, 0x7C32, 0x7C32, 0x7C32, 0x7C32, 0x7C32, 0x7C32, 0x7C32, 0x7C32, 0x7C32, 0x7C52, 0x8452,
    0x7C52, 0x7C52, 0x7C52, 0x8452, 0x7C52, 0x7C32, 0x7C32, 0x7C32, 0x7C32, 0x7C32, 0x7C32, 0x7C32,
    0x7C32, 0x7C32, 0x7C32, 0x7C32, 0x7C32, 0x7C32, 0x7C12, 0x7412, 0x7412, 0x7411, 0x7411, 0x73F1,
    0x7411, 0x7411, 0x73F1, 0x73F1, 0x73F1, 0x73F1, 0x73F1, 0x5B4F, 0x0907, 0x08E7, 0x00C6, 0x4AED,
    0xD517, 0xD435, 0xD415, 0xDD17, 0x6BD0, 0xB4F5, 0xDC36, 0xDC15, 0xDC35, 0xE67B, 0xDC96, 0xED18,
    0x42AD, 0x0065, 0x326C, 0xCD78, 0xDBF5, 0xDBB4, 0xDBD5, 0xCE59, 0xCCD6, 0xDBD4, 0xDBB4, 0xE4D7,
    0xE496, 0xE496, 0xE4F7, 0xEC56, 0x9D15, 0x00A6, 0x1128, 0x00C6, 0x3A8C, 0xCD17, 0xDBD4, 0xDBD5,
    0xDBF5, 0xDBB4, 0xDD78, 0x19CA, 0x00A6, 0x324B, 0xC4D6, 0xD374, 0xDB73, 0xDB73, 0xDB32, 0xE5B9,
    0xCDD8, 0xD3B4, 0xDB73, 0xDB73, 0xDB53, 0xD496, 0x9515, 0xC455, 0xDB53, 0xD353, 0xDC55, 0x94F5,
    0xAC94, 0xDB93, 0xD352, 0xDB93, 0xC577, 0xB4F5, 0xDBB4, 0xDB73, 0xDBB4, 0xC557, 0x7411, 0xDC55,
    0xDBB4, 0xDBB3, 0xE537, 0x4AEE, 0x8412, 0xE476, 0xD3B4, 0xDBD4, 0xDBF4, 0xDBF4, 0xD3D4, 0xDB53,
    0xE5B9, 0x220A, 0x9C54, 0xEB33, 0xECB7, 0xE415, 0xE313, 0xE333, 0xE313, 0xDB13, 0xE3D4, 0xD619,
    0x42CD, 0x29CA, 0x0907, 0x00C6, 0x532F, 0x7C32, 0x7C12, 0x7C32, 0x7C32, 0x7C32, 0x7C32, 0x7C32,
    0x7C32, 0x7C32, 0x7C32, 0x7C52, 0x7C52, 0x7C52, 0x7C52, 0x7C52, 0x7C52, 0x7C52, 0x8452, 0x8472,
    0x8472, 0x8472, 0x8473, 0x8473, 0x8473, 0x8473, 0x8473, 0x8473, 0x8473, 0x8473, 0x8472, 0x8473,
    0x8473, 0x8473, 0x8473, 0x8473, 0x8473, 0x8473, 0x8472, 0x8473, 0x8472, 0x8472, 0x8472, 0x8472,
    0x8452, 0x8452, 0x8452, 0x7C52, 0x7C32, 0x7C32, 0x7C32, 0x7C32, 0x7C74, 0x7C73, 0x7C53, 0x7C73,
    0x7C74, 0x7C74, 0x7C74, 0x7C73, 0x7C74, 0x7C73, 0x7C74, 0x7C73, 0x7C73, 0x7C73, 0x7C53, 0x7C73,
    0x7C73, 0x7C73, 0x7C53, 0x7433, 0x7C53, 0x7C53, 0x7C53, 0x7C53, 0x7C53, 0x7C53, 0x7C53, 0x7C53,
    0x7C53, 0x7C53, 0x7C53, 0x7453, 0x7C53, 0x7C53, 0x7453, 0x7433, 0x7433, 0x7433, 0x7433, 0x7433,
    0x7433, 0x7433, 0x7433, 0x7432, 0x7433, 0x7433, 0x7432, 0x7432, 0x7432, 0x7C53, 0x7C32, 0x9D15,
    0xBE39, 0x1948, 0x00C6, 0x9392, 0xC8AD, 0xB00A, 0xB80A, 0xC02C, 0xF69B, 0xD2B2, 0xB809, 0xB80B,
    0xB80A, 0xDB13, 0xC0CD, 0xD1F0, 0x42CD, 0x00A6, 0xBD16, 0xD12E, 0xB80A, 0xB80B, 0xB84C, 0xE435,
    0xC04B, 0xB80A, 0xB00B, 0xC9F0, 0xC10D, 0xC10D, 0xC9EF, 0xC82C, 0x9C94, 0x00C6, 0x0907, 0x0928,
    0xBCB5, 0xD0CD, 0xB80A, 0xB82B, 0xB82B, 0xB80A, 0xCB93, 0x220A, 0x00E7, 0xB434, 0xD0AD, 0xB80A,
    0xB84C, 0xC04C, 0xB80B, 0xD312, 0xD1CF, 0xB809, 0xB80B, 0xB80B, 0xB80B, 0xB80A, 0xE3B4, 0xC8CD,
    0xB80A, 0xB80A, 0xB809, 0xF5FA, 0xDB12, 0xB008, 0xB80A, 0xB008, 0xDAF2, 0xDAF2, 0xB009, 0xB80A,
    0xB008, 0xDB13, 0xF61A, 0xB809, 0xB80A, 0xB009, 0xC88C, 0xA4F5, 0xC352, 0xC009, 0xB80A, 0xB80A,
    0xB80A, 0xB80A, 0xB809, 0xB809, 0xD9AF, 0x8CD4, 0x8330, 0xD00B, 0xCA50, 0xC0ED, 0xB809, 0xC04C,
    0xB84D, 0xC06D, 0xB809, 0xD9AF, 0xBD97, 0x00C6, 0x08E7, 0xA556, 0x9D35, 0x6BB0, 0x7412, 0x6BF2,
    0x7412, 0x6BF2, 0x6BF2, 0x6BF2, 0x6BF2, 0x6BF2, 0x6BF2, 0x6BF2, 0x63D2, 0x63D2, 0x63D2, 0x63D1,
    0x63B1, 0x63B1, 0x63B1, 0x63B1, 0x63B1, 0x6391, 0x63B1, 0x63B1, 0x63B1, 0x63B1, 0x63B1, 0x63B1,
    0x63B1, 0x63B1, 0x63B1, 0x5BB1, 0x5BB1, 0x5BB1, 0x5BB1, 0x5BB1, 0x5BB1, 0x5BB1, 0x5BB1, 0x5BB1,
    0x5BB1, 0x5BB1, 0x5BB1, 0x5BB1, 0x5BB1, 0x5BB1, 0x5BB1, 0x5B91, 0x5B91, 0x5B91, 0x5B91, 0x5371,
    0xB512, 0xB512, 0xB532, 0xBD53, 0xBD53, 0xBD52, 0xBD53, 0xBD53, 0xBD53, 0xBD53, 0xBD52, 0xBD52,
    0xBD52, 0xBD53, 0xBD53, 0xBD53, 0xBD53, 0xBD53, 0xBD53, 0xBD53, 0xBD53, 0xBD53, 0xBD73, 0xBD73,
    0xBD73, 0xBD74, 0xBD74, 0xBD74, 0xBD74, 0xBD74, 0xBD74, 0xBD74, 0xBD74, 0xBD74, 0xBD74, 0xBD74,
    0xBD74, 0xBD74, 0xBD74, 0xBD74, 0xBD74, 0xBD74, 0xBD74, 0xB575, 0xB575, 0xB575, 0xB595, 0xB595,
    0xB575, 0xB595, 0xBDB6, 0x530E, 0x8473, 0x8CB4, 0x0085, 0x9310, 0xC02B, 0xD394, 0xDB74, 0xB80A,
    0xE558, 0xC9CF, 0xC08C, 0xE518, 0xC06C, 0xCA71, 0xC14E, 0xD251, 0x3A8C, 0x11A9, 0xCBB4, 0xB80A,
    0xD415, 0xF5D6, 0xF638, 0xCA0F, 0xB82B, 0xDD36, 0xED94, 0xEE17, 0xC98E, 0xC16E, 0xCA70, 0xD0AD,
    0x9C94, 0x00E6, 0x08E7, 0x220A, 0xCB32, 0xB80A, 0xDBD4, 0xE518, 0xE4F7, 0xE4D7, 0xDDF9, 0x1189,
    0x11A9, 0xC312, 0xB80A, 0xE538, 0xEE17, 0xEDB5, 0xF637, 0xE4F7, 0xB809, 0xDBD4, 0xF637, 0xEDB5,
    0xE5B7, 0xC0CD, 0xB80A, 0xB80B, 0xD2B1, 0xE496, 0xB829, 0xDC96, 0xCA50, 0xB82A, 0xED78, 0xC06B,
    0xCA0F, 0xCA30, 0xC06B, 0xED99, 0xC06B, 0xCA50, 0xE517, 0xB809, 0xDC15, 0xD2F2, 0xB809, 0xCD77,
    0xC18E, 0xC04B, 0xE496, 0xE557, 0xE4D6, 0xC06B, 0xC9AF, 0xD271, 0xC00A, 0xD4B6, 0xC577, 0xC82B,
    0xD2B1, 0xC90D, 0xD271, 0xF698, 0xFD50, 0xD553, 0xD373, 0xC00A, 0xD4B6, 0x0948, 0x636F, 0x9D15,
    0x428D, 0xBDB6, 0xBD74, 0xBD74, 0xC574, 0xC574, 0xC574, 0xC573, 0xC573, 0xC593, 0xC593, 0xC593,
    0xC573, 0xC573, 0xC573, 0xCD93, 0xCD93, 0xCD93, 0xCD93, 0xCD93, 0xCD93, 0xCD93, 0xCD93, 0xD5B3,
    0xD592, 0xD592, 0xD592, 0xD592, 0xD572, 0xD572, 0xD571, 0xD571, 0xD571, 0xD572, 0xD571, 0xD571,
    0xD571, 0xD571, 0xD571, 0xDD71, 0xDD71, 0xDD91, 0xDD91, 0xDD90, 0xDD70, 0xDD70, 0xDD70, 0xDD70,
    0xDD70, 0xDD70, 0xDD50, 0xD54F, 0xFBE1, 0xFBE1, 0xFC01, 0xFC01, 0xF3E1, 0xF3E1, 0xF3E1, 0xF3E1,
    0xF3E1, 0xF3E1, 0xF3E1, 0xF3E1, 0xF3E1, 0xF3E1, 0xF3E1, 0xF3E1, 0xF3E1, 0xF3E1, 0xF3E1, 0xF401,
    0xF3E1, 0xF3E1, 0xF401, 0xF3E1, 0xF3E1, 0xF401, 0xF401, 0xF401, 0xF401, 0xF401, 0xF402, 0xF402,
    0xF402, 0xF402, 0xF402, 0xFC02, 0xFC02, 0xFC02, 0xFC02, 0xFC02, 0xFC02, 0xFC02, 0xFC02, 0xFC02,
    0xFC22, 0xFC22, 0xFC22, 0xFC23, 0xFC23, 0xFC43, 0xFC24, 0xEE75, 0x4B0F, 0xB5B7, 0x00C6, 0x8B31,
    0xC00B, 0xDC96, 0xE517, 0xB809, 0xE4F7, 0xC98F, 0xC0ED, 0xEEDC, 0xC04C, 0xD271, 0xC94E, 0xD210,
    0x2A0A, 0x0968, 0xD3D4, 0xC80B, 0xBCD7, 0x6A63, 0xF4E7, 0xCA71, 0xC8AD, 0x9494, 0xB2E0, 0xFCE7,
    0xC18F, 0xC14E, 0xCA50, 0xD08D, 0x9433, 0x0065, 0x0086, 0x1189, 0xC332, 0xC00B, 0xC04B, 0xC02B,
    0xB80B, 0xC00A, 0xCB53, 0x19C9, 0x1189, 0xC332, 0xC00C, 0xD576, 0xDBA0, 0xEB40, 0xEC42, 0xED97,
    0xB809, 0xE518, 0xF527, 0xE2C0, 0xB46C, 0xD1B0, 0xC02B, 0xC00A, 0xD312, 0xEDFA, 0xB809, 0xDC35,
    0xCA30, 0xC06B, 0xEEBB, 0xC06B, 0xCA30, 0xD271, 0xC06C, 0xEEFC, 0xC0CD, 0xC9F0, 0xE496, 0xB808,
    0xE538, 0xD393, 0xB80A, 0xE517, 0xC06B, 0xB80A, 0xC06C, 0xC08C, 0xC08C, 0xC00A, 0xD230, 0xEDFA,
    0xC00A, 0xD230, 0xF6DC, 0xC00A, 0xDAB1, 0xC8ED, 0xDAD4, 0xF60F, 0x7960, 0x1986, 0xDC53, 0xC80B,
    0xB3D3, 0x00E6, 0x9CF5, 0x5B4F, 0xD6BA, 0xFCE7, 0xF3C1, 0xF401, 0xF3E1, 0xF401, 0xF3E1, 0xF3E1,
    0xF3E1, 0xF3E0, 0xF3C0, 0xF3C0, 0xF3C0, 0xF3C0, 0xF3C0, 0xF3C0, 0xF3C0, 0xF3C0, 0xF3C0, 0xF3C0,
    0xF3A0, 0xF3A0, 0xF3A0, 0xF3A0, 0xF3A0, 0xF3A0, 0xF3A0, 0xF3A0, 0xF3A0, 0xF3A0, 0xF3A0, 0xF380,
    0xF380, 0xF3A0, 0xF3A0, 0xF380, 0xEB80, 0xEB80, 0xEB80, 0xEB80, 0xEB80, 0xEB80, 0xEB80, 0xEB80,
    0xEB80, 0xEB80, 0xEB80, 0xEB80, 0xEB80, 0xEB80, 0xEB80, 0xEB80, 0xEB80, 0xEBA0, 0xEB80, 0xEB80,
    0xEBA0, 0xEBA0, 0xEB80, 0xEB80, 0xEB80, 0xEB80, 0xEBA0, 0xEB80, 0xEB80, 0xEB80, 0xEB80, 0xEBA0,
    0xEB80, 0xEB80, 0xEB80, 0xEBA0, 0xEB80, 0xEB80, 0xEBA0, 0xEB80, 0xEB80, 0xEB80, 0xEB80, 0xEB80,
    0xEB80, 0xEB80, 0xEB80, 0xEB80, 0xEB80, 0xEB80, 0xEB80, 0xEB80, 0xEB80, 0xEB80, 0xEB80, 0xEB80,
    0xEB80, 0xEB80, 0xEB80, 0xEB80, 0xEB80, 0xEB80, 0xE380, 0xE380, 0xE380, 0xEBA0, 0xE340, 0xEDD1,
    0x63D2, 0xAD76, 0x00E6, 0x9351, 0xC80B, 0xCBD4, 0xCCB6, 0xB80A, 0xDC56, 0xC94E, 0xC10E, 0xD5F9,
    0xC06C, 0xD271, 0xC96E, 0xD210, 0x6C32, 0x63F1, 0xDBD4, 0xC00A, 0xD517, 0x5BB0, 0xCD71, 0xD250,
    0xD0AC, 0x83F3, 0x20E3, 0xF4A7, 0xC9AF, 0xC14E, 0xCA71, 0xC86C, 0xACF6, 0x42CD, 0x4AEE, 0x6411,
    0xCB73, 0xB80B, 0xD332, 0xDC15, 0xDBF5, 0xDBD4, 0xD557, 0x1169, 0x11A9, 0xC352, 0xC00B, 0xDD77,
    0xED8E, 0xF54D, 0xF60F, 0xED78, 0xB809, 0xE496, 0xFE72, 0xED0C, 0xCDD5, 0xD18F, 0xC00A, 0xC00A,
    0xCAB1, 0xDD78, 0xB809, 0xDB73, 0xC9CF, 0xC08C, 0xCDD9, 0xC08B, 0xCA10, 0xD291, 0xC06C, 0xD639,
    0xC12D, 0xC98E, 0xDBF4, 0xB809, 0xCCD6, 0xCB32, 0xC02B, 0xD291, 0xB80A, 0xD22F, 0xD26D, 0xDA4D,
    0xD2CF, 0xC06C, 0xC96E, 0xA576, 0xD210, 0xC00B, 0xE456, 0xC86C, 0xD291, 0xC90D, 0xDA91, 0xE6FA,
    0x8453, 0x9D56, 0xDC55, 0xC00B, 0xB3B3, 0x00C6, 0x94D4, 0x6BB1, 0xD658, 0xF402, 0xE380, 0xEBA0,
    0xEB80, 0xEB80, 0xEB80, 0xEBA0, 0xEBA0, 0xEBA0, 0xEBA0, 0xEBA0, 0xEBA0, 0xEBA0, 0xEBA0, 0xEBA0,
    0xEBA0, 0xEBA0, 0xEBA0, 0xEBA0, 0xEBA0, 0xEBA0, 0xEBA0, 0xEBA0, 0xEBA0, 0xEBA0, 0xEBA0, 0xEBA0,
    0xEBA0, 0xEBA0, 0xEBA0, 0xEBA0, 0xEBA0, 0xEBA0, 0xEBA0, 0xEBA0, 0xEBA0, 0xEBA0, 0xEBA0, 0xEBA0,
    0xEBA0, 0xEBA0, 0xEBA0, 0xEBA0, 0xEBA0, 0xEBA0, 0xEBA0, 0xEBA0, 0xEBA0, 0xEBA0, 0xEBA0, 0xEBC1,
    0xEBA0, 0xEBA0, 0xEBA0, 0xEBA0, 0xEBA0, 0xEBA0, 0xEBA0, 0xEBA0, 0xEBA0, 0xEBA0, 0xEBA0, 0xEBA0,
    0xEBA0, 0xEBA0, 0xEBA0, 0xEBA0, 0xEBA0, 0xEBA0, 0xEBA0, 0xEBA0, 0xEBA0, 0xEBA0, 0xEBA0, 0xEBA0,
    0xEBA0, 0xEBA0, 0xEBA0, 0xEBA0, 0xEBA0, 0xEBA0, 0xEBA0, 0xEBA0, 0xEBA0, 0xEBA0, 0xEBA0, 0xEBA0,
    0xEBA0, 0xEBA0, 0xEBA0, 0xEBA0, 0xEBA0, 0xEBA0, 0xEBA0, 0xEBA0, 0xEBA0, 0xEBA0, 0xEBA0, 0xEBA0,
    0xEBA0, 0xEBA0, 0xEB60, 0xEE12, 0x63B1, 0xA556, 0x00C6, 0x9331, 0xC80B, 0xC393, 0xCCD6, 0xC00A,
    0xC92E, 0xC02B, 0xC96E, 0xC5B8, 0xC04C, 0xD230, 0xC94D, 0xC9AF, 0xE353, 0xDA10, 0xC06C, 0xC0AC,
    0xDB53, 0xDA10, 0xC9F0, 0xB80A, 0xE231, 0x73D1, 0x0025, 0x836B, 0xD18E, 0xC0ED, 0xE476, 0xB80A,
    0xC94E, 0xD230, 0xD230, 0xDA71, 0xDAD2, 0xC04B, 0xC9CF, 0xD2D2, 0xD2B1, 0xD271, 0xCC34, 0x1989,
    0x0927, 0xBBF3, 0xC00B, 0xC92D, 0xD211, 0xD210, 0xD1F0, 0xDB32, 0xC88B, 0xC88B, 0xD231, 0xD231,
    0xD1CF, 0xC00A, 0xD18E, 0xC02B, 0xC22F, 0xD598, 0xC00A, 0xC08B, 0xB80A, 0xC0EC, 0xCDF8, 0xC06B,
    0xD210, 0xD252, 0xC00C, 0xC5D8, 0xC98E, 0xC82B, 0xC92D, 0xC80B, 0xC4B6, 0xCB32, 0xC009, 0xC02A,
    0xC06C, 0xEDB4, 0xFC82, 0xB322, 0x9492, 0xD10E, 0xD14E, 0x4B2E, 0xBC13, 0xD00B, 0xC06C, 0xC80A,
    0xDAB1, 0xC8ED, 0xD210, 0xDAD2, 0xD96F, 0xD9F0, 0xC06C, 0xD8CD, 0x8B71, 0x0065, 0x8CB4, 0x6BB1,
    0xD679, 0xF423, 0xEB80, 0xEBA0, 0xEBA0, 0xEBA0, 0xEBA0, 0xEBA0, 0xEBA0, 0xEBA0, 0xEBA0, 0xEBA0,
    0xEBA0, 0xEBA0, 0xEBA0, 0xEBA0, 0xEBA0, 0xEBA0, 0xEBA0, 0xEBA0, 0xEBA0, 0xEBA0, 0xEBA0, 0xEBA0,
    0xEBA0, 0xEBA0, 0xEBA0, 0xEBA0, 0xEBA0, 0xEBA0, 0xEBA0, 0xEBA0, 0xEBA0, 0xEBA0, 0xEBA0, 0xEBA0,
    0xEBA0, 0xEBA0, 0xEBA0, 0xEBA0, 0xEBA0, 0xEBA0, 0xEBA0, 0xEBA0, 0xEBA0, 0xEBA1, 0xEBA0, 0xEBA0,
    0xEBA0, 0xEBA0, 0xEBA1, 0xEBA0, 0xEBA0, 0xEBA0, 0xEBA0, 0xEBA0, 0xEBA0, 0xEBA0, 0xEBA0, 0xEBA0,
    0xEBA0, 0xEBA0, 0xEBA0, 0xEBA0, 0xEBA0, 0xEBA0, 0xEBA0, 0xEBA0, 0xEBA0, 0xEBA0, 0xEBA0, 0xEBA0,
    0xEBA0, 0xEBA0, 0xEBA0, 0xEBA0, 0xEBA0, 0xEBA0, 0xEBA0, 0xEBA0, 0xEBA0, 0xEBA0, 0xEBA0, 0xEBA0,
    0xEBA0, 0xEBA0, 0xEBA0, 0xEBA0, 0xEBA0, 0xEBA0, 0xEBA0, 0xEBA0, 0xEBA0, 0xEBA0, 0xEBA0, 0xEBA0,
    0xEBA0, 0xEBA0, 0xEBA0, 0xEBA0, 0xEBA0, 0xEBA0, 0xEB60, 0xEE12, 0x63D2, 0xA535, 0x00A6, 0xAC13,
    0xE170, 0xC3D5, 0x9494, 0xD9D0, 0xC0AE, 0xC8CE, 0xBB33, 0xAD56, 0xD170, 0xD2F4, 0xD252, 0xD293,
    0xD272, 0xC0AE, 0xC96F, 0xDD37, 0xE476, 0xC08D, 0xC10E, 0xD251, 0xB4B4, 0x1989, 0x0085, 0x534F,
    0xDB14, 0xC9F1, 0xC63A, 0xC2F1, 0xC96F, 0xC12E, 0xC12E, 0xC0CE, 0xD4F8, 0xCB73, 0xC90E, 0xC10E,
    0xC0EE, 0xC86D, 0xC354, 0x19EA, 0x0086, 0xA3CA, 0xEBD2, 0xC12F, 0xC92E, 0xC92E, 0xC8AD, 0xDC36,
    0xCC95, 0xC94E, 0xC90E, 0xC90E, 0xC90E, 0xC20F, 0xD599, 0xD1B0, 0xCAB2, 0x94F4, 0xCA50, 0xC0CD,
    0xC90E, 0xAA6F, 0x9D15, 0xD1AF, 0xB22F, 0xAB4C, 0xA24B, 0xAD76, 0xA352, 0x994E, 0xA88C, 0xC16E,
    0x8452, 0xD3B5, 0xC8CE, 0xC8EE, 0xD2F4, 0xFD6C, 0xD2E0, 0x08A5, 0x7C34, 0xDA51, 0xE2B1, 0x42AC,
    0x3AAD, 0xD313, 0xD12E, 0xC12D, 0xCCD6, 0xD230, 0xDAF2, 0xDAD2, 0xC0ED, 0xD14D, 0xC96D, 0x92AF,
    0x19A9, 0x0065, 0x8473, 0x6BB1, 0xD678, 0xF423, 0xEB80, 0xEBA0, 0xEBA0, 0xEBA0, 0xEBA0, 0xEBA0,
    0xEBA0, 0xEBA0, 0xEBA0, 0xEBA0, 0xEBA0, 0xEBA0, 0xEBA0, 0xEBA0, 0xEBA0, 0xEBA0, 0xEBA0, 0xEBA0,
    0xEBA0, 0xEBA0, 0xEBA0, 0xEBA0, 0xEBA0, 0xEBA0, 0xEBA0, 0xEBA0, 0xEBA0, 0xEBA0, 0xEBA0, 0xEBA0,
    0xEBA0, 0xEBA0, 0xEBA0, 0xEBA0, 0xEBA0, 0xEBA0, 0xEBA0, 0xEBA0, 0xEBA0, 0xEBA0, 0xEBA0, 0xEBA0,
    0xEBA0, 0xEBA0, 0xEBA0, 0xEBA0, 0xEBA0, 0xEBA0, 0xEBA0, 0xEBA0, 0xEBA0, 0xEBA0, 0xEBA0, 0xEBA0,
    0xEBA0, 0xEBA0, 0xEBA0, 0xEBA0, 0xEBA0, 0xEBA0, 0xEBA0, 0xEBA0, 0xEBA0, 0xEBA0, 0xEBA0, 0xEBA0,
    0xEBA0, 0xEBA0, 0xEBA0, 0xEBA0, 0xEBA0, 0xEBA0, 0xEBA0, 0xEBA0, 0xEBA0, 0xEBA0, 0xEBA0, 0xEBA0,
    0xEBA0, 0xEBA0, 0xEBA0, 0xEBA0, 0xEBA0, 0xEBA0, 0xEBA0, 0xEBA0, 0xEBA0, 0xEBA0, 0xEBA0, 0xEBA0,
    0xEBA0, 0xEBA0, 0xEBA0, 0xEBA0, 0xEBA0, 0xEBA0, 0xEBA0, 0xEBA0, 0xEBA0, 0xEBA0, 0xEB60, 0xEE13,
    0x63B1, 0x9D15, 0x0086, 0x52AB, 0xDC89, 0xFCC8, 0x6A66, 0x6B2E, 0xEC8C, 0xFD0C, 0x8B49, 0x322B,
    0xED0D, 0xF52C, 0xED0D, 0xED0D, 0xED2D, 0xF52D, 0xC46C, 0x1A0C, 0xBCAF, 0xFD6E, 0xF54E, 0xB46D,
    0x0108, 0x08E7, 0x00E7, 0x320A, 0xED4E, 0xFD6E, 0x9B89, 0x19CA, 0xD4CD, 0xF54D, 0xED0D, 0xF52D,
    0xD4AB, 0x2A0A, 0xC44C, 0xF50B, 0xECEC, 0xECEB, 0xE4EB, 0x2987, 0x00C8, 0x7A43, 0xFC84, 0xECCA,
    0xECEB, 0xECEB, 0xED0B, 0xE4CB, 0x2A0A, 0xB40B, 0xF4EA, 0xECCB, 0xF50B, 0x4A8A, 0x9BA9, 0xFCEB,
    0xDC8B, 0x0928, 0x730A, 0xFCCA, 0xD44A, 0x21EA, 0x3A4B, 0x632F, 0x4ACC, 0x5364, 0x9D8F, 0xE75D,
    0xD6ED, 0xC689, 0xBDD2, 0x8CB4, 0x3A09, 0xE469, 0xF4AA, 0xE46A, 0xF4EA, 0xDBC2, 0x2126, 0x1107,
    0xCBC6, 0xFCC7, 0xBBC9, 0x0929, 0x3145, 0xE486, 0xC3E8, 0x6289, 0xC3C5, 0xEC66, 0xE446, 0xEC86,
    0xFCA5, 0xB3A8, 0x29EA, 0x0127, 0x0907, 0x0086, 0x8452, 0x63B1, 0xD658, 0xF423, 0xEB80, 0xEBA0,
    0xEBA0, 0xEBA0, 0xEBA0, 0xEBA0, 0xEBA0, 0xEBA0, 0xEBA0, 0xEBA0, 0xEBA0, 0xEBA0, 0xEBA0, 0xEBA0,
    0xEBA0, 0xEBA0, 0xEBA0, 0xEBA0, 0xEBA0, 0xEBA0, 0xEBA0, 0xEBA0, 0xEBA0, 0xEBA0, 0xEBA0, 0xEBA0,
    0xEBA0, 0xEBA0, 0xEBA0, 0xEBA0, 0xEBA0, 0xEBA0, 0xEBA0, 0xEBA0, 0xEBA0, 0xEBA0, 0xEBA0, 0xEBA0,
    0xEBA0, 0xEBA0, 0xEBA0, 0xEBA0, 0xEBA0, 0xEBA0, 0xEBA0, 0xEBA0, 0xEBA0, 0xEBA0, 0xEBA0, 0xEBA0,
    0xEBA0, 0xEBA0, 0xEBA0, 0xEBA0, 0xEBA0, 0xEBA0, 0xEBA0, 0xEBA0, 0xEBA0, 0xEBA0, 0xEBA0, 0xEBA0,
    0xEBA0, 0xEBA0, 0xEBA0, 0xEBA0, 0xEBA0, 0xEBA0, 0xEBA0, 0xEBA0, 0xEBA0, 0xEBA0, 0xEBA0, 0xEBA0,
    0xEBA0, 0xEBA0, 0xEBA0, 0xEBA0, 0xEBA0, 0xEBA0, 0xEBA0, 0xEBA0, 0xEBA0, 0xEBA0, 0xEBA0, 0xEBA0,
    0xEBA0, 0xEBA0, 0xEBA0, 0xEBA0, 0xEBA0, 0xEBA0, 0xEBA0, 0xEBA0, 0xEBA0, 0xEBA0, 0xEBA0, 0xEBA0,
    0xEBA0, 0xEBA0, 0xEB60, 0xEDF2, 0x63D2, 0x94D4, 0x00C6, 0x00E7, 0x2125, 0xAAC1, 0xFC00, 0x9AA1,
    0x59E4, 0xD340, 0xFBE0, 0x9283, 0x49A4, 0xDB40, 0xFBC0, 0xF3A0, 0xFBA0, 0xF3A0, 0xFBC0, 0x8A63,
    0x1906, 0xCB20, 0xFBC0, 0xFBA0, 0x7244, 0x0908, 0x1128, 0x00E7, 0x7202, 0xFBC0, 0xFBE0, 0x51C5,
    0x4164, 0xFBC0, 0xF3A0, 0xF3A0, 0xFBE0, 0x59E4, 0x51A4, 0xFBE0, 0xF3A0, 0xF3A0, 0xFBE0, 0x6A25,
    0x00C9, 0x5A05, 0xFBE0, 0xF3A0, 0xFBA0, 0xF3A0, 0xFBA0, 0xEB80, 0x1107, 0xBAE0, 0xFBC0, 0xFBA0,
    0xEB80, 0x2946, 0xDB60, 0xFBE0, 0xAAC1, 0x00C8, 0xBAE0, 0xF3C0, 0x8B07, 0x42AE, 0x29CA, 0x00C6,
    0x00E7, 0x00A8, 0x08E8, 0x29EA, 0x846E, 0xEF49, 0xE723, 0xD6D4, 0xDEFC, 0x938A, 0xCAE0, 0xFBE0,
    0xE360, 0x3166, 0x2147, 0xD361, 0xFBE0, 0xAAA1, 0x10E6, 0x61E4, 0xFBE0, 0xBB01, 0x7A23, 0xE380,
    0xFBC0, 0xF3A0, 0xFBA0, 0xEB80, 0x7203, 0x00C6, 0x00C7, 0x0907, 0x0928, 0x0065, 0x7411, 0x6BB1,
    0xD658, 0xF423, 0xEB80, 0xEBA0, 0xEBA0, 0xEBA0, 0xEBA0, 0xEBA0, 0xEBA0, 0xEBA0, 0xEBA0, 0xEBA0,
    0xEBA0, 0xEBA0, 0xEBA0, 0xEBA0, 0xEBA0, 0xEBA0, 0xEBA0, 0xEBA0, 0xEBA0, 0xEBA0, 0xEBA0, 0xEBA0,
    0xEBA0, 0xEBA0, 0xEBA0, 0xEBA0, 0xEBA0, 0xEBA0, 0xEBA0, 0xEBA0, 0xEBA0, 0xEBA0, 0xEBA0, 0xEBA0,
    0xEBA0, 0xEBA0, 0xEBA0, 0xEBA0, 0xEBA0, 0xEBA0, 0xEBA0, 0xEBA0, 0xEBA0, 0xEBA0, 0xEBA0, 0xEBA0,
    0xEBA0, 0xEBA0, 0xEBA0, 0xEBA0, 0xEBA0, 0xEBA0, 0xEBA0, 0xEBA0, 0xEBA0, 0xEBA0, 0xEBA0, 0xEBA0,
    0xEBA0, 0xEBA0, 0xEBA0, 0xEBA0, 0xEBA0, 0xEBA0, 0xEBA0, 0xEBA0, 0xEBA0, 0xEBA0, 0xEBA0, 0xEBA0,
    0xEBA0, 0xEBA0, 0xEBA0, 0xEBA0, 0xEBA0, 0xEBA0, 0xEBA0, 0xEBA0, 0xEBA0, 0xEBA0, 0xEBA0, 0xEBA0,
    0xEBA0, 0xEBA0, 0xEBA0, 0xEBA0, 0xEBA0, 0xEBA0, 0xEBA0, 0xEBA0, 0xEBA0, 0xEBA0, 0xEBA0, 0xEBA0,
    0xEBA0, 0xEBA0, 0xEBA0, 0xEBA0, 0xEBA0, 0xEBA0, 0xEB60, 0xEE34, 0x5B71, 0xAD76, 0x00C6, 0x08E7,
    0x00C7, 0x00C7, 0x59E4, 0xB2E2, 0x7203, 0x1906, 0x8A42, 0xC300, 0x69E3, 0x1906, 0x9A81, 0xAAC1,
    0xAAA1, 0xAAA1, 0xAAA1, 0xBAE0, 0x3964, 0x08C6, 0x9A81, 0xAAA1, 0xAAA1, 0x1905, 0x0086, 0x00A6,
    0x00A7, 0x8242, 0xB2C1, 0x8A42, 0x00A7, 0x7A22, 0xAAA1, 0x9A81, 0xAAC1, 0x7A22, 0x00C6, 0x9A81,
    0xAAA1, 0xA2A1, 0xB2C1, 0x59C3, 0x0087, 0x2105, 0xA2A1, 0xA2A1, 0xA2A1, 0xA2A1, 0xA2A1, 0x9A82,
    0x08C6, 0x8242, 0xAAA1, 0xAAA1, 0x8243, 0x1905, 0xA2A1, 0xAAC1, 0x4185, 0x1947, 0x8A83, 0x4A4A,
    0x2A0C, 0x0907, 0x00E7, 0x0928, 0x0907, 0x00E7, 0x00A6, 0x0065, 0x0026, 0x42AE, 0xE73B, 0xF7BF,
    0xEF9D, 0xDF5C, 0x8C11, 0x8A42, 0x3166, 0x00A8, 0x61E4, 0x9AA2, 0x7244, 0x00E8, 0x2147, 0x92A3,
    0x7244, 0x3166, 0x8A84, 0x92A4, 0x8284, 0x8284, 0x8A84, 0x41C7, 0x0109, 0x1148, 0x1148, 0x1148,
    0x1969, 0x1107, 0xA556, 0x5B70, 0xD679, 0xF402, 0xEB80, 0xEBA0, 0xEBA0, 0xEBA0, 0xEBA0, 0xEBA0,
    0xEBA0, 0xEBA0, 0xEBA0, 0xEBA0, 0xEBA0, 0xEBA0, 0xEBA0, 0xEBA0, 0xEBA0, 0xEBA0, 0xEBA0, 0xEBA0,
    0xEBA0, 0xEBA0, 0xEBA0, 0xEBA0, 0xEBA0, 0xEBA0, 0xEBA0, 0xEBA0, 0xEBA0, 0xEBA0, 0xEBA0, 0xEBA0,
    0xEBA0, 0xEBA0, 0xEBA0, 0xEBA0, 0xEBA0, 0xEBA0, 0xEBA0, 0xEBA0, 0xEBA0, 0xEBA0, 0xEBA0, 0xEBA0,
    0xEBA0, 0xEBA0, 0xEBA1, 0xEBA0, 0xEBA0, 0xEBA0, 0xEBA0, 0xEBA0, 0xEBA0, 0xEBA0, 0xEBA0, 0xEBA0,
    0xEBA0, 0xEBA0, 0xEBA0, 0xEBA0, 0xEBA0, 0xEBA0, 0xEBA0, 0xEBA0, 0xEBA0, 0xEBA0, 0xEBA0, 0xEBA0,
    0xEBA0, 0xEBA0, 0xEBA0, 0xEBA0, 0xEBA0, 0xEBA0, 0xEBA0, 0xEBA0, 0xEBA0, 0xEBA0, 0xEBA0, 0xEBA0,
    0xEBA0, 0xEBA0, 0xEBA0, 0xEBA0, 0xEBA0, 0xEBA0, 0xEBA0, 0xEBA0, 0xEBA0, 0xEBA0, 0xEBA0, 0xEBA0,
    0xEBA0, 0xEBA0, 0xEBA0, 0xEBA0, 0xEBA0, 0xEBA0, 0xEBA0, 0xEBA0, 0xEBA0, 0xEBA0, 0xE340, 0xFE31,
    0x7433, 0x7C11, 0x94D4, 0x8452, 0x8C93, 0x8C93, 0x7C73, 0x7C54, 0x8C93, 0x8452, 0x7412, 0x7C53,
    0x8C92, 0x8473, 0x7C53, 0x7C73, 0x7C53, 0x7C53, 0x7C53, 0x7C53, 0x8C72, 0x8473, 0x7C53, 0x7C53,
    0x7C53, 0x8473, 0x8473, 0x8472, 0x8473, 0x7C53, 0x7C53, 0x8473, 0x8473, 0x7C53, 0x7C74, 0x8473,
    0x8473, 0x8CB4, 0x8CB4, 0x8494, 0x8494, 0x8494, 0x8494, 0x8CB4, 0x94D4, 0x8CD4, 0x8CD5, 0x8CD5,
    0x8CD5, 0x8CF5, 0x94F5, 0x94F5, 0x9515, 0x94F5, 0x94F5, 0x94F5, 0x94F5, 0x9515, 0x8CD5, 0x8CD5,
    0x8494, 0x1989, 0x00C8, 0x00E7, 0x00E7, 0x0907, 0x0927, 0x0907, 0x0928, 0x21CA, 0x42AD, 0x6BF1,
    0x9D15, 0xAD96, 0xA557, 0xCE96, 0xDEE1, 0xE702, 0xE73B, 0x63B2, 0x7C52, 0x9D56, 0x9557, 0x8CF6,
    0x8CF6, 0x9D35, 0x9D35, 0x8CF6, 0x94F6, 0x9D35, 0x9516, 0x9516, 0x9516, 0x9516, 0x9516, 0x9D36,
    0xAD76, 0xA556, 0xA556, 0xA556, 0xA556, 0xAD96, 0x94D4, 0x63B1, 0xF6D7, 0xEB80, 0xEBA0, 0xEBA0,
    0xEBA0, 0xEBA0, 0xEBA0, 0xEBA0, 0xEBA0, 0xEBA0, 0xEBA0, 0xEBA0, 0xEBA0, 0xEBA0, 0xEBA0, 0xEBA0,
    0xEBA0, 0xEBA0, 0xEBA0, 0xEBA0, 0xEBA0, 0xEBA0, 0xEBA0, 0xEBA0, 0xEBA0, 0xEBA0, 0xEBA0, 0xEBA0,
    0xEBA0, 0xEBA0, 0xEBA0, 0xEBA0, 0xEBA0, 0xEBA0, 0xEBA0, 0xEBA0, 0xEBA0, 0xEBA0, 0xEBA0, 0xEBA0,
    0xEBA0, 0xEBA0, 0xEBA0, 0xEBA0, 0xEBA0, 0xEBA0, 0xEBA0, 0xEBA0, 0xEBA0, 0xEBA0, 0xEBA0, 0xEBA0,
    0xEBA0, 0xEBA0, 0xEBA0, 0xEBA0, 0xEBA0, 0xEBA0, 0xEBA0, 0xEBA0, 0xEBA0, 0xEBA0, 0xEBA0, 0xEBA0,
    0xEBA0, 0xEBA0, 0xEBA0, 0xEBA0, 0xEBA0, 0xEBA0, 0xEBA0, 0xEBA0, 0xEBA0, 0xEBA0, 0xEBA0, 0xEBA0,
    0xEBA0, 0xEBA0, 0xEBA0, 0xEBA0, 0xEBA0, 0xEBA0, 0xEBA0, 0xEBA0, 0xEBA0, 0xEBA0, 0xEBA0, 0xEBA0,
    0xEBA0, 0xEBA0, 0xEBA0, 0xEBA0, 0xEBA0, 0xEBA0, 0xEBA0, 0xEBA0, 0xEBA0, 0xEBA0, 0xEBA0, 0xEBA0,
    0xEBA0, 0xEBA0, 0xE340, 0xFD4B, 0xCE9B, 0x00C6, 0x5B71, 0x63D2, 0x63B1, 0x63B2, 0x63B1, 0x63D1,
    0x5BB1, 0x63B2, 0x7412, 0x63D2, 0x5B91, 0x6391, 0x63B1, 0x5B70, 0x63B1, 0x63B1, 0x6370, 0x6391,
    0x63D2, 0x6391, 0x63B1, 0x63D2, 0x6391, 0x6390, 0x63B1, 0x5BB2, 0x6BF2, 0x6BD1, 0x6390, 0x63D1,
    0x6BD1, 0x7411, 0x6BD0, 0x6BD1, 0x63B1, 0x6391, 0x6391, 0x63B1, 0x63B1, 0x63B1, 0x63D1, 0x63B1,
    0x63B1, 0x63B1, 0x63B1, 0x63D2, 0x63B1, 0x63D2, 0x63D2, 0x63B1, 0x63B1, 0x63D2, 0x63D2, 0x63D2,
    0x63B1, 0x63B1, 0x63B1, 0x63D1, 0x322B, 0x00C6, 0x0907, 0x0907, 0x00E7, 0x0107, 0x0907, 0x21CA,
    0x73F1, 0x7C32, 0x7C32, 0x6BB0, 0x4AEE, 0x324C, 0x1107, 0x9D36, 0xEF68, 0xFFE0, 0xDEEA, 0xDEDD,
    0xD69A, 0xC510, 0x526B, 0x6BD1, 0x63F2, 0x63D2, 0x63D2, 0x63D2, 0x6BD2, 0x63D2, 0x6BD2, 0x63D2,
    0x6BD2, 0x6BD2, 0x6BD2, 0x6BD2, 0x63D2, 0x63D2, 0x63D2, 0x63D2, 0x63D2, 0x63B2, 0x0907, 0x8CD5,
    0xFEB4, 0xE340, 0xEBA0, 0xEBA0, 0xEBA0, 0xEBA0, 0xEBA0, 0xEBA0, 0xEBA0, 0xEBA0, 0xEBA0, 0xEBA0,
    0xEBA0, 0xEBA0, 0xEBA0, 0xEBA0, 0xEBA0, 0xEBA0, 0xEBA0, 0xEBA0, 0xEBA0, 0xEBA0, 0xEBA0, 0xEBA0,
    0xEBA0, 0xEBA0, 0xEBA0, 0xEBA0, 0xEBA0, 0xEBA0, 0xEBA0, 0xEBA0, 0xEBA0, 0xEBA0, 0xEBA0, 0xEBA0,
    0xEBA0, 0xEBA0, 0xEBA0, 0xEBA0, 0xEBA0, 0xEBA0, 0xEBA0, 0xEBA0, 0xEBA0, 0xEBA0, 0xEBA0, 0xEBA0,
    0xEBA0, 0xEBA0, 0xEBA0, 0xEBA0, 0xEBA0, 0xEBA0, 0xEBA0, 0xEBA0, 0xEBA0, 0xEBA0, 0xEBA0, 0xEBA0,
    0xEBA0, 0xEBA0, 0xEBA0, 0xEBA0, 0xEBA0, 0xEBA0, 0xEBA0, 0xEBA0, 0xEBA0, 0xEBA0, 0xEBA0, 0xEBA0,
    0xEBA0, 0xEBA0, 0xEBA0, 0xEBA0, 0xEBA0, 0xEBA0, 0xEBA0, 0xEBA0, 0xEBA0, 0xEBA0, 0xEBA0, 0xEBA0,
    0xEBA0, 0xEBA0, 0xEBA0, 0xEBA0, 0xEBA0, 0xEBA0, 0xEBA0, 0xEBA0, 0xEBA0, 0xEBA0, 0xEBA0, 0xEBA0,
    0xEBA0, 0xEBA0, 0xEBA0, 0xEBA0, 0xEBA0, 0xEBA0, 0xE340, 0xFE94, 0x5370, 0xAD55, 0xFEB5, 0xF654,
    0xF674, 0xF674, 0xF674, 0xF675, 0xF675, 0xF675, 0xF654, 0xEE55, 0xEF17, 0xEED6, 0xEE37, 0xEF9A,
    0xEEB5, 0xEE35, 0xEF9A, 0xEEF7, 0xE5F3, 0xEF38, 0xEE76, 0xEDD3, 0xEED7, 0xEF3A, 0xE614, 0xF653,
    0xB512, 0x9D36, 0xDF1C, 0xDDF4, 0xB554, 0x8474, 0xBE39, 0xD5F6, 0xDE75, 0xF7B6, 0xD6D9, 0xE656,
    0xEE55, 0xEE55, 0xEE55, 0xEE54, 0xEE34, 0xEE54, 0xEE54, 0xEE13, 0xEDF2, 0xEDF2, 0xEDF2, 0xEE12,
    0xEE12, 0xEDF2, 0xEDF2, 0xEDF2, 0xEDF2, 0xEDF2, 0xEE12, 0xD592, 0x00A6, 0x8C93, 0x4ACD, 0x1107,
    0x29EA, 0x1989, 0x00A6, 0x1968, 0x1968, 0x0085, 0x0045, 0x0024, 0x0024, 0x0065, 0x0004, 0x3A6E,
    0xDEF6, 0xE720, 0xDEC1, 0xE71A, 0xADB9, 0xE5F4, 0xCC07, 0xCE35, 0xFDF2, 0xFDF0, 0xFE11, 0xF632,
    0xF612, 0xFE12, 0xFE12, 0xFE32, 0xFE32, 0xFE32, 0xFE11, 0xFE11, 0xFE11, 0xFE11, 0xFE11, 0xFE11,
    0xFE11, 0xFDF1, 0xDE57, 0x2A2C, 0xE698, 0xF3C1, 0xEBA0, 0xEBA0, 0xEBA0, 0xEBA0, 0xEBA0, 0xEBA0,
    0xEBA0, 0xEBA0, 0xEBA0, 0xEBA0, 0xEBA0, 0xEBA0, 0xEBA0, 0xEBA0, 0xEBA0, 0xEBA0, 0xEBA0, 0xEBA0,
    0xEBA0, 0xEBA0, 0xEBA0, 0xEBA0, 0xEBA0, 0xEBA0, 0xEBA0, 0xEBA0, 0xEBA0, 0xEBA0, 0xEBA0, 0xEBA0,
    0xEBA0, 0xEBA0, 0xEBA0, 0xEBA0, 0xEBA0, 0xEBA0, 0xEBA0, 0xEBA0, 0xEBA0, 0xEBA0, 0xEBA0, 0xEBA0,
    0xEBA0, 0xEBA0, 0xEBA0, 0xEBA0, 0xEBA0, 0xEBA0, 0xEBA0, 0xEBA0, 0xEBA0, 0xEBA0, 0xEBA0, 0xEBA0,
    0xEBA0, 0xEBA0, 0xEBA0, 0xEBA0, 0xEBA0, 0xEBA0, 0xEBA0, 0xEBA0, 0xEBA0, 0xEBA0, 0xEBA0, 0xEBA0,
    0xEBA0, 0xEBA0, 0xEBA0, 0xEBA0, 0xEBA0, 0xEBA0, 0xEBA0, 0xEBA0, 0xEBA0, 0xEBA0, 0xEBA0, 0xEBA0,
    0xEBA0, 0xEBA0, 0xEBA0, 0xEBA0, 0xEBA0, 0xEBA0, 0xEBA0, 0xEBA0, 0xEBA0, 0xEBA0, 0xEBA0, 0xEBA0,
    0xEBA0, 0xEBA0, 0xEBA0, 0xEBA0, 0xEBA0, 0xEBA0, 0xEBA0, 0xEBA0, 0xEBA0, 0xEBA0, 0xEB60, 0xEE34,
    0x5371, 0xEE13, 0xEB40, 0xEB60, 0xEB60, 0xEB60, 0xEB60, 0xEB60, 0xEB60, 0xEB60, 0xEB60, 0xEB60,
    0xEC00, 0xF5A1, 0xF502, 0xF506, 0xF625, 0xF503, 0xFFF1, 0xF547, 0xF506, 0xF5C9, 0xEBA1, 0xF565,
    0xF627, 0xEC04, 0xF380, 0xDB40, 0xA4B2, 0xDF1C, 0xE75E, 0xAAE3, 0x69E2, 0x2924, 0x1148, 0xBAC1,
    0x9AC4, 0x8D12, 0xC592, 0xE340, 0xF3A0, 0xEB80, 0xEB80, 0xEB80, 0xEB60, 0xEB40, 0xEB60, 0xEB80,
    0xEB60, 0xEB60, 0xEB60, 0xEB60, 0xEB60, 0xEB60, 0xEB60, 0xEB60, 0xEB60, 0xEB60, 0xF380, 0xB2C0,
    0x00A6, 0x428C, 0x320B, 0x0907, 0x29EA, 0x530E, 0x73D1, 0x6390, 0xC659, 0xD6DB, 0xBE39, 0xB5B7,
    0x9D56, 0x94D4, 0x8473, 0x6BB0, 0xDEFC, 0xE739, 0xE75A, 0xF7DE, 0xCE9A, 0x9D56, 0xD48B, 0xC58B,
    0xBC80, 0xB326, 0xD382, 0xE320, 0xEB40, 0xE340, 0xEB40, 0xE340, 0xE340, 0xE340, 0xE340, 0xE340,
    0xE340, 0xE340, 0xE340, 0xE340, 0xE340, 0xE2E0, 0xFD4B, 0x4B10, 0xC5D6, 0xF422, 0xEB80, 0xEBA0,
    0xEBA0, 0xEBA0, 0xEBA0, 0xEBA0, 0xEBA0, 0xEBA0, 0xEBA0, 0xEBA0, 0xEBA0, 0xEBA0, 0xEBA0, 0xEBA0,
    0xEBA0, 0xEBA0, 0xEBA0, 0xEBA0, 0xEBA0, 0xEBA0, 0xEBA0, 0xEBA0, 0xEBA0, 0xEBA0, 0xEBA0, 0xEBA0,
    0xEBA0, 0xEBA0, 0xEBA0, 0xEBA0, 0xEBA0, 0xEBA0, 0xEBA0, 0xEBA0, 0xEBA0, 0xEBA0, 0xEBA0, 0xEBA0,
    0xEBA0, 0xEBA0, 0xEBA0, 0xEBA0, 0xEBA0, 0xEBA0, 0xEBA0, 0xEBA0, 0xEBA0, 0xEBA0, 0xEBA0, 0xEBA0,
    0xEBA0, 0xEBA0, 0xEBA0, 0xEBA0, 0xEBA0, 0xEBA0, 0xEBA0, 0xEBA0, 0xEBA0, 0xEBA0, 0xEBA0, 0xEBA0,
    0xEBA0, 0xEBA0, 0xEBA0, 0xEBA0, 0xEBA0, 0xEBA0, 0xEBA0, 0xEBA0, 0xEBA0, 0xEBA0, 0xEBA0, 0xEBA0,
    0xEBA0, 0xEBA0, 0xEBA0, 0xEBA0, 0xEBA0, 0xEBA0, 0xEBA0, 0xEBA0, 0xEBA0, 0xEBA0, 0xEBA0, 0xEBA0,
    0xEBA0, 0xEBA0, 0xEBA0, 0xEBA0, 0xEBA0, 0xEBA0, 0xEBA0, 0xEBA0, 0xEBA0, 0xEBA0, 0xEBA0, 0xEBA0,
    0xEBA0, 0xEBA0, 0xEB60, 0xEE33, 0x5392, 0xE5B0, 0xEB80, 0xEBC1, 0xEBA0, 0xEBA0, 0xEBA0, 0xEBA0,
    0xEBA0, 0xEBC0, 0xEB81, 0xEBA4, 0xEC23, 0xEC40, 0xF522, 0xF583, 0xF68D, 0xFFF9, 0xFFFD, 0xFF16,
    0xFF95, 0xF58A, 0xFF2E, 0xF5CB, 0xF541, 0xF502, 0xE341, 0x838C, 0xB619, 0xE75D, 0xCE39, 0x59E5,
    0x0908, 0x59E5, 0x9A82, 0xE420, 0x93C3, 0x3967, 0x8AA4, 0xFBE0, 0xA304, 0x7AC7, 0xF380, 0xEB80,
    0xEBE2, 0xECA7, 0xEC67, 0xEBC3, 0xEBC1, 0xEBA0, 0xEBA0, 0xEBA0, 0xEBA0, 0xEBA0, 0xEBA0, 0xEBA0,
    0xEBA0, 0xEBA0, 0xF3C0, 0xC321, 0x21CA, 0x0927, 0x4ACD, 0x00E7, 0x00E7, 0x00E7, 0x1968, 0x7C32,
    0x9D36, 0xDF1C, 0xFFFF, 0xFFFF, 0xFFFF, 0xFFFF, 0xFFFF, 0xE71C, 0xD6BB, 0xFFFF, 0xFFFF, 0xFFFF,
    0xE73C, 0x9536, 0xBD10, 0xBCCF, 0xE7A6, 0xC688, 0x3A8D, 0x9C0E, 0xDBC2, 0xEBA0, 0xEBA1, 0xEBA0,
    0xEBA0, 0xEBA0, 0xEBC1, 0xEBA0, 0xEBA0, 0xEBA0, 0xEBA0, 0xEBA0, 0xEBC1, 0xEB60, 0xF4E9, 0x42EF,
    0xCDF6, 0xF402, 0xEB80, 0xEBA0, 0xEBA0, 0xEBA0, 0xEBA0, 0xEBA0, 0xEBA0, 0xEBA0, 0xEBA0, 0xEBA0,
    0xEBA0, 0xEBA0, 0xEBA0, 0xEBA0, 0xEBA0, 0xEBA0, 0xEBA0, 0xEBA0, 0xEBA0, 0xEBA0, 0xEBA0, 0xEBA0,
    0xEBA0, 0xEBA0, 0xEBA0, 0xEBA0, 0xEBA0, 0xEBA0, 0xEBA0, 0xEBA0, 0xEBA0, 0xEBA0, 0xEBA0, 0xEBA0,
    0xEBA0, 0xEBA0, 0xEBA0, 0xEBA0, 0xEBA0, 0xEBA0, 0xEBA0, 0xEBA0, 0xEBA0, 0xEBA0, 0xEBA0, 0xEBA0,
    0xEBA0, 0xEBA0, 0xEBA0, 0xEBA0, 0xEBA0, 0xEBA0, 0xEBA0, 0xEBA0, 0xEBA0, 0xEBA0, 0xEBA0, 0xEBA0,
    0xEBA0, 0xEBA0, 0xEBA0, 0xEBA0, 0xEBA0, 0xEBA0, 0xEBA0, 0xEBA0, 0xEBA0, 0xEBA0, 0xEBA0, 0xEBA0,
    0xEBA0, 0xEBA0, 0xEBA0, 0xEBA0, 0xEBA0, 0xEBA0, 0xEBA0, 0xEBA0, 0xEBA0, 0xEBA0, 0xEBA0, 0xEBA0,
    0xEBA0, 0xEBA0, 0xEBA0, 0xEBA0, 0xEBA0, 0xEBA0, 0xEBA0, 0xEBA0, 0xEBA0, 0xEBA0, 0xEBA0, 0xEBA0,
    0xEBA0, 0xEBA0, 0xEBA0, 0xEBA0, 0xEBA0, 0xEBA0, 0xEB60, 0xEE34, 0x5372, 0xE5D1, 0xEB80, 0xEBA0,
    0xEBA0, 0xEBA0, 0xEBA0, 0xEBA0, 0xEBA0, 0xEBA0, 0xEBA0, 0xEBC3, 0xEC43, 0xF521, 0xF520, 0xF629,
    0xFFFC, 0xE75D, 0xCE7A, 0xF7FF, 0xFFDE, 0xFFFA, 0xFFF3, 0xECC5, 0xE380, 0xFF41, 0x8324, 0x0088,
    0x0066, 0x0949, 0x9366, 0x8263, 0x63A5, 0x3AA6, 0x39C6, 0xFF80, 0x9504, 0x3985, 0xA2C4, 0xD384,
    0x9A83, 0xBB41, 0xF566, 0xED48, 0xF4E6, 0xFCC6, 0xEBA1, 0xEB80, 0xEBA0, 0xEBA0, 0xEBA0, 0xEBA0,
    0xEBA0, 0xEBA0, 0xEBC0, 0xEBA0, 0xEBA0, 0xEBA0, 0xEBC0, 0xE360, 0xA48F, 0x1169, 0x4ACD, 0x6390,
    0x0065, 0x00C6, 0x1989, 0x634F, 0x0085, 0x0907, 0x322B, 0x73F1, 0xB5D8, 0xE75D, 0xFFFF, 0xE73C,
    0xCE7B, 0xD6AF, 0xD6AB, 0xD6B3, 0xEF5E, 0x9D36, 0xC638, 0xB3EC, 0xDEAC, 0xFFE0, 0xC601, 0xB5F7,
    0xDEB9, 0xCB41, 0xF3C0, 0xE3A0, 0xEBA0, 0xEBA0, 0xEBA0, 0xEBA0, 0xEBA0, 0xEBA0, 0xEBA0, 0xEBA0,
    0xEBA0, 0xEB60, 0xF4E9, 0x42EF, 0xCE17, 0xF402, 0xEB80, 0xEBA0, 0xEBA0, 0xEBA0, 0xEBA0, 0xEBA0,
    0xEBA0, 0xEBA0, 0xEBA0, 0xEBA0, 0xEBA0, 0xEBA0, 0xEBA0, 0xEBA0, 0xEBA0, 0xEBA0, 0xEBA0, 0xEBA0,
    0xEBA0, 0xEBA0, 0xEBA0, 0xEBA0, 0xEBA0, 0xEBA0, 0xEBA0, 0xEBA0, 0xEBA0, 0xEBA0, 0xEBA0, 0xEBA0,
    0xEBA0, 0xEBA0, 0xEBA0, 0xEBA0, 0xEBA0, 0xEBA0, 0xEBA0, 0xEBA0, 0xEBA0, 0xEBA0, 0xEBA0, 0xEBA0,
    0xEBA0, 0xEBA0, 0xEBA0, 0xEBA0, 0xEBA0, 0xEBA0, 0xEBA0, 0xEBA0, 0xEBA0, 0xEBA0, 0xEBA0, 0xEBA0,
    0xEBA0, 0xEBA0, 0xEBA0, 0xEBA0, 0xEBA0, 0xEBA0, 0xEBA0, 0xEBA0, 0xEBA0, 0xEBA0, 0xEBA0, 0xEBA0,
    0xEBA0, 0xEBA0, 0xEBA0, 0xEBA0, 0xEBA0, 0xEBA0, 0xEBA0, 0xEBA0, 0xEBA0, 0xEBA0, 0xEBA0, 0xEBA0,
    0xEBA0, 0xEBA0, 0xEBA0, 0xEBA0, 0xEBA0, 0xEBA0, 0xEBA0, 0xEBA0, 0xEBA0, 0xEBA0, 0xEBA0, 0xEBA0,
    0xEBA0, 0xEBA0, 0xEBA0, 0xEBA0, 0xEBA0, 0xEBA0, 0xEBA0, 0xEBA0, 0xEBA0, 0xEBA0, 0xEB60, 0xEE34,
    0x5372, 0xE5B1, 0xEB80, 0xEBA0, 0xEBA0, 0xEBA0, 0xEBA0, 0xEBA0, 0xEBA0, 0xEBA0, 0xEBA0, 0xEBA0,
    0xEBE1, 0xEC62, 0xF542, 0xF606, 0xFFBC, 0xDF1C, 0xBE19, 0xE73D, 0xFFFF, 0xF6F7, 0xF5AC, 0xF5E9,
    0xF5A6, 0xED01, 0xA523, 0x2167, 0x8244, 0xBC82, 0xCDC3, 0x7285, 0x08E7, 0x5B25, 0x9D03, 0xF7A0,
    0x4B06, 0x28E5, 0xE5A9, 0xCE8B, 0xEEC2, 0xFFA0, 0xCEA4, 0x9CD1, 0xAB67, 0xA260, 0xEBC1, 0xEBA0,
    0xEB80, 0xEB80, 0xEB60, 0xEB60, 0xEB40, 0xEB40, 0xEB40, 0xEB40, 0xEB40, 0xEB60, 0xEB60, 0xEB60,
    0xDBA4, 0x4ACD, 0x1948, 0xA535, 0x6390, 0x320A, 0x8473, 0x5B4F, 0x0907, 0x00C7, 0x00E7, 0x0086,
    0x00C6, 0x1989, 0x532F, 0x7C32, 0xD6BC, 0xE725, 0xFFE0, 0xDEC8, 0xDF1E, 0xA555, 0xE79E, 0xD48B,
    0xCD8D, 0xE761, 0xFFE0, 0xCE22, 0xDF1D, 0xBDB6, 0xC2E0, 0xF3E0, 0xE3A0, 0xEBA0, 0xEBA0, 0xEBA0,
    0xEBA0, 0xEBA0, 0xEBA0, 0xEBA0, 0xEBA0, 0xEB60, 0xF4E9, 0x42EF, 0xCE17, 0xF402, 0xEB80, 0xEBA0,
    0xEBA0, 0xEBA0, 0xEBA0, 0xEBA0, 0xEBA0, 0xEBA0, 0xEBA0, 0xEBA0, 0xEBA0, 0xEBA0, 0xEBA0, 0xEBA0,
    0xEBA0, 0xEBA0, 0xEBA0, 0xEBA0, 0xEBA0, 0xEBA0, 0xEBA0, 0xEBA0, 0xEBA0, 0xEBA0, 0xEBA0, 0xEBA0,
    0xEBA0, 0xEBA0, 0xEBA0, 0xEBA0, 0xEBA0, 0xEBA0, 0xEBA0, 0xEBA0, 0xEBA0, 0xEBA0, 0xEBA0, 0xEBA0,
    0xEBA0, 0xEBA0, 0xEBA0, 0xEBA0, 0xEBA0, 0xEBA0, 0xEBA0, 0xEBA0, 0xEBA0, 0xEBA0, 0xEBA0, 0xEBA0,
    0xEBA0, 0xEBA0, 0xEBA0, 0xEBA0, 0xEBA0, 0xEBA0, 0xEBA0, 0xEBA0, 0xEBA0, 0xEBA0, 0xEBA0, 0xEBA0,
    0xEBA0, 0xEBA0, 0xEBA0, 0xEBA0, 0xEBA0, 0xEBA0, 0xEBA0, 0xEBA0, 0xEBA0, 0xEBA0, 0xEBA0, 0xEBA0,
    0xEBA0, 0xEBA0, 0xEBA0, 0xEBA0, 0xEBA0, 0xEBA0, 0xEBA0, 0xEBA0, 0xEBA0, 0xEBA0, 0xEBA0, 0xEBA0,
    0xEBA0, 0xEBA0, 0xEBA0, 0xEBA0, 0xEBA0, 0xEBA0, 0xEBA0, 0xEBA0, 0xEBA0, 0xEBA0, 0xEBA0, 0xEBA0,
    0xEBA0, 0xEBA0, 0xEB80, 0xEE34, 0x5372, 0xE5B1, 0xEB60, 0xEBA0, 0xEBA0, 0xEBA0, 0xEBA0, 0xEBA0,
    0xEBA0, 0xEBA0, 0xEBE6, 0xEC65, 0xECE3, 0xF521, 0xF5A5, 0xF58C, 0xF6B0, 0xFFD9, 0xFFFD, 0xFFFC,
    0xF60F, 0xFEEE, 0xEC83, 0xF420, 0xB4A3, 0x2108, 0xA483, 0xDEC1, 0x9AE3, 0x41C6, 0x0088, 0xAD84,
    0x6BA6, 0x0068, 0x1986, 0x29C7, 0xBDE3, 0xAD85, 0xEF42, 0xEF87, 0xFECB, 0xDE4B, 0xDF04, 0xAD69,
    0x7434, 0x5A27, 0x93AB, 0xFF5A, 0xF73A, 0xFF39, 0xFF18, 0xFEF5, 0xF6B1, 0xF669, 0xF604, 0xF5C1,
    0xF560, 0xF520, 0xECC0, 0xEC60, 0xF420, 0x8AE5, 0x3A6D, 0x94D4, 0xA576, 0x6BD1, 0x6B90, 0x1989,
    0x6BD1, 0x21CA, 0x00A6, 0x1148, 0x0928, 0x0907, 0x0044, 0x3A6D, 0xEF7B, 0xEF42, 0xFFC1, 0xE70F,
    0xD6DD, 0x94F4, 0xDF3D, 0xDE15, 0xDD2E, 0xD6D7, 0xD6CA, 0xEF40, 0xB591, 0x8CB6, 0x4A28, 0xD340,
    0xF3C0, 0xEBA0, 0xEBA0, 0xEBA0, 0xEBA0, 0xEBA0, 0xEBA0, 0xEBA0, 0xEBA0, 0xEB60, 0xF50A, 0x4AEF,
    0xD637, 0xF402, 0xEB80, 0xEBA0, 0xEBA0, 0xEBA0, 0xEBA0, 0xEBA0, 0xEBA0, 0xEBA0, 0xEBA0, 0xEBA0,
    0xEBA0, 0xEBA0, 0xEBA0, 0xEBA0, 0xEBA0, 0xEBA0, 0xEBA0, 0xEBA0, 0xEBA0, 0xEBA0, 0xEBA0, 0xEBA0,
    0xEBA0, 0xEBA0, 0xEBA0, 0xEBA0, 0xEBA0, 0xEBA0, 0xEBA0, 0xEBA0, 0xEBA0, 0xEBA0, 0xEBA0, 0xEBA0,
    0xEBA0, 0xEBA0, 0xEBA0, 0xEBA0, 0xEBA0, 0xEBA0, 0xEBA0, 0xEBA0, 0xEBA0, 0xEBA0, 0xEBA0, 0xEBA0,
    0xEBA0, 0xEBA0, 0xEBA0, 0xEBA0, 0xEBA0, 0xEBA0, 0xEBA0, 0xEBA0, 0xEBA0, 0xEBA0, 0xEBA0, 0xEBA0,
    0xEBA0, 0xEBA0, 0xEBA0, 0xEBA0, 0xEBA0, 0xEBA0, 0xEBA0, 0xEBA0, 0xEBA0, 0xEBA0, 0xEBA0, 0xEBA0,
    0xEBA0, 0xEBA0, 0xEBA0, 0xEBA0, 0xEBA0, 0xEBA0, 0xEBA0, 0xEBA0, 0xEBA0, 0xEBA0, 0xEBA0, 0xEBA0,
    0xEBA0, 0xEBA0, 0xEBA0, 0xEBA0, 0xEBA0, 0xEBA0, 0xEBA0, 0xEBA0, 0xEBA0, 0xEBA0, 0xEBA0, 0xEBA0,
    0xEBA0, 0xEBA0, 0xEBA0, 0xEBA0, 0xEBA0, 0xEBA0, 0xEB60, 0xEE54, 0x5392, 0xE590, 0xEB60, 0xEBA0,
    0xEBA0, 0xEBA0, 0xEBA0, 0xEBA0, 0xEBA0, 0xEBA0, 0xEBC1, 0xEB60, 0xEB81, 0xECEC, 0xECCC, 0xF584,
    0xF521, 0xF66D, 0xFF92, 0xFFB2, 0xFEEC, 0xF524, 0xF646, 0xFF02, 0x4AE5, 0x0028, 0x3A86, 0xAD63,
    0x00A8, 0x0068, 0x73C4, 0x6BA5, 0x7BE7, 0xA54A, 0x42A9, 0x0027, 0x6386, 0xF781, 0xD6CB, 0xCE7B,
    0xAD57, 0xB42C, 0xA577, 0xADB7, 0xA576, 0x8BEE, 0x5207, 0xFFFF, 0xFFFF, 0xFF9C, 0xFF5A, 0xFF16,
    0xF6D2, 0xF689, 0xF643, 0xF621, 0xF620, 0xF620, 0xF600, 0xF5E0, 0xF600, 0xF5A0, 0x1924, 0x6391,
    0x636F, 0x0003, 0x530E, 0x5B4F, 0x08E7, 0x7C32, 0x42AD, 0x0086, 0x0907, 0x1148, 0x00A5, 0xBE1A,
    0xDEF4, 0xEF40, 0xF760, 0xE757, 0xBE1A, 0xBE18, 0xBDF8, 0xC67A, 0xBB85, 0xCE17, 0xD6DE, 0xCE76,
    0xC635, 0x63B1, 0xA3EB, 0x7A22, 0xDB60, 0xEB60, 0xEBA0, 0xEBA0, 0xEBA0, 0xEBA0, 0xEBA0, 0xEBA0,
    0xEBA0, 0xEB60, 0xF50A, 0x4B0F, 0xD617, 0xF402, 0xEB80, 0xEBA0, 0xEBA0, 0xEBA0, 0xEBA0, 0xEBA0,
    0xEBA0, 0xEBA0, 0xEBA0, 0xEBA0, 0xEBA0, 0xEBA0, 0xEBA0, 0xEBA0, 0xEBA0, 0xEBA0, 0xEBA0, 0xEBA0,
    0xEBA0, 0xEBA0, 0xEBA0, 0xEBA0, 0xEBA0, 0xEBA0, 0xEBA0, 0xEBA0, 0xEBA0, 0xEBA0, 0xEBA0, 0xEBA0,
    0xEBA0, 0xEBA0, 0xEBA0, 0xEBA0, 0xEBA0, 0xEBA0, 0xEBA0, 0xEBA0, 0xEBA0, 0xEBA0, 0xEBA0, 0xEBA0,
    0xEBA0, 0xEBA0, 0xEBA0, 0xEBA0, 0xEBA0, 0xEBA0, 0xEBA0, 0xEBA0, 0xEBA0, 0xEBA0, 0xEBA0, 0xEBA0,
    0xEBA0, 0xEBA0, 0xEBA0, 0xEBA0, 0xEBA0, 0xEBA0, 0xEBA0, 0xEBA0, 0xEBA0, 0xEBA0, 0xEBA0, 0xEBA0,
    0xEBA0, 0xEBA0, 0xEBA0, 0xEBA0, 0xEBA0, 0xEBA0, 0xEBA0, 0xEBA0, 0xEBA0, 0xEBA0, 0xEBA0, 0xEBA0,
    0xEBA0, 0xEBA0, 0xEBA0, 0xEBA0, 0xEBA0, 0xEBA0, 0xEBA0, 0xEBA0, 0xEBA0, 0xEBA0, 0xEBA0, 0xEBA0,
    0xEBA0, 0xEBA0, 0xEBA0, 0xEBA0, 0xEBA0, 0xEBA0, 0xEBA0, 0xEBA0, 0xEBA0, 0xEBA0, 0xEB60, 0xEE34,
    0x5392, 0xE590, 0xEB60, 0xEBA0, 0xEBA0, 0xEBA0, 0xEBA0, 0xEBA0, 0xEBA0, 0xEBA0, 0xEB40, 0xECA8,
    0xF5D0, 0xEC87, 0xF525, 0xF501, 0xEC43, 0xF62D, 0xF62D, 0xF528, 0xF68D, 0xEB60, 0xEB80, 0x51C4,
    0x8CA3, 0x29E6, 0x0008, 0x8444, 0x5B25, 0x5B24, 0xC642, 0x3206, 0x00A7, 0x2187, 0x9D0B, 0x94E9,
    0x52C7, 0xB5C4, 0xD680, 0xCE95, 0xBE5B, 0xE655, 0xE591, 0xDF1D, 0xB5D8, 0x8C31, 0x6A03, 0xEC66,
    0xEC03, 0xEBA1, 0xEB80, 0xEB60, 0xEB40, 0xEB40, 0xEB40, 0xEB40, 0xEB40, 0xEB40, 0xEB40, 0xEB60,
    0xE360, 0xF3C0, 0xBB22, 0x00A6, 0x9D35, 0x3A6C, 0x0044, 0x7412, 0x4AAD, 0x0065, 0x73F1, 0x6BD0,
    0x00E7, 0x0044, 0x7411, 0xFFFF, 0xEF9D, 0xDEF5, 0xDF0E, 0xEF7D, 0xBDF8, 0xCE7A, 0x8473, 0xFFFF,
    0xE447, 0xD657, 0xC67A, 0xBE39, 0xADB8, 0xB5F8, 0x7BF1, 0x20C3, 0x9BCB, 0xFD09, 0xE360, 0xEB60,
    0xEBA0, 0xEBA0, 0xEBA0, 0xEBA0, 0xEBA0, 0xEB60, 0xF50A, 0x4B0F, 0xCE17, 0xF402, 0xEB80, 0xEBA0,
    0xEBA0, 0xEBA0, 0xEBA0, 0xEBA0, 0xEBA0, 0xEBA0, 0xEBA0, 0xEBA0, 0xEBA0, 0xEBA0, 0xEBA0, 0xEBA0,
    0xEBA0, 0xEBA0, 0xEBA0, 0xEBA0, 0xEBA0, 0xEBA0, 0xEBA0, 0xEBA0, 0xEBA0, 0xEBA0, 0xEBA0, 0xEBA0,
    0xEBA0, 0xEBA0, 0xEBA0, 0xEBA0, 0xEBA0, 0xEBA0, 0xEBA0, 0xEBA0, 0xEBA0, 0xEBA0, 0xEBA0, 0xEBA0,
    0xEBA0, 0xEBA0, 0xEBA0, 0xEBA0, 0xEBA0, 0xEBA0, 0xEBA0, 0xEBA0, 0xEBA0, 0xEBA0, 0xEBA0, 0xEBA0,
    0xEBA0, 0xEBA0, 0xEBA0, 0xEBA0, 0xEBA0, 0xEBA0, 0xEBA0, 0xEBA0, 0xEBA0, 0xEBA0, 0xEBA0, 0xEBA0,
    0xEBA0, 0xEBA0, 0xEBA0, 0xEBA0, 0xEBA0, 0xEBA0, 0xEBA0, 0xEBA0, 0xEBA0, 0xEBA0, 0xEBA0, 0xEBA0,
    0xEBA0, 0xEBA0, 0xEBA0, 0xEBA0, 0xEBA0, 0xEBA0, 0xEBA0, 0xEBA0, 0xEBA0, 0xEBA0, 0xEBA0, 0xEBA0,
    0xEBA0, 0xEBA0, 0xEBA0, 0xEBA0, 0xEBA0, 0xEBA0, 0xEBA0, 0xEBA0, 0xEBA0, 0xEBA0, 0xEBA0, 0xEBA0,
    0xEBA0, 0xEBA0, 0xEB60, 0xEE34, 0x5372, 0xE590, 0xEB60, 0xEBA0, 0xEBA0, 0xEBA0, 0xEBA0, 0xEBA0,
    0xEB80, 0xEB81, 0xF58E, 0xF58E, 0xEBA2, 0xECA8, 0xECA6, 0xE300, 0xF5E7, 0xECC4, 0xF66B, 0xEBC2,
    0xF5A4, 0xFCC4, 0xBAE0, 0x19AB, 0x4AAA, 0xB5A2, 0x6345, 0x29E6, 0xDEE8, 0xA527, 0x6364, 0xDEC6,
    0x6BC9, 0x21A9, 0x530B, 0xE72D, 0x6B67, 0x1107, 0x7C22, 0xD6B0, 0xC65A, 0xD6B9, 0xBC6A, 0xA511,
    0x9D77, 0x7B2B, 0xD320, 0xF380, 0xEB80, 0xEBA0, 0xEBA0, 0xEBA0, 0xEBA0, 0xEBA0, 0xEBA0, 0xEBA0,
    0xEBA0, 0xEBA0, 0xEBA0, 0xEBA0, 0xEBA0, 0xE3A0, 0xFBC0, 0x7A64, 0x326D, 0x9D15, 0x1107, 0x08C7,
    0x94D4, 0x322B, 0x0045, 0x5B2F, 0x8472, 0x7C32, 0xEF7D, 0xDEFA, 0xFFFF, 0xFFFF, 0xFFFF, 0xCE7A,
    0xA556, 0xB5D8, 0xC659, 0xE75D, 0xECEB, 0xFE74, 0xFFFF, 0xFFFF, 0xCE7A, 0xADB7, 0x7BF0, 0x79C0,
    0xC48C, 0xFFFF, 0xFED8, 0xF50B, 0xEBA1, 0xEB60, 0xEBA0, 0xEBA0, 0xEBA0, 0xEB60, 0xF50A, 0x4B0F,
    0xD617, 0xF402, 0xEB80, 0xEBA0, 0xEBA0, 0xEBA0, 0xEBA0, 0xEBA0, 0xEBA0, 0xEBA0, 0xEBA0, 0xEBA0,
    0xEBA0, 0xEBA0, 0xEBA0, 0xEBA0, 0xEBA0, 0xEBA0, 0xEBA0, 0xEBA0, 0xEBA0, 0xEBA0, 0xEBA0, 0xEBA0,
    0xEBA0, 0xEBA0, 0xEBA0, 0xEBA0, 0xEBA0, 0xEBA0, 0xEBA0, 0xEBA0, 0xEBA0, 0xEBA0, 0xEBA0, 0xEBA0,
    0xEBA0, 0xEBA0, 0xEBA0, 0xEBA0, 0xEBA0, 0xEBA0, 0xEBA0, 0xEBA0, 0xEBA0, 0xEBA0, 0xEBA0, 0xEBA0,
    0xEBA0, 0xEBA0, 0xEBA0, 0xEBA0, 0xEBA0, 0xEBA0, 0xEBA0, 0xEBA0, 0xEBA0, 0xEBA0, 0xEBA0, 0xEBA0,
    0xEBA0, 0xEBA0, 0xEBA0, 0xEBA0, 0xEBA0, 0xEBA0, 0xEBA0, 0xEBA0, 0xEBA0, 0xEBA0, 0xEBA0, 0xEBA0,
    0xEBA0, 0xEBA0, 0xEBA0, 0xEBA0, 0xEBA0, 0xEBA0, 0xEBA0, 0xEBA0, 0xEBA0, 0xEBA0, 0xEBA0, 0xEBA0,
    0xEBA0, 0xEBA0, 0xEBA0, 0xEBA0, 0xEBA0, 0xEBA0, 0xEBA0, 0xEBA0, 0xEBA0, 0xEBA0, 0xEBA0, 0xEBA0,
    0xEBA0, 0xEBA0, 0xEBA0, 0xEBA0, 0xEBA0, 0xEBA0, 0xEB60, 0xEE34, 0x5392, 0xE590, 0xEB60, 0xEBA0,
    0xEBA0, 0xEBA0, 0xEBC0, 0xEB60, 0xEBE2, 0xF5CA, 0xECC8, 0xEB40, 0xEBC3, 0xEBE3, 0xEB60, 0xEBC0,
    0xF605, 0xEBC1, 0xF5E5, 0xEB81, 0xF563, 0xFD24, 0xCAE0, 0x1168, 0x00A9, 0xAD62, 0xA543, 0x6BA4,
    0xE729, 0x94EA, 0xEF6B, 0xD6B7, 0x9D15, 0xFFDC, 0xBE13, 0x31E9, 0xC629, 0x6368, 0x94A4, 0xEF65,
    0xDEAE, 0xC66F, 0xCEB3, 0xD6B7, 0xD5D5, 0xE3E7, 0xEBA0, 0xEBA1, 0xEBA0, 0xEBA0, 0xEBA0, 0xEBA0,
    0xEBA0, 0xEBA0, 0xEBA0, 0xEBA0, 0xEBA0, 0xEBA0, 0xEBA0, 0xEBA0, 0xEBA0, 0xEBA0, 0xEBA0, 0xEBA1,
    0x9C2E, 0xB5F9, 0x6370, 0x0045, 0x1128, 0x94D4, 0x1148, 0x0085, 0x21CB, 0xBDF8, 0xDEE8, 0xDEE0,
    0xD6B1, 0xFFFF, 0xEF7C, 0xA535, 0xA535, 0xC65A, 0xBDF8, 0xB5D8, 0xACD1, 0xBC8D, 0xB5D8, 0xBDF7,
    0xC639, 0xEF7E, 0xDBE4, 0x3123, 0x738E, 0xFFFF, 0xFFFF, 0xFFFF, 0xFF3A, 0xF54D, 0xEBA1, 0xEB60,
    0xEBA0, 0xEB60, 0xF50A, 0x4B0F, 0xD616, 0xF402, 0xEB80, 0xEBA0, 0xEBA0, 0xEBA0, 0xEBA0, 0xEBA0,
    0xEBA0, 0xEBA0, 0xEBA0, 0xEBA0, 0xEBA0, 0xEBA0, 0xEBA0, 0xEBA0, 0xEBA0, 0xEBA0, 0xEBA0, 0xEBA0,
    0xEBA0, 0xEBA0, 0xEBA0, 0xEBA0, 0xEBA0, 0xEBA0, 0xEBA0, 0xEBA0, 0xEBA0, 0xEBA0, 0xEBA0, 0xEBA0,
    0xEBA0, 0xEBA0, 0xEBA0, 0xEBA0, 0xEBA0, 0xEBA0, 0xEBA0, 0xEBA0, 0xEBA0, 0xEBA0, 0xEBA0, 0xEBA0,
    0xEBA0, 0xEBA0, 0xEBA0, 0xEBA0, 0xEBA0, 0xEBA0, 0xEBA0, 0xEBA0, 0xEBA0, 0xEBA0, 0xEBA0, 0xEBA0,
    0xEBA0, 0xEBA0, 0xEBA0, 0xEBA0, 0xEBA0, 0xEBA0, 0xEBA0, 0xEBA0, 0xEBA0, 0xEBA0, 0xEBA0, 0xEBA0,
    0xEBA0, 0xEBA0, 0xEBA0, 0xEBA0, 0xEBA0, 0xEBA0, 0xEBA0, 0xEBA0, 0xEBA0, 0xEBA0, 0xEBA0, 0xEBA0,
    0xEBA0, 0xEBA0, 0xEBA0, 0xEBA0, 0xEBA0, 0xEBA0, 0xEBA0, 0xEBA0, 0xEBA0, 0xEBA0, 0xEBA0, 0xEBA0,
    0xEBA0, 0xEBA0, 0xEBA0, 0xEBA0, 0xEBA0, 0xEBA0, 0xEBA0, 0xEBA0, 0xEBA0, 0xEBA0, 0xEB60, 0xEE34,
    0x5392, 0xE590, 0xEB60, 0xEBA1, 0xEBA0, 0xEBA0, 0xEB40, 0xEC41, 0xF6A6, 0xEC63, 0xEB40, 0xEBC0,
    0xEBA0, 0xEBA0, 0xEB80, 0xEC42, 0xEC84, 0xEBC0, 0xF608, 0xEB60, 0xECC4, 0xE547, 0xF360, 0x6A04,
    0x0068, 0x94C3, 0x1127, 0x21C9, 0xB5AA, 0x428B, 0xFFFE, 0xCE7A, 0xFFFF, 0xD6BB, 0xADB5, 0x0086,
    0x2188, 0x8CA8, 0xC602, 0xC633, 0xADDA, 0xAD54, 0xB3EA, 0xC3C7, 0xEB80, 0xEBA0, 0xEBA0, 0xEBA0,
    0xEBA0, 0xEBA0, 0xEBA0, 0xEBA0, 0xF3A0, 0xE380, 0xDB60, 0xEBA0, 0xEBA0, 0xEBA0, 0xEBA0, 0xEBA0,
    0xEBA0, 0xEBA0, 0xEBA0, 0xEBA0, 0xDB61, 0x9C6B, 0xB5F1, 0xB5F8, 0x8C93, 0xC63A, 0x9D16, 0x0066,
    0x42A5, 0xCE80, 0xFFE0, 0xFFC4, 0xC612, 0x634F, 0x9D14, 0xDF1B, 0xD6BA, 0xDF1C, 0xE75D, 0xDF3C,
    0xD6BA, 0xCC49, 0xC63A, 0x94D5, 0x9D36, 0x8CD5, 0x51A3, 0x7A43, 0xC5F7, 0xFFFF, 0xFFDE, 0xFFDE,
    0xFFFF, 0xFFFF, 0xFF3A, 0xF54D, 0xEBC2, 0xE300, 0xF509, 0x4B10, 0xD637, 0xF402, 0xEB80, 0xEBA0,
    0xEBA0, 0xEBA0, 0xEBA0, 0xEBA0, 0xEBA0, 0xEBA0, 0xEBA0, 0xEBA0, 0xEBA0, 0xEBA0, 0xEBA0, 0xEBA0,
    0xEBA0, 0xEBA0, 0xEBA0, 0xEBA0, 0xEBA0, 0xEBA0, 0xEBA0, 0xEBA0, 0xEBA0, 0xEBA0, 0xEBA0, 0xEBA0,
    0xEBA0, 0xEBA0, 0xEBA0, 0xEBA0, 0xEBA0, 0xEBA0, 0xEBA0, 0xEBA0, 0xEBA0, 0xEBA0, 0xEBA0, 0xEBA0,
    0xEBA0, 0xEBA0, 0xEBA0, 0xEBA0, 0xEBA0, 0xEBA0, 0xEBA0, 0xEBA0, 0xEBA0, 0xEBA0, 0xEBA0, 0xEBA0,
    0xEBA0, 0xEBA0, 0xEBA0, 0xEBA0, 0xEBA0, 0xEBA0, 0xEBA0, 0xEBA0, 0xEBA0, 0xEBA0, 0xEBA0, 0xEBA0,
    0xEBA0, 0xEBA0, 0xEBA0, 0xEBA0, 0xEBA0, 0xEBA0, 0xEBA0, 0xEBA0, 0xEBA0, 0xEBA0, 0xEBA0, 0xEBA0,
    0xEBA0, 0xEBA0, 0xEBA0, 0xEBA0, 0xEBA0, 0xEBA0, 0xEBA0, 0xEBA0, 0xEBA0, 0xEBA0, 0xEBA0, 0xEBA0,
    0xEBA0, 0xEBA0, 0xEBA0, 0xEBA0, 0xEBA0, 0xEBA0, 0xEBA0, 0xEBA0, 0xEBA0, 0xEBA0, 0xEBA0, 0xEBA0,
    0xEBA0, 0xEBA0, 0xEB80, 0xEE34, 0x5392, 0xE590, 0xEB60, 0xEBC0, 0xEBA0, 0xEB60, 0xF500, 0xF661,
    0xEC01, 0xEB60, 0xEBC0, 0xEBA0, 0xEBA0, 0xEBA0, 0xEB80, 0xECA7, 0xEC03, 0xEBA0, 0xF5AA, 0xF3A0,
    0xCAE0, 0x834A, 0xDBA2, 0xDC22, 0xA483, 0x9D03, 0x1987, 0x31E7, 0xEF71, 0xAD74, 0xBE18, 0xF79E,
    0xFFDF, 0xEF9D, 0xFFFE, 0x532E, 0x0006, 0x21A8, 0xBDE8, 0xAD93, 0xCD0D, 0xDB61, 0xF360, 0xF360,
    0xEB80, 0xEBA0, 0xEBA0, 0xEBA0, 0xEBA0, 0xEBA0, 0xEBA0, 0xE3C2, 0xC3A5, 0xBB01, 0xDB60, 0xEBA0,
    0xEBA1, 0xEBE4, 0xEBA0, 0xEBA0, 0xEBC1, 0xEC26, 0xEB80, 0xEB80, 0xF3C1, 0xDB40, 0xA408, 0xE77E,
    0xDF12, 0xD6A7, 0xD6AF, 0x6372, 0x3224, 0xDF02, 0x8444, 0x4AAC, 0x2A0D, 0x6390, 0xC67A, 0xCEBC,
    0xC69B, 0xBE5A, 0xB5F8, 0xB5D8, 0xB5D8, 0xABE9, 0xAD2D, 0xC691, 0xDE78, 0x6A24, 0x1926, 0xBBA7,
    0xFF5A, 0xFFFF, 0xFFFF, 0xFFFF, 0xFFFF, 0xFFDE, 0xFFFF, 0xFFFF, 0xFF5B, 0xF52C, 0xF52B, 0x4B0F,
    0xD637, 0xF402, 0xEB80, 0xEBA0, 0xEBA0, 0xEBA0, 0xEBA0, 0xEBA0, 0xEBA0, 0xEBA0, 0xEBA0, 0xEBA0,
    0xEBA0, 0xEBA0, 0xEBA0, 0xEBA0, 0xEBA0, 0xEBA0, 0xEBA0, 0xEBA0, 0xEBA0, 0xEBA0, 0xEBA0, 0xEBA0,
    0xEBA0, 0xEBA0, 0xEBA0, 0xEBA0, 0xEBA0, 0xEBA0, 0xEBA0, 0xEBA0, 0xEBA0, 0xEBA0, 0xEBA0, 0xEBA0,
    0xEBA0, 0xEBA0, 0xEBA0, 0xEBA0, 0xEBA0, 0xEBA0, 0xEBA0, 0xEBA0, 0xEBA0, 0xEBA0, 0xEBA0, 0xEBA0,
    0xEBA0, 0xEBA0, 0xEBA0, 0xEBA0, 0xEBA0, 0xEBA0, 0xEBA0, 0xEBA0, 0xEBA0, 0xEBA0, 0xEBA0, 0xEBA0,
    0xEBA0, 0xEBA0, 0xEBA0, 0xEBA0, 0xEBA0, 0xEBA0, 0xEBA0, 0xEBA0, 0xEBA0, 0xEBA0, 0xEBA0, 0xEBA0,
    0xEBA0, 0xEBA0, 0xEBA0, 0xEBA0, 0xEBA0, 0xEBA0, 0xEBA0, 0xEBA0, 0xEBA0, 0xEBA0, 0xEBA0, 0xEBA0,
    0xEBA0, 0xEBA0, 0xEBA0, 0xEBA0, 0xEBA0, 0xEBA0, 0xEBA0, 0xEBA0, 0xEBA0, 0xEBA0, 0xEBA0, 0xEBA0,
    0xEBA0, 0xEBA0, 0xEBA0, 0xEBA0, 0xEBA0, 0xEBA0, 0xEB60, 0xEE54, 0x5392, 0xE590, 0xEB80, 0xEBA0,
    0xEB40, 0xF5A0, 0xFEE0, 0xEBE0, 0xEB60, 0xEBA0, 0xEBA0, 0xEBA0, 0xEBA0, 0xEBA0, 0xEBA1, 0xEC06,
    0xEB80, 0xEBC1, 0xEC2A, 0xEC68, 0xED49, 0xF62A, 0xF5A8, 0xF5E4, 0xDD21, 0x1107, 0x51C6, 0xDD8A,
    0xD6D3, 0xFFFD, 0x7412, 0xEF9E, 0xFFFF, 0xFFFF, 0xCE9B, 0x1969, 0x3A47, 0x6BC7, 0x73C8, 0xD642,
    0x9C62, 0xFE46, 0xF548, 0xED08, 0xECEA, 0xEC27, 0xE362, 0xEBA0, 0xEBA0, 0xF3C0, 0xF360, 0xAC2D,
    0x8538, 0xC364, 0xF3A0, 0xEBA0, 0xEB80, 0xEC23, 0xEC84, 0xEB40, 0xEC01, 0xECA3, 0xEB60, 0xEC88,
    0xEBC4, 0xEBA0, 0xEB80, 0xCBC6, 0xBD10, 0xBDF3, 0xC697, 0xE77E, 0x324E, 0x0086, 0x00E9, 0x4AAD,
    0xB5B6, 0xE6B9, 0xD616, 0xD5B3, 0xCD30, 0xC510, 0xC618, 0xCEBC, 0xC67B, 0xBE0A, 0xC64A, 0x8C4C,
    0x9283, 0x9282, 0xB302, 0xEBA0, 0xEBA1, 0xEC67, 0xF58F, 0xFEF8, 0xFFFF, 0xFFFF, 0xFFFF, 0xFFDE,
    0xFFFF, 0xFFFF, 0xFFBD, 0x4AEE, 0xD637, 0xF3E2, 0xEB80, 0xEBA0, 0xEBA0, 0xEBA0, 0xEBA0, 0xEBA0,
    0xEBA0, 0xEBA0, 0xEBA0, 0xEBA0, 0xEBA0, 0xEBA0, 0xEBA0, 0xEBA0, 0xEBA0, 0xEBA0, 0xEBA0, 0xEBA0,
    0xEBA0, 0xEBA0, 0xEBA0, 0xEBA0, 0xEBA0, 0xEBA0, 0xEBA0, 0xEBA0, 0xEBA0, 0xEBA0, 0xEBA0, 0xEBA0,
    0xEBA0, 0xEBA0, 0xEBA0, 0xEBA0, 0xEBA0, 0xEBA0, 0xEBA0, 0xEBA0, 0xEBA0, 0xEBA0, 0xEBA0, 0xEBA0,
    0xEBA0, 0xEBA0, 0xEBA0, 0xEBA0, 0xEBA0, 0xEBA0, 0xEBA0, 0xEBA0, 0xEBA0, 0xEBA0, 0xEBA0, 0xEBA0,
    0xEBA0, 0xEBA0, 0xEBA0, 0xEBA0, 0xEBA0, 0xEBA0, 0xEBA0, 0xEBA0, 0xEBA0, 0xEBA0, 0xEBA0, 0xEBA0,
    0xEBA0, 0xEBA0, 0xEBA0, 0xEBA0, 0xEBA0, 0xEBA0, 0xEBA0, 0xEBA0, 0xEBA0, 0xEBA0, 0xEBA0, 0xEBA0,
    0xEBA0, 0xEBA0, 0xEBA0, 0xEBA0, 0xEBA0, 0xEBA0, 0xEBA0, 0xEBA0, 0xEBA0, 0xEBA0, 0xEBA0, 0xEBA0,
    0xEBA0, 0xEBA0, 0xEBA0, 0xEBA0, 0xEBA0, 0xEBA0, 0xEBA0, 0xEBA0, 0xEBA0, 0xEBA0, 0xEB80, 0xEE55,
    0x5392, 0xE590, 0xEB60, 0xEB60, 0xF620, 0xF600, 0xEB40, 0xEB80, 0xEBA0, 0xEBA0, 0xEBA0, 0xEBA0,
    0xEBA0, 0xEBA0, 0xEBA0, 0xEBA0, 0xEBA0, 0xEBA1, 0xEC07, 0xF424, 0xEC23, 0xEC23, 0xECEA, 0xE300,
    0xEB20, 0x9B43, 0xEF03, 0xFF69, 0x39E7, 0x9D51, 0xE75A, 0xE75C, 0xFFFF, 0xFFFF, 0xC655, 0xAD8C,
    0xCE6B, 0x3207, 0x7325, 0x8325, 0x7A65, 0xFC62, 0x7AA5, 0x5247, 0xFC02, 0xEBC2, 0xEBA1, 0xEB80,
    0xE360, 0xC302, 0xA3E5, 0xB5B0, 0xAC4E, 0xE3C2, 0xEBA0, 0xEBC2, 0xEBC1, 0xEB20, 0xF584, 0xECA4,
    0xEBE0, 0xECC2, 0xECC1, 0xEC83, 0xEB60, 0xEB80, 0xEBA0, 0xEBA0, 0xE360, 0xDB62, 0xCBA5, 0xC3C6,
    0xC3A5, 0xB2E3, 0xCB84, 0xEC05, 0xE425, 0xDBC3, 0xE3E2, 0xE360, 0xEBC2, 0xEB40, 0xEC45, 0xDC89,
    0xC429, 0xC408, 0xC364, 0xD320, 0xEBA0, 0xF3C0, 0xF3C0, 0xEBA0, 0xEBA0, 0xEB60, 0xEB20, 0xEB40,
    0xEC24, 0xF5B0, 0xFF3A, 0xFFFF, 0xFFFF, 0xFFDD, 0xFFFE, 0x4AEF, 0xD657, 0xF3E2, 0xEB80, 0xEBA0,
    0xEBA0, 0xEBA0, 0xEBA0, 0xEBA0, 0xEBA0, 0xEBA0, 0xEBA0, 0xEBA0, 0xEBA0, 0xEBA0, 0xEBA0, 0xEBA0,
    0xEBA0, 0xEBA0, 0xEBA0, 0xEBA0, 0xEBA0, 0xEBA0, 0xEBA0, 0xEBA0, 0xEBA0, 0xEBA0, 0xEBA0, 0xEBA0,
    0xEBA0, 0xEBA0, 0xEBA0, 0xEBA0, 0xEBA0, 0xEBA0, 0xEBA0, 0xEBA0, 0xEBA0, 0xEBA0, 0xEBA0, 0xEBA0,
    0xEBA0, 0xEBA0, 0xEBA0, 0xEBA0, 0xEBA0, 0xEBA0, 0xEBA0, 0xEBA0, 0xEBA0, 0xEBA0, 0xEBA0, 0xEBA0,
    0xEBA0, 0xEBA0, 0xEBA0, 0xEBA0, 0xEBA0, 0xEBA0, 0xEBA0, 0xEBA0, 0xEBA0, 0xEBA0, 0xEBA0, 0xEBA0,
    0xEBA0, 0xEBA0, 0xEBA0, 0xEBA0, 0xEBA0, 0xEBA0, 0xEBA0, 0xEBA0, 0xEBA0, 0xEBA0, 0xEBA0, 0xEBA0,
    0xEBA0, 0xEBA0, 0xEBA0, 0xEBA0, 0xEBA0, 0xEBA0, 0xEBA0, 0xEBA0, 0xEBA0, 0xEBA0, 0xEBA0, 0xEBA0,
    0xEBA0, 0xEBA0, 0xEBA0, 0xEBA0, 0xEBA0, 0xEBA0, 0xEBA0, 0xEBA0, 0xEBA0, 0xEBA0, 0xEBA0, 0xEBA0,
    0xEBA0, 0xEBA0, 0xEB60, 0xEE54, 0x5392, 0xE570, 0xEB60, 0xF6C1, 0xF640, 0xEB40, 0xEBA0, 0xEBA0,
    0xEBA0, 0xEBA0, 0xEBA0, 0xEBA0, 0xEBA0, 0xEBA0, 0xEBA0, 0xEBA0, 0xEBA0, 0xEB80, 0xEB80, 0xD320,
    0xDB40, 0xEBA0, 0xEBE5, 0xEC25, 0xFE66, 0xA4A4, 0xA402, 0xFD00, 0xF6E4, 0xD5E9, 0xFFF0, 0xFFF3,
    0xFFD5, 0xDEF5, 0xB5F0, 0x3A49, 0x846C, 0x6329, 0x29A7, 0x4A46, 0xD341, 0xF3A0, 0x92A3, 0xBB01,
    0xF3A0, 0xE340, 0xDB60, 0xCC28, 0xC551, 0x94F5, 0x63F0, 0xB3A3, 0xF360, 0xEBA0, 0xEBA0, 0xEBC2,
    0xEC42, 0xF502, 0xECA4, 0xFED4, 0xF56D, 0xF60B, 0xF542, 0xEB20, 0xEC01, 0xEC82, 0xECA7, 0xEC27,
    0xEBA1, 0xEBA0, 0xF3A0, 0xEB80, 0xF3A0, 0xF3E2, 0xF523, 0xECA4, 0xEC81, 0xF503, 0xF481, 0xF526,
    0xEBC3, 0xEBC0, 0xEBC2, 0xEB60, 0xEB60, 0xEB80, 0xF3A0, 0xF3C0, 0xEBA0, 0xE3A0, 0xEBA0, 0xEBA0,
    0xEBA0, 0xEBA0, 0xF5AF, 0xF695, 0xF5D0, 0xEB80, 0xEBA1, 0xF4EA, 0xF6B6, 0xFFFE, 0xFFFF, 0x4ACE,
    0xD658, 0xF3E2, 0xEB80, 0xEBA0, 0xEBA0, 0xEBA0, 0xEBA0, 0xEBA0, 0xEBA0, 0xEBA0, 0xEBA0, 0xEBA0,
    0xEBA0, 0xEBA0, 0xEBA0, 0xEBA0, 0xEBA0, 0xEBA0, 0xEBA0, 0xEBA0, 0xEBA0, 0xEBA0, 0xEBA0, 0xEBA0,
    0xEBA0, 0xEBA0, 0xEBA0, 0xEBA0, 0xEBA0, 0xEBA0, 0xEBA0, 0xEBA0, 0xEBA0, 0xEBA0, 0xEBA0, 0xEBA0,
    0xEBA0, 0xEBA0, 0xEBA0, 0xEBA0, 0xEBA0, 0xEBA0, 0xEBA0, 0xEBA0, 0xEBA0, 0xEBA0, 0xEBA0, 0xEBA0,
    0xEBA0, 0xEBA0, 0xEBA0, 0xEBA0, 0xEBA0, 0xEBA0, 0xEBA0, 0xEBA0, 0xEBA0, 0xEBA0, 0xEBA0, 0xEBA0,
    0xEBA0, 0xEBA0, 0xEBA0, 0xEBA0, 0xEBA0, 0xEBA0, 0xEBA0, 0xEBA0, 0xEBA0, 0xEBA0, 0xEBA0, 0xEBA0,
    0xEBA0, 0xEBA0, 0xEBA0, 0xEBA0, 0xEBA0, 0xEBA0, 0xEBA0, 0xEBA0, 0xEBA0, 0xEBA0, 0xEBA0, 0xEBA0,
    0xEBA0, 0xEBA0, 0xEBA0, 0xEBA0, 0xEBA0, 0xEBA0, 0xEBA0, 0xEBA0, 0xEBA0, 0xEBA0, 0xEBA0, 0xEBA0,
    0xEBA0, 0xEBA0, 0xEBA0, 0xEBA0, 0xEBA0, 0xEBA0, 0xEB80, 0xEE75, 0x5372, 0xE5D0, 0xFEE0, 0xF640,
    0xEB60, 0xEBA0, 0xEB80, 0xEB60, 0xEB60, 0xEB60, 0xEB60, 0xEB40, 0xE340, 0xEB40, 0xEB80, 0xEB80,
    0xDB62, 0xA4B1, 0x8BCE, 0xAAC2, 0xE381, 0xEBA0, 0xEC26, 0xED6D, 0xF463, 0xC2E0, 0x00C8, 0x52C6,
    0x83E6, 0x8BA8, 0x6BC8, 0x742A, 0xF74C, 0x39C6, 0x1948, 0x7387, 0x9367, 0x3105, 0x6AE5, 0xED82,
    0xF4C1, 0xEBC2, 0xF380, 0xE360, 0xCBA5, 0xCCEE, 0xDEBA, 0xE75E, 0x9D56, 0x9D56, 0xA490, 0xDB41,
    0xEBC1, 0xEBA0, 0xEB80, 0xEB60, 0xEB20, 0xEC41, 0xFE70, 0xEF3C, 0xEF9E, 0xFF15, 0xECE9, 0xF5EA,
    0xF624, 0xECA2, 0xEBC2, 0xEB80, 0xEBA0, 0xEBA0, 0xEBA0, 0xEBA0, 0xE380, 0xE340, 0xEC42, 0xF6A9,
    0xFF34, 0xF6D2, 0xF5A8, 0xEC23, 0xECE3, 0xF543, 0xEBA1, 0xEBA1, 0xEBA0, 0xEBA0, 0xEBA0, 0xEBA0,
    0xEBA0, 0xEBA0, 0xEBA0, 0xEBA0, 0xEBA0, 0xEBA0, 0xF6B6, 0xFFFF, 0xFF19, 0xEBE2, 0xEB80, 0xEB60,
    0xEB60, 0xEC66, 0xFE95, 0x4B0F, 0xD658, 0xF402, 0xEB80, 0xEBA0, 0xEBA0, 0xEBA0, 0xEBA0, 0xEBA0,
    0xEBA0, 0xEBA0, 0xEBA0, 0xEBA0, 0xEBA0, 0xEBA0, 0xEBA0, 0xEBA0, 0xEBA0, 0xEBA0, 0xEBA0, 0xEBA0,
    0xEBA0, 0xEBA0, 0xEBA0, 0xEBA0, 0xEBA0, 0xEBA0, 0xEBA0, 0xEBA0, 0xEBA0, 0xEBA0, 0xEBA0, 0xEBA0,
    0xEBA0, 0xEBA0, 0xEBA0, 0xEBA0, 0xEBA0, 0xEBA0, 0xEBA0, 0xEBA0, 0xEBA0, 0xEBA0, 0xEBA0, 0xEBA0,
    0xEBA0, 0xEBA0, 0xEBA0, 0xEBA0, 0xEBA0, 0xEBA0, 0xEBA0, 0xEBA0, 0xEBA0, 0xEBA0, 0xEBA0, 0xEBA0,
    0xEBA0, 0xEBA0, 0xEBA0, 0xEBA0, 0xEBA0, 0xEBA0, 0xEBA0, 0xEBA0, 0xEBA0, 0xEBA0, 0xEBA0, 0xEBA0,
    0xEBA0, 0xEBA0, 0xEBA0, 0xEBA0, 0xEBA0, 0xEBA0, 0xEBA0, 0xEBA0, 0xEBA0, 0xEBA0, 0xEBA0, 0xEBA0,
    0xEBA0, 0xEBA0, 0xEBA0, 0xEBA0, 0xEBA0, 0xEBA0, 0xEBA0, 0xEBA0, 0xEBA0, 0xEBA0, 0xEBA0, 0xEBA0,
    0xEBA0, 0xEBA0, 0xEBA0, 0xEBA0, 0xEBA0, 0xEBA0, 0xEBA0, 0xEBA0, 0xEBA0, 0xEBA0, 0xEB80, 0xEE75,
    0x5332, 0xEF8F, 0xF600, 0xEB40, 0xEBA0, 0xE380, 0xD406, 0xDC68, 0xD48A, 0xD4AB, 0xCCCC, 0xCCEE,
    0xD570, 0xCD50, 0xA42E, 0x7307, 0xB569, 0xA536, 0xAC6D, 0xEB80, 0xEBA0, 0xEBC3, 0xEC04, 0xEB60,
    0xEB81, 0xFE8A, 0x9BE6, 0x8223, 0x8243, 0x00A7, 0x0886, 0xB3E4, 0xFEE4, 0xBBC4, 0x5B69, 0x84AA,
    0xDECB, 0x7244, 0x08E7, 0xC301, 0xF3E0, 0xD406, 0xCCAD, 0xD616, 0xEF7D, 0xFFFF, 0xE75D, 0x6BD0,
    0x8C72, 0xD6DC, 0xD427, 0xEB60, 0xEB80, 0xEBA0, 0xEC20, 0xECC0, 0xF623, 0xF6B1, 0xC5D7, 0x9D35,
    0xD6DC, 0xFFFB, 0xF710, 0xECC5, 0xEBA1, 0xEB60, 0xEBA0, 0xEBA0, 0xEBA0, 0xEBA0, 0xEBC4, 0xEBC4,
    0xECA3, 0xF542, 0xF545, 0xFED1, 0xDEFA, 0xD71C, 0xFF15, 0xF5ED, 0xF547, 0xEBA1, 0xEBA0, 0xEBA0,
    0xEBA0, 0xEBA0, 0xEBA0, 0xEBA0, 0xEBA0, 0xEBA0, 0xEBA0, 0xEBA0, 0xEBA0, 0xEBA1, 0xF6B6, 0xFFBD,
    0xF6F7, 0xEBE2, 0xEBA0, 0xEBA0, 0xEBC1, 0xEB20, 0xF4C8, 0x4B10, 0xD658, 0xF402, 0xEB80, 0xEBA0,
    0xEBA0, 0xEBA0, 0xEBA0, 0xEBA0, 0xEBA0, 0xEBA0, 0xEBA0, 0xEBA0, 0xEBA0, 0xEBA0, 0xEBA0, 0xEBA0,
    0xEBA0, 0xEBA0, 0xEBA0, 0xEBA0, 0xEBA0, 0xEBA0, 0xEBA0, 0xEBA0, 0xEBA0, 0xEBA0, 0xEBA0, 0xEBA0,
    0xEBA0, 0xEBA0, 0xEBA0, 0xEBA0, 0xEBA0, 0xEBA0, 0xEBA0, 0xEBA0, 0xEBA0, 0xEBA0, 0xEBA0, 0xEBA0,
    0xEBA0, 0xEBA0, 0xEBA0, 0xEBA0, 0xEBA0, 0xEBA0, 0xEBA0, 0xEBA0, 0xEBA0, 0xEBA0, 0xEBA0, 0xEBA0,
    0xEBA0, 0xEBA1, 0xEBA0, 0xEBA0, 0xEBA0, 0xEBA0, 0xEBA0, 0xEBA0, 0xEBA0, 0xEBA0, 0xEBA0, 0xEBA0,
    0xEBA0, 0xEBA0, 0xEBA0, 0xEBA0, 0xEBA0, 0xEBA0, 0xEBA0, 0xEBA0, 0xEBA0, 0xEBA0, 0xEBA0, 0xEBA0,
    0xEBA0, 0xEBA0, 0xEBA0, 0xEBA0, 0xEBA0, 0xEBA0, 0xEBA0, 0xEBA0, 0xEBA0, 0xEBA0, 0xEBA0, 0xEBA0,
    0xEBA0, 0xEBA0, 0xEBA0, 0xEBA0, 0xEBA0, 0xEBA0, 0xEBA0, 0xEBA0, 0xEBA0, 0xEBA0, 0xEBA0, 0xEBA0,
    0xEBA0, 0xEBA0, 0xEB80, 0xEE55, 0x5372, 0xE5EF, 0xEB60, 0xEBA0, 0xEBC0, 0xDB40, 0xC5F6, 0xD75D,
    0xD6FC, 0x3AAE, 0xE77E, 0xF7FF, 0xB61A, 0x9536, 0xAD98, 0x63F2, 0xA363, 0xE380, 0xE3A0, 0xEBA0,
    0xEBA0, 0xEBA0, 0xEB80, 0xEBA1, 0xF5CF, 0xED08, 0xF3A0, 0xF3E0, 0xD361, 0xD5E9, 0xDBC2, 0xF440,
    0xFE83, 0xC302, 0x524A, 0x92E4, 0xB527, 0x00C8, 0x2146, 0xE381, 0xE360, 0xBCCF, 0xCE56, 0xC670,
    0xFFFF, 0xC618, 0x3A4B, 0x8473, 0xEF9E, 0xDE57, 0xDB61, 0xEC45, 0xEC66, 0xF548, 0xF5C2, 0xF600,
    0xF542, 0xECA6, 0xED6E, 0xE75D, 0xEF3B, 0xFF7B, 0xF609, 0xEC85, 0xEBA3, 0xEBA0, 0xEBA0, 0xEBA0,
    0xEBA0, 0xEBA0, 0xEBA1, 0xEB82, 0xEBE2, 0xEBE0, 0xECC2, 0xF5A9, 0xEED4, 0xF79C, 0xFF7B, 0xF5C9,
    0xEC20, 0xEBA3, 0xEBA0, 0xEBA0, 0xEBA0, 0xEBA0, 0xEBA0, 0xEBA0, 0xEBA0, 0xEBA0, 0xEBA0, 0xEBA0,
    0xEB80, 0xEC03, 0xFF3A, 0xFF7B, 0xFF3B, 0xEC45, 0xEB80, 0xEBA0, 0xEBA0, 0xEB60, 0xF509, 0x4B0F,
    0xD657, 0xF402, 0xEB80, 0xEBA0, 0xEBA0, 0xEBA0, 0xEBA0, 0xEBA0, 0xEBA0, 0xEBA0, 0xEBA0, 0xEBA0,
    0xEBA0, 0xEBA0, 0xEBA0, 0xEBA0, 0xEBA0, 0xEBA0, 0xEBA0, 0xEBA0, 0xEBA0, 0xEBA0, 0xEBA0, 0xEBA0,
    0xEBA0, 0xEBA0, 0xEBA0, 0xEBA0, 0xEBA0, 0xEBA0, 0xEBA0, 0xEBA0, 0xEBA0, 0xEBA0, 0xEBA0, 0xEBA0,
    0xEBA0, 0xEBA0, 0xEBA0, 0xEBA0, 0xEBA0, 0xEBA0, 0xEBA0, 0xEBA0, 0xEBA0, 0xEBA0, 0xEBA0, 0xEBA0,
    0xEBA0, 0xEBA0, 0xEBA0, 0xEBA0, 0xEBA0, 0xEBA0, 0xEBA0, 0xEBA0, 0xEBA0, 0xEBA0, 0xEBA0, 0xEBA0,
    0xEBA0, 0xEBA0, 0xEBA0, 0xEBA0, 0xEBA0, 0xEBA0, 0xEBA0, 0xEBA0, 0xEBA0, 0xEBA0, 0xEBA0, 0xEBA0,
    0xEBA0, 0xEBA0, 0xEBA0, 0xEBA0, 0xEBA0, 0xEBA0, 0xEBA0, 0xEBA0, 0xEBA0, 0xEBA0, 0xEBA0, 0xEBA0,
    0xEBA0, 0xEBA0, 0xEBA0, 0xEBA0, 0xEBA0, 0xEBA0, 0xEBA0, 0xEBA0, 0xEBA0, 0xEBA0, 0xEBA0, 0xEBA0,
    0xEBA0, 0xEBA0, 0xEBA0, 0xEBA0, 0xEBA0, 0xEBA0, 0xEB80, 0xEE55, 0x5392, 0xE570, 0xEB60, 0xEBC0,
    0xEBA0, 0xEBC0, 0xDB42, 0xCCE1, 0xD6CC, 0x73F3, 0x73D0, 0x5B0E, 0x73D1, 0xB5B7, 0xCEDC, 0xB40A,
    0xEB40, 0xEBC0, 0xEBA0, 0xEBA0, 0xEBA1, 0xEBA1, 0xEBA1, 0xEC27, 0xFC44, 0xF360, 0xEBC0, 0xD320,
    0xD3C3, 0xFEAC, 0xEB80, 0xEC22, 0xF60A, 0xDB20, 0xFD6C, 0xB365, 0x20C5, 0x49C6, 0xD445, 0xF3C1,
    0xEBA0, 0xE3A0, 0xDB20, 0xD4E1, 0x6BCA, 0x1949, 0x9D15, 0xFFBE, 0xF7FF, 0xD48A, 0xEB61, 0xEC25,
    0xEC04, 0xEBC1, 0xEB80, 0xEB40, 0xEB60, 0xEB00, 0xF5CA, 0xFF9A, 0xFE71, 0xF62A, 0xEC27, 0xF54D,
    0xECA9, 0xEB80, 0xEB80, 0xEBA0, 0xEBA0, 0xEBA0, 0xEBA0, 0xEBA0, 0xEB80, 0xEC04, 0xECC4, 0xF504,
    0xF4E5, 0xFEEE, 0xF5E9, 0xEB40, 0xEBA0, 0xEBA0, 0xEBA0, 0xEBA0, 0xEBA0, 0xEBA0, 0xEBA0, 0xEBA0,
    0xEBA0, 0xEBA0, 0xEBA0, 0xEBC1, 0xEB20, 0xF5AF, 0xFF19, 0xFF19, 0xFEF9, 0xF612, 0xEB20, 0xEBC1,
    0xEBA0, 0xEB60, 0xF4E9, 0x4B0F, 0xD658, 0xF402, 0xEB80, 0xEBA0, 0xEBA0, 0xEBA0, 0xEBA0, 0xEBA0,
    0xEBA0, 0xEBA0, 0xEBA0, 0xEBA0, 0xEBA0, 0xEBA0, 0xEBA0, 0xEBA0, 0xEBA0, 0xEBA0, 0xEBA0, 0xEBA0,
    0xEBA0, 0xEBA0, 0xEBA0, 0xEBA0, 0xEBA0, 0xEBA0, 0xEBA0, 0xEBA0, 0xEBA0, 0xEBA0, 0xEBA0, 0xEBA0,
    0xEBA0, 0xEBA0, 0xEBA0, 0xEBA0, 0xEBA0, 0xEBA0, 0xEBA0, 0xEBA0, 0xEBA0, 0xEBA0, 0xEBA0, 0xEBA0,
    0xEBA0, 0xEBA0, 0xEBA0, 0xEBA0, 0xEBA0, 0xEBA0, 0xEBA0, 0xEBA0, 0xEBA0, 0xEBA0, 0xEBA0, 0xEBA0,
    0xEBA0, 0xEBA0, 0xEBC1, 0xEBA0, 0xEBA0, 0xEBA0, 0xEBA0, 0xEBA0, 0xEBA0, 0xEBA0, 0xEBA0, 0xEBA0,
    0xEBA0, 0xEBA0, 0xEBA0, 0xEBA0, 0xEBA0, 0xEBA0, 0xEBA0, 0xEBA0, 0xEBA0, 0xEBA0, 0xEBA0, 0xEBA0,
    0xEBA0, 0xEBA0, 0xEBA0, 0xEBA0, 0xEBA0, 0xEBA0, 0xEBA0, 0xEBA0, 0xEBA0, 0xEBA0, 0xEBA0, 0xEBA0,
    0xEBA0, 0xEBA0, 0xEBA0, 0xEBA0, 0xEBA0, 0xEBA0, 0xEBA0, 0xEBA0, 0xEBA0, 0xEBA0, 0xEB80, 0xEE75,
    0x5372, 0xE590, 0xEB80, 0xEBA0, 0xEB80, 0xEB60, 0xF360, 0xA301, 0x3224, 0x29EB, 0x5B4F, 0xADB7,
    0xDF1B, 0xEFBF, 0xCD0E, 0xEB60, 0xEBC0, 0xEBA0, 0xEB80, 0xF380, 0xEB40, 0xEB60, 0xEB80, 0xEB80,
    0xA325, 0x92E5, 0xCB41, 0xCB00, 0xF508, 0xED6A, 0xE340, 0xEBE2, 0xF529, 0xE340, 0xD383, 0xDBC5,
    0xDB80, 0xF3C0, 0xF402, 0xEC26, 0xEBA1, 0xEBA0, 0xFBA0, 0x7224, 0x29CB, 0xA596, 0xB5B8, 0x5B70,
    0xDEB9, 0xDB60, 0xEBA0, 0xEB80, 0xEB80, 0xEBA0, 0xEBA0, 0xEBA0, 0xEBA0, 0xEC21, 0xF544, 0xF567,
    0xF528, 0xF540, 0xF522, 0xEB61, 0xF50B, 0xF58F, 0xEC25, 0xEB40, 0xEBA0, 0xEBA0, 0xEBA0, 0xEBA0,
    0xEBC1, 0xEBC4, 0xEB60, 0xECC5, 0xEB80, 0xED06, 0xF605, 0xEBA1, 0xEBA0, 0xEBA0, 0xEBA0, 0xEBA0,
    0xEBA0, 0xEBA0, 0xEBA0, 0xEBA0, 0xEBA0, 0xEBA0, 0xEBA0, 0xEB20, 0xECC9, 0xFFFF, 0xF50B, 0xFF5B,
    0xF50B, 0xFFDE, 0xF52B, 0xEB20, 0xEBA0, 0xEB60, 0xF4E9, 0x4B0F, 0xD658, 0xF3E2, 0xEB80, 0xEBA0,
    0xEBA0, 0xEBA0, 0xEBA0, 0xEBA0, 0xEBA0, 0xEBA0, 0xEBA0, 0xEBA0, 0xEBA0, 0xEBA0, 0xEBA0, 0xEBA0,
    0xEBA0, 0xEBA0, 0xEBA0, 0xEBA0, 0xEBA0, 0xEBA0, 0xEBA0, 0xEBA0, 0xEBA0, 0xEBA0, 0xEBA0, 0xEBA0,
    0xEBA0, 0xEBA0, 0xEBA0, 0xEBA0, 0xEBA0, 0xEBA0, 0xEBA0, 0xEBA0, 0xEBA0, 0xEBA0, 0xEBA0, 0xEBA0,
    0xEBA0, 0xEBA0, 0xEBA0, 0xEBA0, 0xEBA0, 0xEBA0, 0xEBA0, 0xEBA0, 0xEBA0, 0xEBA0, 0xEBA0, 0xEBA0,
    0xEBA0, 0xEBA0, 0xEBA0, 0xEBA0, 0xEBA0, 0xEBA0, 0xEBA0, 0xEBA0, 0xEBA0, 0xEBA0, 0xEBA0, 0xEBA0,
    0xEBA0, 0xEBA0, 0xEBA0, 0xEBA0, 0xEBA0, 0xEBA0, 0xEBA0, 0xEBA0, 0xEBA0, 0xEBA0, 0xEBA0, 0xEBA0,
    0xEBA0, 0xEBA0, 0xEBA0, 0xEBA0, 0xEBA0, 0xEBA0, 0xEBA0, 0xEBA0, 0xEBA0, 0xEBA0, 0xEBA0, 0xEBA0,
    0xEBA0, 0xEBA0, 0xEBA0, 0xEBA0, 0xEBA0, 0xEBA0, 0xEBA0, 0xEBA0, 0xEBA0, 0xEBA0, 0xEBA0, 0xEBA0,
    0xEBA0, 0xEBA0, 0xEB80, 0xEE55, 0x5372, 0xE56F, 0xEB20, 0xEBA1, 0xEC45, 0xFD8D, 0xAC6E, 0x4B10,
    0x84B6, 0xA576, 0xEF7D, 0xEF9D, 0xF7FF, 0xD591, 0xE340, 0xEBA0, 0xEBA0, 0xDBA2, 0xD449, 0xC408,
    0xDD2D, 0xD54F, 0xA40D, 0x6AE7, 0x83AB, 0xC384, 0x8263, 0xB2C1, 0xFCE7, 0xEBE3, 0xEB80, 0xEBC1,
    0xEC45, 0xE380, 0xD341, 0xEBA0, 0xEBA0, 0xEBA0, 0xEB80, 0xEBE2, 0xEBE5, 0xE340, 0xFDD0, 0x4B2F,
    0x4A8D, 0xC4C6, 0xAD67, 0x8CD6, 0xD4CC, 0xEB60, 0xEBA1, 0xEBA0, 0xEBA0, 0xEBA0, 0xEBA0, 0xEBA0,
    0xEB80, 0xEC85, 0xEB81, 0xF541, 0xF607, 0xEB40, 0xF605, 0xEBC1, 0xEB40, 0xEC04, 0xF5AF, 0xF52C,
    0xEB80, 0xEB60, 0xEBA0, 0xEBA0, 0xEBA0, 0xEB80, 0xEBE3, 0xEBA4, 0xEBA0, 0xE343, 0xF524, 0xEBE1,
    0xEB80, 0xEBA0, 0xEBA0, 0xEBA0, 0xEBA0, 0xEBA0, 0xEBA0, 0xEBA0, 0xEBA0, 0xEB80, 0xEBE3, 0xF675,
    0xFFFF, 0xF56E, 0xEBE2, 0xFFFF, 0xEC24, 0xF52C, 0xFFFF, 0xF6B6, 0xEC03, 0xEB40, 0xF4E9, 0x4B0F,
    0xD658, 0xF402, 0xEB80, 0xEBA0, 0xEBA0, 0xEBA0, 0xEBA0, 0xEBA0, 0xEBA0, 0xEBA0, 0xEBA0, 0xEBA0,
    0xEBA0, 0xEBA0, 0xEBA0, 0xEBA0, 0xEBA0, 0xEBA0, 0xEBA0, 0xEBA0, 0xEBA0, 0xEBA0, 0xEBA0, 0xEBA0,
    0xEBA0, 0xEBA0, 0xEBA0, 0xEBA0, 0xEBA0, 0xEBA0, 0xEBA0, 0xEBA0, 0xEBA0, 0xEBA0, 0xEBA0, 0xEBA0,
    0xEBA0, 0xEBA0, 0xEBA0, 0xEBA0, 0xEBA0, 0xEBA0, 0xEBA0, 0xEBA0, 0xEBA0, 0xEBA0, 0xEBA0, 0xEBA0,
    0xEBA0, 0xEBA0, 0xEBA0, 0xEBA0, 0xEBA0, 0xEBA0, 0xEBA0, 0xEBA0, 0xEBA0, 0xEBA0, 0xEBA0, 0xEBA0,
    0xEBA0, 0xEBA0, 0xEBA0, 0xEBA0, 0xEBA0, 0xEBA0, 0xEBA0, 0xEBA0, 0xEBA0, 0xEBA0, 0xEBA0, 0xEBA0,
    0xEBA0, 0xEBA0, 0xEBA0, 0xEBA0, 0xEBA0, 0xEBA0, 0xEBA0, 0xEBA0, 0xEBA0, 0xEBA0, 0xEBA0, 0xEBA0,
    0xEBA0, 0xEBA0, 0xEBA0, 0xEBA0, 0xEBA0, 0xEBA0, 0xEBA0, 0xEBA0, 0xEBA0, 0xEBA0, 0xEBA0, 0xEBA0,
    0xEBA0, 0xEBA0, 0xEBA0, 0xEBA0, 0xEBA0, 0xEBA0, 0xEB80, 0xEE75, 0x5BB2, 0xEDF2, 0xF56D, 0xF73A,
    0xFFDF, 0xFFFF, 0xC6DD, 0x72EA, 0xD50C, 0xCE65, 0xEF5B, 0xFFFF, 0xD5D4, 0xDB40, 0xEBA0, 0xEBA0,
    0xEBA0, 0xD383, 0xCDCE, 0x7C71, 0x8CF6, 0x7C74, 0x8D17, 0xA388, 0xF380, 0xF3A0, 0xE380, 0xE380,
    0xEBE4, 0xEBA0, 0xEBA0, 0xEBA0, 0xEC04, 0xEB80, 0xCB41, 0xCB41, 0xEBA0, 0xEBA0, 0xEBC0, 0xEB60,
    0xEB80, 0xF675, 0xFFFF, 0xBDF7, 0xBB02, 0xEB40, 0xC4C5, 0xDEFA, 0xDB82, 0xEBA0, 0xEBA0, 0xEBA0,
    0xEBA0, 0xEBA0, 0xEBA0, 0xEBA0, 0xEBA0, 0xEBC3, 0xEB40, 0xF523, 0xF563, 0xEB20, 0xEC84, 0xEC86,
    0xEB80, 0xEB80, 0xEB80, 0xF50B, 0xF672, 0xEC45, 0xEB60, 0xEBA0, 0xEBA0, 0xEBA0, 0xEBA1, 0xEBA0,
    0xEBA0, 0xEB80, 0xEC45, 0xEBE2, 0xEB80, 0xEBA0, 0xEBA0, 0xEBA0, 0xEBA0, 0xEBA0, 0xEBA0, 0xEBA0,
    0xEBA0, 0xEB80, 0xEC45, 0xF675, 0xEC87, 0xEB00, 0xEBC1, 0xF675, 0xEC03, 0xEB20, 0xEC46, 0xF675,
    0xECC9, 0xEB81, 0xF4E9, 0x4B0F, 0xD658, 0xF402, 0xEB80, 0xEBA0, 0xEBA0, 0xEBA0, 0xEBA0, 0xEBA0,
    0xEBA0, 0xEBA0, 0xEBA0, 0xEBA0, 0xEBA0, 0xEBA0, 0xEBA0, 0xEBA0, 0xEBA0, 0xEBA0, 0xEBA0, 0xEBA0,
    0xEBA0, 0xEBA0, 0xEBA0, 0xEBA0, 0xEBA0, 0xEBA0, 0xEBA0, 0xEBA0, 0xEBA0, 0xEBA0, 0xEBA0, 0xEBA0,
    0xEBA0, 0xEBA0, 0xEBA0, 0xEBA0, 0xEBA0, 0xEBA0, 0xEBA0, 0xEBA0, 0xEBA0, 0xEBA0, 0xEBA0, 0xEBA0,
    0xEBA0, 0xEBA0, 0xEBA0, 0xEBA0, 0xEBA0, 0xEBA0, 0xEBA0, 0xEBA0, 0xEBA0, 0xEBA0, 0xEBA0, 0xEBA0,
    0xEBA0, 0xEBA0, 0xEBA0, 0xEBA0, 0xEBA0, 0xEBA0, 0xEBA0, 0xEBA0, 0xEBA0, 0xEBA0, 0xEBA0, 0xEBA0,
    0xEBA0, 0xEBA0, 0xEBA0, 0xEBA0, 0xEBA0, 0xEBA0, 0xEBA0, 0xEBA0, 0xEBA0, 0xEBA0, 0xEBA0, 0xEBA0,
    0xEBA0, 0xEBA0, 0xEBA0, 0xEBA0, 0xEBA0, 0xEBA0, 0xEBA0, 0xEBA0, 0xEBA0, 0xEBA0, 0xEBA0, 0xEBA0,
    0xEBA0, 0xEBA0, 0xEBA0, 0xEBA0, 0xEBA0, 0xEBA0, 0xEBA0, 0xEBA0, 0xEBA0, 0xEBA0, 0xEB80, 0xEE75,
    0x4B0F, 0xEF7D, 0xFFFF, 0xFFFF, 0xFFFF, 0xC659, 0xABC9, 0xEBA0, 0xE320, 0xC500, 0xDF36, 0xDE58,
    0xDB40, 0xEBC0, 0xEBC0, 0xEB80, 0xE340, 0xFBA0, 0x7AA3, 0x3A8C, 0x73D1, 0xC69B, 0xD52F, 0xEB60,
    0xEBA0, 0xEBA0, 0xEBA0, 0xEBA1, 0xEBC4, 0xEBA0, 0xEBA0, 0xEBA0, 0xEBC2, 0xFBC0, 0x5A05, 0x39A6,
    0xF3A0, 0xEBC0, 0xEB40, 0xEC66, 0xFF19, 0xFFFF, 0xC5F6, 0xD383, 0xF3C0, 0xEB60, 0xCC6C, 0xC50F,
    0xEB40, 0xEBA0, 0xEBA0, 0xEBA0, 0xEBA0, 0xEBA0, 0xEBA0, 0xEBA0, 0xEBA0, 0xEBA0, 0xEB80, 0xEC87,
    0xECA8, 0xEB60, 0xEBC1, 0xEC26, 0xEBA0, 0xEBA0, 0xEBA0, 0xEB40, 0xEC86, 0xFEEF, 0xEC85, 0xEB60,
    0xEBA0, 0xEBA0, 0xEBA0, 0xEBA0, 0xEBA0, 0xEBA0, 0xEBA2, 0xEBA1, 0xEBA0, 0xEBA0, 0xEBA0, 0xEBA0,
    0xEBA0, 0xEBA0, 0xEBA0, 0xEBA0, 0xEBA0, 0xEBA0, 0xEB60, 0xEC45, 0xEC87, 0xF58E, 0xF56D, 0xECA8,
    0xEC45, 0xECC9, 0xF54D, 0xEC45, 0xED0B, 0xEBC2, 0xF4E9, 0x4B0F, 0xD658, 0xF402, 0xEB80, 0xEBA0,
    0xEBA0, 0xEBA0, 0xEBA0, 0xEBA0, 0xEBA0, 0xEBA0, 0xEBA0, 0xEBA0, 0xEBA0, 0xEBA0, 0xEBA0, 0xEBA0,
    0xEBA0, 0xEBA0, 0xEBA0, 0xEBA0, 0xEBA0, 0xEBA0, 0xEBA0, 0xEBA0, 0xEBA0, 0xEBA0, 0xEBA0, 0xEBA0,
    0xEBA0, 0xEBA0, 0xEBA0, 0xEBA0, 0xEBA0, 0xEBA0, 0xEBA0, 0xEBA0, 0xEBA0, 0xEBA0, 0xEBA0, 0xEBA0,
    0xEBA0, 0xEBA0, 0xEBA0, 0xEBA0, 0xEBA0, 0xEBA0, 0xEBA0, 0xEBA0, 0xEBA0, 0xEBA0, 0xEBA0, 0xEBA0,
    0xEBA0, 0xEBA0, 0xEBA0, 0xEBA0, 0xEBA0, 0xEBA0, 0xEBA0, 0xEBA0, 0xEBA0, 0xEBA0, 0xEBA0, 0xEBA0,
    0xEBA0, 0xEBA0, 0xEBA0, 0xEBA0, 0xEBA0, 0xEBA0, 0xEBA0, 0xEBA0, 0xEBA0, 0xEBA0, 0xEBA0, 0xEBA0,
    0xEBA0, 0xEBA0, 0xEBA0, 0xEBA0, 0xEBA0, 0xEBA0, 0xEBA0, 0xEBA0, 0xEBA0, 0xEBA0, 0xEBA0, 0xEBA0,
    0xEBA0, 0xEBA0, 0xEBA0, 0xEBA0, 0xEBA0, 0xEBA0, 0xEBA0, 0xEBA0, 0xEBA0, 0xEBA0, 0xEBA0, 0xEBA0,
    0xEBA0, 0xEBA0, 0xEB80, 0xEE55, 0x8494, 0xF7BE, 0xFFFF, 0xDF3D, 0xCD93, 0xD3A3, 0xF380, 0xEBC0,
    0xEB60, 0xCD51, 0xD6B9, 0xDB62, 0xEBC0, 0xEBA0, 0xEB40, 0xEC23, 0xF5F0, 0xDE36, 0x72EC, 0xA448,
    0xEFDB, 0xE636, 0xE340, 0xEBA0, 0xEBA0, 0xEBA0, 0xEBA0, 0xEBA0, 0xEBA0, 0xEBA0, 0xEBA0, 0xEBA0,
    0xEBA0, 0xEBA0, 0xCB41, 0xCB41, 0xEBC0, 0xEB40, 0xECA3, 0xFF8D, 0xF7FA, 0xBDD5, 0xD3A3, 0xF3A0,
    0xE3A0, 0xEBA0, 0xE3A1, 0xDB81, 0xEBA0, 0xEBA0, 0xEBA0, 0xEBA0, 0xEBA0, 0xEBA0, 0xEBA0, 0xEBA0,
    0xEBA0, 0xEBA1, 0xEBA0, 0xEB82, 0xEB83, 0xEBA0, 0xEBA0, 0xEBA1, 0xEBA0, 0xEBA0, 0xEBA0, 0xEBA0,
    0xEB60, 0xEC22, 0xF629, 0xF4E4, 0xEB60, 0xEBA0, 0xEBA0, 0xEBA0, 0xEBA0, 0xEBA0, 0xEBA0, 0xEBA0,
    0xEBA0, 0xEBA0, 0xEBA0, 0xEBA0, 0xEBA0, 0xEBA0, 0xEBA0, 0xEBA0, 0xEBA0, 0xEBA0, 0xEB60, 0xF633,
    0xF613, 0xF54C, 0xF54C, 0xF654, 0xF5D0, 0xF56E, 0xF633, 0xF675, 0xECA8, 0xEB00, 0xF50A, 0x4B0F,
    0xD678, 0xF402, 0xEB80, 0xEBA0, 0xEBA0, 0xEBA0, 0xEBA0, 0xEBA0, 0xEBA0, 0xEBA0, 0xEBA0, 0xEBA0,
    0xEBA0, 0xEBA0, 0xEBA0, 0xEBA0, 0xEBA0, 0xEBA0, 0xEBA0, 0xEBA0, 0xEBA0, 0xEBA0, 0xEBA0, 0xEBA0,
    0xEBA0, 0xEBA0, 0xEBA0, 0xEBA0, 0xEBA0, 0xEBA0, 0xEBA0, 0xEBA0, 0xEBA0, 0xEBA0, 0xEBA0, 0xEBA0,
    0xEBA0, 0xEBA0, 0xEBA0, 0xEBA0, 0xEBA0, 0xEBA0, 0xEBA0, 0xEBA0, 0xEBA0, 0xEBA0, 0xEBA0, 0xEBA0,
    0xEBA0, 0xEBA0, 0xEBA0, 0xEBA0, 0xEBA0, 0xEBA0, 0xEBA0, 0xEBA0, 0xEBA0, 0xEBA0, 0xEBA0, 0xEBA0,
    0xEBA0, 0xEBA0, 0xEBA0, 0xEBA0, 0xEBA0, 0xEBA0, 0xEBA0, 0xEBA0, 0xEBA0, 0xEBA0, 0xEBA0, 0xEBA0,
    0xEBA0, 0xEBA0, 0xEBA0, 0xEBA0, 0xEBA0, 0xEBA0, 0xEBA0, 0xEBA0, 0xEBA0, 0xEBA0, 0xEBA0, 0xEBA0,
    0xEBA0, 0xEBA0, 0xEBA0, 0xEBA0, 0xEBA0, 0xEBA0, 0xEBA0, 0xEBA0, 0xEBA0, 0xEBA0, 0xEBA0, 0xEBA0,
    0xEBA0, 0xEBA0, 0xEBA0, 0xEBA0, 0xEBA0, 0xEBA0, 0xEB60, 0xF6B6, 0xFFFF, 0xFFFF, 0xE635, 0xC3A6,
    0xD320, 0xE380, 0xE380, 0xE380, 0xDB40, 0xB44C, 0xD3E4, 0xEB80, 0xE340, 0xEBE2, 0xF5E8, 0xEF4E,
    0xBDD4, 0xBC08, 0xF380, 0xDBE2, 0xBD91, 0xDB61, 0xEBA0, 0xEBA0, 0xEBA0, 0xEBA0, 0xEBA0, 0xEBA0,
    0xEBA0, 0xEBA0, 0xEBA0, 0xEBA0, 0xEBA0, 0xEBA0, 0xF3C0, 0xF3C0, 0xEB60, 0xF503, 0xFFAA, 0xF78D,
    0xC56C, 0xCB83, 0xF3A0, 0xEBA0, 0xEBA0, 0xEBA0, 0xEBA0, 0xEBA0, 0xEBA0, 0xEBA0, 0xEBA0, 0xEBA0,
    0xEBA0, 0xEBA0, 0xEBA0, 0xEBA0, 0xEBA0, 0xEBA0, 0xEBA0, 0xEB80, 0xEB80, 0xEBA0, 0xEBA0, 0xEBA0,
    0xEBA0, 0xEBA0, 0xEBA0, 0xEBA0, 0xEBA0, 0xEB80, 0xEBA1, 0xF583, 0xF561, 0xEB80, 0xEBA0, 0xEBA0,
    0xEBA0, 0xEBA0, 0xEBA0, 0xEBA0, 0xEBA0, 0xEBA0, 0xEBA0, 0xEBA0, 0xEBA0, 0xEBA0, 0xEBA0, 0xEBA0,
    0xEBA0, 0xEB80, 0xEBE2, 0xF696, 0xF675, 0xF54C, 0xF54D, 0xF695, 0xF675, 0xF633, 0xF654, 0xF56D,
    0xECEA, 0xEB20, 0xF4E9, 0x4AEF, 0xD678, 0xF423, 0xEB80, 0xEBA0, 0xEBA0, 0xEBA0, 0xEBA0, 0xEBA0,
    0xEBA0, 0xEBA0, 0xEBA0, 0xEBA0, 0xEBA0, 0xEBA0, 0xEBA0, 0xEBA0, 0xEBA0, 0xEBA0, 0xEBA0, 0xEBA0,
    0xEBA0, 0xEBA0, 0xEBA0, 0xEBA0, 0xEBA0, 0xEBA0, 0xEBA0, 0xEBA0, 0xEBA0, 0xEBA0, 0xEBA0, 0xEBA0,
    0xEBA0, 0xEBA0, 0xEBA0, 0xEBA0, 0xEBA0, 0xEBA0, 0xEBA0, 0xEBA0, 0xEBA0, 0xEBA0, 0xEBA0, 0xEBA0,
    0xEBA0, 0xEBA0, 0xEBA0, 0xEBA0, 0xEBA0, 0xEBA0, 0xEBA0, 0xEBA0, 0xEBA0, 0xEBA0, 0xEBA0, 0xEBA0,
    0xEBA0, 0xEBC1, 0xEBA0, 0xEBA0, 0xEBA0, 0xEBA0, 0xEBA0, 0xEBA0, 0xEBA0, 0xEBA0, 0xEBA0, 0xEBA0,
    0xEBA0, 0xEBA0, 0xEBA0, 0xEBA0, 0xEBA0, 0xEBA0, 0xEBA0, 0xEBA0, 0xEBA0, 0xEBA0, 0xEBA0, 0xEBA0,
    0xEBA0, 0xEBA0, 0xEBA0, 0xEBA0, 0xEBA0, 0xEBA0, 0xEBA0, 0xEBA0, 0xEBA0, 0xEBA0, 0xEBA0, 0xEBA0,
    0xEBA0, 0xEBA0, 0xEBA0, 0xEBA0, 0xEBA0, 0xEBA0, 0xEBA0, 0xEBA0, 0xEBA0, 0xEBA0, 0xEB60, 0xFED7,
    0xF7FF, 0xEE33, 0xEB60, 0xF3A0, 0xDB61, 0xCB41, 0xE380, 0xD340, 0xD341, 0xCB20, 0xE340, 0xF3C0,
    0xFD80, 0xFFA5, 0xDF09, 0xCC23, 0xDB40, 0xF3A0, 0xEBA0, 0xDBA3, 0xDBA3, 0xEBA0, 0xEBA0, 0xEBA0,
    0xEBA0, 0xEBA0, 0xEBA0, 0xEBA0, 0xEBA0, 0xEBA0, 0xEBA0, 0xEBA0, 0xEBA0, 0xEBA0, 0xEBA0, 0xE360,
    0xF502, 0xFF24, 0xFF45, 0xDE06, 0xD3A2, 0xF3A0, 0xEBA0, 0xEBA0, 0xEBA0, 0xEBA0, 0xEBA0, 0xEBA0,
    0xEBA0, 0xEBA0, 0xEBA0, 0xEBA0, 0xEBA0, 0xEBA0, 0xEBA0, 0xEBA0, 0xEBA0, 0xEBA0, 0xEBA0, 0xEBA0,
    0xEBA0, 0xEBA0, 0xEBA0, 0xEBA0, 0xEBA0, 0xEBA0, 0xEBA0, 0xEBA0, 0xEBA0, 0xEBA0, 0xEBA0, 0xEBA0,
    0xF5C0, 0xF581, 0xEB80, 0xEBA0, 0xEBA0, 0xEBA1, 0xEBA0, 0xEBA0, 0xEBA0, 0xEBA0, 0xEBA0, 0xEBA0,
    0xEBA0, 0xEBA0, 0xEBA0, 0xEBA0, 0xEBA0, 0xEB80, 0xEC45, 0xECE9, 0xECA8, 0xF52C, 0xF52C, 0xEC87,
    0xECC9, 0xF56E, 0xECC9, 0xF54D, 0xEC65, 0xEB40, 0xF4E9, 0x42EF, 0xD678, 0xF423, 0xEB80, 0xEBA0,
    0xEBA0, 0xEBA0, 0xEBA0, 0xEBA0, 0xEBA0, 0xEBA0, 0xEBA0, 0xEBA0, 0xEBA0, 0xEBA0, 0xEBA0, 0xEBA0,
    0xEBA0, 0xEBA0, 0xEBA0, 0xEBA0, 0xEBA0, 0xEBA0, 0xEBA0, 0xEBA0, 0xEBA0, 0xEBA0, 0xEBA0, 0xEBA0,
    0xEBA0, 0xEBA0, 0xEBA0, 0xEBA0, 0xEBA0, 0xEBA0, 0xEBA0, 0xEBA0, 0xEBA0, 0xEBA0, 0xEBA0, 0xEBA0,
    0xEBA0, 0xEBA0, 0xEBA0, 0xEBA0, 0xEBA0, 0xEBA0, 0xEBA0, 0xEBA0, 0xEBA1, 0xEBA0, 0xEBA0, 0xEBA0,
    0xE360, 0xE360, 0xE360, 0xE360, 0xE380, 0xE360, 0xE360, 0xE360, 0xE360, 0xE360, 0xE360, 0xE380,
    0xE380, 0xE380, 0xE380, 0xE380, 0xE380, 0xE380, 0xE380, 0xE380, 0xE380, 0xE380, 0xE380, 0xE380,
    0xE380, 0xE380, 0xE380, 0xE380, 0xE380, 0xE380, 0xE380, 0xE380, 0xE380, 0xE380, 0xE380, 0xE380,
    0xE380, 0xE380, 0xE380, 0xE380, 0xE380, 0xE380, 0xE380, 0xE380, 0xE380, 0xE380, 0xE380, 0xE380,
    0xE380, 0xE380, 0xE340, 0xEE54, 0x7495, 0xE54F, 0xDB00, 0xD361, 0xC301, 0xDB60, 0xBB01, 0xDB60,
    0xC301, 0xC301, 0xEC20, 0xC520, 0xB641, 0xCDE0, 0xDBE0, 0xEB40, 0xEBA0, 0xE380, 0xE380, 0xEB80,
    0xEB80, 0xE380, 0xE380, 0xE380, 0xE380, 0xE380, 0xE380, 0xE380, 0xE380, 0xE380, 0xE380, 0xE380,
    0xE380, 0xE380, 0xE340, 0xECA0, 0xF6E0, 0xF6C0, 0xEEC0, 0xD440, 0xEB60, 0xE380, 0xE380, 0xE380,
    0xE360, 0xE360, 0xE360, 0xE360, 0xE360, 0xE360, 0xE360, 0xE360, 0xE360, 0xE360, 0xE360, 0xE360,
    0xE360, 0xE360, 0xE360, 0xE360, 0xE380, 0xE380, 0xE380, 0xE380, 0xE380, 0xE380, 0xE380, 0xE380,
    0xE380, 0xE380, 0xE380, 0xE360, 0xEBC0, 0xF5C0, 0xED21, 0xE340, 0xE380, 0xE380, 0xE380, 0xE380,
    0xE380, 0xE360, 0xE360, 0xE380, 0xE380, 0xE360, 0xE380, 0xE380, 0xE380, 0xE380, 0xE360, 0xE340,
    0xE340, 0xE360, 0xE340, 0xE360, 0xE340, 0xE340, 0xE360, 0xE360, 0xE360, 0xE340, 0xF4A7, 0x4B0F,
    0xD678, 0xF3C1, 0xE360, 0xE380, 0xE360, 0xE360, 0xE360, 0xE360, 0xE360, 0xE360, 0xE360, 0xE360,
    0xE360, 0xE360, 0xE360, 0xE360, 0xE360, 0xE360, 0xE360, 0xE360, 0xE360, 0xE360, 0xE360, 0xE360,
    0xE360, 0xE360, 0xE360, 0xE360, 0xE360, 0xE360, 0xE360, 0xE360, 0xE360, 0xE360, 0xE360, 0xE360,
    0xE360, 0xE360, 0xE360, 0xE360, 0xE360, 0xE360, 0xE360, 0xE360, 0xE360, 0xE360, 0xE360, 0xE360,
    0xE360, 0xE360, 0xE360, 0xE360, 0xFCA5, 0xFCA6, 0xFC85, 0xFC85, 0xFC85, 0xFC85, 0xFC85, 0xFC85,
    0xFC85, 0xFC86, 0xFC85, 0xFC65, 0xFC64, 0xFC64, 0xFC64, 0xFC64, 0xFC64, 0xFC64, 0xFC43, 0xFC43,
    0xFC43, 0xFC64, 0xFC43, 0xFC43, 0xFC43, 0xFC43, 0xFC43, 0xFC43, 0xFC43, 0xFC43, 0xFC43, 0xFC43,
    0xFC43, 0xFC43, 0xFC43, 0xFC43, 0xFC43, 0xFC43, 0xFC43, 0xFC43, 0xFC43, 0xFC43, 0xFC43, 0xFC43,
    0xFC43, 0xFC43, 0xFC43, 0xFC43, 0xFC43, 0xFC23, 0xFC44, 0xFEF8, 0x326D, 0xDE14, 0xEC04, 0xE3E3,
    0xDBC3, 0xF423, 0xDBC3, 0xFC23, 0xDBE3, 0xDD43, 0xFF42, 0xEEC3, 0xCC64, 0xE3E3, 0xFC23, 0xFC43,
    0xFC43, 0xFC43, 0xFC43, 0xFC43, 0xFC43, 0xFC43, 0xFC43, 0xFC43, 0xFC43, 0xFC43, 0xFC43, 0xFC43,
    0xFC43, 0xFC43, 0xFC43, 0xFC43, 0xFC43, 0xFC43, 0xFCC3, 0xFEE3, 0xFF63, 0xFF83, 0xFE04, 0xFC44,
    0xFC84, 0xFC84, 0xFC85, 0xFC64, 0xFC84, 0xFC84, 0xFC84, 0xFC84, 0xFC84, 0xFC84, 0xFC84, 0xFC84,
    0xFC85, 0xFC85, 0xFC85, 0xFC84, 0xFC84, 0xFC85, 0xFC85, 0xFC85, 0xFC84, 0xFC64, 0xFC64, 0xFC84,
    0xFC64, 0xFC64, 0xFC64, 0xFC64, 0xFC64, 0xFC64, 0xFC64, 0xFC64, 0xFC64, 0xFD24, 0xFE44, 0xFCC4,
    0xFC64, 0xFC84, 0xFC64, 0xFC84, 0xFC84, 0xFC84, 0xFC84, 0xFC84, 0xFC84, 0xFC84, 0xFC64, 0xFC64,
    0xFC84, 0xFC84, 0xFC84, 0xFC85, 0xFC84, 0xFC85, 0xFC85, 0xFC85, 0xFC85, 0xFC85, 0xFC85, 0xFC85,
    0xFC85, 0xFC65, 0xFDF0, 0x324C, 0xCE9A, 0xFDAC, 0xFC44, 0xFC85, 0xFC85, 0xFC85, 0xFC85, 0xFC85,
    0xFC85, 0xFC85, 0xFC85, 0xFC85, 0xFCA5, 0xFCA5, 0xFCA5, 0xFCA5, 0xFCA5, 0xFCA6, 0xFCC6, 0xFCA6,
    0xFCA6, 0xFCA6, 0xFCA6, 0xFCC6, 0xFCC6, 0xFCC6, 0xFCA6, 0xFCC6, 0xFCC6, 0xFCC6, 0xFCC6, 0xFCC6,
    0xFCC6, 0xFCC6, 0xFCC6, 0xFCC7, 0xFCE7, 0xFCE7, 0xFCE7, 0xFCE7, 0xFCE8, 0xFCE7, 0xFCE7, 0xFCE8,
    0xFCE8, 0xFCE8, 0xFCE8, 0xFCE8, 0xFCE8, 0xFCE8, 0xFD08, 0xFCE8, 0xA576, 0xAD76, 0xAD76, 0xAD76,
    0xAD76, 0xAD76, 0xAD96, 0xAD96, 0xAD76, 0xAD76, 0xAD76, 0xAD76, 0xAD76, 0xAD75, 0xAD75, 0xAD55,
    0xB575, 0xAD55, 0xAD54, 0xAD34, 0xAD34, 0xAD34, 0xAD34, 0xAD34, 0xAD34, 0xAD34, 0xAD34, 0xAD34,
    0xAD34, 0xAD34, 0xA534, 0xA514, 0xA514, 0xA513, 0xA513, 0xA513, 0xA514, 0xA513, 0xA513, 0xA513,
    0xA4F3, 0xA513, 0xA513, 0xA4F3, 0xA513, 0xA4F3, 0xA4F3, 0xA4D2, 0xA4F3, 0xA4D2, 0x9CD3, 0x530E,
    0x0004, 0x3A6C, 0xA4F3, 0xAD13, 0xACF2, 0xA4F2, 0xACF2, 0xA4D2, 0xA4F2, 0xA552, 0xA531, 0xA512,
    0xA4B2, 0xA4D2, 0x9CB2, 0x9CB2, 0x9CB2, 0x9CB2, 0x9CB2, 0x9CB2, 0x9CB2, 0x9CB2, 0x9CB2, 0x9CB2,
    0x9CB2, 0x9C92, 0x9C92, 0x9492, 0x9C92, 0x9492, 0x9491, 0x9471, 0x9492, 0x9471, 0x94B1, 0x94D2,
    0x94D2, 0x94D2, 0x8C92, 0x8C52, 0x8C72, 0x8C51, 0x8C72, 0x8C72, 0x8C72, 0x8C72, 0x8C72, 0x8C72,
    0x8C72, 0x8C72, 0x8C92, 0x8C92, 0x8C92, 0x8C92, 0x8C93, 0x8C92, 0x8C92, 0x8C72, 0x8C72, 0x8C92,
    0x94D3, 0x9CD3, 0x9CB2, 0x9CD3, 0x9CD3, 0x9CD3, 0x9CD3, 0x9CD3, 0x9CD3, 0x9CD3, 0x9CD3, 0x9CD3,
    0x9CD3, 0x9CD3, 0x9CF3, 0x9CF3, 0x94B3, 0x94B3, 0x94B3, 0x94B2, 0x94B2, 0x94B3, 0x94B3, 0x94B2,
    0x94B3, 0x94B3, 0x94B3, 0x94B2, 0x94B3, 0x94B3, 0x94B3, 0x94D3, 0x94D3, 0x94D3, 0x9CD3, 0x9CD3,
    0x9CD4, 0x9CD3, 0x9CD3, 0x9CD3, 0x94D3, 0x9CF4, 0x532F, 0x0004, 0x21EA, 0x94F5, 0x9CD4, 0x94D4,
    0x94D4, 0x94F4, 0x94F4, 0x94D4, 0x94D4, 0x94D4, 0x94D4, 0x94D4, 0x8CD4, 0x8CD4, 0x8CD4, 0x8CB4,
    0x8CB4, 0x8CD4, 0x8CB4, 0x8CB4, 0x84B4, 0x8CB4, 0x8CB4, 0x8CD4, 0x8CD4, 0x8CB4, 0x84B4, 0x84B4,
    0x84B4, 0x84B4, 0x84B4, 0x8CD5, 0x8CD5, 0x8CD5, 0x8CD5, 0x8CF5, 0x94F5, 0x9515, 0x9515, 0x9515,
    0x9516, 0x9D36, 0x9D36, 0x9D36, 0x9D36, 0x9D36, 0x9D36, 0x9D36, 0x9D36, 0x9D36, 0x9516, 0x8CF5,
    0x73F2, 0x7412, 0x7412, 0x7412, 0x7412, 0x7412, 0x7412, 0x7412, 0x7412, 0x7412, 0x7C32, 0x7C32,
    0x7412, 0x7432, 0x7C32, 0x7C32, 0x7C53, 0x7C32, 0x7C32, 0x7C53, 0x7C53, 0x7C53, 0x7C53, 0x7C53,
    0x7C53, 0x7C53, 0x7C53, 0x7C73, 0x7C53, 0x7C53, 0x7C53, 0x7C53, 0x7C53, 0x7C53, 0x7C53, 0x7C73,
    0x7C73, 0x7C73, 0x8473, 0x7C73, 0x7C73, 0x7C73, 0x7C73, 0x7C73, 0x8494, 0x7C73, 0x8494, 0x8494,
    0x7C73, 0x7C74, 0x7C73, 0x7C52, 0x8CD4, 0x8473, 0x7C73, 0x7C94, 0x84B4, 0x8494, 0x7C74, 0x7C94,
    0x7C74, 0x7C54, 0x8474, 0x8474, 0x8494, 0x8494, 0x8494, 0x8494, 0x8494, 0x8494, 0x8494, 0x8494,
    0x8494, 0x8494, 0x8494, 0x8494, 0x8494, 0x8494, 0x8494, 0x8494, 0x8494, 0x8494, 0x8494, 0x8494,
    0x84B4, 0x8CB4, 0x8C94, 0x8C94, 0x8C94, 0x8494, 0x8CB4, 0x8CD4, 0x8CB4, 0x8CB4, 0x8CB4, 0x8CB4,
    0x8CB4, 0x8CB4, 0x8CB4, 0x8CB4, 0x8CB4, 0x8CB4, 0x8CB4, 0x8CB4, 0x8CB4, 0x8CB4, 0x8CD4, 0x8CB4,
    0x8CD4, 0x8CB4, 0x8CB4, 0x8CB4, 0x8493, 0x8494, 0x8494, 0x8494, 0x8494, 0x8494, 0x8494, 0x8494,
    0x8494, 0x8494, 0x8494, 0x8494, 0x8494, 0x8493, 0x8474, 0x8473, 0x8473, 0x8493, 0x8493, 0x8493,
    0x8473, 0x8473, 0x8473, 0x8473, 0x8493, 0x8473, 0x8493, 0x8493, 0x8493, 0x8493, 0x8493, 0x8493,
    0x8493, 0x8493, 0x8493, 0x8493, 0x8493, 0x8493, 0x8493, 0x8493, 0x8493, 0x8493, 0x8473, 0x94F5,
    0x8C93, 0x8473, 0x8473, 0x8473, 0x7C73, 0x8473, 0x8473, 0x7C73, 0x7C73, 0x7C73, 0x7C53, 0x7C53,
    0x7C53, 0x7C53, 0x7C53, 0x7C53, 0x7C53, 0x7C53, 0x7C53, 0x7C73, 0x7432, 0x7C53, 0x7432, 0x7C32,
    0x7C32, 0x7C52, 0x7C52, 0x7432, 0x7432, 0x7432, 0x7432, 0x7432, 0x7C53, 0x7432, 0x7432, 0x7432,
    0x7412, 0x7432, 0x7412, 0x7412, 0x7412, 0x7412, 0x7412, 0x7412, 0x7432, 0x7C32, 0x7C32, 0x7412,
    0x7412, 0x7C53, 0x7432, 0x6BF1, 0x7C52, 0x7C52, 0x7C52, 0x8473, 0x7C53, 0x8453, 0x7C52, 0x7C52,
    0x7C52, 0x7C52, 0x7C52, 0x7C52, 0x7C52, 0x7C52, 0x7C52, 0x7C52, 0x7C52, 0x7C52, 0x7C52, 0x7C52,
    0x7C52, 0x7C52, 0x7C52, 0x7C52, 0x7C52, 0x7C52, 0x7C52, 0x8473, 0x8473, 0x7C52, 0x7C52, 0x7C52,
    0x7C52, 0x7C52, 0x7C52, 0x7C52, 0x7C52, 0x7C52, 0x7C52, 0x7C52, 0x7C52, 0x7C32, 0x7C52, 0x7C32,
    0x7C32, 0x7C32, 0x7432, 0x7432, 0x7412, 0x7412, 0x7412, 0x7432, 0x7412, 0x7432, 0x7412, 0x7411,
    0x73F1, 0x7411, 0x7411, 0x7411, 0x7411, 0x7411, 0x7412, 0x73F1, 0x73F1, 0x73F1, 0x73F1, 0x6BD1,
    0x6BF1, 0x6BD1, 0x6BD1, 0x6BD1, 0x6BD1, 0x6BD1, 0x6BD1, 0x6BD0, 0x6BD0, 0x6BB0, 0x6BB0, 0x6BB0,
    0x6BB0, 0x6BB0, 0x6BB0, 0x6BB0, 0x6BB0, 0x63B0, 0x63B0, 0x6390, 0x6390, 0x6390, 0x6390, 0x6370,
    0x5B2F, 0x5B2F, 0x5B2F, 0x532E, 0x532E, 0x532E, 0x532E, 0x5B2E, 0x5B4F, 0x532E, 0x5B2E, 0x5B2F,
    0x5B2F, 0x5B2F, 0x532E, 0x532E, 0x532E, 0x532E, 0x532E, 0x6390, 0x6390, 0x6390, 0x63B0, 0x6390,
    0x6390, 0x6390, 0x6390, 0x6390, 0x63B0, 0x6BB0, 0x63B0, 0x63B0, 0x6BB0, 0x6BB0, 0x63B0, 0x6390,
    0x6390, 0x6390, 0x63B0, 0x63B0, 0x6390, 0x6390, 0x6390, 0x6390, 0x63B0, 0x63B0, 0x6BB0, 0x6BB0,
    0x6BB0, 0x6BB0, 0x6BB0, 0x6BB0, 0x6BB0, 0x6BB0, 0x6BB0, 0x6BB0, 0x6BB0, 0x6BD1, 0x6BD1, 0x6BD1,
    0x6BB0, 0x6BD0, 0x6BD1, 0x6BB1, 0x6BD1, 0x6BD1, 0x6BD1, 0x6BD1, 0x6BD1, 0x6BD1, 0x6BD1, 0x6BD1,
    0x6BD1, 0x6BD1, 0x6BD1, 0x6BD1, 0x6BF1, 0x6BD1, 0x6BD1, 0x6BB1, 0x6BD1, 0x6BB1, 0x6BD1, 0x6BD1,
    0x63B1, 0x6BD1, 0x6BB1, 0x6BD1, 0x6BD1, 0x6BD1, 0x6BB1, 0x6BD1, 0x6BD1, 0x63B1, 0x63B1, 0x6BD1,
    0x6BD1, 0x6BD1, 0x6BD1, 0x63B1, 0x6BD1, 0x6BD1, 0x6BD1, 0x6BD1, 0x6BD1, 0x6BD1, 0x6BD1, 0x6BD1,
    0x6BD1, 0x6BD1, 0x6BB1, 0x63B0, 0x63B1, 0x6BD1, 0x6BB1, 0x63B0, 0x0085, 0x0085, 0x0085, 0x0085,
    0x0085, 0x0085, 0x0085, 0x0085, 0x0085, 0x0065, 0x0085, 0x0085, 0x0085, 0x0085, 0x0085, 0x0085,
    0x0085, 0x0085, 0x0085, 0x0085, 0x0085, 0x0085, 0x0085, 0x0085, 0x0085, 0x0065, 0x0065, 0x0065,
    0x0085, 0x0085, 0x0085, 0x0085, 0x0085, 0x0085, 0x0085, 0x0085, 0x0085, 0x0065, 0x0085, 0x0085,
    0x0085, 0x0085, 0x0085, 0x0085, 0x0085, 0x0085, 0x0085, 0x0085, 0x0085, 0x0085, 0x0085, 0x0085,
    0x0085, 0x0085, 0x0085, 0x0085, 0x0085, 0x0085, 0x0085, 0x0085, 0x0085, 0x0085, 0x0085, 0x0085,
    0x0085, 0x0085, 0x0085, 0x0085, 0x0085, 0x0085, 0x0085, 0x0085, 0x0085, 0x0085, 0x0085, 0x0085,
    0x0085, 0x0085, 0x0085, 0x0085, 0x0085, 0x0085, 0x0085, 0x0085, 0x0085, 0x0085, 0x0086, 0x0086,
    0x0086, 0x0086, 0x0086, 0x0086, 0x0086, 0x00A6, 0x00A6, 0x00A6, 0x00A6, 0x00A6, 0x00A6, 0x00A6,
    0x0086, 0x00A6, 0x00A6, 0x00A6, 0x00A6, 0x00A6, 0x00A6, 0x00A6, 0x00A6, 0x00A6, 0x00A6, 0x0086,
    0x0085, 0x0086, 0x0085, 0x0086, 0x0086, 0x0086, 0x0086, 0x0085, 0x0085, 0x0085, 0x0085, 0x0085,
    0x0085, 0x0085, 0x0085, 0x0086, 0x0086, 0x0086, 0x0085, 0x0085, 0x0086, 0x0086, 0x0086, 0x0085,
    0x0085, 0x0085, 0x0085, 0x0085, 0x0085, 0x0085, 0x0085, 0x0085, 0x0085, 0x0085, 0x0085, 0x0085,
    0x0085, 0x0085, 0x0085, 0x0085, 0x0085, 0x0085, 0x0085, 0x0085, 0x0085, 0x0085, 0x0085, 0x0085,
    0x0085, 0x0085, 0x0085, 0x0085, 0x0085, 0x0085, 0x0085, 0x0085, 0x0085, 0x0085, 0x0085, 0x0085,
    0x0085, 0x0085, 0x0085, 0x0085, 0x0085, 0x0085, 0x0085, 0x0085, 0x0085, 0x0085, 0x0085, 0x0085,
    0x0085, 0x0085, 0x0085, 0x0085, 0x0085, 0x0085, 0x0085, 0x0085, 0x0085, 0x0085, 0x0085, 0x0085,
    0x0085, 0x0085, 0x0085, 0x0085, 0x0085, 0x0085, 0x0085, 0x0085, 0x0085, 0x0085, 0x0085, 0x0085,
    0x0928, 0x0928, 0x0928, 0x0928, 0x0928, 0x0928, 0x0928, 0x0928, 0x0928, 0x0928, 0x0928, 0x0928,
    0x0928, 0x0928, 0x0928, 0x0928, 0x0928, 0x0928, 0x0928, 0x0928, 0x0928, 0x0928, 0x0928, 0x0928,
    0x0928, 0x0928, 0x0928, 0x0928, 0x0928, 0x0928, 0x0928, 0x0928, 0x0928, 0x0928, 0x0928, 0x0928,
    0x0928, 0x0928, 0x0928, 0x0928, 0x0928, 0x0928, 0x0928, 0x0928, 0x0928, 0x0928, 0x0928, 0x0928,
    0x0928, 0x0928, 0x0928, 0x0928, 0x0928, 0x0928, 0x0928, 0x0928, 0x0928, 0x0928, 0x0928, 0x0928,
    0x0928, 0x0928, 0x0928, 0x0928, 0x0928, 0x0928, 0x0928, 0x0928, 0x0928, 0x0928, 0x0928, 0x0928,
    0x0928, 0x0928, 0x0928, 0x0928, 0x0928, 0x0928, 0x0928, 0x0928, 0x0928, 0x0928, 0x0928, 0x0928,
    0x0928, 0x0928, 0x0928, 0x0928, 0x0928, 0x0928, 0x0928, 0x0928, 0x0928, 0x0928, 0x0928, 0x0928,
    0x0928, 0x0928, 0x0928, 0x0928, 0x0928, 0x0928, 0x0928, 0x0928, 0x0928, 0x0928, 0x0928, 0x0928,
    0x0928, 0x0928, 0x0928, 0x0928, 0x0928, 0x0928, 0x0928, 0x0928, 0x0928, 0x0928, 0x0928, 0x0928,
    0x0928, 0x0928, 0x0928, 0x0928, 0x0928, 0x0928, 0x0928, 0x0928, 0x0928, 0x0928, 0x0928, 0x0928,
    0x0928, 0x0928, 0x0928, 0x0928, 0x0928, 0x0928, 0x0928, 0x0928, 0x0928, 0x0928, 0x0928, 0x0928,
    0x0928, 0x0928, 0x0928, 0x0928, 0x0928, 0x0928, 0x0928, 0x0928, 0x0928, 0x0928, 0x0928, 0x0928,
    0x0928, 0x0928, 0x0928, 0x0928, 0x0928, 0x0928, 0x0928, 0x0928, 0x0928, 0x0928, 0x0928, 0x0928,
    0x0928, 0x0928, 0x0928, 0x0928, 0x0928, 0x0928, 0x0928, 0x0928, 0x0928, 0x0928, 0x0928, 0x0928,
    0x0928, 0x0928, 0x0928, 0x0928, 0x0928, 0x0928, 0x0928, 0x0928, 0x0928, 0x0928, 0x0928, 0x0928,
    0x0928, 0x0928, 0x0928, 0x0928, 0x0928, 0x0928, 0x0928, 0x0928, 0x0928, 0x0928, 0x0928, 0x0928,
    0x0928, 0x0928, 0x0928, 0x0928, 0x0907, 0x0907, 0x0907, 0x0907, 0x0907, 0x0907, 0x0907, 0x0907,
    0x0907, 0x0907, 0x0907, 0x0907, 0x0907, 0x0907, 0x0907, 0x0907, 0x0907, 0x0907, 0x0907, 0x0907,
    0x0907, 0x0907, 0x0907, 0x0907, 0x0907, 0x0907, 0x0907, 0x0907, 0x0907, 0x0907, 0x0907, 0x0907,
    0x0907, 0x0907, 0x0907, 0x0907, 0x0907, 0x0907, 0x0907, 0x0907, 0x0907, 0x0907, 0x0907, 0x0907,
    0x0907, 0x0907, 0x0907, 0x0907, 0x0907, 0x0907, 0x0907, 0x0907, 0x0907, 0x0907, 0x0907, 0x0907,
    0x0907, 0x0907, 0x0907, 0x0907, 0x0907, 0x0907, 0x0907, 0x0907, 0x0907, 0x0907, 0x0907, 0x0907,
    0x0907, 0x0907, 0x0907, 0x0907, 0x0907, 0x0907, 0x0907, 0x0907, 0x0907, 0x0907, 0x0907, 0x0907,
    0x0907, 0x0907, 0x0907, 0x0907, 0x0907, 0x0907, 0x0907, 0x0907, 0x0907, 0x0907, 0x0907, 0x0907,
    0x0907, 0x0907, 0x0907, 0x0907, 0x0907, 0x0907, 0x0907, 0x0907, 0x0907, 0x0907, 0x0907, 0x0907,
    0x0907, 0x0907, 0x0907, 0x0907, 0x0907, 0x0907, 0x0907, 0x0907, 0x0907, 0x0907, 0x0907, 0x0907,
    0x0907, 0x0907, 0x0907, 0x0907, 0x0907, 0x0907, 0x0907, 0x0907, 0x0907, 0x0907, 0x0907, 0x0907,
    0x0907, 0x0907, 0x0907, 0x0907, 0x0907, 0x0907, 0x0907, 0x0907, 0x0907, 0x0907, 0x0907, 0x0907,
    0x0907, 0x0907, 0x0907, 0x0907, 0x0907, 0x0907, 0x0907, 0x0907, 0x0907, 0x0907, 0x0907, 0x0907,
    0x0907, 0x0907, 0x0907, 0x0907, 0x0907, 0x0907, 0x0907, 0x0907, 0x0907, 0x0907, 0x0907, 0x0907,
    0x0907, 0x0907, 0x0907, 0x0907, 0x0907, 0x0907, 0x0907, 0x0907, 0x0907, 0x0907, 0x0907, 0x0907,
    0x0907, 0x0907, 0x0907, 0x0907, 0x0907, 0x0907, 0x0907, 0x0907, 0x0907, 0x0907, 0x0907, 0x0907,
    0x0907, 0x0907, 0x0907, 0x0907, 0x0907, 0x0907, 0x0907, 0x0907, 0x0907, 0x0907, 0x0907, 0x0907,
    0x0907, 0x0907, 0x0907, 0x0907, 0x0907, 0x0907, 0x0907, 0x0907, 0x0907, 0x0907, 0x0907, 0x0907,
    0x0907, 0x0907, 0x0907, 0x0907, 0x0907, 0x0907, 0x0907, 0x0907, 0x0907, 0x0907, 0x0907, 0x0907,
    0x0907, 0x0907, 0x0907, 0x0907, 0x0907, 0x0907, 0x0907, 0x0907, 0x0907, 0x0907, 0x0907, 0x0907,
    0x0907, 0x0907, 0x0907, 0x0907, 0x0907, 0x0907, 0x0907, 0x0907, 0x0907, 0x0907, 0x0907, 0x0907,
    0x0907, 0x0907, 0x0907, 0x0907, 0x0907, 0x0907, 0x0907, 0x0907, 0x0907, 0x0907, 0x0907, 0x0907,
    0x0907, 0x0907, 0x0907, 0x0907, 0x0907, 0x0907, 0x0907, 0x0907, 0x0907, 0x0907, 0x0907, 0x0907,
    0x0907, 0x0907, 0x0907, 0x0907, 0x0907, 0x0907, 0x0907, 0x0907, 0x0907, 0x0907, 0x0907, 0x0907,
    0x0907, 0x0907, 0x0907, 0x0907, 0x0907, 0x0907, 0x0907, 0x0907, 0x0907, 0x0907, 0x0907, 0x0907,
    0x0907, 0x0907, 0x0907, 0x0907, 0x0907, 0x0907, 0x0907, 0x0907, 0x0907, 0x0907, 0x0907, 0x0907,
    0x0907, 0x0907, 0x0907, 0x0907, 0x0907, 0x0907, 0x0907, 0x0907, 0x0907, 0x0907, 0x0907, 0x0907,
    0x0907, 0x0907, 0x0907, 0x0907, 0x0907, 0x0907, 0x0907, 0x0907, 0x0907, 0x0907, 0x0907, 0x0907,
    0x0907, 0x0907, 0x0907, 0x0907, 0x0907, 0x0907, 0x0907, 0x0907, 0x0907, 0x0907, 0x0907, 0x0907,
    0x0907, 0x0907, 0x0907, 0x0907, 0x0907, 0x0907, 0x0907, 0x0907, 0x0907, 0x0907, 0x0907, 0x0907,
    0x0907, 0x0907, 0x0907, 0x0907, 0x0907, 0x0907, 0x0907, 0x0907, 0x0907, 0x0907, 0x0907, 0x0907,
    0x0907, 0x0907, 0x0907, 0x0907, 0x0907, 0x0907, 0x0907, 0x0907, 0x0907, 0x0907, 0x0907, 0x0907,
    0x0907, 0x0907, 0x0907, 0x0907, 0x0907, 0x0907, 0x0907, 0x0907, 0x0907, 0x0907, 0x0907, 0x0907,
    0x0907, 0x0907, 0x0907, 0x0907, 0x0907, 0x0907, 0x0907, 0x0907, 0x0907, 0x0907, 0x0907, 0x0907,
    0x0907, 0x0907, 0x0907, 0x0907, 0x0907, 0x0907, 0x0907, 0x0907, 0x0907, 0x0907, 0x0907, 0x0907,
    0x0907, 0x0907, 0x0907, 0x0907, 0x0907, 0x0907, 0x0907, 0x0907, 0x0907, 0x0907, 0x0907, 0x0907,
    0x0907, 0x0907, 0x0907, 0x0907, 0x0907, 0x0907, 0x0907, 0x0907, 0x0907, 0x0907, 0x0907, 0x0907,
    0x0907, 0x0907, 0x0907, 0x0907, 0x0907, 0x0907, 0x0907, 0x0907, 0x0907, 0x0907, 0x0907, 0x0907,
    0x0907, 0x0907, 0x0907, 0x0907, 0x0907, 0x0907, 0x0907, 0x0907, 0x0907, 0x0907, 0x0907, 0x0907,
    0x0907, 0x0907, 0x0907, 0x0907, 0x0907, 0x0907, 0x0907, 0x0907, 0x0907, 0x0907, 0x0907, 0x0907,
    0x0907, 0x0907, 0x0907, 0x0907, 0x0907, 0x0907, 0x0907, 0x0907, 0x0907, 0x0907, 0x0907, 0x0907,
    0x0907, 0x0907, 0x0907, 0x0907, 0x0907, 0x0907, 0x0907, 0x0907, 0x0907, 0x0907, 0x0907, 0x0907,
    0x0907, 0x0907, 0x0907, 0x0907, 0x0907, 0x0907, 0x0907, 0x0907, 0x0907, 0x0907, 0x0907, 0x0907,
    0x0907, 0x0907, 0x0907, 0x0907, 0x0907, 0x0907, 0x0907, 0x0907, 0x0907, 0x0907, 0x0907, 0x0907,
    0x0907, 0x0907, 0x0907, 0x0907, 0x0907, 0x0907, 0x0907, 0x0907, 0x0907, 0x0907, 0x0907, 0x0907,
    0x0907, 0x0907, 0x0907, 0x0907, 0x0907, 0x0907, 0x0907, 0x0907, 0x0907, 0x0907, 0x0907, 0x0907,
    0x0907, 0x0907, 0x0907, 0x0907, 0x0907, 0x0907, 0x0907, 0x0907, 0x0907, 0x0907, 0x0907, 0x0907,
    0x0907, 0x0907, 0x0907, 0x0907, 0x0907, 0x0907, 0x0907, 0x0907, 0x0907, 0x0907, 0x0907, 0x0907,
    0x0907, 0x0907, 0x0907, 0x0907, 0x0907, 0x0907, 0x0907, 0x0907, 0x0907, 0x0907, 0x0907, 0x0907,
    0x0907, 0x0907, 0x0907, 0x0907, 0x0907, 0x0907, 0x0907, 0x0907, 0x0907, 0x0907, 0x0907, 0x0907,
    0x0907, 0x0907, 0x0907, 0x0907, 0x0907, 0x0907, 0x0907, 0x0907, 0x0907, 0x0907, 0x0907, 0x0907,
    0x0907, 0x0907, 0x0907, 0x0907, 0x0907, 0x0907, 0x0907, 0x0907, 0x0907, 0x0907, 0x0907, 0x0907,
    0x0907, 0x0907, 0x0907, 0x0907, 0x0907, 0x0907, 0x0907, 0x0907, 0x0907, 0x0907, 0x0907, 0x0907,
    0x0907, 0x0907, 0x0907, 0x0907, 0x0907, 0x0907, 0x0907, 0x0907, 0x0907, 0x0907, 0x0907, 0x0907,
    0x0907, 0x0907, 0x0907, 0x0907, 0x0907, 0x0907, 0x0907, 0x0907, 0x0907, 0x0907, 0x0907, 0x0907,
    0x0907, 0x0907, 0x0907, 0x0907, 0x0907, 0x0907, 0x0907, 0x0907, 0x0907, 0x0907, 0x0907, 0x0907,
    0x0907, 0x0907, 0x0907, 0x0907, 0x0907, 0x0907, 0x0907, 0x0907, 0x0907, 0x0907, 0x0907, 0x0907,
    0x0907, 0x0907, 0x0907, 0x0907, 0x0907, 0x0907, 0x0907, 0x0907, 0x0907, 0x0907, 0x0907, 0x0907,
    0x0907, 0x0907, 0x0907, 0x0907, 0x0907, 0x0907, 0x0907, 0x0907, 0x0907, 0x0907, 0x0907, 0x0907,
    0x0907, 0x0907, 0x0907, 0x0907, 0x0907, 0x0907, 0x0907, 0x0907, 0x0907, 0x0907, 0x0907, 0x0907,
    0x0907, 0x0907, 0x0907, 0x0907, 0x0907, 0x0907, 0x0907, 0x0907, 0x0907, 0x0907, 0x0907, 0x0907,
    0x0907, 0x0907, 0x0907, 0x0907, 0x0907, 0x0907, 0x0907, 0x0907, 0x0907, 0x0907, 0x0907, 0x0907,
    0x0907, 0x0907, 0x0907, 0x0907, 0x0907, 0x0907, 0x0907, 0x0907, 0x0907, 0x0907, 0x0907, 0x0907,
    0x0907, 0x0907, 0x0907, 0x0907, 0x0907, 0x0907, 0x0907, 0x0907, 0x0907, 0x0907, 0x0907, 0x0907,
    0x0907, 0x0907, 0x0907, 0x0907, 0x0907, 0x0907, 0x0907, 0x0907, 0x0907, 0x0907, 0x0907, 0x0907,
    0x0907, 0x0907, 0x0907, 0x0907, 0x0907, 0x0907, 0x0907, 0x0907, 0x0907, 0x0907, 0x0907, 0x0907,
    0x0907, 0x0907, 0x0907, 0x0907, 0x0907, 0x0907, 0x0907, 0x0907, 0x0907, 0x0907, 0x0907, 0x0907,
    0x0907, 0x0907, 0x0907, 0x0907, 0x0907, 0x0907, 0x0907, 0x0907, 0x0907, 0x0907, 0x0907, 0x0907,
    0x0907, 0x0907, 0x0907, 0x0907, 0x0907, 0x0907, 0x0907, 0x0907, 0x0907, 0x0907, 0x0907, 0x0907,
    0x0907, 0x0907, 0x0907, 0x0907, 0x0907, 0x0907, 0x0907, 0x0907, 0x0907, 0x0907, 0x0907, 0x0907,
    0x0907, 0x0907, 0x0907, 0x0907, 0x0907, 0x0907, 0x0907, 0x0907, 0x0907, 0x0907, 0x0907, 0x0907,
    0x0907, 0x0907, 0x0907, 0x0907, 0x0907, 0x0907, 0x0907, 0x0907, 0x0907, 0x0907, 0x0907, 0x0907,
    0x0907, 0x0907, 0x0907, 0x0907, 0x0907, 0x0907, 0x0907, 0x0907, 0x0907, 0x0907, 0x0907, 0x0907,
    0x0907, 0x0907, 0x0907, 0x0907, 0x0907, 0x0907, 0x0907, 0x0907, 0x0907, 0x0907, 0x0907, 0x0907,
    0x0907, 0x0907, 0x0907, 0x0907, 0x0907, 0x0907, 0x0907, 0x0907, 0x0907, 0x0907, 0x0907, 0x0907,
    0x0907, 0x0907, 0x0907, 0x0907, 0x0907, 0x0907, 0x0907, 0x0907, 0x0907, 0x0907, 0x0907, 0x0907,
    0x0907, 0x0907, 0x0907, 0x0907, 0x0907, 0x0907, 0x0907, 0x0907, 0x0907, 0x0907, 0x0907, 0x0907,
    0x0907, 0x0907, 0x0907, 0x0907, 0x0907, 0x0907, 0x0907, 0x0907, 0x0907, 0x0907, 0x0907, 0x0907,
    0x0907, 0x0907, 0x0907, 0x0907, 0x0907, 0x0907, 0x0907, 0x0907, 0x0907, 0x0907, 0x0907, 0x0907,
    0x0907, 0x0907, 0x0907, 0x0907, 0x0907, 0x0907, 0x0907, 0x0907, 0x0907, 0x0907, 0x0907, 0x0907,
    0x0907, 0x0907, 0x0907, 0x0907, 0x0907, 0x0907, 0x0907, 0x0907, 0x0907, 0x0907, 0x0907, 0x0907,
    0x0907, 0x0907, 0x0907, 0x0907, 0x0907, 0x0907, 0x0907, 0x0907, 0x0907, 0x0907, 0x0907, 0x0907,
    0x0907, 0x0907, 0x0907, 0x0907, 0x0907, 0x0907, 0x0907, 0x0907, 0x0907, 0x0907, 0x0907, 0x0907,
    0x0907, 0x0907, 0x0907, 0x0907, 0x0907, 0x0907, 0x0907, 0x0907, 0x0907, 0x0907, 0x0907, 0x0907,
    0x0907, 0x0907, 0x0907, 0x0907, 0x0907, 0x0907, 0x0907, 0x0907, 0x0907, 0x0907, 0x0907, 0x0907,
    0x0907, 0x0907, 0x0907, 0x0907, 0x0907, 0x0907, 0x0907, 0x0907, 0x0907, 0x0907, 0x0907, 0x0907,
    0x0907, 0x0907, 0x0907, 0x0907, 0x0907, 0x0907, 0x0907, 0x0907, 0x0907, 0x0907, 0x0907, 0x0907,
    0x0907, 0x0907, 0x0907, 0x0907, 0x0907, 0x0907, 0x0907, 0x0907, 0x0907, 0x0907, 0x0907, 0x0907,
    0x0907, 0x0907, 0x0907, 0x0907, 0x0907, 0x0907, 0x0907, 0x0907, 0x0907, 0x0907, 0x0907, 0x0907,
    0x0907, 0x0907, 0x0907, 0x0907, 0x0907, 0x0907, 0x0907, 0x0907, 0x0907, 0x0907, 0x0907, 0x0907,
    0x0907, 0x0907, 0x0907, 0x0907, 0x0907, 0x0907, 0x0907, 0x0907, 0x0907, 0x0907, 0x0907, 0x0907,
    0x0907, 0x0907, 0x0907, 0x0907, 0x0907, 0x0907, 0x0907, 0x0907, 0x0907, 0x0907, 0x0907, 0x0907,
    0x0907, 0x0907, 0x0907, 0x0907, 0x0907, 0x0907, 0x0907, 0x0907, 0x0907, 0x0907, 0x0907, 0x0907,
    0x0907, 0x0907, 0x0907, 0x0907, 0x0907, 0x0907, 0x0907, 0x0907, 0x0907, 0x0907, 0x0907, 0x0907,
    0x0907, 0x0907, 0x0907, 0x0907, 0x0907, 0x0907, 0x0907, 0x0907, 0x0907, 0x0907, 0x0907, 0x0907,
    0x0907, 0x0907, 0x0907, 0x0907, 0x0907, 0x0907, 0x0907, 0x0907, 0x0907, 0x0907, 0x0907, 0x0907,
    0x0907, 0x0907, 0x0907, 0x0907, 0x0907, 0x0907, 0x0907, 0x0907, 0x0907, 0x0907, 0x0907, 0x0907,
    0x0907, 0x0907, 0x0907, 0x0907, 0x0907, 0x0907, 0x0907, 0x0907, 0x0907, 0x0907, 0x0907, 0x0907,
    0x0907, 0x0907, 0x0907, 0x0907, 0x0907, 0x0907, 0x0907, 0x0907, 0x0907, 0x0907, 0x0907, 0x0907,
    0x0907, 0x0907, 0x0907, 0x0907, 0x0907, 0x0907, 0x0907, 0x0907, 0x0907, 0x0907, 0x0907, 0x0907,
    0x0907, 0x0907, 0x0907, 0x0907, 0x0907, 0x0907, 0x0907, 0x0907, 0x0907, 0x0907, 0x0907, 0x0907,
    0x0907, 0x0907, 0x0907, 0x0907, 0x0907, 0x0907, 0x0907, 0x0907, 0x0907, 0x0907, 0x0907, 0x0907,
    0x0907, 0x0907, 0x0907, 0x0907, 0x0907, 0x0907, 0x0907, 0x0907, 0x0907, 0x0907, 0x0907, 0x0907,
    0x0907, 0x0907, 0x0907, 0x0907, 0x0907, 0x0907, 0x0907, 0x0907, 0x0907, 0x0907, 0x0907, 0x0907,
    0x0907, 0x0907, 0x0907, 0x0907,
};
