// Galaga — 208x81 RGB565, generated
#include "marquees.h"

const uint16_t marquee_galaga_data[16848] = {
    0x0000, 0x0000, 0x0000, 0x0000, 0x0000, 0x0000, 0x0000, 0x0000, 0x0000, 0x0000, 0x0000, 0x0000,
    0x0000, 0x0000, 0x0000, 0x0000, 0x0000, 0x0000, 0x0000, 0x0000, 0x0000, 0x0000, 0x0000, 0x0000,
    0x0000, 0x0000, 0x0000, 0x0000, 0x0000, 0x0000, 0x0000, 0x0000, 0x0000, 0x0000, 0x0000, 0x0000,
    0x0000, 0x0000, 0x0000, 0x0000, 0x0000, 0x0000, 0x0000, 0x0000, 0x0000, 0x0000, 0x0000, 0x0000,
    0x0000, 0x0000, 0x0000, 0x0000, 0x0000, 0x0000, 0x0000, 0x0000, 0x0000, 0x0000, 0x0000, 0x0000,
    0x0000, 0x0000, 0x0000, 0x0000, 0x0000, 0x0000, 0x0000, 0x0000, 0x0000, 0x0000, 0x0000, 0x0000,
    0x0000, 0x0000, 0x0000, 0x0000, 0x0000, 0x0000, 0x0000, 0x0000, 0x0000, 0x0000, 0x0000, 0x0000,
    0x0000, 0x0000, 0x0000, 0x0000, 0x0000, 0x0000, 0x0000, 0x0000, 0x0000, 0x0000, 0x0000, 0x0000,
    0x0000, 0x0000, 0x0000, 0x0000, 0x0000, 0x0000, 0x0000, 0x0000, 0x0000, 0x0000, 0x0000, 0x0000,
    0x0000, 0x0000, 0x0000, 0x0000, 0x0000, 0x0000, 0x0000, 0x0000, 0x0000, 0x0000, 0x0000, 0x0000,
    0x0000, 0x0000, 0x0000, 0x0000, 0x0000, 0x0000, 0x0000, 0x0000, 0x0000, 0x0000, 0x0000, 0x0000,
    0x0000, 0x0000, 0x0000, 0x0000, 0x0000, 0x0000, 0x0000, 0x0000, 0x0000, 0x0000, 0x0000, 0x0000,
    0x0000, 0x0000, 0x0000, 0x0000, 0x0000, 0x0000, 0x0000, 0x0000, 0x0000, 0x0000, 0x0000, 0x0000,
    0x0000, 0x0000, 0x0000, 0x0000, 0x0000, 0x0000, 0x0000, 0x0000, 0x0000, 0x0000, 0x0000, 0x0000,
    0x0000, 0x0000, 0x0000, 0x0000, 0x0000, 0x0000, 0x0000, 0x0000, 0x0000, 0x0000, 0x0000, 0x0000,
    0x0000, 0x0000, 0x0000, 0x0000, 0x0000, 0x0000, 0x0000, 0x0000, 0x0000, 0x0000, 0x0000, 0x0000,
    0x0000, 0x0000, 0x0000, 0x0000, 0x0000, 0x0000, 0x0000, 0x0000, 0x0000, 0x0000, 0x0000, 0x0000,
    0x0000, 0x0000, 0x0000, 0x0000, 0x0000, 0x0000, 0x0000, 0x0000, 0x0000, 0x0000, 0x0000, 0x0000,
    0x0000, 0x0000, 0x0000, 0x0000, 0x0000, 0x0000, 0x0000, 0x0000, 0x0000, 0x0000, 0x0000, 0x0000,
    0x0000, 0x0000, 0x0000, 0x0000, 0x0000, 0x0000, 0x0000, 0x0000, 0x0000, 0x0000, 0x0000, 0x0000,
    0x0000, 0x0000, 0x0000, 0x0000, 0x0000, 0x0000, 0x0000, 0x0000, 0x0000, 0x0000, 0x0000, 0x0000,
    0x0000, 0x0000, 0x0000, 0x0000, 0x0000, 0x0000, 0x0000, 0x0000, 0x0000, 0x0000, 0x0000, 0x0000,
    0x0000, 0x0000, 0x0000, 0x0000, 0x0000, 0x0000, 0x0000, 0x0000, 0x0000, 0x0000, 0x0000, 0x0000,
    0x0000, 0x0000, 0x0000, 0x0000, 0x0000, 0x0000, 0x0000, 0x0000, 0x0000, 0x0000, 0x0000, 0x0000,
    0x0000, 0x0000, 0x0000, 0x0000, 0x0000, 0x0000, 0x0000, 0x0000, 0x0000, 0x0000, 0x0000, 0x0000,
    0x0000, 0x0000, 0x0000, 0x0000, 0x0000, 0x0000, 0x0000, 0x0000, 0x0000, 0x0000, 0x0000, 0x0000,
    0x0000, 0x0000, 0x0000, 0x0000, 0x0000, 0x0000, 0x0000, 0x0000, 0x0000, 0x0000, 0x0000, 0x0000,
    0x0000, 0x0000, 0x0000, 0x0000, 0x0000, 0x0000, 0x0000, 0x0000, 0x0000, 0x0000, 0x0000, 0x0000,
    0x0000, 0x0000, 0x0000, 0x0000, 0x0000, 0x0000, 0x0000, 0x0000, 0x0000, 0x0000, 0x0000, 0x0000,
    0x0000, 0x0000, 0x0000, 0x0000, 0x0000, 0x0000, 0x0000, 0x0000, 0x0000, 0x0000, 0x0000, 0x0000,
    0x0000, 0x0000, 0x0000, 0x0000, 0x0000, 0x0000, 0x0000, 0x0000, 0x0000, 0x0000, 0x0000, 0x0000,
    0x0000, 0x0000, 0x0000, 0x0000, 0x0000, 0x0000, 0x0000, 0x0000, 0x0000, 0x0000, 0x0000, 0x0000,
    0x0000, 0x0000, 0x0000, 0x0000, 0x0000, 0x0000, 0x0000, 0x0000, 0x0000, 0x0000, 0x0000, 0x0000,
    0x0000, 0x0000, 0x0000, 0x0000, 0x0000, 0x0000, 0x0000, 0x0000, 0x0000, 0x0000, 0x0000, 0x0000,
    0x0000, 0x0000, 0x0000, 0x0000, 0x0000, 0x0000, 0x0000, 0x0000, 0x0000, 0x0000, 0x0000, 0x0000,
    0x0000, 0x0000, 0x0000, 0x0000, 0x0000, 0x0000, 0x0000, 0x0000, 0x0000, 0x0000, 0x0000, 0x0000,
    0x0000, 0x0000, 0x0000, 0x0000, 0x0000, 0x0000, 0x0000, 0x0000, 0x0000, 0x0000, 0x0000, 0x0000,
    0x0000, 0x0000, 0x0000, 0x0000, 0x0000, 0x0000, 0x0000, 0x0000, 0x0000, 0x0000, 0x0000, 0x0000,
    0x0000, 0x0000, 0x0000, 0x0000, 0x0000, 0x0000, 0x0000, 0x0000, 0x0000, 0x0000, 0x0000, 0x0000,
    0x0000, 0x0000, 0x0000, 0x0000, 0x0000, 0x0000, 0x0000, 0x0000, 0x0000, 0x0000, 0x0000, 0x0000,
    0x0000, 0x0000, 0x0000, 0x0000, 0x0000, 0x0000, 0x0000, 0x0000, 0x0000, 0x0000, 0x0000, 0x0000,
    0x0000, 0x0000, 0x0000, 0x0000, 0x0000, 0x0000, 0x0000, 0x0000, 0x0000, 0x0000, 0x0000, 0x0000,
    0x0000, 0x0000, 0x0000, 0x0000, 0x0000, 0x0000, 0x0000, 0x0000, 0x0000, 0x0000, 0x0000, 0x0000,
    0x0000, 0x0000, 0x0000, 0x0000, 0x0000, 0x0000, 0x0000, 0x0000, 0x0000, 0x0000, 0x0000, 0x0000,
    0x0000, 0x0000, 0x0000, 0x0000, 0x0000, 0x0000, 0x0000, 0x0000, 0x0000, 0x0000, 0x0000, 0x0000,
    0x0000, 0x0000, 0x0000, 0x0000, 0x0000, 0x0000, 0x0000, 0x0000, 0x0000, 0x0000, 0x0000, 0x0000,
    0x0000, 0x0000, 0x0000, 0x0000, 0x0000, 0x0000, 0x0000, 0x0000, 0x0000, 0x0000, 0x0000, 0x0000,
    0x0000, 0x0000, 0x0000, 0x0000, 0x0000, 0x0000, 0x0000, 0x0000, 0x0000, 0x0000, 0x0000, 0x0000,
    0x0000, 0x0000, 0x0000, 0x0000, 0x0000, 0x0000, 0x0000, 0x0000, 0x0000, 0x0000, 0x0000, 0x0000,
    0x0000, 0x0000, 0x0000, 0x0000, 0x0000, 0x0000, 0x0000, 0x0000, 0x0000, 0x0000, 0x0000, 0x0000,
    0x0000, 0x0000, 0x0000, 0x0000, 0x0000, 0x0000, 0x0000, 0x0000, 0x0000, 0x0000, 0x0000, 0x0000,
    0x0000, 0x0000, 0x0000, 0x0000, 0x0000, 0x0000, 0x0000, 0x0000, 0x0000, 0x0000, 0x0000, 0x0000,
    0x0000, 0x0000, 0x0000, 0x0000, 0x0000, 0x0000, 0x0000, 0x0000, 0x0000, 0x0000, 0x0000, 0x0000,
    0x0000, 0x0000, 0x0000, 0x0000, 0x0000, 0x0000, 0x0000, 0x0000, 0x0000, 0x0000, 0x0000, 0x0000,
    0x0000, 0x0000, 0x0000, 0x0000, 0x0000, 0x0000, 0x0000, 0x0000, 0x0000, 0x0000, 0x0000, 0x0000,
    0x0000, 0x0000, 0x0000, 0x0000, 0x0000, 0x0000, 0x0000, 0x0000, 0x0000, 0x0000, 0x0000, 0x0000,
    0x0000, 0x0000, 0x0000, 0x0000, 0x0000, 0x0000, 0x0000, 0x0000, 0x0000, 0x0000, 0x0000, 0x0000,
    0x0000, 0x0000, 0x0000, 0x0000, 0x0000, 0x0000, 0x0000, 0x0000, 0x0000, 0x0000, 0x0000, 0x0000,
    0x0000, 0x0000, 0x0000, 0x0000, 0x0000, 0x0000, 0x0000, 0x0000, 0x0000, 0x0000, 0x0000, 0x0000,
    0x0000, 0x0000, 0x0000, 0x0000, 0x0000, 0x0000, 0x0000, 0x0000, 0x0000, 0x0000, 0x0000, 0x0000,
    0x0000, 0x0000, 0x0000, 0x0000, 0x0000, 0x0000, 0x0000, 0x0000, 0x0000, 0x0000, 0x0000, 0x0000,
    0x0000, 0x0000, 0x0000, 0x0000, 0x0000, 0x0000, 0x0000, 0x0000, 0x0000, 0x0000, 0x0000, 0x0000,
    0x0000, 0x0000, 0x0000, 0x0000, 0x0000, 0x0000, 0x0000, 0x0000, 0x0000, 0x0000, 0x0000, 0x0000,
    0x0000, 0x0000, 0x0000, 0x0000, 0x0000, 0x0000, 0x0000, 0x0000, 0x0000, 0x0000, 0x0000, 0x0000,
    0x0000, 0x0000, 0x0000, 0x0000, 0x0000, 0x0000, 0x0000, 0x0000, 0x0000, 0x0000, 0x0000, 0x0000,
    0x0000, 0x0000, 0x0000, 0x0000, 0x0000, 0x0000, 0x0000, 0x0000, 0x0000, 0x0000, 0x0000, 0x0000,
    0x0000, 0x0000, 0x0000, 0x0000, 0x0000, 0x0000, 0x0000, 0x0000, 0x0000, 0x0000, 0x0000, 0x0000,
    0x0000, 0x0000, 0x0000, 0x0000, 0x0000, 0x0000, 0x0000, 0x0000, 0x0000, 0x0000, 0x0000, 0x0000,
    0x0000, 0x0000, 0x0000, 0x0000, 0x0000, 0x0000, 0x0000, 0x0000, 0x0000, 0x0000, 0x0000, 0x0000,
    0x0000, 0x0000, 0x0000, 0x0000, 0x0000, 0x0000, 0x0000, 0x0000, 0x0000, 0x0000, 0x0000, 0x0000,
    0x0000, 0x0000, 0x0000, 0x0000, 0x0000, 0x0000, 0x0000, 0x0000, 0x0000, 0x0000, 0x0000, 0x0000,
    0x0000, 0x0000, 0x0000, 0x0000, 0x0000, 0x0000, 0x0000, 0x0000, 0x0000, 0x0000, 0x0000, 0x0000,
    0x0000, 0x0000, 0x0000, 0x0000, 0x0000, 0x0000, 0x0000, 0x0000, 0x0000, 0x0000, 0x0000, 0x0000,
    0x0000, 0x0000, 0x0000, 0x0000, 0x0000, 0x0000, 0x0000, 0x0000, 0x0000, 0x0000, 0x0000, 0x0000,
    0x0000, 0x0000, 0x0000, 0x0000, 0x0000, 0x0000, 0x0000, 0x0000, 0x0000, 0x0000, 0x0000, 0x0000,
    0x0000, 0x0000, 0x0000, 0x0000, 0x0000, 0x0000, 0x0000, 0x0000, 0x0000, 0x0000, 0x0000, 0x0000,
    0x0000, 0x0000, 0x0000, 0x0000, 0x0000, 0x0000, 0x0000, 0x0000, 0x0000, 0x0000, 0x0000, 0x0000,
    0x0000, 0x0000, 0x0000, 0x0000, 0x0000, 0x0000, 0x0000, 0x0000, 0x0000, 0x0000, 0x0000, 0x0000,
    0x0000, 0x0000, 0x0000, 0x0000, 0x0000, 0x0000, 0x0000, 0x0000, 0x0000, 0x0000, 0x0000, 0x0000,
    0x0000, 0x0000, 0x0000, 0x0000, 0x0000, 0x0000, 0x0000, 0x0000, 0x0000, 0x0000, 0x0000, 0x0000,
    0x0000, 0x0000, 0x0000, 0x0000, 0x0000, 0x0000, 0x0000, 0x0000, 0x0000, 0x0000, 0x0000, 0x0000,
    0x0000, 0x0000, 0x0000, 0x0000, 0x0000, 0x0000, 0x0000, 0x0000, 0x0000, 0x0000, 0x0000, 0x0000,
    0x0000, 0x0000, 0x0000, 0x0000, 0x0000, 0x0000, 0x0000, 0x0000, 0x0000, 0x0000, 0x0000, 0x0000,
    0x0000, 0x0000, 0x0000, 0x0000, 0x0000, 0x0000, 0x0000, 0x0000, 0x0000, 0x0000, 0x0000, 0x0000,
    0x0000, 0x0000, 0x0000, 0x0000, 0x0000, 0x0000, 0x0000, 0x0000, 0x0000, 0x0000, 0x0000, 0x0000,
    0x0000, 0x0000, 0x0000, 0x0000, 0x0000, 0x0000, 0x0000, 0x0000, 0x0000, 0x0000, 0x0000, 0x0000,
    0x0000, 0x0000, 0x0000, 0x0000, 0x0000, 0x0000, 0x0000, 0x0000, 0x0000, 0x0000, 0x0000, 0x0000,
    0x0000, 0x0000, 0x0000, 0x0000, 0x0000, 0x0000, 0x0000, 0x0000, 0x0000, 0x0000, 0x0000, 0x0000,
    0x0000, 0x0000, 0x0000, 0x0000, 0x0000, 0x0000, 0x0000, 0x0000, 0x0000, 0x0000, 0x0000, 0x0000,
    0x0000, 0x0000, 0x0000, 0x0000, 0x0000, 0x0000, 0x0000, 0x0000, 0x0000, 0x0000, 0x0000, 0x0000,
    0x0000, 0x0000, 0x0000, 0x0000, 0x0000, 0x0000, 0x0000, 0x0000, 0x0000, 0x0000, 0x0000, 0x0000,
    0x0000, 0x0000, 0x0000, 0x0000, 0x0000, 0x0000, 0x0000, 0x0000, 0x0000, 0x0000, 0x0000, 0x0000,
    0x0000, 0x0000, 0x0000, 0x0000, 0x0000, 0x0000, 0x0000, 0x0000, 0x0000, 0x0000, 0x0000, 0x0000,
    0x0000, 0x0000, 0x0000, 0x0000, 0x0000, 0x0000, 0x0000, 0x0000, 0x0000, 0x0000, 0x0000, 0x0000,
    0x0000, 0x0000, 0x0000, 0x0000, 0x0000, 0x0000, 0x0000, 0x0000, 0x0000, 0x0000, 0x0000, 0x0000,
    0x0000, 0x0000, 0x0000, 0x0000, 0x0000, 0x0000, 0x0000, 0x0000, 0x0000, 0x0000, 0x0000, 0x0000,
    0x0000, 0x0000, 0x0000, 0x0000, 0x0000, 0x0000, 0x0000, 0x0000, 0x0000, 0x0000, 0x0000, 0x0000,
    0x0000, 0x0000, 0x0000, 0x0000, 0x0000, 0x0000, 0x0000, 0x0000, 0x0000, 0x0000, 0x0000, 0x0000,
    0x0000, 0x0000, 0x0000, 0x0000, 0x0000, 0x0000, 0x0000, 0x0000, 0x0000, 0x0000, 0x0000, 0x0000,
    0x0000, 0x0000, 0x0000, 0x0000, 0x0000, 0x0000, 0x0000, 0x0000, 0x0000, 0x0000, 0x0000, 0x0000,
    0x0000, 0x0000, 0x0000, 0x0000, 0x0000, 0x0000, 0x0000, 0x0000, 0x0000, 0x0000, 0x0000, 0x0000,
    0x0000, 0x0000, 0x0000, 0x0000, 0x0000, 0x0000, 0x0000, 0x0000, 0x0000, 0x0000, 0x0000, 0x0000,
    0x0000, 0x0000, 0x0000, 0x0000, 0x0000, 0x0000, 0x0000, 0x0000, 0x0000, 0x0000, 0x0000, 0x0000,
    0x0000, 0x0000, 0x0000, 0x0000, 0x0000, 0x0000, 0x0000, 0x0000, 0x0000, 0x0000, 0x0000, 0x0000,
    0x0000, 0x0000, 0x0000, 0x0000, 0x0000, 0x0000, 0x0000, 0x0000, 0x0000, 0x0000, 0x0000, 0x0000,
    0x0000, 0x0000, 0x0000, 0x0000, 0x0000, 0x0000, 0x0000, 0x0000, 0x0000, 0x0000, 0x0000, 0x0000,
    0x0000, 0x0000, 0x0000, 0x0000, 0x0000, 0x0000, 0x0000, 0x0000, 0x0000, 0x0000, 0x0000, 0x0000,
    0x0000, 0x0000, 0x0000, 0x0000, 0x0000, 0x0000, 0x0000, 0x0000, 0x0000, 0x0000, 0x0000, 0x0000,
    0x0000, 0x0000, 0x0000, 0x0000, 0x0000, 0x0000, 0x0000, 0x0000, 0x0000, 0x0000, 0x0000, 0x0000,
    0x0000, 0x0000, 0x0000, 0x0000, 0x0000, 0x0000, 0x0000, 0x0000, 0x0000, 0x0000, 0x0000, 0x0000,
    0x0000, 0x0000, 0x0000, 0x0000, 0x0000, 0x0000, 0x0000, 0x0000, 0x0000, 0x0000, 0x0000, 0x0000,
    0x0000, 0x0000, 0x0000, 0x0000, 0x0000, 0x0000, 0x0000, 0x0000, 0x0000, 0x0000, 0x0000, 0x0000,
    0x0000, 0x0000, 0x0000, 0x0000, 0x0000, 0x0000, 0x0000, 0x0000, 0x0000, 0x0000, 0x0000, 0x0000,
    0x0000, 0x0000, 0x0000, 0x0000, 0x0000, 0x0000, 0x0000, 0x0000, 0x0000, 0x0000, 0x0000, 0x0000,
    0x0000, 0x0000, 0x0000, 0x0000, 0x0000, 0x0000, 0x0000, 0x0000, 0x0000, 0x0000, 0x0000, 0x0000,
    0x0000, 0x0000, 0x0000, 0x0000, 0x0000, 0x0000, 0x0000, 0x18A0, 0x1040, 0x0000, 0x0000, 0x0000,
    0x0000, 0x0000, 0x0000, 0x0000, 0x0000, 0x0000, 0x0000, 0x0000, 0x0000, 0x0000, 0x0000, 0x0000,
    0x0000, 0x0000, 0x0000, 0x0000, 0x0000, 0x0000, 0x0000, 0x0000, 0x0000, 0x0000, 0x0000, 0x0000,
    0x0000, 0x0000, 0x0000, 0x0000, 0x0000, 0x0000, 0x0000, 0x0000, 0x0000, 0x0000, 0x0000, 0x0000,
    0x0000, 0x0000, 0x0000, 0x0000, 0x0000, 0x0000, 0x0000, 0x0000, 0x0000, 0x0000, 0x0000, 0x0000,
    0x0000, 0x0000, 0x0000, 0x0000, 0x0000, 0x0000, 0x0000, 0x0000, 0x0000, 0x0000, 0x0000, 0x0000,
    0x0000, 0x0000, 0x0000, 0x0000, 0x0000, 0x0000, 0x0000, 0x0000, 0x0000, 0x0000, 0x0000, 0x0000,
    0x0000, 0x0000, 0x0000, 0x0000, 0x0000, 0x0000, 0x0000, 0x0000, 0x0000, 0x0000, 0x0000, 0x0000,
    0x0000, 0x0000, 0x0000, 0x0000, 0x0000, 0x0000, 0x0000, 0x0000, 0x0000, 0x0000, 0x0000, 0x0000,
    0x0000, 0x0000, 0x0000, 0x0000, 0x0000, 0x0000, 0x0000, 0x0000, 0x0000, 0x0000, 0x0000, 0x0000,
    0x0000, 0x0000, 0x0000, 0x0000, 0x0000, 0x0000, 0x0000, 0x0000, 0x0000, 0x0000, 0x0000, 0x0000,
    0x0000, 0x0000, 0x0000, 0x0000, 0x0000, 0x0000, 0x0000, 0x0000, 0x0000, 0x0000, 0x0000, 0x0000,
    0x0000, 0x0000, 0x0000, 0x0000, 0x0000, 0x0000, 0x0000, 0x0000, 0x0000, 0x0000, 0x0000, 0x0000,
    0x0000, 0x0000, 0x0000, 0x0000, 0x0000, 0x0000, 0x0000, 0x0000, 0x0000, 0x0000, 0x0000, 0x0000,
    0x0000, 0x0000, 0x0000, 0x0000, 0x0000, 0x0000, 0x0000, 0x0000, 0x0000, 0x0000, 0x0000, 0x0000,
    0x0000, 0x0000, 0x0000, 0x0000, 0x0000, 0x0000, 0x0000, 0x0000, 0x0000, 0x0000, 0x0000, 0x0000,
    0x0000, 0x0000, 0x0000, 0x0000, 0x0000, 0x0000, 0x0000, 0x0000, 0x0000, 0x0000, 0x0000, 0x0000,
    0x0000, 0x0000, 0x0000, 0x0000, 0x0000, 0x0000, 0x0000, 0x0000, 0x0020, 0x0000, 0x2120, 0x4A80,
    0x0020, 0x0020, 0x0000, 0x0000, 0x0000, 0x0000, 0x0000, 0x0000, 0x0000, 0x0000, 0x0000, 0x0000,
    0x0000, 0x0000, 0x0000, 0x0000, 0x0000, 0x0000, 0x0000, 0x0000, 0x0000, 0x0000, 0x0000, 0x0000,
    0x0000, 0x0000, 0x0000, 0x0000, 0x0000, 0x0000, 0x0000, 0x0000, 0x0000, 0x0000, 0x0000, 0x0000,
    0x0000, 0x0000, 0x0000, 0x0000, 0x0000, 0x0000, 0x0000, 0x0000, 0x0000, 0x0000, 0x0000, 0x0000,
    0x0000, 0x0000, 0x0000, 0x0000, 0x0000, 0x0000, 0x0000, 0x0000, 0x0000, 0x0000, 0x0000, 0x0000,
    0x0000, 0x0000, 0x0000, 0x0000, 0x0000, 0x0000, 0x0000, 0x0000, 0x0000, 0x0000, 0x0000, 0x0000,
    0x0000, 0x0000, 0x0000, 0x0000, 0x0000, 0x0000, 0x0000, 0x0000, 0x0000, 0x0000, 0x0000, 0x0000,
    0x0000, 0x0000, 0x0000, 0x0000, 0x0820, 0x1800, 0x1800, 0x1000, 0x0800, 0x0800, 0x0800, 0x0800,
    0x0800, 0x0800, 0x0800, 0x0800, 0x0800, 0x0800, 0x0800, 0x0800, 0x0800, 0x0800, 0x0800, 0x0800,
    0x0800, 0x0800, 0x0800, 0x0800, 0x0800, 0x0800, 0x0800, 0x0800, 0x0800, 0x0800, 0x0800, 0x0800,
    0x0800, 0x0800, 0x0800, 0x0800, 0x0800, 0x0800, 0x0800, 0x0800, 0x0800, 0x0800, 0x0800, 0x0800,
    0x0800, 0x0800, 0x0800, 0x0800, 0x0800, 0x0800, 0x0800, 0x0800, 0x0800, 0x0800, 0x0800, 0x0800,
    0x0800, 0x0800, 0x0800, 0x0800, 0x0800, 0x0800, 0x0800, 0x0800, 0x0800, 0x0800, 0x0800, 0x0800,
    0x0800, 0x0800, 0x0800, 0x0800, 0x0800, 0x0800, 0x0800, 0x0800, 0x0800, 0x0800, 0x0800, 0x0800,
    0x0800, 0x0800, 0x0800, 0x0800, 0x0800, 0x0800, 0x0800, 0x0800, 0x0800, 0x0800, 0x0800, 0x0800,
    0x0800, 0x0800, 0x0800, 0x0800, 0x0800, 0x0800, 0x0800, 0x0800, 0x0800, 0x0800, 0x0800, 0x0800,
    0x0800, 0x0800, 0x0800, 0x0800, 0x0800, 0x0800, 0x0800, 0x0800, 0x0800, 0x0800, 0x0800, 0x0800,
    0x1000, 0x2100, 0x7BE0, 0x1820, 0x0800, 0x0800, 0x0800, 0x0800, 0x0800, 0x0800, 0x0800, 0x0800,
    0x0800, 0x0800, 0x0800, 0x0800, 0x0800, 0x0800, 0x0800, 0x0800, 0x0800, 0x0800, 0x0800, 0x0800,
    0x0800, 0x0800, 0x0800, 0x0800, 0x0800, 0x0800, 0x0800, 0x0800, 0x0800, 0x0800, 0x0800, 0x0800,
    0x0800, 0x0800, 0x0800, 0x0800, 0x0800, 0x0800, 0x0800, 0x1000, 0x1800, 0x2000, 0x1000, 0x1000,
    0x1040, 0x0840, 0x0000, 0x0000, 0x0000, 0x0000, 0x0000, 0x0000, 0x0000, 0x0000, 0x0000, 0x0000,
    0x0000, 0x0000, 0x0000, 0x0000, 0x0000, 0x0000, 0x0000, 0x0000, 0x0000, 0x0000, 0x0000, 0x0000,
    0x0000, 0x0000, 0x0000, 0x0000, 0x0000, 0x0000, 0x0000, 0x0000, 0x0000, 0x0000, 0x0000, 0x0000,
    0x0000, 0x0000, 0x0000, 0x0000, 0x0000, 0x0000, 0x0000, 0x0000, 0x0860, 0x4982, 0x8A02, 0xC181,
    0xE960, 0xF180, 0xF160, 0xE920, 0xE120, 0xE120, 0xE920, 0xE920, 0xE920, 0xE920, 0xE920, 0xE920,
    0xE920, 0xE920, 0xE920, 0xE920, 0xE920, 0xE920, 0xE920, 0xE920, 0xE920, 0xE920, 0xE920, 0xE920,
    0xE920, 0xE920, 0xE920, 0xE920, 0xE920, 0xE920, 0xE920, 0xE920, 0xE920, 0xE920, 0xE920, 0xE920,
    0xE121, 0xE121, 0xE121, 0xE121, 0xE121, 0xE121, 0xE121, 0xE121, 0xE121, 0xE121, 0xE121, 0xE121,
    0xE121, 0xE121, 0xE121, 0xE121, 0xE121, 0xE121, 0xE121, 0xE121, 0xE121, 0xE121, 0xE121, 0xE121,
    0xE121, 0xE121, 0xE121, 0xE121, 0xE121, 0xE121, 0xE121, 0xE121, 0xE121, 0xE121, 0xE121, 0xE121,
    0xE121, 0xE121, 0xE121, 0xE121, 0xE121, 0xE121, 0xE121, 0xE121, 0xE121, 0xE121, 0xE121, 0xE121,
    0xE121, 0xE121, 0xE121, 0xE121, 0xE121, 0xE121, 0xE121, 0xE121, 0xE121, 0xE121, 0xE121, 0xE121,
    0xE121, 0xE121, 0xE121, 0xE121, 0xE121, 0xE121, 0xE121, 0xE121, 0xE121, 0xE900, 0xE900, 0xE900,
    0xE900, 0xE900, 0xE100, 0xE900, 0xD981, 0xDD20, 0xE9E0, 0xE100, 0xE920, 0xE900, 0xE900, 0xE900,
    0xE900, 0xE900, 0xE900, 0xE900, 0xE900, 0xE900, 0xE900, 0xE900, 0xE900, 0xE900, 0xE900, 0xE900,
    0xE900, 0xE900, 0xE100, 0xE100, 0xE100, 0xE100, 0xE100, 0xE900, 0xE900, 0xE900, 0xE900, 0xE900,
    0xE900, 0xE900, 0xE900, 0xE900, 0xE900, 0xE900, 0xE100, 0xE100, 0xE920, 0xF140, 0xE960, 0xC141,
    0x89C2, 0x52A3, 0x2364, 0x1BC4, 0x1AC3, 0x10A1, 0x0000, 0x0000, 0x0000, 0x0000, 0x0000, 0x0000,
    0x0000, 0x0000, 0x0000, 0x0000, 0x0000, 0x0000, 0x0000, 0x0000, 0x0000, 0x0000, 0x0000, 0x0000,
    0x0000, 0x0000, 0x0000, 0x0000, 0x0000, 0x0000, 0x0000, 0x0000, 0x0000, 0x0000, 0x0000, 0x0000,
    0x0000, 0x0000, 0x0000, 0x0000, 0x0000, 0x0000, 0x0000, 0x0000, 0x0000, 0x0000, 0x0000, 0x0000,
    0x0000, 0x0020, 0x01A1, 0x13E4, 0x4464, 0x8C43, 0xBD43, 0xDE03, 0xE663, 0xE642, 0xDE22, 0xDE22,
    0xDE22, 0xDE02, 0xDE02, 0xDE02, 0xDE02, 0xDE02, 0xDE02, 0xDE22, 0xDE22, 0xDE22, 0xDE22, 0xDE22,
    0xDE22, 0xDE22, 0xDE22, 0xDE22, 0xDE22, 0xDE22, 0xDE22, 0xDE22, 0xDE22, 0xDE22, 0xDE22, 0xDE22,
    0xDE23, 0xDE23, 0xDE23, 0xDE23, 0xDE23, 0xDE23, 0xDE23, 0xDE23, 0xDE23, 0xDE23, 0xDE22, 0xDE23,
    0xDE23, 0xDE23, 0xDE23, 0xDE23, 0xDE23, 0xDE23, 0xDE42, 0xDE42, 0xDE42, 0xDE42, 0xDE42, 0xDE42,
    0xDE42, 0xDE42, 0xDE42, 0xDE42, 0xDE43, 0xDE43, 0xDE43, 0xDE43, 0xDE43, 0xDE43, 0xDE43, 0xDE43,
    0xDE43, 0xD643, 0xD643, 0xD643, 0xD643, 0xD643, 0xD643, 0xD643, 0xD643, 0xD643, 0xD643, 0xD643,
    0xD643, 0xD643, 0xD643, 0xD643, 0xD643, 0xD643, 0xD643, 0xD642, 0xD642, 0xD642, 0xD642, 0xD642,
    0xD642, 0xD642, 0xD642, 0xD662, 0xD663, 0xD663, 0xD663, 0xD663, 0xD663, 0xD663, 0xD663, 0xD663,
    0xD663, 0xD663, 0xD663, 0xD663, 0xD663, 0xD663, 0xD683, 0xCDE3, 0xDEC1, 0xD6E3, 0xD603, 0xD663,
    0xD663, 0xD663, 0xD663, 0xD663, 0xD663, 0xD663, 0xD663, 0xD663, 0xD662, 0xD662, 0xD662, 0xD662,
    0xD662, 0xD662, 0xD662, 0xD662, 0xD662, 0xD662, 0xD663, 0xD663, 0xD663, 0xD663, 0xD663, 0xD663,
    0xD663, 0xD663, 0xD663, 0xD683, 0xD683, 0xD683, 0xD683, 0xD683, 0xD683, 0xD683, 0xD683, 0xDEA3,
    0xCE63, 0x9D23, 0x4C43, 0x1424, 0x0424, 0x0484, 0x0C04, 0x01E2, 0x0020, 0x0000, 0x0000, 0x0000,
    0x0000, 0x0000, 0x0000, 0x0000, 0x0000, 0x0000, 0x0000, 0x0000, 0x0000, 0x0000, 0x0000, 0x0000,
    0x0000, 0x0000, 0x0000, 0x0000, 0x0000, 0x0000, 0x0000, 0x0000, 0x0000, 0x0000, 0x0000, 0x0000,
    0x0000, 0x0000, 0x0000, 0x0000, 0x0000, 0x0000, 0x0000, 0x0000, 0x0000, 0x0000, 0x0000, 0x0000,
    0x0000, 0x0000, 0x0000, 0x0000, 0x0000, 0x0000, 0x0000, 0x0060, 0x02E3, 0x0445, 0x0404, 0x1CA4,
    0x4DA4, 0x8F04, 0xB7E4, 0xAFE4, 0xA7E4, 0xAFE4, 0xAFE4, 0xAFE4, 0xAFE4, 0xAFE4, 0xAFE4, 0xAFE4,
    0xAFE4, 0xAFE4, 0xAFE4, 0xAFE4, 0xAFE4, 0xAFE4, 0xAFE4, 0xAFE4, 0xAFE4, 0xAFE4, 0xAFE4, 0xAFE4,
    0xAFE4, 0xAFE4, 0xAFE4, 0xAFE4, 0xAFE4, 0xAFE4, 0xAFE4, 0xAFE4, 0xAFE4, 0xAFE4, 0xAFE4, 0xAFE4,
    0xAFE4, 0xAFE4, 0xAFE4, 0xAFE4, 0xAFE4, 0xAFE4, 0xAFE4, 0xAFE4, 0xAFE4, 0xAFE4, 0xAFE4, 0xAFE4,
    0xAFE4, 0xAFE4, 0xAFE4, 0xAFE4, 0xAFE4, 0xAFE4, 0xAFE4, 0xAFE4, 0xAFE4, 0xAFE4, 0xAFE4, 0xAFE4,
    0xAFE4, 0xAFE4, 0xAFE4, 0xAFE4, 0xAFE4, 0xAFE4, 0xAFE4, 0xAFE4, 0xAFE4, 0xAFE4, 0xAFE4, 0xAFE4,
    0xAFE4, 0xAFE4, 0xAFE4, 0xAFE4, 0xAFE4, 0xAFE4, 0xAFE4, 0xAFE4, 0xAFE4, 0xAFE4, 0xAFE4, 0xAFE4,
    0xAFE4, 0xAFE4, 0xAFE4, 0xAFE4, 0xAFE4, 0xAFE4, 0xAFE4, 0xAFE4, 0xAFE4, 0xAFE4, 0xAFE4, 0xAFE4,
    0xAFE4, 0xAFE4, 0xAFE4, 0xAFE4, 0xAFE4, 0xAFE4, 0xAFE4, 0xAFE4, 0xAFE4, 0xAFE4, 0xA784, 0xC7A1,
    0xC7E3, 0xAFE4, 0xAFE4, 0xAFE4, 0xAFE4, 0xAFE4, 0xAFE4, 0xAFE4, 0xAFE4, 0xAFE4, 0xAFE4, 0xAFE4,
    0xAFE4, 0xAFE4, 0xAFE4, 0xAFE4, 0xAFE4, 0xAFE4, 0xAFE4, 0xAFE4, 0xAFE4, 0xAFE4, 0xAFE4, 0xAFE4,
    0xAFE4, 0xAFE4, 0xAFE4, 0xAFE4, 0xAFE4, 0xAFE4, 0xAFE4, 0xAFE4, 0xAFE4, 0xAFE4, 0xAFE4, 0xAFE4,
    0xAFE4, 0xAFE4, 0xAFE4, 0x7684, 0x1C84, 0x0404, 0x03E4, 0x0404, 0x0C24, 0x52A3, 0x2081, 0x0000,
    0x0000, 0x0000, 0x0000, 0x0000, 0x0000, 0x0000, 0x0000, 0x0000, 0x0000, 0x0000, 0x0000, 0x0000,
    0x0000, 0x0000, 0x0000, 0x0000, 0x0000, 0x0000, 0x0000, 0x0000, 0x0000, 0x0000, 0x0000, 0x0000,
    0x0000, 0x0000, 0x0000, 0x0000, 0x0000, 0x0000, 0x0000, 0x0000, 0x0000, 0x0000, 0x0000, 0x0000,
    0x0000, 0x0000, 0x0000, 0x0000, 0x0000, 0x0000, 0x0000, 0x0000, 0x0000, 0x0000, 0x0000, 0x0000,
    0x0800, 0x4242, 0x33E4, 0x0404, 0x03C4, 0x1C24, 0x75A4, 0xD5A3, 0xE4C2, 0xE483, 0xE4C3, 0xE421,
    0xDC00, 0xE421, 0xE421, 0xE421, 0xE421, 0xE421, 0xE421, 0xE421, 0xE421, 0xE421, 0xE421, 0xE421,
    0xDC21, 0xDC21, 0xDC21, 0xDC21, 0xDC21, 0xDC21, 0xDC21, 0xDC21, 0xDC21, 0xDC21, 0xDC21, 0xDC21,
    0xDC21, 0xDC21, 0xDC21, 0xDC21, 0xDC21, 0xDC21, 0xDC21, 0xDC21, 0xDC21, 0xDC21, 0xDC21, 0xDC21,
    0xDC21, 0xDC21, 0xDC21, 0xDC21, 0xDC21, 0xDC21, 0xDC21, 0xDC21, 0xDC21, 0xDC21, 0xDC21, 0xDC21,
    0xDC21, 0xDC21, 0xDC21, 0xDC21, 0xDC21, 0xDC21, 0xDC21, 0xDC21, 0xDC21, 0xDC21, 0xDC21, 0xDC21,
    0xDC21, 0xDC21, 0xDC21, 0xDC21, 0xDC21, 0xDC21, 0xDC21, 0xDC21, 0xDC21, 0xDC21, 0xDC21, 0xDC21,
    0xDC21, 0xDC21, 0xDC21, 0xDC21, 0xDC21, 0xDC21, 0xDC21, 0xDC21, 0xDC21, 0xDC21, 0xDC21, 0xDC21,
    0xDC21, 0xDC21, 0xDC21, 0xDC21, 0xDC21, 0xDC21, 0xDC21, 0xDC21, 0xDC21, 0xDC21, 0xDC21, 0xDC20,
    0xE441, 0xD463, 0xCEC0, 0xED40, 0xDBE1, 0xDC21, 0xDC21, 0xDC21, 0xDC21, 0xDC21, 0xDC21, 0xDC21,
    0xDC21, 0xDC21, 0xDC21, 0xDC21, 0xDC21, 0xDC21, 0xDC21, 0xDC21, 0xDC21, 0xDC21, 0xDC21, 0xDC21,
    0xDC21, 0xDC21, 0xDC21, 0xDC21, 0xDC21, 0xDC21, 0xDC21, 0xDC21, 0xDC21, 0xDC21, 0xDC21, 0xDC21,
    0xDC21, 0xDC21, 0xDC00, 0xE482, 0xDCA3, 0xE483, 0x9CE4, 0x44A4, 0x3CA4, 0x2444, 0x3484, 0x4424,
    0x81E2, 0x3000, 0x0000, 0x0000, 0x0000, 0x0000, 0x0000, 0x0000, 0x0000, 0x0000, 0x0000, 0x0000,
    0x0000, 0x0000, 0x0000, 0x0000, 0x0000, 0x0000, 0x0000, 0x0000, 0x0000, 0x0000, 0x0000, 0x0000,
    0x0000, 0x0000, 0x0000, 0x0000, 0x0000, 0x0000, 0x0000, 0x0000, 0x0000, 0x0000, 0x0000, 0x0000,
    0x0000, 0x0000, 0x0000, 0x0000, 0x0000, 0x0000, 0x0000, 0x0000, 0x0000, 0x0000, 0x0000, 0x0000,
    0x0000, 0x0000, 0x0000, 0x0000, 0x0000, 0x1000, 0x79A2, 0x73E4, 0x2C84, 0x3CC4, 0x7604, 0xB743,
    0xDD82, 0xF9A1, 0x9001, 0xA2CB, 0xC34D, 0xBB0D, 0xBB2D, 0xBB2D, 0xBB2D, 0xBB2D, 0xBB2D, 0xBB2D,
    0xBB2D, 0xBB2D, 0xBB2D, 0xBB2D, 0xC32D, 0xC32D, 0xC32D, 0xC32D, 0xC32D, 0xC32D, 0xC32D, 0xC34D,
    0xC34D, 0xC34D, 0xC34D, 0xC34D, 0xC34D, 0xC34D, 0xC34D, 0xC34D, 0xC34D, 0xC34D, 0xC34D, 0xC34D,
    0xC34E, 0xC34E, 0xC34E, 0xC34E, 0xC34D, 0xC34E, 0xC34E, 0xC34E, 0xC34E, 0xC34E, 0xC34E, 0xC34E,
    0xC36E, 0xC36E, 0xC36E, 0xC36E, 0xC36E, 0xC36E, 0xC36E, 0xC36E, 0xC36E, 0xC36E, 0xC36E, 0xC36E,
    0xC36E, 0xC36E, 0xC36E, 0xC36E, 0xC36E, 0xC36E, 0xC36E, 0xC36E, 0xC36E, 0xC36E, 0xC36E, 0xC36E,
    0xC36E, 0xC38E, 0xC38E, 0xC38E, 0xC38E, 0xC38E, 0xC38E, 0xC38E, 0xC38E, 0xC38E, 0xC38E, 0xC38E,
    0xC38E, 0xC38E, 0xC38E, 0xC38E, 0xC38E, 0xC38E, 0xC38E, 0xC38F, 0xCBCF, 0xCBCF, 0xCBCF, 0xCBCF,
    0xCBCF, 0xCBCF, 0xC3F0, 0xCC30, 0xBB6F, 0xCD20, 0xE787, 0xC431, 0xCBF0, 0xCC10, 0xCC10, 0xCC10,
    0xCC10, 0xCC10, 0xCC10, 0xCC10, 0xCC10, 0xCC10, 0xCC10, 0xCC10, 0xCC10, 0xD431, 0xD431, 0xD431,
    0xD431, 0xD431, 0xD431, 0xD451, 0xD451, 0xD451, 0xD451, 0xD451, 0xD451, 0xD451, 0xD451, 0xD451,
    0xD451, 0xD451, 0xD451, 0xDC51, 0xDC51, 0xDC31, 0xDCD3, 0x91C8, 0xD800, 0xEC02, 0xAEA3, 0x86A3,
    0x7603, 0x3D04, 0x94C4, 0xB1A2, 0x2800, 0x0000, 0x0000, 0x0000, 0x0000, 0x0000, 0x0000, 0x0000,
    0x0000, 0x0000, 0x0000, 0x0000, 0x0000, 0x0000, 0x0000, 0x0000, 0x0000, 0x0000, 0x0000, 0x0000,
    0x0000, 0x0000, 0x0000, 0x0000, 0x0000, 0x0000, 0x0000, 0x0000, 0x0000, 0x0000, 0x0000, 0x0000,
    0x0000, 0x0000, 0x0000, 0x0000, 0x0000, 0x0000, 0x0000, 0x0000, 0x0000, 0x0000, 0x0000, 0x0000,
    0x0000, 0x0000, 0x0000, 0x0000, 0x0000, 0x0000, 0x0000, 0x0000, 0x0000, 0x0000, 0x0800, 0xA9A2,
    0x9C03, 0x7E83, 0xAF83, 0xB7C4, 0xAFE4, 0xCEE3, 0xE241, 0x81C8, 0xD7DE, 0xFFFF, 0xFFFF, 0xFFFF,
    0xFFFF, 0xFFFF, 0xFFFF, 0xFFFF, 0xFFFF, 0xFFFF, 0xFFFF, 0xFFFF, 0xFFFF, 0xFFFF, 0xFFFF, 0xFFFF,
    0xFFFF, 0xFFFF, 0xFFFF, 0xFFFF, 0xFFFF, 0xFFFF, 0xFFFF, 0xFFFF, 0xFFFF, 0xFFFF, 0xFFFF, 0xFFFF,
    0xFFFF, 0xFFFF, 0xFFFF, 0xFFFF, 0xFFFF, 0xFFFF, 0xFFFF, 0xFFFF, 0xFFFF, 0xFFFF, 0xFFFF, 0xFFFF,
    0xFFFF, 0xFFFF, 0xFFFF, 0xFFFF, 0xFFFF, 0xFFFF, 0xFFFF, 0xFFFF, 0xFFFF, 0xFFFF, 0xFFFF, 0xFFFF,
    0xFFFF, 0xFFFF, 0xFFFF, 0xFFFF, 0xFFFF, 0xFFFF, 0xFFFF, 0xFFFF, 0xFFFF, 0xFFFF, 0xFFFF, 0xFFFF,
    0xFFFF, 0xFFFF, 0xFFFF, 0xFFFF, 0xFFFF, 0xFFFF, 0xFFFF, 0xFFFF, 0xFFFF, 0xFFFF, 0xFFFF, 0xFFFF,
    0xFFFF, 0xFFFF, 0xFFFF, 0xFFFF, 0xFFFF, 0xFFFF, 0xFFFF, 0xFFFF, 0xFFFF, 0xFFFF, 0xFFFF, 0xFFFF,
    0xFFFF, 0xFFFF, 0xFFFF, 0xFFFF, 0xFFFF, 0xFFFF, 0xFFFF, 0xEFFF, 0xCF2A, 0xEFE4, 0xF7BD, 0xFFFF,
    0xFFFF, 0xFFFF, 0xFFFF, 0xFFFF, 0xFFFF, 0xFFFF, 0xFFFF, 0xFFFF, 0xFFFF, 0xFFFF, 0xFFFF, 0xFFFF,
    0xFFFF, 0xFFFF, 0xFFFF, 0xFFFF, 0xFFFF, 0xFFFF, 0xFFFF, 0xFFFF, 0xFFFF, 0xFFFF, 0xFFFF, 0xFFFF,
    0xFFFF, 0xFFFF, 0xFFFF, 0xFFFF, 0xFFFF, 0xFFFF, 0xFFFF, 0xFFFF, 0xFFFF, 0xFFFF, 0x9C72, 0xC0E2,
    0xDD63, 0xAFE4, 0xB7E4, 0xAF63, 0x9F63, 0xA5A3, 0xD9C2, 0x3800, 0x0000, 0x0000, 0x0000, 0x0000,
    0x0000, 0x0000, 0x0000, 0x0000, 0x0000, 0x0000, 0x0000, 0x0000, 0x0000, 0x0000, 0x0000, 0x0000,
    0x0000, 0x0000, 0x0000, 0x0000, 0x0000, 0x0000, 0x0000, 0x0000, 0x0000, 0x0000, 0x0000, 0x0000,
    0x0000, 0x0000, 0x0000, 0x0000, 0x0000, 0x0000, 0x0000, 0x0000, 0x0000, 0x0000, 0x0000, 0x0000,
    0x0000, 0x0000, 0x0000, 0x0000, 0x0000, 0x0000, 0x0000, 0x0000, 0x0000, 0x0000, 0x0000, 0x0000,
    0x0000, 0x0800, 0x0020, 0x2000, 0xF0E1, 0xD5E2, 0xAFE4, 0xB7A4, 0xB7A4, 0xAFE4, 0xC764, 0xF200,
    0x80E5, 0xDF5D, 0xFFDE, 0xFFDE, 0xFFDF, 0xFFDF, 0xFFDF, 0xFFDF, 0xFFDF, 0xFFDF, 0xFFDF, 0xFFDF,
    0xFFDF, 0xFFDF, 0xFFDF, 0xFFDF, 0xFFDF, 0xFFDF, 0xFFDF, 0xFFDF, 0xFFDF, 0xFFDF, 0xFFDF, 0xFFDF,
    0xFFDF, 0xFFDF, 0xFFDF, 0xFFDF, 0xFFDF, 0xFFDF, 0xFFDF, 0xFFDF, 0xFFDF, 0xFFDF, 0xFFDF, 0xFFDF,
    0xFFDF, 0xFFDF, 0xFFDF, 0xFFDF, 0xFFDF, 0xFFDF, 0xFFDF, 0xFFDF, 0xFFDF, 0xFFDF, 0xFFDF, 0xFFDF,
    0xFFDF, 0xFFDF, 0xFFDF, 0xFFDF, 0xFFDF, 0xFFDF, 0xFFDF, 0xFFDF, 0xFFDF, 0xFFDF, 0xFFDE, 0xFFBE,
    0xFFDE, 0xFFFF, 0xFFFF, 0xFFFF, 0xFFFF, 0xFFDF, 0xFFDF, 0xFFDF, 0xFFDF, 0xFFDF, 0xFFDF, 0xFFDF,
    0xFFDF, 0xFFDF, 0xFFDF, 0xFFDF, 0xFFDF, 0xFFDF, 0xFFDF, 0xFFDF, 0xFFDF, 0xFFDF, 0xFFDF, 0xFFDF,
    0xFFDF, 0xFFDF, 0xFFDF, 0xFFDF, 0xFFDF, 0xFFDF, 0xFFDF, 0xFFDF, 0xFFDE, 0xFFFF, 0xEF3E, 0xC648,
    0xE7A0, 0xEF99, 0xFFFF, 0xFFDE, 0xFFDF, 0xFFDF, 0xFFDF, 0xFFDF, 0xFFDF, 0xFFDF, 0xFFDF, 0xFFDF,
    0xFFDF, 0xFFDF, 0xFFDF, 0xFFDF, 0xFFDF, 0xFFDF, 0xFFDF, 0xFFDF, 0xFFDF, 0xFFDF, 0xFFDF, 0xFFDF,
    0xFFDF, 0xFFDF, 0xFFDF, 0xFFDF, 0xFFDF, 0xFFDF, 0xFFDF, 0xFFDF, 0xFFDF, 0xFFDF, 0xFFDF, 0xFFBE,
    0xFFFF, 0x93D0, 0xC820, 0xE5C2, 0xAFE4, 0xB7A3, 0xB7A4, 0xB7C4, 0xBFA4, 0xFB41, 0x7000, 0x0020,
    0x0000, 0x0000, 0x0000, 0x0000, 0x0000, 0x0000, 0x0000, 0x0000, 0x0000, 0x0000, 0x0000, 0x0000,
    0x0000, 0x0000, 0x0000, 0x0000, 0x0000, 0x0000, 0x0000, 0x0000, 0x0000, 0x0000, 0x0000, 0x0000,
    0x0000, 0x0000, 0x0000, 0x0000, 0x0000, 0x0000, 0x0000, 0x0000, 0x0000, 0x0000, 0x0000, 0x0000,
    0x0000, 0x0000, 0x0000, 0x0000, 0x0000, 0x0000, 0x0000, 0x0000, 0x0000, 0x0000, 0x0000, 0x0000,
    0x0000, 0x0000, 0x0000, 0x0000, 0x0000, 0x0000, 0x0000, 0x0800, 0x9000, 0xFA41, 0xBF63, 0xB7C4,
    0xB7A4, 0xB7A4, 0xAFE4, 0xC784, 0xE9C0, 0x8209, 0xF7FF, 0xFFDF, 0xFFFF, 0xFFFF, 0xFFFF, 0xFFFF,
    0xFFFF, 0xFFFF, 0xFFFF, 0xFFFF, 0xFFFF, 0xFFFF, 0xFFFF, 0xFFFF, 0xFFFF, 0xFFFF, 0xFFFF, 0xFFFF,
    0xFFFF, 0xFFFF, 0xFFFF, 0xFFFF, 0xFFFF, 0xFFFF, 0xFFFF, 0xFFFF, 0xFFDF, 0xFFDF, 0xFFDF, 0xFFFF,
    0xFFFF, 0xFFFF, 0xFFFF, 0xFFFF, 0xFFFF, 0xFFFF, 0xFFFF, 0xFFFF, 0xFFFF, 0xFFFF, 0xFFFF, 0xFFFF,
    0xFFFF, 0xFFFF, 0xFFFF, 0xFFFF, 0xFFFF, 0xFFFF, 0xFFFF, 0xFFFF, 0xFFFF, 0xFFFF, 0xFFFF, 0xFFFF,
    0xFFFF, 0xFFDF, 0xFFFF, 0xFFFF, 0xFFFF, 0xFE59, 0xFC70, 0xFB69, 0xFCD2, 0xFFFF, 0xFFFF, 0xFFFF,
    0xFFFF, 0xFFFF, 0xFFFF, 0xFFFF, 0xFFFF, 0xFFFF, 0xFFFF, 0xFFFF, 0xFFFF, 0xFFFF, 0xFFFF, 0xFFFF,
    0xFFFF, 0xFFFF, 0xFFFF, 0xFFFF, 0xFFFF, 0xFFFF, 0xFFFF, 0xFFFF, 0xFFFF, 0xFFFF, 0xFFFF, 0xFFFF,
    0xFFFF, 0xEF5E, 0xC649, 0xEFC0, 0xE774, 0xFFFF, 0xFFFF, 0xFFFF, 0xFFFF, 0xFFFF, 0xFFFF, 0xFFFF,
    0xFFFF, 0xFFFF, 0xFFFF, 0xFFFF, 0xFFFF, 0xFFFF, 0xFFFF, 0xFFFF, 0xFFFF, 0xFFFF, 0xFFFF, 0xFFFF,
    0xFFFF, 0xFFFF, 0xFFFF, 0xFFFF, 0xFFFF, 0xFFFF, 0xFFFF, 0xFFFF, 0xFFFF, 0xFFFF, 0xFFFF, 0xFFFF,
    0xFFFF, 0xFFFF, 0xFFDF, 0xFFFF, 0xAD35, 0xB800, 0xEDA3, 0xAFE4, 0xB784, 0xB7A4, 0xB7A4, 0xAFE4,
    0xE542, 0xE040, 0x2800, 0x1800, 0x0800, 0x0000, 0x0000, 0x0000, 0x0000, 0x0000, 0x0000, 0x0000,
    0x0000, 0x0000, 0x0000, 0x0000, 0x0000, 0x0000, 0x0000, 0x0000, 0x0000, 0x0000, 0x0000, 0x0000,
    0x0000, 0x0000, 0x0000, 0x0000, 0x0000, 0x0000, 0x0000, 0x0000, 0x0000, 0x0000, 0x0000, 0x0000,
    0x0000, 0x0000, 0x0000, 0x0000, 0x0000, 0x0000, 0x0000, 0x0000, 0x0000, 0x0000, 0x0000, 0x0000,
    0x0000, 0x0000, 0x0000, 0x0000, 0x0000, 0x0000, 0x2000, 0x5000, 0x8000, 0xB040, 0xD0C0, 0xE940,
    0xF1A1, 0xFA20, 0xE542, 0xAFE4, 0xB7A4, 0xB7A4, 0xB7A4, 0xAFE4, 0xD724, 0xC8C0, 0x9C31, 0xFFFF,
    0xFFDF, 0xFFFF, 0xFFFF, 0xFFFF, 0xFFFF, 0xFFFF, 0xFFFF, 0xFFFF, 0xFFFF, 0xFFFF, 0xFFFF, 0xFFFF,
    0xFFFF, 0xFFFF, 0xFFFF, 0xFFFF, 0xFFFF, 0xFFFF, 0xFFFF, 0xFFFF, 0xFFDF, 0xFFFF, 0xFFFF, 0xFFFF,
    0xFFFF, 0xFFFF, 0xFFFF, 0xFFFF, 0xFFFF, 0xFFFF, 0xFFDF, 0xFFFF, 0xFFFF, 0xFFFF, 0xFFFF, 0xFFFF,
    0xFFFF, 0xFFFF, 0xFFFF, 0xFFFF, 0xFFFF, 0xFFFF, 0xFFFF, 0xFFFF, 0xFFFF, 0xFFFF, 0xFFFF, 0xFFFF,
    0xFFFF, 0xFFFF, 0xFFFF, 0xFFDF, 0xFFFF, 0xFFFF, 0xFF9E, 0xFD35, 0xFB08, 0xE9E0, 0xA9C0, 0x9280,
    0xF220, 0xFE59, 0xFFFF, 0xFFFF, 0xFFFF, 0xFFFF, 0xFFFF, 0xFFFF, 0xFFFF, 0xFFFF, 0xFFFF, 0xFFFF,
    0xFFFF, 0xFFFF, 0xFFFF, 0xFFFF, 0xFFFF, 0xFFFF, 0xFFFF, 0xFFFF, 0xFFFF, 0xFFFF, 0xFFFF, 0xFFFF,
    0xFFFF, 0xFFFF, 0xFFFF, 0xFFFF, 0xEF5E, 0xBE29, 0xEFE0, 0xDF2D, 0xFFDF, 0xFFFF, 0xFFFF, 0xFFFF,
    0xFFFF, 0xFFFF, 0xFFFF, 0xFFFF, 0xFFFF, 0xFFFF, 0xFFFF, 0xFFFF, 0xFFFF, 0xFFFF, 0xFFFF, 0xFFFF,
    0xFFFF, 0xFFFF, 0xFFFF, 0xFFFF, 0xFFFF, 0xFFFF, 0xFFFF, 0xFFFF, 0xFFFF, 0xFFFF, 0xFFFF, 0xFFFF,
    0xFFFF, 0xFFFF, 0xFFFF, 0xFFFF, 0xFFFF, 0xFFFF, 0xFFFF, 0xD71C, 0xA062, 0xF462, 0xAFE4, 0xB7A4,
    0xB7A4, 0xB7A4, 0xB7C4, 0xC703, 0xFB61, 0xF201, 0xF1E1, 0xE981, 0xD8E1, 0xC060, 0x9800, 0x6000,
    0x2800, 0x0000, 0x0000, 0x0000, 0x0000, 0x0000, 0x0000, 0x0000, 0x0000, 0x0000, 0x0000, 0x0000,
    0x0000, 0x0000, 0x0000, 0x0000, 0x0000, 0x0000, 0x0000, 0x0000, 0x0000, 0x0000, 0x0000, 0x0000,
    0x0000, 0x0000, 0x0000, 0x0000, 0x0000, 0x0000, 0x0000, 0x0000, 0x0000, 0x0000, 0x0000, 0x0000,
    0x0000, 0x0000, 0x0000, 0x0000, 0x0000, 0x0000, 0x0000, 0x2800, 0x7800, 0xC880, 0xF1A1, 0xFAC1,
    0xFC01, 0xF502, 0xE5C2, 0xDE43, 0xCEA3, 0xCEA3, 0xC6A3, 0xB7A4, 0xB7A4, 0xB7A4, 0xB7A4, 0xB7A4,
    0xAFE4, 0xE5C2, 0xA8A1, 0xCEDB, 0xFFFF, 0xFFFF, 0xFFFF, 0xFFFF, 0xFFFF, 0xFFFF, 0xFFFF, 0xFFFF,
    0xFFFF, 0xFFFF, 0xFFFF, 0xFFFF, 0xFFFF, 0xFFFF, 0xFFFF, 0xFFFF, 0xFFFF, 0xFFFF, 0xFFFF, 0xFFFF,
    0xFFFF, 0xFFFF, 0xFF7E, 0xFE9A, 0xFDD6, 0xFD95, 0xFD96, 0xFE39, 0xFF7E, 0xFFFF, 0xFFFF, 0xFFFF,
    0xFFFF, 0xFFFF, 0xFFFF, 0xFFFF, 0xFFFF, 0xFFFF, 0xFFFF, 0xFFFF, 0xFFFF, 0xFFFF, 0xFFFF, 0xFFFF,
    0xFFFF, 0xFFFF, 0xFFFF, 0xFFFF, 0xFFFF, 0xFFFF, 0xFFFF, 0xFFFF, 0xFF9E, 0xFCD3, 0xFA85, 0xD9A0,
    0x9240, 0x6BC2, 0x8E24, 0x6D23, 0xC240, 0xFD52, 0xFFFF, 0xFFDF, 0xFFFF, 0xFFFF, 0xFFFF, 0xFFFF,
    0xFFFF, 0xFFFF, 0xFFFF, 0xFFFF, 0xFFFF, 0xFFFF, 0xFFFF, 0xFFFF, 0xFFFF, 0xFFFF, 0xFFFF, 0xFFFF,
    0xFFFF, 0xFFFF, 0xFFFF, 0xFFFF, 0xFFFF, 0xFFFF, 0xFFFF, 0xEF5E, 0xB5E9, 0xEFE0, 0xDF28, 0xF79F,
    0xFFFF, 0xFFFF, 0xFFFF, 0xFFFF, 0xFFFF, 0xFFFF, 0xFFFF, 0xFFFF, 0xFFFF, 0xFFFF, 0xFFFF, 0xFFFF,
    0xFFFF, 0xFFFF, 0xFFFF, 0xFFFF, 0xFFFF, 0xFFFF, 0xFFFF, 0xFFFF, 0xFFFF, 0xFFFF, 0xFFFF, 0xFFFF,
    0xFFFF, 0xFFFF, 0xFFFF, 0xFFFF, 0xFFFF, 0xFFFF, 0xFFFF, 0xFFFF, 0xFFFF, 0xFFDF, 0xF7FF, 0x9A6A,
    0xF260, 0xBFC4, 0xB7A4, 0xB7A4, 0xB7A4, 0xB7A4, 0xB7C4, 0xBF64, 0xBF43, 0xBF83, 0xBF63, 0xC723,
    0xD6A3, 0xE5E3, 0xF4C2, 0xFB41, 0xF9E1, 0xD080, 0x8000, 0x2800, 0x0000, 0x0000, 0x0000, 0x0000,
    0x0000, 0x0000, 0x0000, 0x0000, 0x0000, 0x0000, 0x0000, 0x0000, 0x0000, 0x0000, 0x0000, 0x0000,
    0x0000, 0x0000, 0x0000, 0x0000, 0x0000, 0x0000, 0x0000, 0x0000, 0x0000, 0x0000, 0x0000, 0x0000,
    0x0000, 0x0000, 0x0000, 0x0000, 0x0000, 0x0000, 0x0000, 0x0000, 0x0000, 0x4800, 0xB840, 0xF9C1,
    0xFBA1, 0xED62, 0xCEC3, 0xBF63, 0xAFC4, 0xAFE4, 0xAFE4, 0xAFE4, 0xAFE4, 0xB7E4, 0xB7E4, 0xB7A4,
    0xB7A4, 0xB7A4, 0xB7A4, 0xB7A4, 0xB7A4, 0xB7E4, 0xE340, 0x9AAB, 0xFFFF, 0xFFDF, 0xFFFF, 0xFFFF,
    0xFFFF, 0xFFFF, 0xFFFF, 0xFFFF, 0xFFFF, 0xFFFF, 0xFFFF, 0xFFFF, 0xFFFF, 0xFFFF, 0xFFFF, 0xFFFF,
    0xFFFF, 0xFFFF, 0xFFFF, 0xFEFC, 0xFD13, 0xFB6B, 0xFA64, 0xE1C1, 0xC980, 0xC1A0, 0xD1A0, 0xF1C0,
    0xFA64, 0xFB8C, 0xFD34, 0xFEDC, 0xFFFF, 0xFFFF, 0xFFFF, 0xFFFF, 0xFFFF, 0xFFFF, 0xFFFF, 0xFFFF,
    0xFFFF, 0xFFFF, 0xFFFF, 0xFFFF, 0xFFFF, 0xFFFF, 0xFFFF, 0xFFFF, 0xFFFF, 0xFFFF, 0xFFFF, 0xFD76,
    0xFAA6, 0xDA20, 0x8AC0, 0x6C82, 0x96A4, 0xB7E4, 0xCFE4, 0x8E43, 0xB220, 0xFD31, 0xFFFF, 0xFFDF,
    0xFFFF, 0xFFFF, 0xFFFF, 0xFFFF, 0xFFFF, 0xFFFF, 0xFFFF, 0xFFFF, 0xFFFF, 0xFFFF, 0xFFFF, 0xFFFF,
    0xFFFF, 0xFFFF, 0xFFFF, 0xFFFF, 0xFFFF, 0xFFFF, 0xFFFF, 0xFFFF, 0xFFFF, 0xFFFF, 0xEF5F, 0xAD8A,
    0xEFC0, 0xDF23, 0xE75C, 0xFFFF, 0xFFFF, 0xFFFF, 0xFFFF, 0xFFFF, 0xFFFF, 0xFFFF, 0xFFFF, 0xFFFF,
    0xFFFF, 0xFFFF, 0xFFFF, 0xFFFF, 0xFFFF, 0xFFFF, 0xFFFF, 0xFFFF, 0xFFFF, 0xFFFF, 0xFFFF, 0xFFFF,
    0xFFFF, 0xFFFF, 0xFFFF, 0xFFFF, 0xFFFF, 0xFFFF, 0xFFFF, 0xFFFF, 0xFFFF, 0xFFFF, 0xFFFF, 0xFFFF,
    0xFFDF, 0xFFFF, 0xBDD7, 0xD0A0, 0xDEA3, 0xAFE4, 0xB7A4, 0xB7A4, 0xB7A4, 0xB7A4, 0xB7A4, 0xB7C4,
    0xB7C4, 0xB7C4, 0xB7C4, 0xB7C4, 0xAFE4, 0xAFE4, 0xAFE4, 0xB7E4, 0xC743, 0xDDE3, 0xFC02, 0xF9C1,
    0xB040, 0x4000, 0x0000, 0x0000, 0x0000, 0x0000, 0x0000, 0x0000, 0x0000, 0x0000, 0x0000, 0x0000,
    0x0000, 0x0000, 0x0000, 0x0000, 0x0000, 0x0000, 0x0000, 0x0000, 0x0000, 0x0000, 0x0000, 0x0000,
    0x0000, 0x0000, 0x0000, 0x0000, 0x0000, 0x0000, 0x0000, 0x0000, 0x0000, 0x0000, 0x0000, 0x3800,
    0xB840, 0xFA21, 0xF4C2, 0xCEC3, 0xB7C4, 0xAFE4, 0xAFE4, 0xB7C4, 0xB7A4, 0xB7A4, 0xB7A4, 0xB7A4,
    0xB7A4, 0xB7A4, 0xB7A4, 0xB7A4, 0xB7A4, 0xB7A4, 0xB7A4, 0xB7A4, 0xB7A4, 0xAFC4, 0xD703, 0xC141,
    0xCE5A, 0xFFFF, 0xFFFF, 0xFFFF, 0xFFFF, 0xFFFF, 0xFFFF, 0xFFFF, 0xFFFF, 0xFFFF, 0xFFFF, 0xFFFF,
    0xFFFF, 0xFFFF, 0xFFDF, 0xFFFF, 0xFFFF, 0xFE39, 0xFBAC, 0xFA02, 0xD1C0, 0xA260, 0x8381, 0x7CA2,
    0x85A3, 0x8E23, 0x8DC3, 0x8462, 0x9320, 0xBA60, 0xEA80, 0xFA62, 0xFACA, 0xFFDF, 0xFFFF, 0xFFFF,
    0xFFFF, 0xFFFF, 0xFFFF, 0xFFFF, 0xFFFF, 0xFFFF, 0xFFFF, 0xFFFF, 0xFFFF, 0xFFFF, 0xFFFF, 0xFFFF,
    0xFFFF, 0xFFDF, 0xFBEE, 0xE240, 0x71C0, 0x3AC2, 0x8624, 0xC7E4, 0xBFE4, 0xB784, 0xBFC4, 0x8624,
    0xBA20, 0xFD31, 0xFFFF, 0xFFDF, 0xFFFF, 0xFFFF, 0xFFFF, 0xFFFF, 0xFFFF, 0xFFFF, 0xFFFF, 0xFFFF,
    0xFFFF, 0xFFFF, 0xFFFF, 0xFFFF, 0xFFFF, 0xFFFF, 0xFFFF, 0xFFFF, 0xFFFF, 0xFFFF, 0xFFFF, 0xFFFF,
    0xFFFF, 0xEF7F, 0xADAA, 0xEFA0, 0xDF41, 0xD6D7, 0xFFFF, 0xFFFF, 0xFFFF, 0xFFFF, 0xFFFF, 0xFFFF,
    0xFFFF, 0xFFFF, 0xFFFF, 0xFFFF, 0xFFFF, 0xFFFF, 0xFFFF, 0xFFFF, 0xFFFF, 0xFFFF, 0xFFFF, 0xFFFF,
    0xFFFF, 0xFFFF, 0xFFFF, 0xFFFF, 0xFFFF, 0xFFFF, 0xFFFF, 0xFFFF, 0xFFFF, 0xFFFF, 0xFFFF, 0xFFFF,
    0xFFFF, 0xFFFF, 0xFFFF, 0xFFFF, 0xFFFF, 0xF7FF, 0xB1E8, 0xEBA0, 0xB7E4, 0xB7A4, 0xB7A4, 0xB7A4,
    0xB7A4, 0xB7A4, 0xB7A4, 0xB7A4, 0xB7A4, 0xB7A4, 0xB7A4, 0xB7A4, 0xB7A4, 0xB7A4, 0xB7A4, 0xB7A4,
    0xB7C4, 0xAFE4, 0xAFE4, 0xC703, 0xED02, 0xFA21, 0xA820, 0x2000, 0x0000, 0x0000, 0x0000, 0x0000,
    0x0000, 0x0000, 0x0000, 0x0000, 0x0000, 0x0000, 0x0000, 0x0000, 0x0000, 0x0000, 0x0000, 0x0000,
    0x0000, 0x0000, 0x0000, 0x0000, 0x0000, 0x0000, 0x0000, 0x0000, 0x0000, 0x0000, 0x0000, 0x0000,
    0x0000, 0x0000, 0x8000, 0xF940, 0xF482, 0xC703, 0xAFE4, 0xAFE4, 0xB7A4, 0xB7A4, 0xB7A4, 0xB7A4,
    0xB7A4, 0xB7A4, 0xB7A4, 0xB7A4, 0xB7A4, 0xB7A4, 0xB7A4, 0xB7A4, 0xB7A4, 0xB7A4, 0xB7A4, 0xB7A4,
    0xB7A4, 0xB784, 0xB7E4, 0xE3A0, 0xAB0C, 0xFFFF, 0xFFDF, 0xFFFF, 0xFFFF, 0xFFFF, 0xFFFF, 0xFFFF,
    0xFFFF, 0xFFFF, 0xFFFF, 0xFFFF, 0xFFFF, 0xFFFF, 0xFFFF, 0xFE5A, 0xFB4B, 0xE9E0, 0xB260, 0x8C01,
    0x8DE3, 0x9F64, 0xA7E4, 0xA7A4, 0x96E4, 0x8DE3, 0x9E83, 0xB7E4, 0xAFA4, 0x6543, 0x8AA1, 0xFA80,
    0xFCB3, 0xFFFF, 0xFFFF, 0xFFFF, 0xFFFF, 0xFFFF, 0xFFFF, 0xFFFF, 0xFFFF, 0xFFFF, 0xFFFF, 0xFFFF,
    0xFFFF, 0xFFFF, 0xFFFF, 0xFFFF, 0xFFFF, 0xFFBF, 0xFA86, 0xE2A0, 0xC220, 0xD2A0, 0x8281, 0x96A3,
    0xBFC4, 0xB784, 0xBFE4, 0x8E44, 0xBA20, 0xFD52, 0xFFFF, 0xFFDF, 0xFFFF, 0xFFFF, 0xFFFF, 0xFFFF,
    0xFFFF, 0xFFFF, 0xFFFF, 0xFFFF, 0xFFFF, 0xFFFF, 0xFFFF, 0xFFFF, 0xFFFF, 0xFFFF, 0xFFFF, 0xFFFF,
    0xFFFF, 0xFFFF, 0xFFFF, 0xFFFF, 0xEF7F, 0xB5AB, 0xEFA0, 0xE7A0, 0xCE71, 0xFFFF, 0xFFFF, 0xFFFF,
    0xFFFF, 0xFFFF, 0xFFFF, 0xFFFF, 0xFFFF, 0xFFFF, 0xFFFF, 0xFFFF, 0xFFFF, 0xFFFF, 0xFFFF, 0xFFFF,
    0xFFFF, 0xFFFF, 0xFFFF, 0xFFFF, 0xFFFF, 0xFFFF, 0xFFFF, 0xFFFF, 0xFFFF, 0xFFFF, 0xFFFF, 0xFFFF,
    0xFFFF, 0xFFFF, 0xFFFF, 0xFFFF, 0xFFFF, 0xFFFF, 0xFFFF, 0xFFDF, 0xFFFF, 0xCE39, 0xD900, 0xD6E3,
    0xAFC4, 0xB784, 0xB7A4, 0xB7A4, 0xB7C4, 0xAFC4, 0xAFE4, 0xAFE4, 0xAFE4, 0xAFC4, 0xB7C4, 0xB7A4,
    0xB7A4, 0xB7A4, 0xB7A4, 0xB7A4, 0xB7A4, 0xB7A4, 0xB7A4, 0xB7C4, 0xAFE4, 0xBF43, 0xF482, 0xE920,
    0x5800, 0x0000, 0x0000, 0x0000, 0x0000, 0x0000, 0x0000, 0x0000, 0x0000, 0x0000, 0x0000, 0x0000,
    0x0000, 0x0000, 0x0000, 0x0000, 0x0000, 0x0000, 0x0000, 0x0000, 0x0000, 0x0000, 0x0000, 0x0000,
    0x0000, 0x0000, 0x0000, 0x0000, 0x1000, 0xB000, 0xFA81, 0xCE43, 0xAFE4, 0xAFC4, 0xB7A4, 0xB7A4,
    0xB7A4, 0xB7A4, 0xB7A4, 0xB7A4, 0xB7C4, 0xAFE4, 0xAFE4, 0xB7E4, 0xB7E4, 0xBFE4, 0xBFE4, 0xBFE4,
    0xBFE4, 0xB7E4, 0xB7E4, 0xB7E4, 0xAFE4, 0xAFE4, 0xAFE4, 0xD662, 0xC182, 0xDF3D, 0xFFFF, 0xFFFF,
    0xFFFF, 0xFFFF, 0xFFFF, 0xFFFF, 0xFFFF, 0xFFFF, 0xFFFF, 0xFFDF, 0xFFFF, 0xFF7E, 0xFC0F, 0xF1E1,
    0xB280, 0x8CC2, 0x9F04, 0xAFE4, 0x96E4, 0x8523, 0x8B81, 0x9A60, 0xB200, 0xB1E0, 0x7462, 0xBFC4,
    0xAFA4, 0x7BE2, 0xEA20, 0xFC51, 0xFFFF, 0xFFFF, 0xFFFF, 0xFFFF, 0xFFFF, 0xFFFF, 0xFFFF, 0xFFFF,
    0xFFFF, 0xFFFF, 0xFFFF, 0xFFFF, 0xFFFF, 0xFFFF, 0xFFFF, 0xFFFF, 0xFFFF, 0xFFFF, 0xFF5D, 0xFDF7,
    0xFE17, 0xFC2F, 0xC1C0, 0x8623, 0xBFE4, 0xB783, 0xBFE4, 0x8E43, 0xBA40, 0xFD52, 0xFFFF, 0xFFDF,
    0xFFFF, 0xFFFF, 0xFFFF, 0xFFFF, 0xFFFF, 0xFFFF, 0xFFFF, 0xFFFF, 0xFFFF, 0xFFFF, 0xFFFF, 0xCE9A,
    0xFFFF, 0xFFFF, 0xFFFF, 0xFFFF, 0xFFFF, 0xFFFF, 0xFFFF, 0xEF9F, 0xB5AB, 0xE780, 0xF7C0, 0xC62B,
    0xF7BF, 0xFFFF, 0xFFFF, 0xFFFF, 0xFFFF, 0xFFFF, 0xFFFF, 0xFFFF, 0xFFFF, 0xFFFF, 0xFFFF, 0xFFFF,
    0xFFFF, 0xFFFF, 0xFFFF, 0xFFFF, 0xFFFF, 0xFFFF, 0xFFFF, 0xFFFF, 0xFFFF, 0xFFFF, 0xFFFF, 0xFFFF,
    0xFFFF, 0xFFFF, 0xFFFF, 0xFFFF, 0xFFFF, 0xFFFF, 0xFFFF, 0xFFFF, 0xFFFF, 0xFFFF, 0xFFFF, 0xFFDF,
    0xFFFF, 0xBB0D, 0xE320, 0xAFE4, 0xAFE4, 0xAFE4, 0xB7E4, 0xBFC4, 0xC784, 0xCF23, 0xD6E3, 0xD6C3,
    0xCEE3, 0xCF23, 0xC7A4, 0xBFE4, 0xB7E4, 0xAFE4, 0xB7C4, 0xB7A4, 0xB7A4, 0xB7A4, 0xB7A4, 0xB7A4,
    0xB7A4, 0xB7E4, 0xB7E4, 0xDE43, 0xFA61, 0x8800, 0x0000, 0x0000, 0x0000, 0x0000, 0x0000, 0x0000,
    0x0000, 0x0000, 0x0000, 0x0000, 0x0000, 0x0000, 0x0000, 0x0000, 0x0000, 0x0000, 0x0000, 0x0000,
    0x0000, 0x0000, 0x0000, 0x0000, 0x0000, 0x0000, 0x0000, 0x2000, 0xD040, 0xFBC1, 0xC783, 0xB7E4,
    0xBFC3, 0xBFC4, 0xB7C4, 0xB7A4, 0xB7A4, 0xB7A4, 0xAFE4, 0xB7E4, 0xC784, 0xDE42, 0xE4E1, 0xE3C0,
    0xDAE0, 0xD280, 0xCA60, 0xCA60, 0xCAA0, 0xD300, 0xDB80, 0xDC40, 0xDD41, 0xD663, 0xC764, 0xC7E4,
    0xE2C0, 0xBCB3, 0xFFFF, 0xFFDF, 0xFFFF, 0xFFFF, 0xFFFF, 0xFFFF, 0xFFFF, 0xFFFF, 0xFFDF, 0xFFFF,
    0xFE59, 0xFA66, 0xC220, 0x8CA2, 0xA724, 0xB7E4, 0x8E23, 0x8BC1, 0xB220, 0xE160, 0xF9C3, 0xFB4B,
    0xFB0B, 0xD200, 0x9683, 0xBFE4, 0x7462, 0xDA20, 0xFB8C, 0xFFFF, 0xFFDF, 0xFFFF, 0xFFFF, 0xFFFF,
    0xFFFF, 0xFFFF, 0xFFFF, 0xFFFF, 0xFFFF, 0xFFFF, 0xFFFF, 0xFFFF, 0xFFFF, 0xFFFF, 0xFFFF, 0xFFFF,
    0xFFFF, 0xFFFF, 0xFFFF, 0xFFFF, 0xFFFF, 0xFDB6, 0xB9A0, 0x8E63, 0xBFE4, 0xB784, 0xBFE4, 0x8E43,
    0xBA40, 0xFD52, 0xFFFF, 0xFFDF, 0xFFFF, 0xFFFF, 0xFFFF, 0xFFFF, 0xFFFF, 0xFFFF, 0xFFFF, 0xFFFF,
    0xFFFF, 0xFFFF, 0xFFFF, 0xB595, 0xAD53, 0xFFFF, 0xFFDF, 0xFFFF, 0xFFFF, 0xFFFF, 0xF79F, 0xAD8B,
    0xE760, 0xFFE0, 0xBE26, 0xEF5E, 0xFFFF, 0xFFFF, 0xFFFF, 0xFFFF, 0xFFFF, 0xFFFF, 0xFFFF, 0xFFFF,
    0xFFFF, 0xFFFF, 0xFFFF, 0xFFFF, 0xFFFF, 0xFFFF, 0xFFFF, 0xFFFF, 0xFFFF, 0xFFFF, 0xFFFF, 0xFFFF,
    0xFFFF, 0xFFFF, 0xFFFF, 0xFFFF, 0xFFFF, 0xFFFF, 0xFFFF, 0xFFFF, 0xFFFF, 0xFFFF, 0xFFFF, 0xFFFF,
    0xFFFF, 0xFFFF, 0xFFFF, 0xFFFF, 0xE7BE, 0xC964, 0xDDE2, 0xCF24, 0xE5A2, 0xEC41, 0xEB00, 0xE200,
    0xD980, 0xD940, 0xD140, 0xD140, 0xD141, 0xD160, 0xD9E0, 0xE2A0, 0xEC00, 0xDDC2, 0xC723, 0xB7E4,
    0xAFE4, 0xB7C4, 0xB7C4, 0xBFE4, 0xBFC4, 0xB784, 0xA744, 0x9FA4, 0xBE83, 0xFAA1, 0x9820, 0x0800,
    0x0000, 0x0000, 0x0000, 0x0000, 0x0000, 0x0000, 0x0000, 0x0000, 0x0000, 0x0000, 0x0000, 0x0000,
    0x0000, 0x0000, 0x0000, 0x0000, 0x0000, 0x0000, 0x0000, 0x0000, 0x0000, 0x0000, 0x1800, 0xC0A1,
    0xE322, 0xB5A3, 0x8EE4, 0x96C4, 0x9704, 0xA724, 0xAF64, 0xB7C4, 0xBFE4, 0xBFC4, 0xDE63, 0xEBC1,
    0xD9A0, 0xB902, 0xB1A7, 0xAACC, 0xB3D0, 0xBCD4, 0xBD36, 0xBD77, 0xC556, 0xC4F4, 0xBC11, 0xB30C,
    0xB9E7, 0xC122, 0xD120, 0xEA60, 0xFA60, 0xC2A9, 0xF7FF, 0xFFFF, 0xFFFF, 0xFFFF, 0xFFFF, 0xFFFF,
    0xFFFF, 0xFFDF, 0xFFFF, 0xFD75, 0xF1A2, 0x9B20, 0x9664, 0xBFE4, 0x9F04, 0x83E2, 0xBA00, 0xF981,
    0xFAEA, 0xFD55, 0xFF3D, 0xF7FF, 0xFC4F, 0xA260, 0xA7E4, 0x8583, 0xCA60, 0xFAE8, 0xFF9F, 0xFFFF,
    0xFFFF, 0xFFFF, 0xFFFF, 0xFFFF, 0xFFFF, 0xFFFF, 0xFFFF, 0xFFFF, 0xFFFF, 0xFFFF, 0xFFFF, 0xFFFF,
    0xFFFF, 0xFFFF, 0xFFFF, 0xFFFF, 0xFFFF, 0xFFFF, 0xFFFF, 0xFFBE, 0xFFDF, 0xFCF3, 0xB9C0, 0x8E84,
    0xBFE4, 0xB784, 0xBFE4, 0x8E43, 0xBA40, 0xFD32, 0xFFFF, 0xFFDF, 0xFFFF, 0xFFFF, 0xFFFF, 0xFFFF,
    0xFFFF, 0xFFFF, 0xFFFF, 0xFFFF, 0xFFFF, 0xFFFF, 0xFFFF, 0xFFDE, 0x9446, 0xD678, 0xFFFF, 0xC634,
    0xFFFF, 0xF79F, 0xAD4C, 0xE700, 0xFFE1, 0xC642, 0xDEDB, 0xFFFF, 0xFFFF, 0xFFFF, 0xFFFF, 0xFFFF,
    0xFFFF, 0xFFFF, 0xFFFF, 0xFFFF, 0xFFFF, 0xFFFF, 0xFFFF, 0xFFFF, 0xFFFF, 0xFFFF, 0xFFFF, 0xFFFF,
    0xFFFF, 0xFFFF, 0xFFFF, 0xFFFF, 0xFFFF, 0xFFFF, 0xFFFF, 0xFFFF, 0xFFFF, 0xFFFF, 0xFFFF, 0xFFFF,
    0xFFFF, 0xFFFF, 0xFFFF, 0xFFFF, 0xFFFF, 0xFFFF, 0xFFDF, 0xFFFF, 0xD618, 0xE0A0, 0xF260, 0xD8E0,
    0xC0C1, 0xB166, 0xB2AC, 0xBC11, 0xC535, 0xCE19, 0xD67A, 0xD67A, 0xD65A, 0xC5D8, 0xBCF4, 0xB38F,
    0xB229, 0xC143, 0xE1E1, 0xF3E1, 0xDE03, 0xBF83, 0xA784, 0x7624, 0x34C4, 0x1C44, 0x1424, 0x0C04,
    0x0C64, 0x2484, 0x4BC4, 0x19C2, 0x0000, 0x0000, 0x0000, 0x0000, 0x0000, 0x0000, 0x0000, 0x0000,
    0x0000, 0x0000, 0x0000, 0x0000, 0x0000, 0x0000, 0x0000, 0x0000, 0x0000, 0x0000, 0x0000, 0x0000,
    0x0000, 0x0000, 0x1000, 0x2101, 0x0A62, 0x0B44, 0x0C04, 0x0404, 0x03E4, 0x0C04, 0x1444, 0x2C84,
    0x5DA4, 0xD3C2, 0xB060, 0x826A, 0xB5D7, 0xE7BE, 0xF7FF, 0xFFFF, 0xFFFF, 0xFFFF, 0xFFFF, 0xFFFF,
    0xFFFF, 0xFFFF, 0xFFFF, 0xFFFF, 0xEFFF, 0xD71C, 0xBD56, 0xAB4E, 0xB186, 0x90A3, 0xDF3C, 0xFFFF,
    0xFFFF, 0xFFFF, 0xFFFF, 0xFFFF, 0xFFDF, 0xFFFF, 0xFCF3, 0xE140, 0x8401, 0xA764, 0xC7E4, 0x85A3,
    0x9AC0, 0xF1C0, 0xFB2B, 0xFE39, 0xFFFF, 0xFFFF, 0xFFFF, 0xFFBE, 0xFA25, 0x9421, 0x8EA4, 0xBAC0,
    0xFA44, 0xFF1C, 0xFFFF, 0xFFFF, 0xFFFF, 0xFFFF, 0xFFDF, 0xFFFF, 0xFFFF, 0xFFFF, 0xFFFF, 0xFFFF,
    0xFFFF, 0xFFFF, 0xFFFF, 0xFFFF, 0xFFFF, 0xFFFF, 0xFFFF, 0xFFFF, 0xFFFF, 0xFFFF, 0xFFFF, 0xFFDF,
    0xFFFF, 0xFCB2, 0xB9E0, 0x96C4, 0xBFE4, 0xB784, 0xBFE4, 0x8E64, 0xBA40, 0xFD32, 0xFFFF, 0xFFDF,
    0xFFFF, 0xFFFF, 0xFFFF, 0xFFFF, 0xFFFF, 0xFFFF, 0xFFFF, 0xFFFF, 0xFFFF, 0xFFFF, 0xFFFF, 0xFFFF,
    0xD651, 0xACA2, 0xD6DD, 0xC5C9, 0xDEFA, 0xAD2D, 0xDEC0, 0xFFC1, 0xD680, 0xC635, 0xFFFF, 0xFFFF,
    0xFFFF, 0xFFFF, 0xFFFF, 0xFFFF, 0xFFFF, 0xFFFF, 0xFFFF, 0xFFFF, 0xFFFF, 0xFFFF, 0xFFFF, 0xFFFF,
    0xFFFF, 0xFFFF, 0xFFFF, 0xFFFF, 0xFFFF, 0xFFFF, 0xFFFF, 0xFFFF, 0xFFFF, 0xFFFF, 0xFFFF, 0xFFFF,
    0xFFFF, 0xFFFF, 0xFFFF, 0xFFFF, 0xFFFF, 0xFFFF, 0xFFFF, 0xFFFF, 0xFFFF, 0xFFFF, 0xFFDF, 0xFFFF,
    0xAC71, 0xA124, 0xAB0D, 0xB535, 0xD6FB, 0xEFFF, 0xFFFF, 0xFFFF, 0xFFFF, 0xFFFF, 0xFFFF, 0xFFFF,
    0xFFFF, 0xFFFF, 0xFFFF, 0xFFFF, 0xFFFF, 0xDFFF, 0xA556, 0x80E5, 0xA981, 0x9424, 0x74A4, 0x2444,
    0x03E4, 0x03C4, 0x0404, 0x0424, 0x1B64, 0x1222, 0x0141, 0x0880, 0x0000, 0x0000, 0x0000, 0x0000,
    0x0000, 0x0000, 0x0000, 0x0000, 0x0000, 0x0000, 0x0000, 0x0000, 0x0000, 0x0000, 0x0000, 0x0000,
    0x0000, 0x0000, 0x0000, 0x0000, 0x0000, 0x0000, 0x0000, 0x0000, 0x0000, 0x0820, 0x1941, 0x1B03,
    0x0C24, 0x0404, 0x03E4, 0x03C4, 0x03C4, 0x63A4, 0xD1C1, 0xB903, 0x9209, 0xA4B3, 0xDF7D, 0xFFFF,
    0xFFDF, 0xF7DE, 0xFFDF, 0xFFDF, 0xFFDF, 0xFFDF, 0xFFDF, 0xFFDF, 0xFFFF, 0xFFFF, 0xFFFF, 0xFFFF,
    0xEFFF, 0xCEBA, 0xEF7D, 0xFFFF, 0xFFFF, 0xFFFF, 0xFFFF, 0xFFDF, 0xFFFF, 0xFCB2, 0xD940, 0x7C82,
    0xAFC4, 0xBFE4, 0x7D23, 0xBA60, 0xFA64, 0xFD76, 0xFFFF, 0xFFFF, 0xFFFF, 0xFFDE, 0xFFFF, 0xFE7A,
    0xE9C1, 0x6CA2, 0xB3C1, 0xF9C2, 0xFE39, 0xFFFF, 0xFFDF, 0xFFFF, 0xFFDF, 0xFFFF, 0xFFFF, 0xFFFF,
    0xFFFF, 0xFFFF, 0xFFFF, 0xFFFF, 0xFFFF, 0xFFFF, 0xFFFF, 0xFFFF, 0xFFFF, 0xFFFF, 0xFFFF, 0xFFFF,
    0xFFFF, 0xFFFF, 0xFFFF, 0xFFDF, 0xFFFF, 0xFCB1, 0xBA20, 0x96E4, 0xBFE4, 0xB7A4, 0xBFE4, 0x8E64,
    0xC240, 0xFD32, 0xFFFF, 0xFFDF, 0xFFFF, 0xFFFF, 0xFFFF, 0xFFFF, 0xFFFF, 0xFFFF, 0xFFFF, 0xFFFF,
    0xFFFF, 0xFFFF, 0xFFDF, 0xFFFF, 0xE73D, 0xCD62, 0xA4C8, 0xB526, 0xB523, 0xDE40, 0xFF81, 0xE6E0,
    0xBDF1, 0xFFFF, 0xFFFF, 0xFFFF, 0xFFFF, 0xFFFF, 0xFFFF, 0xFFFF, 0xFFFF, 0xFFFF, 0xFFFF, 0xFFFF,
    0xFFFF, 0xFFDF, 0xFFDF, 0xFFFF, 0xFFFF, 0xFFFF, 0xFFFF, 0xFFFF, 0xFFFF, 0xFFFF, 0xFFFF, 0xFFFF,
    0xFFFF, 0xFFFF, 0xFFFF, 0xFFFF, 0xFFFF, 0xFFFF, 0xFFFF, 0xFFFF, 0xFFFF, 0xFFFF, 0xFFFF, 0xFFFF,
    0xFFFF, 0xFFFF, 0xFFFF, 0xFFFF, 0xE73C, 0xE7BE, 0xFFFF, 0xFFFF, 0xFFFF, 0xFFFF, 0xFFDF, 0xFFDF,
    0xFFDF, 0xFFDF, 0xFFFF, 0xFFFF, 0xFFDF, 0xFFDE, 0xFFFF, 0xF7FF, 0xC638, 0xB30D, 0xB944, 0xD222,
    0xC463, 0x7504, 0x5CE4, 0x4D04, 0x2C64, 0x2C45, 0x2B84, 0x29A2, 0x1020, 0x0000, 0x0000, 0x0000,
    0x0000, 0x0000, 0x0000, 0x0000, 0x0000, 0x0000, 0x0000, 0x0000, 0x0000, 0x0000, 0x0000, 0x0000,
    0x0000, 0x0000, 0x0000, 0x0000, 0x0000, 0x0000, 0x0000, 0x0000, 0x0000, 0x0000, 0x0000, 0x0000,
    0x0000, 0x0000, 0x0000, 0x0800, 0x21C2, 0x3BE4, 0x1C24, 0x0404, 0x1C04, 0x65E4, 0xC763, 0xE562,
    0xF2C0, 0xC880, 0x88C3, 0x8C31, 0xE7BE, 0xFFFF, 0xFFDF, 0xFFFF, 0xFFFF, 0xFFFF, 0xFFFF, 0xFFFF,
    0xFFFF, 0xFFFF, 0xFFDF, 0xFFDF, 0xFFFF, 0xFFFF, 0xFFFF, 0xFFFF, 0xFFFF, 0xFFFF, 0xFFDF, 0xFFFF,
    0xFCD3, 0xD940, 0x7CA2, 0xB7E4, 0xBFE4, 0x7D43, 0xC260, 0xFAE7, 0xFEFC, 0xFFFF, 0xFFDF, 0xFFFF,
    0xFFFF, 0xFFDF, 0xFFFF, 0xFCB2, 0xB1C0, 0x8342, 0xFA00, 0xFD35, 0xFFFF, 0xFFDE, 0xFFDF, 0xFFFF,
    0xFFFF, 0xFF9E, 0xFCF3, 0xFE18, 0xFFFF, 0xFFFF, 0xFFFF, 0xFFFF, 0xFFFF, 0xFFFF, 0xFFFF, 0xFFFF,
    0xFFFF, 0xFFFF, 0xFFFF, 0xFFFF, 0xFFFF, 0xFFFF, 0xFFFF, 0xFFDF, 0xFFFF, 0xFC90, 0xB220, 0x9704,
    0xBFE4, 0xB7A4, 0xBFE4, 0x8E64, 0xC240, 0xFD53, 0xFFFF, 0xFFDF, 0xFFFF, 0xFFFF, 0xFFFF, 0xFFFF,
    0xFFFF, 0xFFFF, 0xFFFF, 0xFFFF, 0xFFFF, 0xFFFF, 0xFFFF, 0xFFFF, 0xFFFF, 0xC5F1, 0xDDC0, 0xD5E1,
    0xFF00, 0xF701, 0xEEC0, 0xA4C9, 0xDED9, 0xC633, 0xC637, 0xF7DE, 0xFFFF, 0xFFFF, 0xFFFF, 0xFFFF,
    0xFFFF, 0xFFFF, 0xFFDF, 0xFFFF, 0xFFFF, 0xFFFF, 0xFFFF, 0xFFFF, 0xFFFF, 0xFFFF, 0xFFFF, 0xFFFF,
    0xFFFF, 0xFFFF, 0xFFFF, 0xFFFF, 0xFFFF, 0xFFFF, 0xFFFF, 0xFFFF, 0xFFFF, 0xFFFF, 0xFFFF, 0xFFDF,
    0xFFDF, 0xFFDF, 0xFFFF, 0xFFFF, 0xFFFF, 0xFFFF, 0xFFFF, 0xFFFF, 0xFFFF, 0xFFFF, 0xFFDF, 0xFFDF,
    0xFFFF, 0xFFFF, 0xFFFF, 0xFFFF, 0xFFFF, 0xFFFF, 0xFFFF, 0xFFFF, 0xFFFF, 0xFFFF, 0xCE79, 0xAA4A,
    0xC8A0, 0xE2A0, 0xDDC2, 0xC783, 0xB7E4, 0x9724, 0x7644, 0x65C5, 0x6C46, 0x6202, 0x1820, 0x0000,
    0x0000, 0x0000, 0x0000, 0x0000, 0x0000, 0x0000, 0x0000, 0x0000, 0x0000, 0x0000, 0x0000, 0x0000,
    0x0000, 0x0000, 0x0000, 0x0000, 0x0000, 0x0000, 0x0000, 0x0000, 0x0000, 0x0000, 0x0000, 0x0000,
    0x0000, 0x0000, 0x0000, 0x0000, 0x0000, 0x0000, 0x0000, 0x0000, 0x0000, 0x30E1, 0x9B03, 0x5C64,
    0x5DC4, 0xA723, 0xB7E4, 0xAFE4, 0xB7E4, 0xDE83, 0xF381, 0xC880, 0x7925, 0xADD7, 0xFFFF, 0xFFFF,
    0xFFFF, 0xFFFF, 0xFFFF, 0xFFFF, 0xFFFF, 0xFFFF, 0xFFFF, 0xFFFF, 0xFFFF, 0xFFFF, 0xFFFF, 0xFFFF,
    0xFFFF, 0xFFDF, 0xFFFF, 0xFD55, 0xE120, 0x7C82, 0xB7E4, 0xC7E4, 0x85E3, 0xB280, 0xFAE7, 0xFF3D,
    0xFFFF, 0xFFDF, 0xFFFF, 0xFFFF, 0xFFFF, 0xFFFF, 0xFFFF, 0xFB0A, 0xD320, 0xF240, 0xFC30, 0xFFFF,
    0xFFDE, 0xFFFF, 0xFFFF, 0xFEFC, 0xFC91, 0xFA25, 0xF944, 0xFF7D, 0xFFFF, 0xFFFF, 0xFFFF, 0xFFFF,
    0xFFFF, 0xFFDF, 0xFFFF, 0xFFFF, 0xFFFF, 0xFFFF, 0xFFDF, 0xFFFF, 0xFFFF, 0xFFFF, 0xFFFF, 0xFFDF,
    0xFFFF, 0xFC4F, 0xAA20, 0x9704, 0xBFE4, 0xB7A4, 0xBFE4, 0x8E64, 0xC240, 0xFD74, 0xFFFF, 0xFFDF,
    0xFFFF, 0xFFFF, 0xFFFF, 0xFFFF, 0xFFFF, 0xFFFF, 0xF79D, 0xE75C, 0xE75C, 0xE77B, 0xDF1A, 0xD6B8,
    0xD676, 0xA511, 0xCD41, 0xFEE1, 0xEE81, 0xF6C1, 0xE661, 0xAD03, 0xB548, 0xC614, 0xF7BF, 0xFFFF,
    0xFFFF, 0xFFFF, 0xFFFF, 0xFFDF, 0xFFFF, 0xFFFF, 0xFFFF, 0xFFFF, 0xFEDB, 0xFCD2, 0xFB8D, 0xFEBA,
    0xFFFF, 0xFFFF, 0xFFFF, 0xFFFF, 0xFFFF, 0xFFFF, 0xFFFF, 0xFFFF, 0xFFFF, 0xFFFF, 0xFFFF, 0xFFFF,
    0xFFDF, 0xFFDF, 0xFFFF, 0xFFFF, 0xFFFF, 0xFFFF, 0xFFFF, 0xFFFF, 0xFFFF, 0xFFFF, 0xFFFF, 0xFFFF,
    0xFFFF, 0xFFFF, 0xFFFF, 0xFFFF, 0xFFFF, 0xFFFF, 0xFFFF, 0xFFFF, 0xFFFF, 0xFFFF, 0xFFDF, 0xFFFF,
    0xE7DE, 0xAB6E, 0xC861, 0xEAC0, 0xD683, 0xB7E4, 0xAFE4, 0xB7C4, 0xB7A4, 0xB7E4, 0xBF43, 0xDB62,
    0x6901, 0x0800, 0x0000, 0x0000, 0x0000, 0x0000, 0x0000, 0x0000, 0x0000, 0x0000, 0x0000, 0x0000,
    0x0000, 0x0000, 0x0000, 0x0000, 0x0000, 0x0000, 0x0000, 0x0000, 0x0000, 0x0000, 0x0000, 0x0000,
    0x0000, 0x0000, 0x0000, 0x0000, 0x0000, 0x0000, 0x0000, 0x0000, 0x0000, 0x0000, 0x0000, 0x0000,
    0x0000, 0x0000, 0x5061, 0xF981, 0xCE63, 0xB7E4, 0xB7A4, 0xB7A4, 0xB7A4, 0xAFE4, 0xB7E4, 0xDE43,
    0xF2A0, 0x9820, 0x8C10, 0xF7FF, 0xFFFF, 0xFFFF, 0xFFFF, 0xFFFF, 0xFFFF, 0xFFFF, 0xFFFF, 0xFFFF,
    0xFFFF, 0xFFFF, 0xFFFF, 0xFFFF, 0xFFDF, 0xFFFF, 0xFE39, 0xE941, 0x8402, 0xAFC4, 0xBFE4, 0x9EE4,
    0x9B01, 0xFA63, 0xFEBB, 0xFFFF, 0xFFDF, 0xFFFF, 0xFFFF, 0xFFFF, 0xFFFF, 0xFFFF, 0xFF3D, 0xFAA3,
    0xFB00, 0xFB0C, 0xFFFF, 0xFFFF, 0xFFFF, 0xFE7A, 0xFC0E, 0xFA63, 0xFB20, 0xF9E0, 0xFDD8, 0xFFFF,
    0xFFDF, 0xFFFF, 0xFFDF, 0xFFFF, 0xFFFF, 0xFFFF, 0xFFFF, 0xFFDF, 0xFFBF, 0xFFDF, 0xFFFF, 0xFFFF,
    0xFFFF, 0xFFFF, 0xFFFF, 0xFFDF, 0xFFFF, 0xFBCD, 0xA220, 0x9704, 0xBFE4, 0xB7A4, 0xBFE4, 0x8E64,
    0xBA60, 0xFD94, 0xFFFF, 0xFFDF, 0xFFFF, 0xFFFF, 0xFFDF, 0xFFDF, 0xFFFF, 0xFFFF, 0xD73C, 0x9D14,
    0x93AB, 0x9AC3, 0xA321, 0xB3E0, 0xB440, 0xCD20, 0xF641, 0xEE41, 0xF661, 0xF6A1, 0xFF00, 0xA4A1,
    0xB570, 0xDED7, 0xCE77, 0xCE39, 0xF79D, 0xFFFF, 0xFFFF, 0xFFFF, 0xFFFF, 0xFF1C, 0xFD34, 0xFB0A,
    0xE9C2, 0xB200, 0xE9A0, 0xFB8E, 0xFFFF, 0xFFDF, 0xFFFF, 0xFFFF, 0xFFFF, 0xFFFF, 0xFFFF, 0xFFFF,
    0xFFFF, 0xFFDF, 0xFFDF, 0xFFFF, 0xFFFF, 0xFFFF, 0xFF7E, 0xFE38, 0xFD33, 0xFD13, 0xFE39, 0xFFFF,
    0xFFFF, 0xFFFF, 0xFFFF, 0xFFFF, 0xFFFF, 0xFFFF, 0xFFFF, 0xFFFF, 0xFFFF, 0xFFFF, 0xFFFF, 0xFFFF,
    0xFFFF, 0xFFDF, 0xFFFF, 0xCEBA, 0xB166, 0xE920, 0xDDA2, 0xB7E4, 0xAFE4, 0xB7A4, 0xB7A4, 0xB7A4,
    0xB7A4, 0xAFC4, 0xF462, 0xB040, 0x0000, 0x0000, 0x0000, 0x0000, 0x0000, 0x0000, 0x0000, 0x0000,
    0x0000, 0x0000, 0x0000, 0x0000, 0x0000, 0x0000, 0x0000, 0x0000, 0x0000, 0x0000, 0x0000, 0x0000,
    0x0000, 0x0000, 0x0000, 0x0000, 0x0000, 0x0000, 0x0000, 0x0000, 0x0000, 0x0000, 0x0000, 0x0000,
    0x0000, 0x0000, 0x0000, 0x0000, 0x0000, 0x0000, 0x0000, 0xA800, 0xFAC1, 0xB7A3, 0xB7C4, 0xB7A4,
    0xB7A4, 0xB7A4, 0xB7A4, 0xAFE4, 0xBFA4, 0xF4A2, 0xC060, 0x7AEC, 0xF7FF, 0xFFDF, 0xFFFF, 0xFFFF,
    0xFFFF, 0xFFFF, 0xFFFF, 0xFFFF, 0xFFFF, 0xFFFF, 0xFFFF, 0xFFFF, 0xFFFF, 0xFF3D, 0xF9A4, 0x8B21,
    0xA784, 0xBFC4, 0xB7C4, 0x7C22, 0xF220, 0xFCF3, 0xFFFF, 0xFFDF, 0xFFFF, 0xFFFF, 0xFFFF, 0xFFFF,
    0xFFDF, 0xFFFF, 0xFDB7, 0xF9A0, 0xFAA7, 0xFFFF, 0xFFDF, 0xFDD7, 0xFB6A, 0xF201, 0xB200, 0x7260,
    0xEB00, 0xFB0B, 0xFFFF, 0xFFDE, 0xFFFF, 0xFFFF, 0xFFFF, 0xFFDF, 0xFE7A, 0xFCD1, 0xFB8B, 0xFAC7,
    0xF2A5, 0xFAC7, 0xFC0E, 0xFEBB, 0xFFFF, 0xFFFF, 0xFFFF, 0xFFDF, 0xFFFF, 0xFBAC, 0xA260, 0x9F44,
    0xBFE4, 0xB7A4, 0xBFE4, 0x8E64, 0xC260, 0xFDD4, 0xFFFF, 0xFFDE, 0xFFFF, 0xFFFF, 0xFFFF, 0xFFFF,
    0xFFBF, 0xFE79, 0xFCD1, 0xFB49, 0xF244, 0xC9C1, 0xB1C0, 0x9921, 0x79E1, 0xC501, 0xF621, 0xEE21,
    0xF661, 0xDDC1, 0xBD45, 0xBD89, 0xBD8B, 0xBDAF, 0xBDF4, 0xC69A, 0xF7FF, 0xFFFF, 0xFEFC, 0xFD34,
    0xFB2A, 0xE9C3, 0xB980, 0x9B00, 0x6462, 0x6A01, 0xF265, 0xFF3D, 0xFFFF, 0xFFFF, 0xFFFF, 0xFFFF,
    0xFFFF, 0xFFFF, 0xFFFF, 0xFFDF, 0xFFFF, 0xFFFF, 0xFFFF, 0xFF7E, 0xFDD6, 0xFBED, 0xFA64, 0xD9C0,
    0xB9C0, 0xB9C0, 0xE9E0, 0xFB2A, 0xFEFC, 0xFFFF, 0xFFFF, 0xFFFF, 0xFFFF, 0xFFFF, 0xFFFF, 0xFFFF,
    0xFFFF, 0xFFFF, 0xFFFF, 0xFFFF, 0xFFDF, 0xFFFF, 0xBDF7, 0xB862, 0xFAA0, 0xCF24, 0xAFE4, 0xB7A4,
    0xB7A4, 0xB7A4, 0xB7A4, 0xB7A4, 0xAFE4, 0xDE43, 0xE920, 0x1000, 0x0020, 0x0000, 0x0000, 0x0000,
    0x0000, 0x0000, 0x0000, 0x0000, 0x0000, 0x0000, 0x0000, 0x0000, 0x0000, 0x0000, 0x0000, 0x0000,
    0x0000, 0x0000, 0x0000, 0x0000, 0x0000, 0x0000, 0x0000, 0x0000, 0x0000, 0x0000, 0x0000, 0x0000,
    0x0000, 0x0000, 0x0000, 0x0000, 0x0000, 0x0000, 0x0000, 0x0000, 0x0000, 0x0000, 0x0000, 0x1000,
    0xE840, 0xDD62, 0xAFE4, 0xB7C4, 0xB7C4, 0xB7A4, 0xB7A4, 0xB7A4, 0xB7C4, 0xAFE4, 0xEDA3, 0xD0A0,
    0x82EC, 0xF7FF, 0xFFDF, 0xFFFF, 0xFFFF, 0xFFFF, 0xFFFF, 0xFFFF, 0xFFFF, 0xFFFF, 0xFFFF, 0xFFDF,
    0xFFFF, 0xFACA, 0xAA00, 0x9704, 0xBFC4, 0xBFE4, 0x85E3, 0xC2A0, 0xFAE7, 0xFFBF, 0xFFDF, 0xFFFF,
    0xFFFF, 0xFFFF, 0xFFFF, 0xFFFF, 0xFFDF, 0xFFFF, 0xFB6C, 0xF965, 0xFE9B, 0xFD34, 0xFAC7, 0xD9C0,
    0x9200, 0x73C1, 0x5443, 0x9260, 0xF9E2, 0xFEFC, 0xFFFF, 0xFFFF, 0xFFBF, 0xFE59, 0xFC90, 0xFAE7,
    0xE1E0, 0xB1A0, 0x9220, 0x7AE0, 0x6B20, 0x72A0, 0xB1E0, 0xFA22, 0xFDB7, 0xFFFF, 0xFFFF, 0xFFFF,
    0xFFFF, 0xFB8C, 0xA2A0, 0x9F64, 0xBFC4, 0xB7A4, 0xBFE4, 0x8E64, 0xC260, 0xFDD4, 0xFFFF, 0xFFFF,
    0xFFFF, 0xFF5E, 0xFDF7, 0xFC2E, 0xFAA6, 0xD9C0, 0xA9C0, 0x8280, 0x6BA1, 0x74C2, 0x8583, 0x8D83,
    0x63A2, 0x6240, 0xFE41, 0xF621, 0xFE60, 0xC546, 0xDF1F, 0xF7DF, 0xFFFF, 0xFFFF, 0xFFFF, 0xFEDB,
    0xFCD2, 0xFAE9, 0xE1C2, 0xB9C0, 0x92C0, 0x8482, 0x8E43, 0x9F64, 0x9442, 0xFA60, 0xFA44, 0xFC4F,
    0xFF9E, 0xFFFF, 0xFFFF, 0xFFFF, 0xFFDF, 0xFFFF, 0xFFFF, 0xFFFF, 0xFFBF, 0xFE18, 0xFC0E, 0xFA64,
    0xD1C0, 0x9A20, 0x7B61, 0x7CE2, 0x85C3, 0x85A3, 0x6BE2, 0xB220, 0xFAA6, 0xFF3D, 0xFFFF, 0xFFFF,
    0xFFFF, 0xFFFF, 0xFFFF, 0xFFFF, 0xFFFF, 0xFFFF, 0xFFFF, 0xFFDF, 0xFFFF, 0xC5F8, 0xB821, 0xFB81,
    0xBFA4, 0xAFE4, 0xB7A4, 0xB7A4, 0xB7A4, 0xB7C4, 0xB7C4, 0xB7A4, 0xB783, 0xFB41, 0x7800, 0x0000,
    0x0800, 0x0000, 0x0000, 0x0000, 0x0000, 0x0000, 0x0000, 0x0000, 0x0000, 0x0000, 0x0000, 0x0000,
    0x0000, 0x0000, 0x0000, 0x0000, 0x0000, 0x0000, 0x0000, 0x0000, 0x0000, 0x0000, 0x0000, 0x0000,
    0x0000, 0x0000, 0x0000, 0x0000, 0x0000, 0x0000, 0x0000, 0x0000, 0x0000, 0x0000, 0x0000, 0x0000,
    0x0000, 0x0000, 0x0000, 0x4000, 0xE800, 0xEC42, 0xAFE4, 0xC6E3, 0xCEA3, 0xAFE4, 0xB7A4, 0xB7A4,
    0xB7A4, 0xB7A4, 0xAFE4, 0xEDE3, 0xC8A0, 0x9431, 0xFFFF, 0xFFDF, 0xFFFF, 0xFFFF, 0xFFFF, 0xFFFF,
    0xFFFF, 0xFFFF, 0xFFDF, 0xFFFF, 0xFCF3, 0xC920, 0x85C3, 0xBFE4, 0xB783, 0xAFC4, 0x83A1, 0xFA40,
    0xFD76, 0xFFFF, 0xFFDF, 0xFFFF, 0xFFFF, 0xFFFF, 0xFFFF, 0xFFFF, 0xFFFF, 0xFFFF, 0xFC10, 0xFB0B,
    0xFAE6, 0xC180, 0x8260, 0x6C42, 0x8E63, 0xB7E4, 0x73E2, 0xF240, 0xFCF3, 0xFFDF, 0xFE18, 0xFC2F,
    0xFAA6, 0xD9E0, 0xA9E0, 0x7AC0, 0x7442, 0x7DC3, 0x96E4, 0xAFA4, 0xB7E4, 0xAF84, 0x7563, 0x8A80,
    0xFA42, 0xFEDB, 0xFFFF, 0xFFDE, 0xFFFF, 0xFB6B, 0xA2C0, 0xA784, 0xBFC4, 0xB7A4, 0xBFE4, 0x8E64,
    0xC260, 0xFDF6, 0xFF1D, 0xFD54, 0xFBCC, 0xFA84, 0xD1C0, 0x99C0, 0x72E0, 0x7482, 0x8643, 0xA764,
    0xB7E4, 0xBFE4, 0xBFE4, 0xC7E4, 0x8E43, 0xC4A1, 0xC481, 0x9300, 0xA421, 0xCD43, 0xEF7D, 0xFFFF,
    0xFFBE, 0xFD54, 0xFAC8, 0xE1A0, 0xB1E0, 0x8B20, 0x84C2, 0x8E83, 0xA7A4, 0xB7E4, 0xCFE4, 0x6C82,
    0x89A0, 0x9B21, 0x8AE0, 0xF1E0, 0xFD35, 0xFFFF, 0xFFDF, 0xFFFF, 0xFFFF, 0xFFDF, 0xFE5A, 0xFC90,
    0xFAA6, 0xD9C0, 0xA200, 0x7B20, 0x7503, 0x96C4, 0xB7E4, 0xBFE4, 0xBFE4, 0xBFE4, 0xBFE4, 0x5C43,
    0xC200, 0xFC0E, 0xFFFF, 0xFFDF, 0xFFFF, 0xFFFF, 0xFFFF, 0xFFFF, 0xFFFF, 0xFFFF, 0xFFFF, 0xFFFF,
    0xD6FB, 0xB8A3, 0xFB61, 0xBFA4, 0xB7C4, 0xB7A4, 0xB7A4, 0xB7A4, 0xB7C4, 0xBF23, 0xCE82, 0xAFE4,
    0xBF23, 0xF2E1, 0xC800, 0x2800, 0x0000, 0x0000, 0x0000, 0x0000, 0x0000, 0x0000, 0x0000, 0x0000,
    0x0000, 0x0000, 0x0000, 0x0000, 0x0000, 0x0000, 0x0000, 0x0000, 0x0000, 0x0000, 0x0000, 0x0000,
    0x0000, 0x0000, 0x0000, 0x0000, 0x0000, 0x0000, 0x0000, 0x0000, 0x0000, 0x0000, 0x0000, 0x0000,
    0x0000, 0x0000, 0x0000, 0x0000, 0x0000, 0x0020, 0x6800, 0xF840, 0xEC02, 0xBF63, 0xAFC4, 0xF441,
    0xFAC1, 0xBF84, 0xB7C4, 0xB7A4, 0xB7A4, 0xB7A4, 0xB7A4, 0xAFE4, 0xF542, 0xB0A0, 0xBE39, 0xFFFF,
    0xFFDF, 0xFFFF, 0xFFFF, 0xFFFF, 0xFFFF, 0xFFFF, 0xFFFF, 0xFEFC, 0xF142, 0x7BE2, 0xB7E4, 0xB783,
    0xBFE4, 0x8603, 0xBAA0, 0xFAE6, 0xFFBF, 0xFFFF, 0xFFFF, 0xFFFF, 0xFFFF, 0xFFFF, 0xFFFF, 0xFFFF,
    0xFFDF, 0xFFFF, 0xFC31, 0xF9E0, 0x7A60, 0x64C3, 0x9F24, 0xBFE4, 0xCFE4, 0x7563, 0xAA20, 0xF963,
    0xFBAE, 0xFAC6, 0xDA20, 0xAA60, 0x8360, 0x7D02, 0x96A4, 0xA784, 0xBFE4, 0xBFE4, 0xBFE4, 0xB7C4,
    0xB7A4, 0xB7A4, 0xC7E4, 0x6D43, 0xB200, 0xFC2E, 0xFFFF, 0xFFDE, 0xFFFF, 0xFB09, 0x92E0, 0xA784,
    0xB7C4, 0xB7A4, 0xBFE4, 0x8E43, 0xBAA1, 0xFAC6, 0xEA83, 0xB9C0, 0x79E0, 0x6301, 0x6CC3, 0x96C4,
    0xB7E4, 0xBFE4, 0xBFE4, 0xB7C4, 0xB7A4, 0xB784, 0xB7A4, 0xAF84, 0xA461, 0x9BC1, 0xBA01, 0xB264,
    0x9D10, 0xB4C7, 0xE73A, 0xFF5D, 0xFAA8, 0xC1A0, 0x8AE0, 0x84E2, 0x96A4, 0xAFC4, 0xBFE4, 0xBFE4,
    0xB7A4, 0xB7A4, 0xB7A4, 0xA703, 0x8E23, 0xA744, 0x6CE3, 0xD200, 0xFCB2, 0xFFFF, 0xFFDF, 0xFF5D,
    0xFC91, 0xFB08, 0xDA21, 0x99E0, 0x8381, 0x7D43, 0x9704, 0xB7E4, 0xBFE4, 0xBFE4, 0xB7A4, 0xB7A4,
    0xB7A4, 0xB784, 0xBFC4, 0xA744, 0x7280, 0xFA83, 0xFF3D, 0xFFFF, 0xFFFF, 0xFFFF, 0xFFFF, 0xFFFF,
    0xFFFF, 0xFFFF, 0xFFDF, 0xEFFF, 0xA9E8, 0xFA60, 0xC764, 0xAFC4, 0xB7A4, 0xB7A4, 0xB7A4, 0xB7A4,
    0xB7E3, 0xE4C3, 0xF265, 0xC703, 0xAFE4, 0xC723, 0xFB21, 0xE800, 0x5000, 0x0000, 0x0000, 0x0000,
    0x0000, 0x0000, 0x0000, 0x0000, 0x0000, 0x0000, 0x0000, 0x0000, 0x0000, 0x0000, 0x0000, 0x0000,
    0x0000, 0x0000, 0x0000, 0x0000, 0x0000, 0x0000, 0x0000, 0x0000, 0x0000, 0x0000, 0x0000, 0x0000,
    0x0000, 0x0000, 0x0000, 0x0000, 0x0000, 0x0000, 0x0000, 0x0000, 0x0800, 0x9800, 0xF8C0, 0xE4E2,
    0xB7C4, 0xAFE4, 0xE5E2, 0xD980, 0xB822, 0xEC82, 0xAFE4, 0xB7A4, 0xB7A4, 0xB7A4, 0xB7A4, 0xB7A4,
    0xB7C4, 0xFB60, 0x99E7, 0xEFDF, 0xFFFF, 0xFFFF, 0xFFFF, 0xFFFF, 0xFFFF, 0xFFDF, 0xFFFF, 0xFB0B,
    0xA1E0, 0x9704, 0xBFC4, 0xB783, 0xB7E4, 0x7442, 0xEA60, 0xFCB2, 0xFFFF, 0xFFDF, 0xFFFF, 0xFFFF,
    0xFFFF, 0xFFFF, 0xFFFF, 0xFFFF, 0xFFFF, 0xFFFF, 0xFFDF, 0xFB6B, 0xA9E0, 0x85E3, 0xC7E4, 0xB783,
    0xA724, 0x72C1, 0xFB20, 0xFAA0, 0xEB20, 0xA280, 0x59C0, 0x5AA0, 0x7CA2, 0x8D02, 0x95C3, 0xBFC4,
    0xB7A4, 0xB7A4, 0xB7A4, 0xB7A4, 0xB7A4, 0xB7A4, 0xBFC4, 0x9F24, 0x9280, 0xFB49, 0xFFFF, 0xFFFF,
    0xFFFF, 0xFAC8, 0x92E0, 0xA784, 0xB7C4, 0xB7A4, 0xBFE4, 0x8E23, 0xBAE1, 0xFB80, 0xC2C0, 0x79E0,
    0x61C0, 0x6AC0, 0x7BC1, 0x6382, 0x85C3, 0xBFC4, 0xB784, 0xB7A4, 0xB7A4, 0xB7A4, 0xBFE4, 0x7C62,
    0x94A2, 0x6482, 0xEA81, 0xBBAD, 0xC69A, 0xCE14, 0xCEB8, 0xFC91, 0xC180, 0x64E3, 0xAFA4, 0xBFE4,
    0xBFE4, 0xB7A3, 0xB7C4, 0xBFE4, 0xB7E4, 0xAF43, 0xB7A4, 0xB7E4, 0xBFE4, 0xC7E4, 0x7CE3, 0xD9E0,
    0xFD54, 0xFFFF, 0xFFFF, 0xFAEB, 0xF980, 0xF340, 0xA260, 0x6A00, 0x83A0, 0x8CA2, 0x84E2, 0xA723,
    0xB7A4, 0xB7A4, 0xB7A4, 0xB7A4, 0xB7A4, 0xB7A4, 0xB7A4, 0xB7E4, 0x7381, 0xF240, 0xFE7A, 0xFFFF,
    0xFFFF, 0xFFFF, 0xFFFF, 0xFFFF, 0xFFFF, 0xFFDF, 0xFFFF, 0xB4B3, 0xE0E0, 0xDE83, 0xAFE4, 0xB7A4,
    0xB7A4, 0xB7A4, 0xB7A4, 0xAFE4, 0xD6C3, 0xC9E6, 0x78C9, 0xEB44, 0xBF83, 0xAFE4, 0xBF83, 0xEC22,
    0xF860, 0x7800, 0x0020, 0x0000, 0x0000, 0x0000, 0x0000, 0x0000, 0x0000, 0x0000, 0x0000, 0x0000,
    0x0000, 0x0000, 0x0000, 0x0000, 0x0000, 0x0000, 0x0000, 0x0000, 0x0000, 0x0000, 0x0000, 0x0000,
    0x0000, 0x0000, 0x0000, 0x0000, 0x0000, 0x0000, 0x0000, 0x0000, 0x0000, 0x0000, 0x0000, 0x3000,
    0xC800, 0xF9A1, 0xD5C2, 0xB7E4, 0xAFE4, 0xCEE3, 0xF1E0, 0x9AAB, 0xB5B7, 0xD8C0, 0xCEE3, 0xAFC4,
    0xB7A4, 0xB7A4, 0xB7A4, 0xB7A4, 0xAFE4, 0xD6C3, 0xD160, 0xB556, 0xFFFF, 0xFFDF, 0xFFFF, 0xFFFF,
    0xFFDF, 0xFFFF, 0xFDF7, 0xD900, 0x74E2, 0xBFE4, 0xB784, 0xBFC4, 0xA744, 0x8B01, 0xFA81, 0xFEBB,
    0xFFFF, 0xFFFF, 0xFFFF, 0xFFFF, 0xFFFF, 0xFFFF, 0xFFFF, 0xFFFF, 0xFFFF, 0xFFFF, 0xFFFF, 0xFF3D,
    0xFA23, 0x7B61, 0xAFA4, 0xC7E4, 0x85E3, 0xA240, 0xFA81, 0xFAA4, 0xFA84, 0xF264, 0xFAA3, 0xFAE5,
    0xF181, 0xFA00, 0x91E0, 0x8E63, 0xBFE4, 0xB7A4, 0xB7A4, 0xB7A4, 0xB7A4, 0xB7A4, 0xBFE4, 0x9F04,
    0x9A80, 0xFB6A, 0xFFFF, 0xFFFF, 0xFFFF, 0xFAC7, 0x8B00, 0xA7A4, 0xB7C4, 0xB7A4, 0xBFE4, 0x8E43,
    0xC2A0, 0xFB6A, 0xFBCC, 0xFB49, 0xFB68, 0xFAC6, 0xF9A1, 0xF260, 0x49C1, 0xAF84, 0xB7C4, 0xB7A4,
    0xB7A4, 0xB7C4, 0xA6E3, 0x7D03, 0xBFE4, 0x7CE2, 0xE220, 0xEDB6, 0xE79D, 0xFFDF, 0xE75D, 0xFAE8,
    0x92E0, 0xA7A4, 0xBFC4, 0xB783, 0xBFC4, 0xBFE4, 0x9F44, 0x7D83, 0x62E1, 0x5B82, 0xBFC4, 0xB784,
    0xB784, 0xB7E4, 0x7422, 0xF200, 0xFE18, 0xFFFF, 0xFFFF, 0xFE38, 0xFC91, 0xFBEE, 0xFB8B, 0xFB48,
    0xFAC7, 0xF1C2, 0xDA40, 0x7402, 0xB7C4, 0xB784, 0xB784, 0xB7A4, 0xB7A4, 0xB7A4, 0xB784, 0xB7C4,
    0x7C01, 0xF241, 0xFE7A, 0xFFFF, 0xFFFF, 0xFFFF, 0xFFFF, 0xFFFF, 0xFFFF, 0xFFFF, 0xE79E, 0xB124,
    0xF441, 0xAFE4, 0xB7A4, 0xB7A4, 0xB7A4, 0xB7A4, 0xB7A4, 0xB7E3, 0xDBA3, 0x922C, 0xBEBA, 0x9128,
    0xF3E3, 0xB7A3, 0xAFC4, 0xB7E4, 0xDD62, 0xF941, 0xB000, 0x2000, 0x0000, 0x0000, 0x0000, 0x0000,
    0x0000, 0x0000, 0x0000, 0x0000, 0x0000, 0x0000, 0x0000, 0x0000, 0x0000, 0x0000, 0x0000, 0x0000,
    0x0000, 0x0000, 0x0000, 0x0000, 0x0000, 0x0000, 0x0000, 0x0000, 0x0000, 0x0000, 0x0000, 0x0000,
    0x0000, 0x0800, 0x7800, 0xF840, 0xFB01, 0xC6C3, 0xB7E4, 0xAFC4, 0xC744, 0xFAE0, 0x90C4, 0xDF3C,
    0xFFFF, 0xB22A, 0xEB60, 0xB7E4, 0xB7A4, 0xB7A4, 0xB7A4, 0xB7A4, 0xB7A4, 0xB7E4, 0xF3C0, 0xAA69,
    0xF7FF, 0xFFFF, 0xFFFF, 0xFFFF, 0xFFFF, 0xFFDF, 0xFA47, 0x8240, 0x9F44, 0xB7A4, 0xB784, 0xBFE4,
    0x8623, 0xB280, 0xFB28, 0xFFDF, 0xFFFF, 0xFFFF, 0xFFFF, 0xFFFF, 0xFFFF, 0xFFFF, 0xFFFF, 0xFFFF,
    0xFFFF, 0xFFFF, 0xFFFF, 0xFFFF, 0xFB2A, 0x9A80, 0x9F44, 0xB7A4, 0xAFA4, 0x6B21, 0xF1E2, 0xFE5B,
    0xFF5E, 0xFF5D, 0xFF7E, 0xFC31, 0xF981, 0xB1E0, 0x7321, 0xA724, 0xB7A4, 0xB784, 0xBFE4, 0xBFE4,
    0xB7A4, 0xB7A4, 0xBFE4, 0x9704, 0x9A60, 0xFBAB, 0xFFFF, 0xFFFF, 0xFFDF, 0xFAC7, 0x9340, 0xAFC4,
    0xB7C4, 0xB7A4, 0xBFE4, 0x8E63, 0xC240, 0xFE78, 0xFFFF, 0xFFFF, 0xFE7B, 0xFAC9, 0xF201, 0x99A0,
    0x5B82, 0xB7C4, 0xB7C4, 0xBFE4, 0xBFE4, 0xB7C4, 0xB7C4, 0xBFE4, 0xBFE4, 0x7C82, 0xEA00, 0xFEBA,
    0xFFFF, 0xFFFF, 0xFF1C, 0xFA02, 0x8421, 0xB7E4, 0xB7C4, 0xBFE4, 0x9F03, 0x7462, 0x8220, 0xC1C0,
    0xCA40, 0x7502, 0xC7E4, 0xBFE4, 0xBFE4, 0xB7E4, 0x8341, 0xFA62, 0xFF1D, 0xFFFF, 0xFFFF, 0xFFFF,
    0xFFFF, 0xFFFF, 0xFFFF, 0xF7BF, 0xFC51, 0xFA42, 0xB2A1, 0x8D63, 0xC7E4, 0xC7E4, 0xC7E4, 0xB7C4,
    0xBFE4, 0xC7E4, 0xBFE4, 0xC7E4, 0x8482, 0xF220, 0xFE7A, 0xFFFF, 0xFFFF, 0xFFFF, 0xFFFF, 0xFFFF,
    0xFFDF, 0xFFFF, 0xB535, 0xD940, 0xCF03, 0xAFC4, 0xB7A4, 0xB7A4, 0xB7A4, 0xB7A4, 0xAFE4, 0xD703,
    0xB145, 0xBDF8, 0xFFFF, 0xB5B7, 0x98C6, 0xF4A3, 0xB7C3, 0xB7A4, 0xB7E4, 0xC6E3, 0xFB21, 0xE820,
    0x6000, 0x0000, 0x0000, 0x0000, 0x0000, 0x0000, 0x0000, 0x0000, 0x0000, 0x0000, 0x0000, 0x0000,
    0x0000, 0x0000, 0x0000, 0x0000, 0x0000, 0x0000, 0x0000, 0x0000, 0x0000, 0x0000, 0x0000, 0x0000,
    0x0000, 0x0000, 0x0000, 0x0000, 0x5000, 0xD000, 0xF940, 0xE4C2, 0xB783, 0xB7C4, 0xB7C4, 0xBF84,
    0xFB40, 0x9082, 0xBE59, 0xFFFF, 0xFFFF, 0xCE19, 0xD100, 0xCF24, 0xAFC4, 0xB7A4, 0xB7A4, 0xB7A4,
    0xB7A4, 0xAFE4, 0xDE22, 0xC181, 0xD6FC, 0xFFFF, 0xFFFF, 0xFFDF, 0xFFFF, 0xFD75, 0xD100, 0x7D63,
    0xC7E4, 0xBFE4, 0xBFE4, 0xC7E4, 0x7D63, 0xCA00, 0xFC0E, 0xFFFF, 0xFFDF, 0xFFFF, 0xFFFF, 0xFFFF,
    0xFFFF, 0xFFFF, 0xFFFF, 0xFFFF, 0xFFFF, 0xFFFF, 0xFFFF, 0xFFDF, 0xFA66, 0x9B40, 0xB7E4, 0xC7E4,
    0xCFE4, 0x8603, 0xBA00, 0xFC4F, 0xFFFF, 0xFFFF, 0xFDF7, 0xE1C0, 0x83A1, 0x85A3, 0xB7E4, 0xC7E4,
    0xC7E4, 0xBFE4, 0x8E43, 0x8583, 0xC7E4, 0xBFC4, 0xC7E4, 0x9F04, 0xAA40, 0xFBAC, 0xFFFF, 0xFFFF,
    0xFFBF, 0xFA85, 0x9380, 0xAFC4, 0xBFA3, 0xB783, 0xC7E4, 0x8E23, 0xBA60, 0xFE16, 0xFFFF, 0xFFBE,
    0xFAC7, 0xA9C0, 0x5AE1, 0x6CC2, 0xAF43, 0xB763, 0xAF64, 0x7DA3, 0x42A1, 0x9603, 0xAF03, 0xA683,
    0xA6C3, 0x73A1, 0xF221, 0xFEDB, 0xFFFF, 0xFFFF, 0xFDB6, 0xD9C0, 0x6C42, 0xA6E3, 0xA6A3, 0x8E23,
    0x7A81, 0xD9E2, 0xFC2E, 0xFB0A, 0xB1E0, 0x6462, 0xA6A3, 0x9643, 0x9E63, 0x7563, 0x9A80, 0xFB49,
    0xFFFF, 0xFFFF, 0xFFFF, 0xFFFF, 0xFFDF, 0xFFDE, 0xFFDF, 0xFBED, 0xCA00, 0x4160, 0x32A2, 0x7523,
    0x7523, 0x6D03, 0x6CA3, 0x5281, 0x53E2, 0x7523, 0x6CE2, 0x6CE3, 0x5B01, 0xFA60, 0xFE7A, 0xFFFF,
    0xFFFF, 0xFFFF, 0xFFFF, 0xFFFF, 0xFFDF, 0xFFFF, 0xAA8B, 0xEB60, 0xB7E4, 0xB7A4, 0xB7A4, 0xB7A4,
    0xB7A4, 0xB7A4, 0xB7E4, 0xDCA3, 0x9A4C, 0xF7FF, 0xFFDE, 0xFFFF, 0x9CB3, 0xA0A4, 0xF503, 0xB7C3,
    0xB7A4, 0xB7C4, 0xB7E4, 0xDD83, 0xF9C1, 0xC000, 0x4000, 0x0000, 0x0000, 0x0000, 0x0000, 0x0000,
    0x0000, 0x0000, 0x0000, 0x0000, 0x0000, 0x0000, 0x0000, 0x0000, 0x0000, 0x0000, 0x0000, 0x0000,
    0x0000, 0x0000, 0x0000, 0x0000, 0x0000, 0x0000, 0x4800, 0xB800, 0xF8A0, 0xFB41, 0xCE63, 0xB7E4,
    0xB7A4, 0xAFC4, 0xBF84, 0xFB40, 0x9082, 0xBE39, 0xFFFF, 0xFFDF, 0xFFFF, 0xEFFF, 0xC1A7, 0xDD01,
    0xAFE4, 0xB7A4, 0xB7A4, 0xB7A4, 0xB7A4, 0xB7C4, 0xC764, 0xDA20, 0xBD15, 0xFFFF, 0xFFDF, 0xFFFF,
    0xFFDF, 0xFA47, 0x79C0, 0x7DA3, 0x9E23, 0x9603, 0x8DE3, 0x9603, 0x5B82, 0xE1E0, 0xFCD3, 0xFFFF,
    0xFFDF, 0xFFFF, 0xFFFF, 0xFFFF, 0xFFFF, 0xFFFF, 0xFFFF, 0xFFFF, 0xFFDF, 0xFFFF, 0xFFFF, 0xFC92,
    0xE1E0, 0x3AA2, 0x64E3, 0x5C42, 0x5C42, 0x4BE2, 0x6200, 0xFA62, 0xFF1C, 0xFFFF, 0xFBAB, 0x79A0,
    0x3BC3, 0x6503, 0x5483, 0x5483, 0x4BE2, 0x5B82, 0x8A60, 0x39C1, 0x43C2, 0x3BA2, 0x43E3, 0x2B03,
    0xAA00, 0xFC2E, 0xFFFF, 0xFFFF, 0xFF7E, 0xFA64, 0x6260, 0x2BA3, 0x2BC3, 0x2BC3, 0x2BE3, 0x1AA2,
    0xC260, 0xFE36, 0xFFFF, 0xFE9B, 0xEA41, 0x09A1, 0x1303, 0x2B83, 0x1B43, 0x1262, 0x41A0, 0xAA20,
    0x89E0, 0x0A62, 0x12E3, 0x0AA2, 0x0AA3, 0x41E0, 0xFAA3, 0xFF3D, 0xFFFF, 0xFFFF, 0xFC70, 0xBA00,
    0x02A3, 0x0B63, 0x0B63, 0x0A62, 0xE1C0, 0xFBCF, 0xFDB6, 0xFAC4, 0x6980, 0x02A3, 0x0363, 0x0323,
    0x0384, 0x0202, 0xDA40, 0xFCD2, 0xFFFF, 0xFFDF, 0xFFFF, 0xFFFF, 0xFFFF, 0xFFFF, 0xFEBB, 0xF220,
    0x2A42, 0x0364, 0x0384, 0x0344, 0x02C3, 0x2960, 0xAA00, 0xB260, 0x0263, 0x0384, 0x0343, 0x0364,
    0x3282, 0xFA61, 0xFE7A, 0xFFFF, 0xFFDF, 0xFFDF, 0xFFFF, 0xFFFF, 0xFFFF, 0xE7BE, 0xB144, 0xE582,
    0xAFE4, 0xB7A4, 0xB7A4, 0xB7A4, 0xB7A4, 0xB7A4, 0xBFE3, 0xCA84, 0xB494, 0xFFFF, 0xFFDF, 0xFFDF,
    0xFFFF, 0x8C11, 0xA0C4, 0xF4C3, 0xB7C3, 0xB7C4, 0xB7A3, 0xAFE4, 0xBF83, 0xECA2, 0xF961, 0xB800,
    0x5000, 0x0800, 0x0000, 0x0000, 0x0000, 0x0000, 0x0000, 0x0000, 0x0000, 0x0000, 0x0000, 0x0000,
    0x0000, 0x0000, 0x0000, 0x0000, 0x0000, 0x0000, 0x0000, 0x2800, 0x7000, 0xC800, 0xF8C0, 0xFAC1,
    0xDD82, 0xB7A4, 0xAFE4, 0xB7A3, 0xAFE4, 0xC743, 0xF2C0, 0x9104, 0xBE79, 0xFFFF, 0xFFDF, 0xFFFF,
    0xFFDF, 0xFFFF, 0xBB6F, 0xE2E0, 0xB7E4, 0xB7A4, 0xB7A4, 0xB7A4, 0xB7A4, 0xB7A4, 0xB7C4, 0xEB20,
    0xB38E, 0xFFFF, 0xFFBE, 0xFFFF, 0xFD56, 0xE160, 0x1242, 0x0303, 0x02E3, 0x02E3, 0x02E3, 0x02E3,
    0x2201, 0xF200, 0xFD55, 0xFFFF, 0xFFDF, 0xFFFF, 0xFFFF, 0xFFFF, 0xFFFF, 0xFFFF, 0xFFDF, 0xFFFF,
    0xFFFF, 0xFFBF, 0xFC70, 0xEA20, 0x42A2, 0x0384, 0x0364, 0x0364, 0x0344, 0x03A4, 0x0AC3, 0xDA20,
    0xFC91, 0xF7FF, 0xFAA5, 0x5260, 0x0384, 0x0384, 0x03A4, 0x0324, 0x51A0, 0xD9C0, 0xFAA0, 0x1AC2,
    0x03E4, 0x03A4, 0x03E4, 0x0324, 0xB200, 0xFCB0, 0xFFFF, 0xFFDE, 0xFF7E, 0xFA84, 0x4281, 0x03E4,
    0x03E4, 0x03E4, 0x0424, 0x0344, 0xC260, 0xFE36, 0xF7FF, 0xFD95, 0xC1C0, 0x0323, 0x0444, 0x03E4,
    0x03E4, 0x39C1, 0xEA62, 0xFA85, 0x9240, 0x0384, 0x0444, 0x0424, 0x0425, 0x4260, 0xFAA4, 0xFF7E,
    0xFFFF, 0xFFFF, 0xFB6A, 0x9200, 0x0384, 0x0424, 0x0444, 0x1AA2, 0xF2A0, 0xEA01, 0xB1C0, 0x51E0,
    0x02E3, 0x0424, 0x0444, 0x0444, 0x0344, 0x6AC1, 0xFA82, 0xFEFC, 0xFFFF, 0xFFFF, 0xFFFF, 0xFFFF,
    0xFFDF, 0xFFFF, 0xFD95, 0xD1E0, 0x0323, 0x0444, 0x0404, 0x0424, 0x5281, 0xFAC2, 0xFA86, 0xAA40,
    0x0364, 0x0C44, 0x0C04, 0x0424, 0x3AE2, 0xFA60, 0xFE7A, 0xFFFF, 0xFFFF, 0xFFFF, 0xFFFF, 0xFFFF,
    0xFFFF, 0xD6BB, 0xC141, 0xD6C3, 0xAFE4, 0xB7A4, 0xB7A4, 0xB7A4, 0xB7A4, 0xAFC4, 0xCF23, 0xB9A6,
    0xD69A, 0xFFFF, 0xFFFF, 0xFFFF, 0xFFDF, 0xFFFF, 0x8C52, 0x98C4, 0xF422, 0xBF83, 0xAFE4, 0xB783,
    0xB7C4, 0xAFE4, 0xBF43, 0xECA2, 0xF9C1, 0xE020, 0x9000, 0x4800, 0x1000, 0x0000, 0x0000, 0x0000,
    0x0000, 0x0000, 0x0000, 0x0000, 0x0000, 0x0000, 0x0000, 0x1000, 0x6800, 0xA800, 0xD060, 0xF0C1,
    0xF9A1, 0xFB81, 0xDDA2, 0xBF63, 0xAFE4, 0xB7C4, 0xB7A4, 0xB7C4, 0xCE63, 0xEAA1, 0x9187, 0xD71C,
    0xFFFF, 0xFFDF, 0xFFFF, 0xFFFF, 0xFFDF, 0xFFFF, 0xC515, 0xD9A0, 0xBFC4, 0xB7A4, 0xB7A4, 0xB7A4,
    0xB7A4, 0xB7A4, 0xB7E4, 0xEC00, 0xB2AA, 0xFFFF, 0xFFDE, 0xFFFF, 0xFAA8, 0x91A0, 0x0344, 0x0464,
    0x0424, 0x0424, 0x0424, 0x0464, 0x22C2, 0xF1E0, 0xFD14, 0xFFFF, 0xFFBE, 0xFFFF, 0xFFDF, 0xFFDF,
    0xFFDF, 0xFFFF, 0xFFFF, 0xFFFF, 0xFDF8, 0xFB08, 0xCA00, 0x2AC2, 0x03E4, 0x0424, 0x0424, 0x0424,
    0x0424, 0x0C44, 0x03A4, 0x7A60, 0xFAA4, 0xFEBC, 0xFA42, 0x32C1, 0x0424, 0x0C04, 0x0444, 0x1AE2,
    0xFAC1, 0xFBF0, 0xDA21, 0x0B03, 0x0424, 0x0404, 0x0C44, 0x0364, 0xBA00, 0xFCD1, 0xFFFF, 0xFFFF,
    0xFEFD, 0xFA43, 0x4281, 0x0404, 0x0C04, 0x0404, 0x0424, 0x0343, 0xC260, 0xFE37, 0xF7FF, 0xFC4F,
    0x99C0, 0x0364, 0x0C24, 0x0C24, 0x0364, 0x99C0, 0xFCD1, 0xF44F, 0x79A0, 0x03A4, 0x0C04, 0x03E4,
    0x03E4, 0x4A00, 0xFAE6, 0xFFBF, 0xFFFF, 0xF7FF, 0xFA85, 0x6240, 0x03C4, 0x0C04, 0x0424, 0x02A3,
    0x3221, 0x1AE2, 0x0344, 0x03E4, 0x0444, 0x0424, 0x0364, 0x22C3, 0x92A0, 0xF9C0, 0xFBAE, 0xFFFF,
    0xFFDF, 0xFFFF, 0xFFFF, 0xFFFF, 0xFFDF, 0xFFFF, 0xFC70, 0xB1E0, 0x0344, 0x0424, 0x0404, 0x0384,
    0xA200, 0xFCD1, 0xF4F3, 0xA1A0, 0x0364, 0x0424, 0x03E4, 0x0404, 0x3AA1, 0xFA41, 0xFEFC, 0xFFFF,
    0xFE7A, 0xFC91, 0xFB6B, 0xFEFB, 0xFFFF, 0xCDF8, 0xC960, 0xCF63, 0xB7C4, 0xB7A4, 0xB7A4, 0xB7A4,
    0xB7A4, 0xAFE4, 0xD623, 0xB1C9, 0xE79E, 0xFFFF, 0xFFFF, 0xFFFF, 0xFFFF, 0xFFDF, 0xFFFF, 0xA535,
    0x9147, 0xEB63, 0xCEC3, 0xB7C4, 0xB7A4, 0xB7A4, 0xB7C4, 0xAFE4, 0xBF84, 0xDD63, 0xFB22, 0xF981,
    0xE860, 0xC800, 0x5800, 0x0000, 0x0000, 0x0000, 0x0000, 0x0000, 0x0000, 0x0000, 0x0000, 0x0800,
    0x3000, 0x9800, 0xF981, 0xFC61, 0xBF03, 0xB7C4, 0xB7E4, 0xB7C4, 0xB7A4, 0xB7A4, 0xB7C4, 0xB7A4,
    0xFC01, 0xB041, 0xC6FC, 0xFFFF, 0xFFDF, 0xFFFF, 0xFFFF, 0xFFFF, 0xFFDF, 0xFFFF, 0xCE18, 0xD120,
    0xCF43, 0xB7C4, 0xB7A4, 0xB7A4, 0xB7A4, 0xB7A4, 0xAFE4, 0xEC80, 0xB248, 0xF7FF, 0xFFFF, 0xFE9B,
    0xF981, 0x4A41, 0x03C4, 0x0404, 0x03E4, 0x03E4, 0x03E4, 0x0424, 0x0AA3, 0xD2A0, 0xFA67, 0xF71D,
    0xFFFF, 0xFFFF, 0xFFFF, 0xFFFF, 0xFFFF, 0xFF9E, 0xFD96, 0xFB2A, 0xF200, 0x8240, 0x0B23, 0x0404,
    0x0404, 0x03E4, 0x0404, 0x0404, 0x0404, 0x03E4, 0x0424, 0x22A2, 0xF280, 0xFB0D, 0xEA61, 0x1B02,
    0x0424, 0x03E4, 0x0404, 0x3AA0, 0xFB06, 0xF576, 0xC1E0, 0x0323, 0x0424, 0x03E4, 0x0424, 0x0344,
    0xC1E0, 0xFD34, 0xFEBB, 0xFC90, 0xFB06, 0xFB20, 0x4282, 0x0404, 0x0404, 0x03E4, 0x0424, 0x0343,
    0xC240, 0xFE57, 0xF7FF, 0xFB49, 0x6A00, 0x03C4, 0x0404, 0x0424, 0x0323, 0xB9E0, 0xFC51, 0xFB06,
    0x51C0, 0x03E4, 0x0404, 0x0404, 0x03C4, 0x59E0, 0xFB69, 0xF7BF, 0xFE39, 0xFC0E, 0xFA81, 0x3A81,
    0x0404, 0x0404, 0x0404, 0x0404, 0x0404, 0x0424, 0x0424, 0x0404, 0x03A4, 0x1A82, 0x9280, 0xEA40,
    0xFA44, 0xFC51, 0xFF9E, 0xFFFF, 0xFFFF, 0xFFFF, 0xFFFF, 0xFFFF, 0xFFFF, 0xFFFF, 0xFB8B, 0x8A00,
    0x0384, 0x0404, 0x0424, 0x0364, 0xBA00, 0xFC71, 0xFB89, 0x79C0, 0x03A4, 0x0404, 0x03E4, 0x0404,
    0x3AA1, 0xFA41, 0xFC52, 0xFBAA, 0xF261, 0xFB40, 0xF9A0, 0xFE7A, 0xFFFF, 0xCDD8, 0xD160, 0xC763,
    0xB7C4, 0xB7A4, 0xB7A4, 0xB7A4, 0xB7A4, 0xAFE4, 0xD543, 0xAA2C, 0xF7FF, 0xFFFF, 0xFFFF, 0xFFFF,
    0xFFFF, 0xFFFF, 0xFFDE, 0xFFFF, 0x8C12, 0xC944, 0xDE63, 0xAFE4, 0xB7A4, 0xB7A4, 0xB7A4, 0xB7A4,
    0xB7A4, 0xA7E4, 0xBF43, 0xFB41, 0xE080, 0x6800, 0x1000, 0x0000, 0x0000, 0x0000, 0x0000, 0x0000,
    0x0000, 0x0000, 0x0000, 0x0000, 0x0000, 0x0000, 0x3000, 0xC901, 0xECC2, 0xB7A4, 0xB7C4, 0xB7A4,
    0xB7A4, 0xB7A4, 0xB7A4, 0xAFE4, 0xD6C3, 0xE9A0, 0xABD0, 0xFFFF, 0xFFDF, 0xFFFF, 0xFFFF, 0xFFFF,
    0xFFFF, 0xFFFF, 0xCE59, 0xD0C1, 0xCEE3, 0xAFE4, 0xB7A4, 0xB7A4, 0xB7A4, 0xB7A4, 0xAFE4, 0xEC80,
    0xB227, 0xF7FF, 0xFFFF, 0xFCB3, 0xE960, 0x12A2, 0x0424, 0x03E4, 0x0404, 0x0404, 0x0404, 0x0404,
    0x03A4, 0x39E1, 0xE240, 0xFA04, 0xFC92, 0xFE18, 0xFE18, 0xFD14, 0xFB8D, 0xFA65, 0xF9E0, 0xAA20,
    0x32A2, 0x03A4, 0x0424, 0x03E4, 0x0404, 0x0404, 0x0404, 0x0404, 0x0404, 0x03E4, 0x0424, 0x0344,
    0xA2C0, 0xF920, 0xCA20, 0x0343, 0x0424, 0x0404, 0x03E4, 0x62A0, 0xFAA5, 0xFB49, 0x9200, 0x0384,
    0x0424, 0x03E4, 0x0424, 0x0303, 0xDAC0, 0xFA85, 0xFAA2, 0xB220, 0xA2C0, 0xF3C0, 0x3A82, 0x0404,
    0x03E4, 0x03E4, 0x0424, 0x0344, 0xC240, 0xFE77, 0xFFDF, 0xFA84, 0x3A40, 0x0404, 0x03E4, 0x0424,
    0x0AC2, 0xEAC0, 0xF1C0, 0x7980, 0x02A3, 0x0424, 0x03E4, 0x0404, 0x03A4, 0x6220, 0xFB05, 0xFB27,
    0xEA60, 0xA200, 0xE360, 0x2282, 0x0424, 0x03E4, 0x0404, 0x0424, 0x0424, 0x03E4, 0x0404, 0x0404,
    0x2A42, 0xE220, 0xFA24, 0xFC51, 0xFF1D, 0xFFFF, 0xFFFF, 0xFFDF, 0xFFFF, 0xFFFF, 0xFFFF, 0xFFFF,
    0xFFFF, 0xFFDF, 0xFAC6, 0x6220, 0x03C4, 0x0C04, 0x0424, 0x0B03, 0xEAC0, 0xE9A0, 0x7A00, 0x0B03,
    0x0424, 0x03E4, 0x0404, 0x0404, 0x3A41, 0xFAE0, 0xDA20, 0x71A0, 0x9AE0, 0xFA61, 0xFD15, 0xFFFF,
    0xFFFF, 0xCE39, 0xC940, 0xCF23, 0xAFC4, 0xB7A4, 0xB7A4, 0xB7A4, 0xB7A4, 0xAFE4, 0xD4E3, 0xB24D,
    0xF7FF, 0xFFFF, 0xFFFF, 0xFFFF, 0xFFFF, 0xFFFF, 0xFFFF, 0xE79E, 0xA1CA, 0xEC42, 0xB7E4, 0xB7A4,
    0xB7A4, 0xB7A4, 0xB7A4, 0xB7A4, 0xAFE4, 0xD643, 0xFA01, 0xA000, 0x1000, 0x0000, 0x0000, 0x0000,
    0x0000, 0x0000, 0x0000, 0x0000, 0x0000, 0x0000, 0x0000, 0x0000, 0x0000, 0x0000, 0x0000, 0x0800,
    0xA840, 0xFBA1, 0xBF83, 0xB7C4, 0xB7A4, 0xB7A4, 0xB7A4, 0xB7A4, 0xAFE4, 0xF481, 0xB103, 0xDF5D,
    0xFFFF, 0xFFFF, 0xFFFF, 0xFFFF, 0xFFFF, 0xFFFF, 0xCE39, 0xD0C0, 0xCEE3, 0xAFE4, 0xB7A4, 0xB7A4,
    0xB7A4, 0xB7A4, 0xB7E4, 0xEC00, 0xAA28, 0xF7FF, 0xFFFF, 0xFB4C, 0xC9C0, 0x02E3, 0x0424, 0x03E4,
    0x0404, 0x0404, 0x0404, 0x03E4, 0x0424, 0x0384, 0x1A42, 0x7A40, 0xC200, 0xE220, 0xEA20, 0xE220,
    0xCA40, 0x8A80, 0x32C2, 0x0344, 0x0404, 0x0424, 0x03E4, 0x0404, 0x0404, 0x0404, 0x0404, 0x0404,
    0x0404, 0x0404, 0x03E4, 0x0404, 0x3AA2, 0xFAA0, 0xB260, 0x0384, 0x0424, 0x0404, 0x03E4, 0x5221,
    0xB240, 0x6A20, 0x1323, 0x0404, 0x03E4, 0x03E4, 0x0424, 0x0303, 0x8200, 0x9AC0, 0x31E1, 0x49C1,
    0xDA00, 0xFA41, 0x32C2, 0x0404, 0x03E4, 0x03E4, 0x0424, 0x0323, 0xC220, 0xFEB9, 0xFEDC, 0xEA00,
    0x1AA2, 0x0424, 0x03E4, 0x0424, 0x0AA3, 0x5180, 0x2221, 0x0303, 0x0424, 0x03E4, 0x0404, 0x0404,
    0x03E4, 0x2961, 0xAA40, 0x6200, 0x1921, 0x8A61, 0xEB20, 0x12E3, 0x0444, 0x0424, 0x03E4, 0x0364,
    0x12E2, 0x4A01, 0x0A82, 0x0364, 0xC220, 0xFB8C, 0xF7BF, 0xFFFF, 0xFFFF, 0xFFFF, 0xFFFF, 0xFFFF,
    0xFFFF, 0xFFFF, 0xFFDF, 0xFFFF, 0xFFFF, 0xFF3D, 0xFA63, 0x3A61, 0x0404, 0x03E4, 0x0424, 0x0AA3,
    0x69E0, 0x22A2, 0x03A4, 0x0424, 0x03E4, 0x03E4, 0x03E4, 0x0424, 0x1202, 0x4241, 0x0243, 0x51C1,
    0xF240, 0xFCF4, 0xFFFF, 0xFFDF, 0xFFFF, 0xDF1C, 0xC922, 0xD683, 0xAFE4, 0xB7A4, 0xB7A4, 0xB7A4,
    0xB7A4, 0xAFE4, 0xDCE3, 0xB22C, 0xF7FF, 0xFFFF, 0xFFFF, 0xFFFF, 0xFFFF, 0xFFDF, 0xFFFF, 0xB536,
    0xC9A3, 0xD6E3, 0xAFE4, 0xB7A4, 0xB7A4, 0xB7A4, 0xB7A4, 0xAFE4, 0xDDC2, 0xF920, 0x6800, 0x0000,
    0x0000, 0x0000, 0x0000, 0x0000, 0x0000, 0x0000, 0x0000, 0x0000, 0x0000, 0x0000, 0x0000, 0x0000,
    0x0000, 0x0000, 0x0000, 0x0000, 0x0000, 0x9800, 0xFB61, 0xBF63, 0xB7C4, 0xB7A4, 0xB7A4, 0xB7A4,
    0xAFE4, 0xD6C3, 0xE160, 0xB493, 0xFFFF, 0xFFDF, 0xFFFF, 0xFFFF, 0xFFDF, 0xFFFF, 0xC597, 0xD900,
    0xCF24, 0xAFC4, 0xB7A4, 0xB7A4, 0xB7A4, 0xB7C4, 0xBFC4, 0xEAC0, 0xA30D, 0xFFFF, 0xFFFF, 0xFAA9,
    0xAA00, 0x0344, 0x0424, 0x03E4, 0x0404, 0x0404, 0x0404, 0x0404, 0x03E4, 0x0404, 0x0424, 0x03A4,
    0x0384, 0x1363, 0x1B83, 0x1383, 0x0384, 0x03A4, 0x0404, 0x0424, 0x0404, 0x03E4, 0x0404, 0x0404,
    0x0404, 0x0404, 0x0404, 0x0404, 0x03E4, 0x0404, 0x0424, 0x0424, 0x0243, 0xE360, 0x9AC1, 0x0384,
    0x0404, 0x03E4, 0x0404, 0x0343, 0x0343, 0x03E4, 0x0424, 0x03E4, 0x0404, 0x0404, 0x0404, 0x03E4,
    0x0384, 0x02E4, 0x5A41, 0xFA81, 0xFB4E, 0xFA62, 0x22A2, 0x0404, 0x03E4, 0x03E4, 0x0424, 0x0323,
    0xC220, 0xFEFA, 0xFDD6, 0xC9C0, 0x0303, 0x0424, 0x03E4, 0x0404, 0x03E4, 0x0384, 0x0404, 0x0424,
    0x03E4, 0x0404, 0x0404, 0x0404, 0x0404, 0x0323, 0x02C3, 0x01E2, 0xA240, 0xF9E1, 0xD281, 0x02A3,
    0x0384, 0x12E3, 0x4A81, 0x9240, 0xEB20, 0xC2A0, 0x02C3, 0x3B02, 0xF960, 0xFBF0, 0xFCD2, 0xFC2F,
    0xFC4F, 0xFC90, 0xFCF2, 0xFDB6, 0xFEBB, 0xFFFF, 0xFFFF, 0xFFDF, 0xFFFF, 0xFE7A, 0xF200, 0x1AA2,
    0x0424, 0x03E4, 0x0404, 0x03E4, 0x0384, 0x0424, 0x0404, 0x03E4, 0x0444, 0x0404, 0x0404, 0x03E4,
    0x0424, 0x0364, 0x5281, 0xFA60, 0xFCD3, 0xFFFF, 0xFFDE, 0xFFFF, 0xFFFF, 0xEFFF, 0xC186, 0xE541,
    0xAFE4, 0xB7A4, 0xB7A4, 0xB7A4, 0xB7A4, 0xAFE4, 0xD583, 0xB1AA, 0xEFDE, 0xFFFF, 0xFFFF, 0xFFFF,
    0xFFFF, 0xFFFF, 0xF7FF, 0x9A6C, 0xEBE2, 0xB7E4, 0xB7A4, 0xB7A4, 0xB7A4, 0xB7A4, 0xAFE4, 0xDDC2,
    0xF101, 0x4800, 0x0020, 0x0000, 0x0000, 0x0000, 0x0000, 0x0000, 0x0000, 0x0000, 0x0000, 0x0000,
    0x0000, 0x0000, 0x0000, 0x0000, 0x0000, 0x0000, 0x0000, 0x0000, 0x0000, 0x0000, 0xA000, 0xFBA1,
    0xB7A4, 0xB7C4, 0xB7A4, 0xB7A4, 0xB7A4, 0xB7C4, 0xFB60, 0xAA08, 0xF7FF, 0xFFFF, 0xFFFF, 0xFFFF,
    0xFFDF, 0xFFFF, 0xB472, 0xE160, 0xC7A4, 0xB7C4, 0xB7A4, 0xB7A4, 0xB7A4, 0xAFC4, 0xCF04, 0xD940,
    0xACB3, 0xFFFF, 0xF7DF, 0xFA26, 0xA240, 0x0344, 0x0424, 0x03E4, 0x0404, 0x0404, 0x0404, 0x0404,
    0x0404, 0x03E4, 0x03E4, 0x0404, 0x0424, 0x0424, 0x0404, 0x0404, 0x0404, 0x0C04, 0x0424, 0x03C4,
    0x03E4, 0x0404, 0x0404, 0x0404, 0x0404, 0x0404, 0x03E4, 0x0404, 0x0424, 0x03E4, 0x0303, 0x4241,
    0xAA00, 0xFAC1, 0x6AA1, 0x03C4, 0x0404, 0x0404, 0x03E4, 0x0424, 0x0424, 0x03E4, 0x0404, 0x0404,
    0x03E4, 0x0404, 0x03E4, 0x0424, 0x0364, 0x8280, 0xFA01, 0xFD96, 0xFEFC, 0xF220, 0x22C2, 0x0424,
    0x03E4, 0x03E4, 0x0444, 0x02E3, 0xCA00, 0xFEDB, 0xFCD1, 0xA1C0, 0x0364, 0x0424, 0x03E4, 0x0404,
    0x0404, 0x0404, 0x03E4, 0x0424, 0x0404, 0x03C4, 0x0404, 0x03E4, 0x0404, 0x0424, 0x1A62, 0xC220,
    0xFBAA, 0xFBB0, 0xEA00, 0x8A60, 0xB220, 0xE200, 0xFAA4, 0xF9C4, 0xF280, 0x2AA2, 0x03E4, 0x7A81,
    0xFAE1, 0xE9E0, 0xC9C0, 0xB1C0, 0xA1E0, 0xA9E0, 0xBA00, 0xE220, 0xFA82, 0xFB29, 0xFD56, 0xFFFF,
    0xFFFF, 0xFDB6, 0xD9E0, 0x0AE3, 0x0424, 0x03E4, 0x0404, 0x0404, 0x0404, 0x03E4, 0x0424, 0x0404,
    0x0283, 0x0303, 0x0424, 0x0424, 0x03A4, 0x4A41, 0xF220, 0xFC92, 0xFFFF, 0xFFDE, 0xFFFF, 0xFFFF,
    0xFFDF, 0xFFFF, 0xBB2D, 0xEB00, 0xB7E4, 0xB7A4, 0xB7A4, 0xB7A4, 0xB7A4, 0xAFE4, 0xD683, 0xB968,
    0xD6DB, 0xFFFF, 0xFFFF, 0xFFFF, 0xFFFF, 0xFFFF, 0xCE7A, 0xB165, 0xE602, 0xAFE4, 0xB7A4, 0xB7A4,
    0xB7A4, 0xAFE4, 0xD663, 0xF921, 0x4800, 0x0020, 0x0800, 0x0000, 0x0000, 0x0000, 0x0000, 0x0000,
    0x0000, 0x0000, 0x0000, 0x0000, 0x0000, 0x0000, 0x0000, 0x0000, 0x0000, 0x0000, 0x0000, 0x0000,
    0x0000, 0x0000, 0x0800, 0xC840, 0xF482, 0xAFE4, 0xB7A4, 0xB7A4, 0xB7A4, 0xAFE4, 0xED62, 0xC0E1,
    0xD6FC, 0xFFFF, 0xFFFF, 0xFFFF, 0xFFDF, 0xFFFF, 0xB2AC, 0xEAA0, 0xB7E4, 0xB7A4, 0xB7A4, 0xB7A4,
    0xB7A4, 0xAFE4, 0xF502, 0xA881, 0xD71C, 0xFFFF, 0xF7FF, 0xFA47, 0xAA20, 0x0344, 0x0424, 0x03E4,
    0x0404, 0x0404, 0x0404, 0x0404, 0x0404, 0x0404, 0x0404, 0x0404, 0x03E4, 0x03E4, 0x03E4, 0x03E4,
    0x0404, 0x0404, 0x0262, 0x0981, 0x0424, 0x03E4, 0x0404, 0x0404, 0x03E4, 0x0404, 0x0424, 0x03E4,
    0x0303, 0x4A61, 0xB200, 0xFA62, 0xFB2C, 0xF9E2, 0x4AA1, 0x03E4, 0x0404, 0x0404, 0x0404, 0x03E4,
    0x03E4, 0x0424, 0x03C4, 0x2202, 0x0AA3, 0x0424, 0x0424, 0x0344, 0x9260, 0xFA43, 0xFDD8, 0xFFFF,
    0xFE18, 0xF220, 0x22C2, 0x0424, 0x03E4, 0x0C24, 0x0384, 0x5241, 0xFA21, 0xF71D, 0xFBCB, 0x71E0,
    0x03A4, 0x0404, 0x03E4, 0x03E4, 0x03E4, 0x0424, 0x0424, 0x0384, 0x2222, 0x19A1, 0x0404, 0x0C24,
    0x03C4, 0x2222, 0xD200, 0xFB4A, 0xFF9F, 0xFF3C, 0xFAA9, 0xFB69, 0xFC6F, 0xFDD7, 0xF69C, 0xFAA5,
    0x6A61, 0x03A4, 0x03E4, 0x0202, 0x2A01, 0x02A3, 0x0344, 0x0384, 0x0364, 0x0364, 0x0324, 0x12C3,
    0x4A41, 0xAA40, 0xFA20, 0xFB0B, 0xF79E, 0xFD53, 0xC1E0, 0x0323, 0x0424, 0x03E4, 0x03E4, 0x0404,
    0x0424, 0x0404, 0x0324, 0x3A82, 0xAA40, 0x1A82, 0x0464, 0x03A4, 0x4221, 0xF240, 0xFC50, 0xFFFF,
    0xFFDF, 0xFFFF, 0xFFFF, 0xFFFF, 0xFFDF, 0xFFFF, 0xD639, 0xD900, 0xCF03, 0xAFC4, 0xB7A4, 0xB7A4,
    0xB7A4, 0xB7C4, 0xC783, 0xC9C5, 0xBD16, 0xFFFF, 0xFFDF, 0xFFFF, 0xFFDF, 0xFFFF, 0xA432, 0xDA42,
    0xC763, 0xB7C4, 0xB7A4, 0xB7A4, 0xB7C4, 0xBF43, 0xFA21, 0x6800, 0x0020, 0x0800, 0x0000, 0x0000,
    0x0000, 0x0000, 0x0000, 0x0000, 0x0000, 0x0000, 0x0000, 0x0000, 0x0000, 0x0000, 0x0000, 0x0000,
    0x0000, 0x0000, 0x0000, 0x0000, 0x0000, 0x0000, 0x0000, 0x2000, 0xF0C0, 0xD603, 0xAFE4, 0xB7A4,
    0xB7A4, 0xAFE4, 0xD6C3, 0xD920, 0xBD35, 0xFFFF, 0xFFDF, 0xFFFF, 0xFFFF, 0xE7BE, 0xB8C4, 0xECC1,
    0xAFE4, 0xB7A4, 0xB7A4, 0xB7A4, 0xAFC4, 0xC764, 0xE960, 0x8AEC, 0xFFFF, 0xFFDE, 0xFFFF, 0xFACA,
    0xC200, 0x0303, 0x0424, 0x03E4, 0x0404, 0x0404, 0x0404, 0x0404, 0x0404, 0x0404, 0x0404, 0x0404,
    0x0404, 0x03E4, 0x0404, 0x0424, 0x0384, 0x3A61, 0xA200, 0x1262, 0x0444, 0x03E4, 0x03E4, 0x0404,
    0x0424, 0x03E4, 0x0303, 0x4A61, 0xBA00, 0xFA21, 0xFBAD, 0xFE9B, 0xFEFC, 0xFA41, 0x2AA2, 0x0424,
    0x0BE4, 0x0404, 0x0424, 0x0424, 0x03E4, 0x0303, 0x6240, 0xE2A0, 0x2AA2, 0x0444, 0x0B23, 0xAA60,
    0xFA85, 0xFE7A, 0xFFFF, 0xFFFF, 0xFDD7, 0xF220, 0x1AE2, 0x0424, 0x0444, 0x0344, 0x5241, 0xF200,
    0xFCF3, 0xF7FF, 0xFAC5, 0x5A20, 0x0404, 0x0C24, 0x0424, 0x0424, 0x0404, 0x0384, 0x1AC2, 0x8200,
    0xF2A0, 0x5A01, 0x0404, 0x03A4, 0x3201, 0xDA20, 0xFBCD, 0xFFBF, 0xFFFF, 0xFFFF, 0xFFFF, 0xFFFF,
    0xFFFF, 0xFFFF, 0xFC70, 0xC200, 0x1202, 0x52C1, 0x9240, 0xA220, 0x8A60, 0x6A61, 0x2AA2, 0x0364,
    0x0444, 0x0424, 0x0424, 0x0424, 0x03E4, 0x02E3, 0x4A21, 0xE220, 0xFB6C, 0xFCB1, 0xC200, 0x0303,
    0x0C64, 0x0424, 0x0424, 0x03E4, 0x0304, 0x2A62, 0x9A20, 0xFA20, 0xFAC1, 0x12C2, 0x03C4, 0x3A22,
    0xEA40, 0xFC2F, 0xFFFF, 0xFFDF, 0xFFFF, 0xFFFF, 0xFFFF, 0xFFFF, 0xFFFF, 0xFFFF, 0xF7FF, 0xCA29,
    0xF380, 0xB7E4, 0xB7A4, 0xB7A4, 0xB7A4, 0xB7A4, 0xB7E3, 0xDBA4, 0xA24D, 0xF7FF, 0xFFFF, 0xFFFF,
    0xFFFF, 0xF7FF, 0x9A8C, 0xEBA2, 0xB7E4, 0xB7A4, 0xB7A4, 0xB7A4, 0xAFE4, 0xF402, 0xA800, 0x0000,
    0x0800, 0x0000, 0x0000, 0x0000, 0x0000, 0x0000, 0x0000, 0x0000, 0x0000, 0x0000, 0x0000, 0x0000,
    0x0000, 0x0000, 0x0000, 0x0000, 0x0000, 0x0000, 0x0000, 0x0000, 0x0000, 0x0000, 0x0000, 0x0000,
    0x7000, 0xFA81, 0xB783, 0xB7C4, 0xB7A4, 0xB7C4, 0xC784, 0xE9E0, 0xABD0, 0xFFFF, 0xFFDF, 0xFFDF,
    0xFFFF, 0xAC72, 0xE8C0, 0xCF04, 0xAFE4, 0xB7A4, 0xB7A4, 0xB7A4, 0xB7E4, 0xFBA1, 0x9042, 0xD71B,
    0xFFFF, 0xFFDE, 0xFFFF, 0xFC11, 0xF1C0, 0x1A82, 0x0424, 0x03E4, 0x0404, 0x0404, 0x0404, 0x0404,
    0x0404, 0x0404, 0x03E4, 0x03E4, 0x0404, 0x0424, 0x03E4, 0x1323, 0x8A80, 0xFB40, 0xAAA0, 0x0303,
    0x0424, 0x0404, 0x0424, 0x03C4, 0x0303, 0x5261, 0xC200, 0xFA22, 0xFBCD, 0xFE7B, 0xFFFF, 0xFFFF,
    0xFEDB, 0xFA41, 0x3A41, 0x03A4, 0x0404, 0x03E4, 0x03A4, 0x0B03, 0x4A60, 0xB9E0, 0xFA44, 0xFA03,
    0x3201, 0x1303, 0xC260, 0xFAC7, 0xF6FC, 0xFFFF, 0xFFBE, 0xFFFF, 0xFD76, 0xF200, 0x12E3, 0x03E4,
    0x0283, 0x7A20, 0xFA20, 0xFCF3, 0xFFFF, 0xFFDF, 0xFB07, 0x9260, 0x02A4, 0x03A4, 0x0344, 0x0AE3,
    0x4240, 0x91E0, 0xEA20, 0xFB49, 0xFA87, 0x79E1, 0x0283, 0x4A41, 0xEA20, 0xFC2F, 0xFFFF, 0xFFFF,
    0xFFFF, 0xFFFF, 0xFFFF, 0xFFFF, 0xFFDE, 0xFEDC, 0xFAA2, 0xC2E0, 0xD9A0, 0xFAA5, 0xFB8B, 0xFCB0,
    0xF9E6, 0xFB40, 0xF260, 0x9200, 0x02C3, 0x0424, 0x03E4, 0x03E4, 0x0404, 0x0444, 0x0384, 0x2A01,
    0xEA80, 0xFA29, 0xF260, 0x3A61, 0x0304, 0x0303, 0x0A82, 0x4221, 0xA200, 0xF240, 0xFBEB, 0xFD56,
    0xF261, 0x3A41, 0x3222, 0xEA40, 0xFC0F, 0xFFFF, 0xFFDF, 0xFFFF, 0xFFFF, 0xFFFF, 0xFFFF, 0xFFFF,
    0xFFFF, 0xFFFF, 0xFFFF, 0xDE7A, 0xE0C1, 0xE5C2, 0xAFE4, 0xB7A4, 0xB7A4, 0xB7A4, 0xAFE4, 0xD684,
    0xB8E7, 0xC5F8, 0xFFFF, 0xFFDF, 0xFFFF, 0xE7BE, 0xA1C9, 0xECE2, 0xAFE4, 0xB7A4, 0xB7A4, 0xAFE4,
    0xCE83, 0xF0E0, 0x1800, 0x0000, 0x0000, 0x0000, 0x0000, 0x0000, 0x0000, 0x0000, 0x0000, 0x0000,
    0x0000, 0x0000, 0x0000, 0x0000, 0x0000, 0x0000, 0x0000, 0x0000, 0x0000, 0x0000, 0x0000, 0x0000,
    0x0000, 0x0000, 0x0000, 0x0000, 0x0800, 0xD840, 0xE582, 0xAFE4, 0xB7A4, 0xB7A4, 0xBFE4, 0xF2A0,
    0xAAAB, 0xFFFF, 0xFFBE, 0xFFFF, 0xCF1B, 0xB842, 0xF421, 0xAFE4, 0xB7A4, 0xB7A4, 0xB7A4, 0xAFE4,
    0xF4A2, 0xB000, 0xA555, 0xFFFF, 0xFFDF, 0xFFFF, 0xFFFF, 0xFEBB, 0xF961, 0x8A61, 0x02C3, 0x0C64,
    0x0404, 0x0404, 0x0404, 0x0404, 0x0404, 0x0404, 0x0424, 0x0424, 0x03E4, 0x0B44, 0x6AC1, 0xDA80,
    0xF9E3, 0xF9A1, 0x5241, 0x03C4, 0x0444, 0x03C4, 0x0303, 0x5A61, 0xC200, 0xFA22, 0xFBEE, 0xFE9B,
    0xFFFF, 0xFFFF, 0xFFDF, 0xFFDF, 0xFFFF, 0xFB8D, 0xD9C0, 0x5A20, 0x4280, 0x6240, 0x9220, 0xD200,
    0xFA84, 0xFC50, 0xFF3D, 0xFB0A, 0xB220, 0xD240, 0xFB2A, 0xFF5E, 0xFFFF, 0xFFDF, 0xFFFF, 0xFFFF,
    0xFE19, 0xFA40, 0x5281, 0x41E1, 0xC200, 0xFA64, 0xFDB7, 0xFFFF, 0xFFDE, 0xFFFF, 0xFD34, 0xF9C0,
    0xA200, 0x9200, 0xB200, 0xDA20, 0xFAC5, 0xFC4E, 0xFE18, 0xF7FF, 0xFC70, 0xCA00, 0x71E0, 0xFA00,
    0xFCB2, 0xFFFF, 0xFFFF, 0xFFFF, 0xFFFF, 0xFFFF, 0xFFFF, 0xFFDF, 0xFFFF, 0xFBEE, 0xF980, 0xFB29,
    0xFD96, 0xFF5E, 0xFFFF, 0xFD97, 0xFA82, 0xF320, 0xFB2D, 0xFAE5, 0xA220, 0x0323, 0x0424, 0x03E4,
    0x0404, 0x03E4, 0x0C44, 0x0364, 0x7220, 0xFAE7, 0xFAAA, 0xE9E0, 0xA200, 0xA9C0, 0xDA00, 0xFA62,
    0xFBAB, 0xFE18, 0xFFFF, 0xFFFF, 0xFBCC, 0xEA20, 0xF220, 0xFC2F, 0xFFFF, 0xFFFF, 0xFFFF, 0xFFFF,
    0xFFFF, 0xFFFF, 0xFFFF, 0xFFFF, 0xFFFF, 0xFFFF, 0xFFDF, 0xFFFF, 0xD492, 0xF140, 0xDE42, 0xAFE4,
    0xB7A4, 0xB7A4, 0xB7A4, 0xB7E3, 0xE3A4, 0x998B, 0xEFDE, 0xFFFF, 0xFFFF, 0xDF3C, 0xA987, 0xE5A2,
    0xAFE4, 0xB7A4, 0xB7A4, 0xAFE4, 0xFBA2, 0x8800, 0x0000, 0x0000, 0x0000, 0x0000, 0x0000, 0x0000,
    0x0000, 0x0000, 0x0000, 0x0000, 0x0000, 0x0000, 0x0000, 0x0000, 0x0000, 0x0000, 0x0000, 0x0000,
    0x0000, 0x0000, 0x0000, 0x0000, 0x0000, 0x0000, 0x0000, 0x0000, 0x0000, 0x6800, 0xFAC1, 0xB7C4,
    0xB7A4, 0xB7A4, 0xAFA4, 0xC3E0, 0x9ACA, 0xFFFF, 0xFFFF, 0xE7BE, 0xA146, 0xF9E0, 0xC764, 0xB7C4,
    0xB7A4, 0xAFE4, 0xB7E4, 0xF4A2, 0xC861, 0xACB3, 0xFFFF, 0xFFBE, 0xFFDF, 0xFFFF, 0xFFDF, 0xFFFF,
    0xFBAF, 0xF960, 0x5A41, 0x0283, 0x0384, 0x03E4, 0x03E4, 0x03E4, 0x03E4, 0x03C4, 0x0364, 0x1B03,
    0x6AA0, 0xD260, 0xFA63, 0xFC91, 0xFCF5, 0xF200, 0x1AE2, 0x03E4, 0x0AE3, 0x5A61, 0xCA00, 0xFA22,
    0xFBEE, 0xFEBB, 0xFFFF, 0xFFFF, 0xFFDF, 0xFFFF, 0xFFFF, 0xFFFF, 0xFFFF, 0xFF9E, 0xFC50, 0xFAE6,
    0xFAE5, 0xFB48, 0xFC2D, 0xFD75, 0xFF5D, 0xFFFF, 0xFFFF, 0xFD76, 0xFA45, 0xFC2F, 0xFFBF, 0xFFFF,
    0xFFFF, 0xFFFF, 0xFFFF, 0xFFFF, 0xFFBE, 0xFA47, 0xFA60, 0xFA62, 0xFBCD, 0xFF1D, 0xFFFF, 0xFFDF,
    0xFFFF, 0xFFFF, 0xFFFF, 0xFD76, 0xFC2D, 0xFC6E, 0xFD33, 0xFE59, 0xFF9F, 0xFFFF, 0xFFFF, 0xFFFF,
    0xFEBB, 0xFA86, 0xFB06, 0xFD55, 0xFFFF, 0xFFFF, 0xFFFF, 0xFFFF, 0xFFFF, 0xFFFF, 0xFFFF, 0xFFFF,
    0xFEFB, 0xF964, 0xFD14, 0xFFFF, 0xFFFF, 0xFFFF, 0xFDD8, 0xF9E1, 0xA2C0, 0xF221, 0xFF7E, 0xF67A,
    0xFA21, 0x4A81, 0x03E4, 0x0404, 0x0404, 0x0404, 0x03E4, 0x0404, 0x3261, 0xFA62, 0xFE9B, 0xFCF3,
    0xFC2E, 0xFC8F, 0xFD75, 0xFEFC, 0xFFFF, 0xFFFF, 0xFFFF, 0xFFFF, 0xFFDF, 0xFDD7, 0xFE39, 0xFFFF,
    0xFFFF, 0xFFFF, 0xFFFF, 0xFFFF, 0xFFFF, 0xFFFF, 0xFFFF, 0xFFFF, 0xFFFF, 0xFFDF, 0xFFDF, 0xFFDE,
    0xFFFF, 0xDC51, 0xF201, 0xE5C2, 0xB7C4, 0xAFE4, 0xB7A4, 0xB7C4, 0xC763, 0xD9C5, 0x92CF, 0xF7FF,
    0xFFFF, 0xD6FB, 0xB187, 0xD5A2, 0xA7A4, 0xAF63, 0xA783, 0xBF03, 0xE981, 0x2000, 0x0000, 0x0000,
    0x0000, 0x0000, 0x0000, 0x0000, 0x0000, 0x0000, 0x0000, 0x0000, 0x0000, 0x0000, 0x0000, 0x0000,
    0x0000, 0x0000, 0x0000, 0x0000, 0x0000, 0x0000, 0x0000, 0x0000, 0x0000, 0x0000, 0x0000, 0x0000,
    0x0000, 0x1800, 0xE901, 0xCEE3, 0xB7E4, 0x9F03, 0x7643, 0x44C0, 0x5C29, 0xFFFF, 0xDF7D, 0xA1C8,
    0xF120, 0xD683, 0xAFE4, 0xB7C4, 0xB7E4, 0xC6C3, 0xF321, 0xB001, 0x9472, 0xE7FF, 0xF7FF, 0xFFFF,
    0xFFFF, 0xFFFF, 0xFFFF, 0xFFDE, 0xFFBE, 0xFAEC, 0xF960, 0xB220, 0x7A60, 0x5AA1, 0x4AC2, 0x42A2,
    0x52A1, 0x72A0, 0xAA60, 0xE240, 0xFAC5, 0xFC91, 0xFEFC, 0xF7FF, 0xFBEE, 0xA9A0, 0x0223, 0x62A1,
    0xD200, 0xFA23, 0xFC50, 0xFEFC, 0xF7FF, 0xFFFF, 0xFFDE, 0xFFDF, 0xFFFF, 0xFFFF, 0xFFFF, 0xFFFF,
    0xFFFF, 0xFFFF, 0xFFFF, 0xFFBF, 0xFFBF, 0xFFFF, 0xFFFF, 0xFFFF, 0xFFFF, 0xFFDF, 0xFFFF, 0xFFFF,
    0xFFBF, 0xFFFF, 0xFFFF, 0xFFFF, 0xFFFF, 0xFFFF, 0xFFFF, 0xFFFF, 0xFFFF, 0xFF3D, 0xFDB7, 0xFEFC,
    0xFFFF, 0xFFFF, 0xFFDF, 0xFFFF, 0xFFFF, 0xFFFF, 0xFFFF, 0xFFFF, 0xFFFF, 0xFFFF, 0xFFFF, 0xFFFF,
    0xFFFF, 0xFFDF, 0xFFFF, 0xFFFF, 0xFFFF, 0xFFBF, 0xFFDF, 0xFFFF, 0xFFFF, 0xFFFF, 0xFFFF, 0xFFFF,
    0xFFFF, 0xFFFF, 0xFFFF, 0xFFFF, 0xFE38, 0xFEBB, 0xFFFF, 0xFFDE, 0xFFFF, 0xFE19, 0xFA62, 0x61A0,
    0x89C0, 0xFB8A, 0xFFDF, 0xFFFF, 0xFB6B, 0xA220, 0x0384, 0x0424, 0x03E4, 0x0404, 0x03E4, 0x0404,
    0x3282, 0xFA00, 0xFE5A, 0xFFFF, 0xFFFF, 0xFFFF, 0xFFFF, 0xFFFF, 0xFFFF, 0xFFFF, 0xFFFF, 0xFFFF,
    0xFFFF, 0xFFFF, 0xFFFF, 0xFFFF, 0xFFFF, 0xFFFF, 0xFFFF, 0xFFFF, 0xFFFF, 0xFFDF, 0xFFDF, 0xFFFF,
    0xFFFF, 0xFFFF, 0xFFFF, 0xF7FF, 0xE7BE, 0xD73C, 0x9AEC, 0xD920, 0xEC41, 0xC683, 0xB7C4, 0xB7A4,
    0xAFE4, 0xD684, 0xC926, 0x92EF, 0xEFFE, 0xE77E, 0xA987, 0xBD42, 0x3DA1, 0x7E42, 0x86C3, 0x9DA3,
    0x89A1, 0x0000, 0x0000, 0x0000, 0x0000, 0x0000, 0x0000, 0x0000, 0x0000, 0x0000, 0x0000, 0x0000,
    0x0000, 0x0000, 0x0000, 0x0000, 0x0000, 0x0000, 0x0000, 0x0000, 0x0000, 0x0000, 0x0000, 0x0000,
    0x0000, 0x0000, 0x0000, 0x0000, 0x0000, 0x0000, 0xB820, 0xDD42, 0x76E3, 0x5582, 0x3541, 0x0C80,
    0x54EB, 0xCE5A, 0xA905, 0xF180, 0xD663, 0xAFE4, 0xB7A4, 0xBF24, 0xE542, 0xFB61, 0xF981, 0xD941,
    0xD143, 0xC104, 0xB9E8, 0xB34E, 0xBCD4, 0xCE7A, 0xE7DE, 0xFFFF, 0xFFFF, 0xFFFF, 0xFD15, 0xFAA8,
    0xFA22, 0xFA20, 0xFA40, 0xFA60, 0xFA81, 0xFAE5, 0xFBCC, 0xFD76, 0xFF7E, 0xFFFF, 0xFFFF, 0xFF9E,
    0xFA85, 0xBB00, 0xC9E0, 0xFA23, 0xFBEF, 0xFEDC, 0xADB6, 0xAD75, 0xFFFF, 0xFFFF, 0xFFFF, 0xFFFF,
    0xFFFF, 0xFFFF, 0xFFFF, 0xFFFF, 0xFFFF, 0xFFFF, 0xFFDF, 0xFFFF, 0xFFFF, 0xFFFF, 0xFFDF, 0xFFDF,
    0xFFFF, 0xFFFF, 0xFFFF, 0xFFFF, 0xFFFF, 0xFFFF, 0xFFFF, 0xFFFF, 0xFFFF, 0xFFFF, 0xFFFF, 0xFFFF,
    0xFFFF, 0xFFFF, 0xFFFF, 0xFFFF, 0xFFFF, 0xFFFF, 0xFFFF, 0xFFFF, 0xFFFF, 0xFFFF, 0xFFFF, 0xFFDF,
    0xFFDF, 0xFFDF, 0xFFDF, 0xFFFF, 0xFFFF, 0xFFFF, 0xFFFF, 0xFFFF, 0xFFFF, 0xFFFF, 0xFFFF, 0xFFDF,
    0xFFFF, 0xFFFF, 0xFFFF, 0xFFFF, 0xFFFF, 0xFFFF, 0xFFFF, 0xFFFF, 0xFFFF, 0xFFFF, 0xFFBE, 0xFFFF,
    0xFE39, 0xFA43, 0x7200, 0x0961, 0xF240, 0xFD96, 0xFFFF, 0xF7FF, 0xFB2B, 0xCA40, 0x0303, 0x0424,
    0x03E4, 0x0404, 0x0404, 0x03C4, 0x5261, 0xFA62, 0xFEDC, 0xFFDF, 0xFFDE, 0xFFDF, 0xFFDF, 0xFFFF,
    0xFFFF, 0xFFFF, 0xFFFF, 0xFFFF, 0xFFFF, 0xFFDF, 0xFFFF, 0xFFFF, 0xFFFF, 0xFFFF, 0xFFDF, 0xFFDF,
    0xFFFF, 0xFFFF, 0xFFFF, 0xEFFF, 0xD6DB, 0xBD35, 0xB36E, 0xB209, 0xC0E4, 0xD061, 0xE8C1, 0xF101,
    0xFA21, 0xFBE1, 0xDD42, 0xBF24, 0xB7A4, 0xAFE3, 0xD663, 0xD965, 0x9A0D, 0xBE58, 0x9229, 0x8D02,
    0x3DA1, 0x3521, 0x3561, 0x6CA2, 0x5121, 0x0000, 0x0000, 0x0000, 0x0000, 0x0000, 0x0000, 0x0000,
    0x0000, 0x0000, 0x0000, 0x0000, 0x0000, 0x0000, 0x0000, 0x0000, 0x0000, 0x0000, 0x0000, 0x0000,
    0x0000, 0x0000, 0x0000, 0x0000, 0x0000, 0x0000, 0x0000, 0x0000, 0x0000, 0x0000, 0x8000, 0xBC42,
    0x3DC1, 0x24E1, 0x0CC0, 0x04E0, 0x51E3, 0xD082, 0xF300, 0xCF03, 0xAFE4, 0xB7A4, 0xB7C4, 0xBF44,
    0xC703, 0xBF23, 0xC703, 0xD6A3, 0xDDC2, 0xECE1, 0xF3A0, 0xEA40, 0xE120, 0xD0A0, 0xB904, 0xB28B,
    0xB4B3, 0xD6BB, 0xEFFF, 0xFFFF, 0xFF3D, 0xFE19, 0xF576, 0xFDD8, 0xFE9B, 0xFF7E, 0xFFFF, 0xFFFF,
    0xFFFF, 0xFFDE, 0xFFFF, 0xFDD8, 0xF900, 0xFA83, 0xFC0F, 0xFEFC, 0xF7FF, 0xFFFF, 0x5ACB, 0x3166,
    0x9492, 0xBDD7, 0x9CF3, 0x9492, 0xCE59, 0xFFFF, 0xFFDF, 0xFFFF, 0xFFFF, 0xFFFF, 0xFFFF, 0xFFFF,
    0xFFFF, 0xFFFF, 0xFFFF, 0xFFFF, 0xFFFF, 0xFFFF, 0xFFFF, 0xFFFF, 0xFFFF, 0xFFFF, 0xFFFF, 0xFFFF,
    0xFFFF, 0xFFFF, 0xFFFF, 0xFFFF, 0xFFFF, 0xFFFF, 0xFFDF, 0xFFFF, 0xFFFF, 0xFFFF, 0xFFFF, 0xFFFF,
    0xFFFF, 0xFFFF, 0xFFFF, 0xFFFF, 0xFFFF, 0xFFFF, 0xFFFF, 0xFFFF, 0xFFFF, 0xFFFF, 0xFFFF, 0xFFFF,
    0xFFFF, 0xFFFF, 0xFFFF, 0xFFFF, 0xFFFF, 0xFFFF, 0xFFFF, 0xFFFF, 0xFFFF, 0xFFFF, 0xFFFF, 0xFFFF,
    0xFFFF, 0xFFDE, 0xFFFF, 0xFE19, 0xFA63, 0x8A20, 0x0243, 0x8A80, 0xFAA5, 0xFFFF, 0xFF9E, 0xFC0F,
    0xF240, 0x4A01, 0x03A4, 0x0404, 0x0404, 0x03E4, 0x0424, 0x0344, 0xA280, 0xFAE7, 0xFFDF, 0xFFFF,
    0xFFFF, 0xFFFF, 0xFFFF, 0xFFFF, 0xFFFF, 0xFFFF, 0xFFFF, 0xFFFF, 0xFFFF, 0xFFFF, 0xFFFF, 0xFFFF,
    0xFFDF, 0xFFFF, 0xFFFF, 0xFFFF, 0xDF9D, 0xBD96, 0xAB4E, 0xA986, 0xC081, 0xD8A0, 0xF1A0, 0xF2E0,
    0xEC41, 0xE562, 0xD643, 0xCF03, 0xBF43, 0xBF64, 0xBF63, 0xB784, 0xB7C4, 0xB7A4, 0xAFE4, 0xCEE3,
    0xEAA4, 0xA8E8, 0xA129, 0x7462, 0x2541, 0x2D01, 0x1D01, 0x5C61, 0x38C0, 0x0000, 0x0000, 0x0000,
    0x0000, 0x0000, 0x0000, 0x0000, 0x0000, 0x0000, 0x0000, 0x0000, 0x0000, 0x0000, 0x0000, 0x0000,
    0x0000, 0x0000, 0x0000, 0x0000, 0x0000, 0x0000, 0x0000, 0x0000, 0x0000, 0x0000, 0x0000, 0x0000,
    0x0000, 0x0000, 0x6020, 0x9401, 0x1D41, 0x0CC0, 0x04E0, 0x3440, 0xF2A1, 0xE562, 0xB7C4, 0xAFE4,
    0xB7A4, 0xB7A4, 0xB7A4, 0xB7C4, 0xB7E4, 0xB7E4, 0xB7E4, 0xAFE4, 0xAFE4, 0xAFE4, 0xB7E4, 0xBFC4,
    0xCF44, 0xDE23, 0xEC81, 0xF2A0, 0xE100, 0xC881, 0xB187, 0xB411, 0xCEFB, 0xF7FF, 0xFFFF, 0xFFFF,
    0xFFFF, 0xFFFF, 0xFFFF, 0xFFDF, 0xFFFF, 0xFFDF, 0xFFFF, 0xFCB2, 0xFB8E, 0xFEFC, 0xFFFF, 0xFFFF,
    0xFFDF, 0xFFDF, 0x39C7, 0x9492, 0x3186, 0xC618, 0x2124, 0x4A29, 0xEF9D, 0xFFFF, 0xFFFF, 0xFFFF,
    0xFFFF, 0xFFFF, 0xFFFF, 0xFFFF, 0xFFFF, 0xFFFF, 0xFFFF, 0xFFFF, 0xFFFF, 0xFFFF, 0xFFFF, 0xFFFF,
    0xFFFF, 0xFFFF, 0xFFFF, 0xFFFF, 0xFFFF, 0xFFFF, 0xFFFF, 0xFFFF, 0xFFFF, 0xFFFF, 0xFFFF, 0xFFFF,
    0xFFFF, 0xFFFF, 0xFFFF, 0xFFFF, 0xFFFF, 0xFFFF, 0xFFFF, 0xFFFF, 0xFFFF, 0xFFFF, 0xFFFF, 0xFFFF,
    0xFFFF, 0xFFFF, 0xFFFF, 0xFFFF, 0xFFFF, 0xFFFF, 0xFFFF, 0xFFFF, 0xFFFF, 0xFFFF, 0xFFFF, 0xFFFF,
    0xFFFF, 0xFFFF, 0xFFFF, 0xFFFF, 0xFFDE, 0xFFFF, 0xFDD8, 0xFA62, 0x89E0, 0x02C3, 0x22E2, 0xEA00,
    0xFD97, 0xFE39, 0xFAA6, 0xDA20, 0x3A41, 0x0384, 0x0424, 0x03E4, 0x0404, 0x03E4, 0x0424, 0x22C2,
    0xF220, 0xFCF3, 0xFFFF, 0xFFDF, 0xFFFF, 0xFFFF, 0xFFFF, 0xFFFF, 0xFFFF, 0xFFFF, 0xFFFF, 0xFFFF,
    0xFFFF, 0xFFDF, 0xFFDF, 0xFFFF, 0xFFFF, 0xE7BE, 0xB576, 0xA2CC, 0xB0E3, 0xD0A0, 0xE9C0, 0xF3A0,
    0xE562, 0xD6A3, 0xC784, 0xB7E4, 0xAFE4, 0xAFE4, 0xAFE4, 0xB7E4, 0xB7C4, 0xB7C4, 0xB7C4, 0xB7C4,
    0xB7A4, 0xB7A4, 0xB7A4, 0xAFE4, 0xBFA3, 0xE4C3, 0xF1E7, 0x8BA2, 0x0500, 0x1CE1, 0x0CE0, 0x4C41,
    0x2080, 0x0000, 0x0000, 0x0000, 0x0000, 0x0000, 0x0000, 0x0000, 0x0000, 0x0000, 0x0000, 0x0000,
    0x0000, 0x0000, 0x0000, 0x0000, 0x0000, 0x0000, 0x0000, 0x0000, 0x0000, 0x0000, 0x0000, 0x0000,
    0x0000, 0x0000, 0x0000, 0x0000, 0x0000, 0x0000, 0x4860, 0x5C61, 0x0CE0, 0x04C0, 0x04C0, 0x9E02,
    0xC784, 0xAFE4, 0xB7A4, 0xB7A4, 0xB7A4, 0xB7A4, 0xB7A4, 0xB7A4, 0xB7A4, 0xB7A4, 0xB7A4, 0xB7A4,
    0xB7A4, 0xB7A4, 0xB7A4, 0xB7A4, 0xB7C4, 0xAFE4, 0xAFE4, 0xB7E4, 0xCF24, 0xE582, 0xF340, 0xE940,
    0xC081, 0xAA09, 0xB4F4, 0xE79D, 0xFFFF, 0xFFFF, 0xFFDF, 0xFFFF, 0xFFFF, 0xFFFF, 0xFFFF, 0xFFFF,
    0xFFFF, 0xFFFF, 0xFFDF, 0xFFFF, 0xFFFF, 0xEF5D, 0x4A49, 0x528A, 0x8C71, 0xE73C, 0x0000, 0xB5B6,
    0xFFFF, 0xF7BE, 0xEF5D, 0xEF7D, 0xFFFF, 0xFFFF, 0xEF5D, 0xE75C, 0xFFDF, 0xF7DE, 0xEF5D, 0xF7BE,
    0xFFFF, 0xEF7D, 0xEF5D, 0xEF7D, 0xF7BE, 0xFFFF, 0xF7BE, 0xEF5D, 0xF7BE, 0xFFFF, 0xEF5D, 0xF79E,
    0xFFFF, 0xEF5D, 0xEF7D, 0xFFFF, 0xFFFF, 0xEF7D, 0xEF7D, 0xFFFF, 0xE75C, 0xEF5D, 0xFFFF, 0xFFFF,
    0xF7BE, 0xE71C, 0xF7DE, 0xFFFF, 0xFFFF, 0xFFFF, 0xFFFF, 0xFFFF, 0xFFFF, 0xFFFF, 0xFFFF, 0xFFFF,
    0xFFFF, 0xFFFF, 0xFFFF, 0xFFFF, 0xFFFF, 0xFFFF, 0xFFFF, 0xFFDF, 0xFFFF, 0xFD35, 0xFA21, 0x7A00,
    0x02C3, 0x03A4, 0x9220, 0xFA66, 0xFC0F, 0xFA40, 0xA240, 0x1283, 0x03E4, 0x0424, 0x03E4, 0x0404,
    0x03E4, 0x0444, 0x0324, 0xAA40, 0xFAA7, 0xFF9E, 0xFFFF, 0xFFFF, 0xFFFF, 0xFFFF, 0xFFFF, 0xFFFF,
    0xFFFF, 0xFFFF, 0xFFFF, 0xFFDF, 0xFFFF, 0xFFFF, 0xF7FF, 0xCEBA, 0xA3AF, 0xA925, 0xD0C0, 0xF240,
    0xEC81, 0xDE63, 0xBF84, 0xB7E4, 0xAFE4, 0xAFE4, 0xB7C4, 0xB7A4, 0xB7A4, 0xB7A4, 0xB7A4, 0xB7A4,
    0xB7A4, 0xB7A4, 0xB7A4, 0xB7A4, 0xB7A4, 0xB7A4, 0xB7A4, 0xB7A4, 0xB7C4, 0xAFE3, 0xCEA2, 0xEC82,
    0x3C80, 0x04C0, 0x04C0, 0x3461, 0x1880, 0x0000, 0x0000, 0x0000, 0x0000, 0x0000, 0x0000, 0x0000,
    0x0000, 0x0000, 0x0000, 0x0000, 0x0000, 0x0000, 0x0000, 0x0000, 0x0000, 0x0000, 0x0000, 0x0000,
    0x0000, 0x0000, 0x0000, 0x0000, 0x0000, 0x0000, 0x0000, 0x0000, 0x0000, 0x0000, 0x40A0, 0x3CA1,
    0x04E0, 0x0480, 0x5602, 0xBFE4, 0xAFC4, 0xB7A4, 0xB7A4, 0xB7A4, 0xB7A4, 0xB7A4, 0xB7A4, 0xB7A4,
    0xB7A4, 0xB7A4, 0xB7A4, 0xB7A4, 0xB7A4, 0xB7A4, 0xB7A4, 0xB7A4, 0xB7A4, 0xB7A4, 0xB7A4, 0xB7A4,
    0xB7C4, 0xAFE4, 0xB7E4, 0xC744, 0xE562, 0xF2C0, 0xD8C0, 0xB104, 0xABF0, 0xD71C, 0xFFFF, 0xFFFF,
    0xFFDF, 0xFFFF, 0xFFFF, 0xFFFF, 0xFFDF, 0xFFFF, 0xFFFF, 0xFFFF, 0xFFFF, 0xFFFF, 0xFFFF, 0xF79E,
    0xFFFF, 0x8C71, 0x7BCF, 0xFFFF, 0xFFFF, 0x9CF3, 0x1082, 0x20E4, 0xFFFF, 0xA514, 0x1062, 0x20E4,
    0xF7DE, 0x94B2, 0x1082, 0xC618, 0xFFFF, 0x2965, 0x0861, 0x0841, 0x18C3, 0xA514, 0xCE59, 0x1082,
    0xBDF7, 0xBDF7, 0x1082, 0x8410, 0xEF7D, 0x1082, 0x8410, 0xFFFF, 0xB596, 0x0861, 0x2104, 0xF7DE,
    0x632C, 0x1082, 0xD6BA, 0xEF7D, 0x18E3, 0x4A49, 0xF7BE, 0xFFFF, 0xFFFF, 0xFFFF, 0xFFFF, 0xFFFF,
    0xFFFF, 0xFFFF, 0xFFFF, 0xFFFF, 0xFFFF, 0xFFFF, 0xFFFF, 0xFFFF, 0xFFFF, 0xFFFF, 0xFFFF, 0xFFFF,
    0xFC72, 0xFA40, 0x7200, 0x02C3, 0x0444, 0x2A21, 0xFA20, 0xF9C1, 0xDA80, 0x5241, 0x0304, 0x0424,
    0x0404, 0x03E4, 0x0404, 0x03E4, 0x0424, 0x0344, 0x8240, 0xFA23, 0xFE9B, 0xFFFF, 0xFFFF, 0xFFFF,
    0xFFFF, 0xFFFF, 0xFFFF, 0xFFFF, 0xFFFF, 0xFFFF, 0xFFFF, 0xFFFF, 0xF7FF, 0xBDF8, 0xAA8B, 0xC0A1,
    0xE9A0, 0xF421, 0xDE83, 0xBFA4, 0xAFE4, 0xAFE4, 0xB7C4, 0xB7A4, 0xB7A4, 0xB7A4, 0xB7A4, 0xB7A4,
    0xB7A4, 0xB7A4, 0xB7A4, 0xB7A4, 0xB7A4, 0xB7A4, 0xB7A4, 0xB7A4, 0xB7A4, 0xB7A4, 0xB7A4, 0xB7A4,
    0xB7A4, 0xB7A4, 0xAFE4, 0xBFC4, 0xA6C3, 0x0CC0, 0x04C0, 0x04C0, 0x00E0, 0x0000, 0x0000, 0x0000,
    0x0000, 0x0000, 0x0000, 0x0000, 0x0000, 0x0000, 0x0000, 0x0000, 0x0000, 0x0000, 0x0000, 0x0000,
    0x0000, 0x0000, 0x0000, 0x0000, 0x0000, 0x0000, 0x0000, 0x0000, 0x0000, 0x0000, 0x0000, 0x0000,
    0x0000, 0x0000, 0x3960, 0x1500, 0x0480, 0x2D41, 0xB7C4, 0xB7A4, 0xB7A4, 0xB7A4, 0xB7A4, 0xB7A4,
    0xB7A4, 0xB7A4, 0xB7A4, 0xB7A4, 0xB7A4, 0xB7A4, 0xB7A4, 0xB7A4, 0xB7A4, 0xB7A4, 0xB7A4, 0xB7A4,
    0xB7A4, 0xB7A4, 0xB7A4, 0xB7A4, 0xB7A4, 0xB7A4, 0xB7A4, 0xB7C4, 0xAFE4, 0xB7E4, 0xD6A3, 0xF401,
    0xE940, 0xC0C2, 0xB38F, 0xD71C, 0xFFFF, 0xFFFF, 0xFFDF, 0xFFFF, 0xFFFF, 0xFFFF, 0xFFFF, 0xFFFF,
    0xFFFF, 0xFFFF, 0xFFFF, 0xFFFF, 0xFFFF, 0xFFFF, 0xFFFF, 0xF7DE, 0xFFFF, 0x630C, 0x0020, 0x1082,
    0xDEDB, 0x39E7, 0x0841, 0x2945, 0xFFFF, 0x5AAB, 0x0000, 0xE75C, 0xE75C, 0x0000, 0x4228, 0xB596,
    0x1062, 0x18C3, 0xBDD7, 0x0000, 0xAD75, 0x4A29, 0x0000, 0x6B4D, 0x9492, 0x0000, 0xDEFB, 0xFFDF,
    0x2925, 0x1082, 0x0000, 0xD69A, 0xD6BA, 0x0000, 0x5ACB, 0x41E8, 0x10A2, 0xE73C, 0xFFFF, 0xFFFF,
    0xFFFF, 0xFFFF, 0xFFFF, 0xFFFF, 0xFFFF, 0xFFFF, 0xFFFF, 0xFFFF, 0xFFFF, 0xFFFF, 0xFFFF, 0xFFFF,
    0xFFFF, 0xFFFF, 0xFF9E, 0xFBAD, 0xF220, 0x6221, 0x02E3, 0x0C84, 0x0AC3, 0xD300, 0xEB20, 0x7A40,
    0x12A3, 0x03C4, 0x0424, 0x03E4, 0x0404, 0x0404, 0x03E4, 0x0424, 0x0344, 0x7A40, 0xFA23, 0xFE19,
    0xFFFF, 0xFFDF, 0xFFFF, 0xFFFF, 0xFFFF, 0xFFFF, 0xFFFF, 0xFFFF, 0xFFDF, 0xFFFF, 0xF7FF, 0xC5F7,
    0xAA29, 0xC8A0, 0xF280, 0xE582, 0xC764, 0xAFE4, 0xAFE4, 0xB7C4, 0xB7A4, 0xB7A4, 0xB7A4, 0xB7A4,
    0xB7A4, 0xB7A4, 0xB7A4, 0xB7A4, 0xB7A4, 0xB7A4, 0xB7A4, 0xB7A4, 0xB7A4, 0xB7A4, 0xB7A4, 0xB7A4,
    0xB7A4, 0xB7A4, 0xB7A4, 0xB7A4, 0xB7A4, 0xB7A4, 0xB7A4, 0xB7A4, 0xBFE4, 0x7EA2, 0x0480, 0x0CE0,
    0x1120, 0x0000, 0x0000, 0x0000, 0x0000, 0x0000, 0x0000, 0x0000, 0x0000, 0x0000, 0x0000, 0x0000,
    0x0000, 0x0000, 0x0000, 0x0000, 0x0000, 0x0000, 0x0000, 0x0000, 0x0000, 0x0000, 0x0000, 0x0000,
    0x0000, 0x0000, 0x0000, 0x0000, 0x0000, 0x0000, 0x2AA0, 0x0500, 0x14C0, 0xA763, 0xBFC4, 0xB7A4,
    0xB7A4, 0xB7A4, 0xB7A4, 0xB7A4, 0xB7A4, 0xB7C4, 0xAFC4, 0xAFE4, 0xAFE4, 0xAFE4, 0xAFE4, 0xAFE4,
    0xAFE4, 0xAFE4, 0xAFE4, 0xAFE4, 0xAFE4, 0xB7C4, 0xB7A4, 0xB7A4, 0xB7A4, 0xB7A4, 0xB7A4, 0xB7A4,
    0xB7A4, 0xB7A4, 0xAFE4, 0xAFE4, 0xCF24, 0xECA1, 0xE980, 0xC0C2, 0xABD0, 0xDF9D, 0xFFFF, 0xFFFF,
    0xFFFF, 0xFFFF, 0xFFFF, 0xFFFF, 0xFFFF, 0xFFFF, 0xFFFF, 0xFFFF, 0xFFFF, 0xFFFF, 0xFFDF, 0xFFFF,
    0xFFFF, 0x3186, 0x41E8, 0x31A6, 0x738E, 0x3186, 0x3186, 0x4A69, 0xFFFF, 0x2124, 0x18A3, 0xFFFF,
    0xBDF7, 0x0000, 0x8C51, 0xFFFF, 0x39A7, 0x10A2, 0xBDD7, 0x0000, 0x5ACB, 0x18E3, 0x31A6, 0x39C7,
    0x2945, 0x41E8, 0xFFFF, 0x9492, 0x0861, 0xBDF7, 0x0000, 0x94B2, 0xFFFF, 0x528A, 0x0000, 0x0861,
    0xCE79, 0xFFFF, 0xFFDF, 0xFFFF, 0xFFFF, 0xFFFF, 0xFFFF, 0xFFFF, 0xFFFF, 0xFFFF, 0xFFFF, 0xFFFF,
    0xFFFF, 0xFFFF, 0xFFFF, 0xFFFF, 0xFFFF, 0xFFFF, 0xFE7A, 0xFA00, 0x5281, 0x0344, 0x0C44, 0x0404,
    0x29C1, 0x8A40, 0x1A62, 0x0364, 0x0424, 0x0404, 0x03E4, 0x0404, 0x0404, 0x03E4, 0x0424, 0x0324,
    0x8A00, 0xFA43, 0xFE5A, 0xFFFF, 0xFFDF, 0xFFFF, 0xFFFF, 0xFFFF, 0xFFFF, 0xFFFF, 0xFFDF, 0xFFFF,
    0xFFFF, 0xCE7A, 0xAA6A, 0xD0A0, 0xF2E0, 0xDE23, 0xBFC4, 0xAFE4, 0xB7C4, 0xB7A4, 0xB7A4, 0xB7A4,
    0xB7A4, 0xB7A4, 0xB7A4, 0xB7C4, 0xAFE4, 0xAFE4, 0xAFE4, 0xAFE4, 0xAFE4, 0xAFE4, 0xAFE4, 0xAFE4,
    0xAFE4, 0xAFE4, 0xAFE4, 0xAFE4, 0xAFE4, 0xAFE4, 0xB7C4, 0xB7A4, 0xB7A4, 0xB7A4, 0xB7A4, 0xB7A4,
    0xB7A4, 0xC7E4, 0x5E02, 0x04E0, 0x29E0, 0x0000, 0x0000, 0x0000, 0x0000, 0x0000, 0x0000, 0x0000,
    0x0000, 0x0000, 0x0000, 0x0000, 0x0000, 0x0000, 0x0000, 0x0000, 0x0000, 0x0000, 0x0000, 0x0000,
    0x0000, 0x0000, 0x0000, 0x0000, 0x0000, 0x0000, 0x0000, 0x0000, 0x0000, 0x0060, 0x0480, 0x04A0,
    0x8EC3, 0xBFC4, 0xB7A4, 0xB7C4, 0xAFE4, 0xAFE4, 0xAFE4, 0xB7E4, 0xBFC4, 0xC763, 0xCF03, 0xD6A3,
    0xDE43, 0xE603, 0xE5E3, 0xE5C3, 0xE5E3, 0xE603, 0xDE43, 0xD683, 0xCF03, 0xC763, 0xB7C4, 0xB7E4,
    0xAFE4, 0xAFE4, 0xAFE4, 0xB7A4, 0xB7A4, 0xB7A4, 0xB7A4, 0xB7A4, 0xB7C4, 0xAFE4, 0xC744, 0xECA1,
    0xE940, 0xB904, 0xBD14, 0xF7FF, 0xFFFF, 0xFFDF, 0xFFFF, 0xFFFF, 0xFFFF, 0xFFFF, 0xFFFF, 0xFFFF,
    0xFFFF, 0xFFFF, 0xFFFF, 0xFFFF, 0xF7BE, 0x1062, 0x7BCF, 0x39C7, 0x0841, 0x8430, 0x2104, 0x8410,
    0xFFFF, 0x0821, 0x4208, 0xFFFF, 0x9492, 0x0020, 0xD69A, 0xFFFF, 0x0841, 0x4208, 0xD6DA, 0x0020,
    0x0000, 0x6B4D, 0x8C51, 0x0020, 0x0000, 0xB5D6, 0xF7DE, 0x1062, 0x18E3, 0x8410, 0x0000, 0x6B4D,
    0xFFFF, 0xAD55, 0x0821, 0x94B2, 0xFFFF, 0xF7DE, 0xFFFF, 0xFFFF, 0xFFFF, 0xFFFF, 0xFFFF, 0xFFFF,
    0xFFFF, 0xFFFF, 0xFFFF, 0xFFFF, 0xFFFF, 0xFFFF, 0xFFFF, 0xFFFF, 0xFFFF, 0xFFFF, 0xFEFC, 0xFA82,
    0x32C1, 0x0424, 0x03E4, 0x0404, 0x0343, 0x0344, 0x0424, 0x0424, 0x03E4, 0x0404, 0x0404, 0x03E4,
    0x0404, 0x0424, 0x0AE3, 0xA200, 0xFAA6, 0xFE9B, 0xFFFF, 0xFFDF, 0xFFFF, 0xFFFF, 0xFFFF, 0xFFFF,
    0xFFFF, 0xFFDF, 0xFFFF, 0xDF7D, 0xB36E, 0xC881, 0xF2A0, 0xDE23, 0xB7E4, 0xAFE4, 0xB7A4, 0xB783,
    0xB7A3, 0xB7A4, 0xB7C4, 0xAFE4, 0xAFE4, 0xAFE4, 0xB7A4, 0xC743, 0xCEA3, 0xDE03, 0xE563, 0xED02,
    0xF482, 0xF462, 0xF442, 0xF441, 0xF462, 0xF4A2, 0xED03, 0xE583, 0xDE03, 0xD6A3, 0xC743, 0xBFC4,
    0xB7E4, 0xAFE4, 0xAFE4, 0xAFE4, 0xB7C4, 0xB7A4, 0xBFA4, 0x45E1, 0x1B00, 0x0800, 0x0000, 0x0000,
    0x0000, 0x0000, 0x0000, 0x0000, 0x0000, 0x0000, 0x0000, 0x0000, 0x0000, 0x0000, 0x0000, 0x0000,
    0x0000, 0x0000, 0x0000, 0x0000, 0x0000, 0x0000, 0x0000, 0x0000, 0x0000, 0x0000, 0x0000, 0x0000,
    0x0000, 0x0280, 0x0500, 0x7682, 0xBFE4, 0xAFE4, 0xB7E4, 0xC763, 0xDE83, 0xEDA3, 0xF4A2, 0xF382,
    0xF2A1, 0xE1E1, 0xD141, 0xC8E1, 0xB080, 0xA860, 0xA840, 0xA040, 0xA840, 0xA840, 0xB060, 0xC8A1,
    0xD121, 0xE9A1, 0xF261, 0xFB62, 0xF4A2, 0xE5C3, 0xCEE3, 0xB7C4, 0xAFE4, 0xAFE4, 0xB7C4, 0xB7A4,
    0xB783, 0xB7A4, 0xB7C4, 0xAFE4, 0xCF04, 0xF3E1, 0xD8C0, 0xB229, 0xD6BB, 0xFFFF, 0xFFFF, 0xFFFF,
    0xFFFF, 0xFFFF, 0xFFFF, 0xFFFF, 0xFFFF, 0xFFFF, 0xFFFF, 0xFFFF, 0xCE79, 0x0000, 0xBDD7, 0x2124,
    0x0821, 0xC638, 0x0000, 0xBDD7, 0xD6BA, 0x0000, 0x6B6D, 0xFFFF, 0x4A69, 0x0000, 0x5AEB, 0x3186,
    0x0000, 0xBDD7, 0xE73C, 0x0000, 0x0000, 0xDEDB, 0x9CF3, 0x0000, 0x2104, 0xFFFF, 0x6B2D, 0x0000,
    0x4208, 0x31A6, 0x0000, 0x2945, 0xFFFF, 0x738E, 0x0000, 0xC658, 0xFFFF, 0xFFDF, 0xFFFF, 0xFFFF,
    0xFFFF, 0xFFFF, 0xFFFF, 0xFFFF, 0xFFFF, 0xFFFF, 0xFFFF, 0xFFFF, 0xFFFF, 0xFFFF, 0xFFFF, 0xFFFF,
    0xFFFF, 0xFFFF, 0xFF5D, 0xFA83, 0x4AA1, 0x03E4, 0x0404, 0x0404, 0x0424, 0x0424, 0x03E4, 0x03E4,
    0x0404, 0x0404, 0x03E4, 0x0424, 0x03E4, 0x1AA2, 0xC1E0, 0xFB09, 0xFF3D, 0xFFFF, 0xFFDF, 0xFFFF,
    0xFFFF, 0xFFFF, 0xFFFF, 0xFFDF, 0xFFFF, 0xF7FF, 0xC555, 0xC0E4, 0xE9A0, 0xE582, 0xB7C4, 0xAFE4,
    0xB7A4, 0xB783, 0xB7A4, 0xB7C4, 0xAFE4, 0xAFE4, 0xBF63, 0xD663, 0xED02, 0xFBC2, 0xFA81, 0xF981,
    0xE8E1, 0xD060, 0xB800, 0xA800, 0x9800, 0x8000, 0x8000, 0x7800, 0x8000, 0x8000, 0x9000, 0xA000,
    0xB020, 0xC881, 0xD921, 0xEA01, 0xF302, 0xF462, 0xE5A3, 0xD6C3, 0xBFA4, 0xB7E4, 0xAFE4, 0xBF03,
    0x5421, 0x0880, 0x0000, 0x0000, 0x0000, 0x0000, 0x0000, 0x0000, 0x0000, 0x0000, 0x0000, 0x0000,
    0x0000, 0x0000, 0x0000, 0x0000, 0x0000, 0x0000, 0x0000, 0x0000, 0x0000, 0x0000, 0x0000, 0x0000,
    0x0000, 0x0000, 0x0000, 0x0000, 0x0080, 0x0480, 0x75E2, 0xD764, 0xDE03, 0xF4A2, 0xF321, 0xE1E1,
    0xC0E1, 0x9040, 0x6800, 0x4000, 0x2000, 0x1000, 0x0000, 0x0000, 0x0000, 0x0000, 0x0000, 0x0000,
    0x0000, 0x0000, 0x0000, 0x0000, 0x0000, 0x1000, 0x2800, 0x5000, 0x7800, 0xA840, 0xD901, 0xF261,
    0xF422, 0xDE03, 0xC763, 0xAFE4, 0xAFE4, 0xB7C4, 0xB783, 0xB7A3, 0xAFE4, 0xB7E4, 0xDE43, 0xF260,
    0xC8A2, 0xBC92, 0xF7FF, 0xFFFF, 0xFFDF, 0xFFFF, 0xFFFF, 0xFFFF, 0xFFFF, 0xFFFF, 0xFFFF, 0xFFFF,
    0xC638, 0x4A69, 0xEF7D, 0x6B4D, 0x8C71, 0xD6DA, 0x4A69, 0xEF7D, 0xC638, 0x4A49, 0xBDD7, 0xFFFF,
    0x738E, 0x4A69, 0x4208, 0x62EC, 0xC618, 0xFFFF, 0xEF9D, 0x528A, 0x7BCF, 0xFFFF, 0xC638, 0x52AA,
    0xAD75, 0xFFFF, 0x5ACB, 0x7BCF, 0xFFFF, 0xFFFF, 0x6B4D, 0x52AA, 0xFFFF, 0x8C51, 0x4A69, 0xEF7D,
    0xFFFF, 0xFFFF, 0xFFFF, 0xFFFF, 0xFFFF, 0xFFFF, 0xFFFF, 0xFFFF, 0xFFFF, 0xFFFF, 0xFFFF, 0xFFFF,
    0xFFFF, 0xFFFF, 0xFFFF, 0xFFFF, 0xFFFF, 0xFFFF, 0xFF9F, 0xFAC5, 0x6280, 0x03E4, 0x0404, 0x0404,
    0x03E4, 0x03E4, 0x0404, 0x0404, 0x0404, 0x03E4, 0x0424, 0x03A4, 0x4261, 0xE1E0, 0xFBEE, 0xFFBF,
    0xFFFF, 0xFFDF, 0xFFFF, 0xFFFF, 0xFFFF, 0xFFFF, 0xFFDF, 0xFFFF, 0xE77D, 0xBACC, 0xE0A0, 0xEC21,
    0xC784, 0xAFE4, 0xB7A4, 0xB783, 0xB7A4, 0xAFE4, 0xAFE4, 0xC723, 0xE582, 0xFBA2, 0xFA01, 0xE8C0,
    0xB800, 0x8000, 0x5000, 0x3000, 0x1000, 0x0000, 0x0000, 0x0020, 0x0000, 0x0000, 0x0000, 0x0020,
    0x0020, 0x0020, 0x0000, 0x0000, 0x0000, 0x0000, 0x0800, 0x1800, 0x3800, 0x6000, 0x9000, 0xC0C1,
    0xE201, 0xF382, 0xED42, 0xDE83, 0xE401, 0x31E0, 0x0000, 0x0000, 0x0000, 0x0000, 0x0000, 0x0000,
    0x0000, 0x0000, 0x0000, 0x0000, 0x0000, 0x0000, 0x0000, 0x0000, 0x0000, 0x0000, 0x0000, 0x0000,
    0x0000, 0x0000, 0x0000, 0x0000, 0x0000, 0x0000, 0x0000, 0x0000, 0x02C0, 0x9C41, 0xFAC1, 0xE1A1,
    0xB080, 0x7000, 0x3800, 0x1000, 0x0000, 0x0000, 0x0000, 0x0000, 0x0000, 0x0000, 0x0000, 0x0000,
    0x0000, 0x0000, 0x0000, 0x0000, 0x0000, 0x0000, 0x0000, 0x0000, 0x0000, 0x0000, 0x0020, 0x0000,
    0x0000, 0x0000, 0x0800, 0x3000, 0x7000, 0xB860, 0xE9C1, 0xFBE2, 0xDE23, 0xBFA4, 0xAFE4, 0xB7C4,
    0xB783, 0xB7A4, 0xAFE4, 0xBF84, 0xEC81, 0xE0C0, 0xB24A, 0xDF3C, 0xFFFF, 0xFFDF, 0xFFFF, 0xFFFF,
    0xFFFF, 0xFFFF, 0xFFFF, 0xFFFF, 0xFFFF, 0xFFFF, 0xFFFF, 0xFFFF, 0xFFFF, 0xFFFF, 0xFFFF, 0xFFFF,
    0xFFFF, 0xFFFF, 0xFFFF, 0xFFFF, 0xFFFF, 0xFFFF, 0xFFFF, 0xE75C, 0xE73C, 0xEF9D, 0xDEFB, 0xF7DE,
    0xDF1B, 0xD69A, 0xEF9D, 0xE73C, 0xDF1B, 0xDEFB, 0xD6BA, 0xFFFF, 0xFFFF, 0xFFFF, 0xFFFF, 0xFFFF,
    0xFFFF, 0xFFFF, 0xFFFF, 0xFFFF, 0xFFFF, 0xFFFF, 0xFFFF, 0xFFFF, 0xFFFF, 0xFFFF, 0xFFFF, 0xFFFF,
    0xFFFF, 0xFFFF, 0xFFFF, 0xFFFF, 0xFFFF, 0xFFFF, 0xFFFF, 0xFFFF, 0xFFFF, 0xFFFF, 0xFFDF, 0xFB07,
    0x7260, 0x03C4, 0x0404, 0x0404, 0x0404, 0x0404, 0x0404, 0x03E4, 0x0404, 0x0424, 0x0324, 0x7220,
    0xFA01, 0xFD14, 0xFFFF, 0xFFFF, 0xFFFF, 0xFFFF, 0xFFFF, 0xFFFF, 0xFFFF, 0xFFDF, 0xFFFF, 0xCDF8,
    0xC904, 0xF1E0, 0xD663, 0xAFE4, 0xB7C4, 0xB783, 0xB7C4, 0xAFE4, 0xB7A4, 0xDE03, 0xFBC2, 0xF9A1,
    0xC860, 0x8800, 0x4000, 0x1000, 0x0000, 0x0000, 0x0020, 0x0000, 0x0000, 0x1062, 0x0841, 0x0000,
    0x0000, 0x0000, 0x0800, 0x0000, 0x0000, 0x0000, 0x0800, 0x0000, 0x0000, 0x0000, 0x0000, 0x0000,
    0x0020, 0x0000, 0x0000, 0x0000, 0x1800, 0x4800, 0x8800, 0xC121, 0xFA21, 0xE161, 0x20C0, 0x0000,
    0x0000, 0x0000, 0x0000, 0x0000, 0x0000, 0x0000, 0x0000, 0x0000, 0x0000, 0x0000, 0x0000, 0x0000,
    0x0000, 0x0000, 0x0000, 0x0000, 0x0000, 0x0000, 0x0000, 0x0000, 0x0000, 0x0000, 0x0000, 0x08C0,
    0x6A40, 0x9821, 0x4000, 0x1000, 0x0000, 0x0000, 0x0000, 0x0000, 0x0000, 0x0000, 0x0000, 0x0000,
    0x0000, 0x0000, 0x0000, 0x0000, 0x0000, 0x0000, 0x0000, 0x0000, 0x0000, 0x0000, 0x0000, 0x0000,
    0x0000, 0x0000, 0x0000, 0x0000, 0x0000, 0x0000, 0x0000, 0x0000, 0x0000, 0x0000, 0x2000, 0x6800,
    0xC0A0, 0xFA81, 0xED22, 0xC743, 0xAFE4, 0xB7C4, 0xB783, 0xB7C4, 0xAFE4, 0xDE43, 0xF200, 0xB8E4,
    0xC5F7, 0xFFFF, 0xFFDF, 0xFFFF, 0xFFFF, 0xFFFF, 0xFFFF, 0xCE79, 0xB5B6, 0x9CF3, 0x9CD3, 0x9492,
    0x9492, 0x9492, 0x8C71, 0x9D13, 0xD69A, 0x8C51, 0x8C51, 0x9CF3, 0x7BCF, 0xAD75, 0xEF9D, 0x632C,
    0x73AE, 0x6B6D, 0x5ACB, 0x4A69, 0x5ACB, 0x5ACB, 0x52AA, 0x6B6D, 0xAD75, 0x7BCF, 0x8430, 0x9D13,
    0xEF7D, 0xCE59, 0xAD55, 0xB5B6, 0xFFFF, 0xFFFF, 0xFFDF, 0xFFFF, 0xFFFF, 0xFFFF, 0xFFFF, 0xFFFF,
    0xFFFF, 0xFFFF, 0xFFFF, 0xFFFF, 0xFFFF, 0xFFFF, 0xFFFF, 0xFFFF, 0xFFFF, 0xFFFF, 0xFFFF, 0xFFFF,
    0xFFFF, 0xFFFF, 0xFFFF, 0xFB07, 0x8A60, 0x03A4, 0x0404, 0x0404, 0x0404, 0x0404, 0x03E4, 0x0424,
    0x03C4, 0x22A2, 0xB1E0, 0xFA86, 0xFE39, 0xFFFF, 0xFFFF, 0xFFFF, 0xFFFF, 0xFFFF, 0xFFFF, 0xFFFF,
    0xFFFF, 0xF7FF, 0xC431, 0xD860, 0xEBE1, 0xBFA4, 0xAFE4, 0xB783, 0xB7A4, 0xAFE4, 0xBF63, 0xED42,
    0xFA81, 0xD8A0, 0x8000, 0x3000, 0x0000, 0x0000, 0x0020, 0x0020, 0x0000, 0x0000, 0x0000, 0x4A29,
    0x6B4D, 0x630C, 0x7BCF, 0x736D, 0x0020, 0x0000, 0x0000, 0x1082, 0x9492, 0x2104, 0x0000, 0x0000,
    0x0000, 0x0000, 0x0000, 0x0000, 0x0000, 0x0000, 0x0000, 0x0000, 0x0000, 0x0000, 0x0000, 0x0000,
    0x2000, 0x7000, 0x80A0, 0x1020, 0x0000, 0x0000, 0x0000, 0x0000, 0x0000, 0x0000, 0x0000, 0x0000,
    0x0000, 0x0000, 0x0000, 0x0000, 0x0000, 0x0000, 0x0000, 0x0000, 0x0000, 0x0000, 0x0000, 0x0000,
    0x0000, 0x0000, 0x0000, 0x0840, 0x1000, 0x0000, 0x0020, 0x0020, 0x0000, 0x0800, 0x0000, 0x0000,
    0x0000, 0x0000, 0x0000, 0x0000, 0x0000, 0x0000, 0x0000, 0x0000, 0x0000, 0x0000, 0x0000, 0x0000,
    0x0000, 0x0000, 0x0000, 0x0000, 0x0000, 0x0000, 0x0000, 0x0000, 0x0000, 0x0000, 0x0000, 0x0000,
    0x0800, 0x0000, 0x0020, 0x0000, 0x0000, 0x3800, 0x9820, 0xE9E1, 0xF4A2, 0xC723, 0xAFE4, 0xB7C4,
    0xB783, 0xAFE4, 0xC744, 0xFB60, 0xD060, 0xB472, 0xF7FF, 0xFFFF, 0xFFFF, 0xFFFF, 0xFFFF, 0xD6BA,
    0xBE17, 0xC618, 0xB5B6, 0xB5D6, 0xB5D6, 0xB5B6, 0xB596, 0xBDF7, 0xE71C, 0xC658, 0xBDD7, 0xBDD7,
    0xAD75, 0xCE99, 0xEF9D, 0xC638, 0xD69A, 0x8C51, 0x94B2, 0x9492, 0xC618, 0xC618, 0xA554, 0x94D2,
    0xBDD7, 0x9D13, 0x9492, 0xCE99, 0xE73C, 0xCE79, 0xCE59, 0xB5D6, 0xF7DE, 0xFFFF, 0xFFFF, 0xFFFF,
    0xFFFF, 0xFFFF, 0xFFFF, 0xFFFF, 0xFFFF, 0xFFFF, 0xFFFF, 0xFFFF, 0xFFFF, 0xFFFF, 0xFFFF, 0xFFFF,
    0xFFFF, 0xFFFF, 0xFFFF, 0xFFFF, 0xFFFF, 0xFFFF, 0xFFFF, 0xFB29, 0x9240, 0x0384, 0x0424, 0x03E4,
    0x03E4, 0x0404, 0x0424, 0x0344, 0x5261, 0xE1E0, 0xFBAD, 0xFF5E, 0xFFFF, 0xFFDF, 0xFFFF, 0xFFFF,
    0xFFFF, 0xFFFF, 0xFFDF, 0xFFFF, 0xE7DE, 0xC2AB, 0xE8C0, 0xE582, 0xB7E4, 0xB7A4, 0xB783, 0xAFE4,
    0xBFA4, 0xED22, 0xFA01, 0xB820, 0x5000, 0x0800, 0x0000, 0x0000, 0x0000, 0x0000, 0x0000, 0x0000,
    0x0000, 0x0821, 0x94D2, 0x7BCF, 0x39E7, 0x738E, 0x0000, 0xDEDB, 0x3186, 0x0000, 0x0861, 0x8C71,
    0xA534, 0x7BCF, 0x8430, 0x0000, 0x0000, 0x0000, 0x0000, 0x0000, 0x0000, 0x0000, 0x0000, 0x0000,
    0x0000, 0x0000, 0x0000, 0x0000, 0x0000, 0x0000, 0x0000, 0x0800, 0x0000, 0x0000, 0x0000, 0x0000,
    0x0000, 0x0000, 0x0000, 0x0000, 0x0000, 0x0000, 0x0000, 0x0000, 0x0000, 0x0000, 0x0000, 0x0000,
    0x0000, 0x0000, 0x0000, 0x0000, 0x0000, 0x0000, 0x0000, 0x0000, 0x0000, 0x0000, 0x0000, 0x0000,
    0x0000, 0x0000, 0x0000, 0x0000, 0x0000, 0x0000, 0x0000, 0x0000, 0x0000, 0x0000, 0x0000, 0x0000,
    0x0000, 0x0000, 0x0000, 0x0000, 0x0000, 0x0000, 0x0000, 0x0000, 0x0000, 0x0000, 0x0000, 0x0000,
    0x0000, 0x0000, 0x0000, 0x0000, 0x0000, 0x0000, 0x0000, 0x0000, 0x0000, 0x0000, 0x0000, 0x2000,
    0x9000, 0xE9C1, 0xF4E2, 0xBF63, 0xAFE4, 0xB7A4, 0xB7C4, 0xB7A4, 0xF4A2, 0xE060, 0xAB2D, 0xEFFF,
    0xFFFF, 0xFFFF, 0xFFFF, 0xFFFF, 0xFFFF, 0xFFFF, 0xFFFF, 0xFFFF, 0xFFFF, 0xFFFF, 0xFFFF, 0xFFFF,
    0xFFFF, 0xFFFF, 0xFFFF, 0xFFFF, 0xFFFF, 0xFFFF, 0xFFFF, 0xFFFF, 0xFFFF, 0xFFFF, 0xFFFF, 0xFFFF,
    0xFFFF, 0xFFFF, 0xFFFF, 0xFFFF, 0xFFFF, 0xFFFF, 0xFFFF, 0xFFFF, 0xFFFF, 0xFFFF, 0xFFFF, 0xFFFF,
    0xFFFF, 0xFFFF, 0xFFFF, 0xFFFF, 0xFFFF, 0xFFFF, 0xFFFF, 0xFFFF, 0xFFFF, 0xFFFF, 0xFFFF, 0xFFFF,
    0xFFFF, 0xFFFF, 0xFFFF, 0xFFFF, 0xFFFF, 0xFFFF, 0xFFFF, 0xFFFF, 0xFFFF, 0xFFFF, 0xFFFF, 0xFB8A,
    0x9A40, 0x0384, 0x0404, 0x03E4, 0x0424, 0x03C4, 0x1AC3, 0x9A00, 0xFA23, 0xFD34, 0xFFFF, 0xFFFF,
    0xFFFF, 0xFFFF, 0xFFFF, 0xFFFF, 0xFFFF, 0xFFDF, 0xFFFF, 0xDF3C, 0xC187, 0xF1A0, 0xD6C3, 0xAFE4,
    0xB783, 0xB7C4, 0xB7E4, 0xDDC3, 0xFA41, 0xB000, 0x4000, 0x0000, 0x0000, 0x0000, 0x0000, 0x0000,
    0x0000, 0x0000, 0x18A3, 0x2104, 0x0000, 0xAD75, 0x7BCF, 0x0000, 0xAD75, 0x2945, 0x6B4D, 0xBDF7,
    0x2945, 0x1082, 0x6B2D, 0x8410, 0x9CF3, 0xA534, 0x8C71, 0x1082, 0x1082, 0x0000, 0x0000, 0x0000,
    0x0000, 0x0000, 0x0000, 0x0000, 0x0000, 0x0000, 0x0000, 0x0000, 0x0000, 0x0000, 0x0000, 0x0000,
    0x0000, 0x0000, 0x0000, 0x0000, 0x0000, 0x0000, 0x0000, 0x0000, 0x0000, 0x0000, 0x0000, 0x0000,
    0x0000, 0x0000, 0x0000, 0x0000, 0x0000, 0x0000, 0x0000, 0x0000, 0x0000, 0x0000, 0x0000, 0x0000,
    0x0000, 0x18C3, 0x39E7, 0x1082, 0x18C3, 0x10A2, 0x0821, 0x10A2, 0x18C3, 0x18C3, 0x10A2, 0x18A3,
    0x1082, 0x0841, 0x18A3, 0x18E3, 0x0841, 0x0861, 0x18C3, 0x0821, 0x0821, 0x0821, 0x0000, 0x1082,
    0x1082, 0x0861, 0x1082, 0x10A2, 0x0821, 0x10A2, 0x1082, 0x1082, 0x10A2, 0x1082, 0x10A2, 0x0841,
    0x0000, 0x0000, 0x0000, 0x0000, 0x0000, 0x2000, 0x9820, 0xFA61, 0xE5A2, 0xB7C4, 0xB7C4, 0xB7A4,
    0xB7E4, 0xE582, 0xE8C0, 0xAA4A, 0xE7BE, 0xFFFF, 0xFFDF, 0xFFDF, 0xFFDE, 0xFFDE, 0xFFDE, 0xFFDE,
    0xFFDE, 0xFFDE, 0xFFDE, 0xFFDE, 0xFFDF, 0xFFDE, 0xFFDE, 0xFFDE, 0xF7DE, 0xFFDE, 0xFFDF, 0xFFDE,
    0xFFDE, 0xF7DE, 0xFFDE, 0xF7DE, 0xFFDE, 0xFFDE, 0xFFDE, 0xFFDE, 0xFFDE, 0xFFDE, 0xFFDF, 0xFFDE,
    0xFFDF, 0xFFDE, 0xFFDE, 0xFFDE, 0xFFDF, 0xFFDF, 0xFFDF, 0xFFDF, 0xFFDF, 0xFFDF, 0xFFDF, 0xFFDF,
    0xFFDF, 0xFFDF, 0xFFDF, 0xFFDF, 0xFFDF, 0xFFDF, 0xFFDF, 0xFFDF, 0xFFDF, 0xFFDF, 0xFFDF, 0xFFDF,
    0xFFDF, 0xFFDE, 0xF7DF, 0xFB8B, 0xAA40, 0x0364, 0x0C44, 0x0404, 0x0303, 0x5220, 0xD9A0, 0xFB09,
    0xF69B, 0xFFFF, 0xFFDE, 0xFFDE, 0xFFDF, 0xFFDF, 0xFFDF, 0xFFDF, 0xFFDE, 0xFFFF, 0xD6BA, 0xC0E4,
    0xF280, 0xC764, 0xAFE4, 0xB783, 0xAFE4, 0xCEE3, 0xFB22, 0xC040, 0x4000, 0x0000, 0x0000, 0x0000,
    0x0000, 0x0000, 0x0000, 0x0000, 0x0000, 0x0841, 0xA534, 0xB5B6, 0x738E, 0xAD75, 0x0000, 0x6B6D,
    0xA554, 0x8410, 0x632C, 0x630C, 0x9CD3, 0x7BEF, 0x94D2, 0x94B2, 0xC618, 0x7BCF, 0xA514, 0x6B6D,
    0x9492, 0x5AEB, 0x8410, 0x5AAB, 0x8C71, 0x4A69, 0x0000, 0x0020, 0x0000, 0x0000, 0x0000, 0x0000,
    0x0000, 0x0000, 0x0000, 0x0000, 0x0000, 0x0000, 0x0000, 0x0000, 0x0000, 0x0000, 0x0000, 0x0000,
    0x0000, 0x0000, 0x0000, 0x0000, 0x0000, 0x0000, 0x0000, 0x0000, 0x0000, 0x0000, 0x0000, 0x0000,
    0x0000, 0x0000, 0x0000, 0x0020, 0x0000, 0x5ACB, 0xA534, 0x5AEB, 0x94B2, 0x738E, 0x2124, 0x8410,
    0x8430, 0x7BCF, 0x7BEF, 0x7BEF, 0x4208, 0x4A49, 0x9492, 0x7BEF, 0x62EC, 0x528A, 0x8430, 0x39C7,
    0x52AA, 0x7BCF, 0x18E3, 0x52AA, 0x8430, 0x73AE, 0x630C, 0x738E, 0x2965, 0x8430, 0x8430, 0x8430,
    0x7BCF, 0x738E, 0x8430, 0x4A49, 0x0000, 0x0000, 0x0000, 0x0000, 0x0000, 0x0000, 0x0000, 0x3800,
    0xC0A0, 0xFB81, 0xCEC3, 0xAFE4, 0xB7A4, 0xAFE4, 0xDE03, 0xF100, 0xA9A8, 0xDF7D, 0xFFFF, 0xFFFF,
    0xFFFF, 0xFFFF, 0xFFFF, 0xFFFF, 0xFFFF, 0xFFFF, 0xFFFF, 0xFFFF, 0xFFFF, 0xFFFF, 0xFFFF, 0xFFFF,
    0xFFFF, 0xFFFF, 0xFFFF, 0xFFFF, 0xFFFF, 0xFFFF, 0xFFFF, 0xFFFF, 0xFFFF, 0xFFFF, 0xFFFF, 0xFFFF,
    0xFFFF, 0xFFFF, 0xFFFF, 0xFFFF, 0xFFFF, 0xFFFF, 0xFFFF, 0xFFFF, 0xFFFF, 0xFFFF, 0xFFFF, 0xFFFF,
    0xFFFF, 0xFFFF, 0xFFFF, 0xFFFF, 0xFFFF, 0xFFFF, 0xFFFF, 0xFFFF, 0xFFFF, 0xFFFF, 0xFFFF, 0xFFFF,
    0xFFFF, 0xFFFF, 0xFFFF, 0xFFFF, 0xFFFF, 0xFFFF, 0xFFFF, 0xFBAC, 0xB220, 0x03A4, 0x03A4, 0x2282,
    0xAA60, 0xFAA4, 0xFD55, 0xFFFF, 0xFFFF, 0xFFFF, 0xFFFF, 0xFFFF, 0xFFFF, 0xFFFF, 0xFFFF, 0xFFFF,
    0xFFFF, 0xC638, 0xC883, 0xF340, 0xBFC4, 0xB7C4, 0xB7C4, 0xB7E4, 0xE523, 0xE101, 0x6000, 0x0000,
    0x0000, 0x0000, 0x0000, 0x0000, 0x0000, 0x0000, 0x0000, 0x0000, 0x0000, 0x18C3, 0xAD75, 0x8430,
    0xBDD7, 0x2124, 0x0020, 0xBDD7, 0x18E3, 0x8C71, 0x5AEB, 0x7BCF, 0x630C, 0x8410, 0xC638, 0x6B4D,
    0xBE17, 0x7BCF, 0x9CF3, 0x7BEF, 0x6B6D, 0x8430, 0x9CF3, 0xAD55, 0xBDD7, 0xA534, 0x4208, 0x0000,
    0x0000, 0x0000, 0x0000, 0x0000, 0x0000, 0x0000, 0x0000, 0x0000, 0x0000, 0x0000, 0x0000, 0x0000,
    0x0000, 0x0000, 0x0000, 0x0000, 0x0000, 0x0000, 0x0000, 0x0000, 0x0000, 0x0000, 0x0000, 0x0000,
    0x0000, 0x0000, 0x0000, 0x0000, 0x0000, 0x0000, 0x0000, 0x0000, 0x0000, 0x0841, 0x2104, 0x0000,
    0x0841, 0x0821, 0x0000, 0x0000, 0x0000, 0x0000, 0x0000, 0x0000, 0x0000, 0x0020, 0x0000, 0x0000,
    0x0841, 0x0020, 0x0020, 0x0821, 0x0841, 0x10A2, 0x0841, 0x0000, 0x0841, 0x0841, 0x0000, 0x0841,
    0x0020, 0x0821, 0x0861, 0x0861, 0x0821, 0x0821, 0x0861, 0x0821, 0x0000, 0x0000, 0x0000, 0x0000,
    0x0000, 0x0000, 0x0000, 0x0000, 0x0000, 0x7000, 0xF1C1, 0xED42, 0xB7A4, 0xB7C4, 0xAFE4, 0xDE43,
    0xF920, 0xB167, 0xBD96, 0xCDB7, 0xCDB7, 0xCD97, 0xC597, 0xC597, 0xC597, 0xC597, 0xC596, 0xC597,
    0xC597, 0xC597, 0xC596, 0xC596, 0xC596, 0xC596, 0xC596, 0xC576, 0xBD56, 0xBD56, 0xBD56, 0xC556,
    0xC535, 0xC515, 0xC535, 0xC515, 0xC515, 0xC515, 0xC515, 0xC515, 0xC515, 0xC515, 0xC515, 0xC515,
    0xC515, 0xC515, 0xC515, 0xC514, 0xC514, 0xC515, 0xC514, 0xC514, 0xBD14, 0xBCF4, 0xBCF4, 0xC4F4,
    0xBCF4, 0xBCF4, 0xBCF4, 0xBCF4, 0xBCF4, 0xBCF4, 0xBCF4, 0xBCF4, 0xBCF4, 0xBCF4, 0xBCF4, 0xF268,
    0xAA40, 0x0222, 0x7261, 0xE9E0, 0xE0C2, 0xBB90, 0xBD56, 0xBCD4, 0xBCD4, 0xBCD4, 0xBCD4, 0xBCD4,
    0xBCD4, 0xBCD4, 0xBCD4, 0xBCF4, 0xAC52, 0xB862, 0xF3A1, 0xB7E4, 0xB7A4, 0xAFE4, 0xC743, 0xFB02,
    0xA800, 0x1800, 0x0020, 0x0000, 0x0000, 0x0000, 0x0000, 0x0000, 0x0000, 0x0000, 0x0000, 0x0000,
    0x0000, 0x0000, 0x0000, 0x18C3, 0xBDD7, 0x0000, 0x5AAB, 0xD69A, 0x4A49, 0x9CD3, 0xC638, 0x94D2,
    0xDEDB, 0xA514, 0xDEDB, 0x738E, 0xDF1B, 0x9CF3, 0xC638, 0xD6BA, 0x4A69, 0x10A2, 0x4228, 0x10A2,
    0x4208, 0x2104, 0x2945, 0x0000, 0x0000, 0x0000, 0x0000, 0x0000, 0x0000, 0x0000, 0x0000, 0x0000,
    0x0000, 0x0000, 0x0000, 0x0000, 0x0000, 0x0000, 0x0000, 0x0000, 0x0000, 0x0000, 0x0000, 0x0000,
    0x0000, 0x0000, 0x0000, 0x0000, 0x0000, 0x0000, 0x0000, 0x0000, 0x0000, 0x0000, 0x0000, 0x0000,
    0x0000, 0x0000, 0x0000, 0x0000, 0x0000, 0x0000, 0x0000, 0x0000, 0x0000, 0x0000, 0x0000, 0x0000,
    0x0000, 0x0000, 0x0000, 0x0000, 0x0000, 0x0000, 0x0000, 0x0000, 0x0000, 0x0000, 0x0000, 0x0000,
    0x0000, 0x0000, 0x0000, 0x0000, 0x0000, 0x0000, 0x0000, 0x0000, 0x0000, 0x0000, 0x0000, 0x0000,
    0x0000, 0x0000, 0x0000, 0x0000, 0x0000, 0x0000, 0x0000, 0x0000, 0x0000, 0x0000, 0x2800, 0xC0A0,
    0xFBA1, 0xC703, 0xAFE4, 0xAFE4, 0xDE03, 0xF9C0, 0xE140, 0xE160, 0xE140, 0xE140, 0xE140, 0xE140,
    0xE140, 0xE140, 0xE140, 0xE140, 0xE140, 0xE140, 0xE140, 0xE140, 0xE140, 0xE140, 0xE140, 0xE140,
    0xE140, 0xE140, 0xE140, 0xE140, 0xE140, 0xE120, 0xE120, 0xE140, 0xE140, 0xE140, 0xE140, 0xE140,
    0xE140, 0xE140, 0xE140, 0xE140, 0xE140, 0xE140, 0xE140, 0xE140, 0xE140, 0xE140, 0xE140, 0xE140,
    0xE140, 0xE140, 0xE140, 0xE140, 0xE140, 0xE140, 0xE140, 0xE140, 0xE140, 0xE140, 0xE140, 0xE140,
    0xE140, 0xE140, 0xE140, 0xF120, 0xCB21, 0xC9C0, 0xF9C1, 0xF9C0, 0xE9A0, 0xE180, 0xE120, 0xE140,
    0xE140, 0xE140, 0xE140, 0xE140, 0xE140, 0xE140, 0xE140, 0xE160, 0xE120, 0xF402, 0xB7E4, 0xB7A4,
    0xAFE4, 0xD623, 0xF181, 0x6800, 0x0000, 0x0000, 0x0000, 0x0000, 0x0000, 0x0000, 0x0000, 0x0000,
    0x0000, 0x0000, 0x0000, 0x0000, 0x0000, 0x0000, 0x0000, 0x0821, 0x8410, 0x738E, 0x94B2, 0x4208,
    0x8430, 0x3186, 0x2124, 0x630C, 0x630C, 0x5ACB, 0x5AEB, 0x4A49, 0x39C7, 0x2945, 0x62EC, 0x9CD3,
    0x3186, 0x0000, 0x0000, 0x0000, 0x0000, 0x0000, 0x0000, 0x0000, 0x0000, 0x0000, 0x0000, 0x0000,
    0x0000, 0x0000, 0x0000, 0x0000, 0x0000, 0x0000, 0x0000, 0x0000, 0x0000, 0x0000, 0x0000, 0x0000,
    0x0000, 0x0000, 0x0000, 0x0000, 0x0000, 0x0000, 0x0000, 0x0000, 0x0000, 0x0000, 0x0000, 0x0000,
    0x0000, 0x0000, 0x0000, 0x0000, 0x0000, 0x0000, 0x0000, 0x0000, 0x0000, 0x0000, 0x0000, 0x0000,
    0x0000, 0x0000, 0x0000, 0x0000, 0x0000, 0x0000, 0x0000, 0x0000, 0x0000, 0x0000, 0x0000, 0x0000,
    0x0000, 0x0000, 0x0000, 0x0000, 0x0000, 0x0000, 0x0000, 0x0000, 0x0000, 0x0000, 0x0000, 0x0000,
    0x0000, 0x0000, 0x0000, 0x0000, 0x0000, 0x0000, 0x0000, 0x0000, 0x0000, 0x0000, 0x0000, 0x0000,
    0x0000, 0x0000, 0x0000, 0x0000, 0x8800, 0xFA61, 0xD623, 0xAFE4, 0xAFE4, 0xBF23, 0xCF03, 0xC723,
    0xCF23, 0xCF23, 0xC724, 0xC724, 0xC724, 0xC723, 0xC723, 0xC723, 0xC723, 0xC723, 0xC723, 0xC743,
    0xC743, 0xC743, 0xC744, 0xC744, 0xC744, 0xC743, 0xC743, 0xC743, 0xC743, 0xC743, 0xC743, 0xC764,
    0xC764, 0xC764, 0xC764, 0xC764, 0xC764, 0xC764, 0xC764, 0xC764, 0xC763, 0xC763, 0xC763, 0xC764,
    0xC764, 0xC764, 0xC784, 0xC784, 0xC784, 0xC784, 0xC784, 0xC784, 0xC784, 0xC783, 0xC783, 0xC784,
    0xBF84, 0xC784, 0xBF84, 0xBF84, 0xBF84, 0xC784, 0xBFC4, 0xE2C2, 0xF9A1, 0xDC02, 0xB6A3, 0xB783,
    0xBF83, 0xBF84, 0xBFA4, 0xBFA4, 0xBFA4, 0xBFA4, 0xBFA4, 0xBFA4, 0xBFA4, 0xBFA4, 0xBFA4, 0xBFA4,
    0xBFA4, 0xAFE4, 0xAFE4, 0xAFE4, 0xE502, 0xD880, 0x3000, 0x0020, 0x0000, 0x0000, 0x0000, 0x0000,
    0x0000, 0x0000, 0x0000, 0x0000, 0x0000, 0x0000, 0x0000, 0x0000, 0x0000, 0x0000, 0x0000, 0x0000,
    0x0000, 0x31A6, 0x0841, 0x0000, 0x0000, 0x0000, 0x0000, 0x0000, 0x0000, 0x0000, 0x0000, 0x0000,
    0x0000, 0x0000, 0x9D13, 0x3166, 0x0000, 0x0020, 0x0020, 0x0000, 0x0020, 0x0000, 0x0000, 0x0000,
    0x0000, 0x0000, 0x0000, 0x0000, 0x0000, 0x0000, 0x0000, 0x0000, 0x0000, 0x0000, 0x0000, 0x0000,
    0x0000, 0x0000, 0x0000, 0x0000, 0x0000, 0x0000, 0x0000, 0x0000, 0x0000, 0x0000, 0x0000, 0x0000,
    0x0000, 0x0000, 0x0000, 0x0000, 0x0000, 0x0000, 0x0000, 0x0000, 0x0000, 0x0000, 0x0000, 0x0000,
    0x0000, 0x0000, 0x0000, 0x0000, 0x0000, 0x0000, 0x0000, 0x0000, 0x0000, 0x0000, 0x0000, 0x0000,
    0x0000, 0x0000, 0x0000, 0x0000, 0x0000, 0x0000, 0x0000, 0x0000, 0x0000, 0x0000, 0x0000, 0x0000,
    0x0000, 0x0000, 0x0000, 0x0000, 0x0000, 0x0000, 0x0000, 0x0000, 0x0000, 0x0000, 0x0000, 0x0000,
    0x0000, 0x0000, 0x0000, 0x0000, 0x0000, 0x0000, 0x0000, 0x0000, 0x0000, 0x5000, 0xF160, 0xF522,
    0xD6C3, 0xD6C3, 0xD6E3, 0xD6E3, 0xD6E3, 0xD6E3, 0xD6E3, 0xD6E3, 0xD6E3, 0xD6E3, 0xD6E3, 0xD6E3,
    0xD6E3, 0xD6E3, 0xD6E3, 0xD6E3, 0xD6E3, 0xD6E3, 0xD6E3, 0xD6E3, 0xD6E3, 0xD6E3, 0xD6E3, 0xD6E3,
    0xD6E3, 0xD6E3, 0xD6E3, 0xD6E3, 0xD6E3, 0xD6E3, 0xD6E3, 0xD6E3, 0xD6E3, 0xD6E3, 0xD6C3, 0xD6C3,
    0xD6C3, 0xD6C3, 0xD6C3, 0xD6C3, 0xD6C3, 0xD6C3, 0xD6C3, 0xD6C3, 0xD6C3, 0xD6C3, 0xD6C3, 0xD6C3,
    0xD6C3, 0xD6C3, 0xD6C3, 0xD6C3, 0xD6C3, 0xD6C3, 0xD6C3, 0xD6C3, 0xD6C3, 0xD6C3, 0xCEE3, 0xF362,
    0xE4C3, 0xCF23, 0xD703, 0xD6C3, 0xD6C3, 0xD6C3, 0xD6C3, 0xD6C3, 0xD6C3, 0xD6C3, 0xD6C3, 0xD6C3,
    0xD6C3, 0xD6C3, 0xD6C3, 0xD6C3, 0xD6C3, 0xD6A3, 0xD6C3, 0xF402, 0xC000, 0x1800, 0x0020, 0x0000,
    0x0000, 0x0000, 0x0000, 0x0000, 0x0000, 0x0000, 0x0000, 0x0000, 0x0000, 0x0000, 0x0000, 0x0000,
    0x0000, 0x0000, 0x0000, 0x0000, 0x0000, 0x0000, 0x0000, 0x0020, 0x0020, 0x0000, 0x0000, 0x0020,
    0x0020, 0x0020, 0x0020, 0x0000, 0x0000, 0x0000, 0x2104, 0x0000, 0x0000, 0x0000, 0x0000, 0x0000,
    0x0000, 0x0000, 0x0000, 0x0000, 0x0000, 0x0000, 0x0000, 0x0000, 0x0000, 0x0000, 0x0000, 0x0000,
    0x0000, 0x0000, 0x0000, 0x0000, 0x0000, 0x0000, 0x0000, 0x0000, 0x0000, 0x0000, 0x0000, 0x0000,
    0x0000, 0x0000, 0x0000, 0x0000, 0x0000, 0x0000, 0x0000, 0x0000, 0x0000, 0x0000, 0x0000, 0x0000,
    0x0000, 0x0000, 0x0000, 0x0000, 0x0000, 0x0000, 0x0000, 0x0000, 0x0000, 0x0000, 0x0000, 0x0000,
    0x0000, 0x0000, 0x0000, 0x0000, 0x0000, 0x0000, 0x0000, 0x0000, 0x0000, 0x0000, 0x0000, 0x0000,
    0x0000, 0x0000, 0x0000, 0x0000, 0x0000, 0x0000, 0x0000, 0x0000, 0x0000, 0x0000, 0x0000, 0x0000,
    0x0000, 0x0000, 0x0000, 0x0000, 0x0000, 0x0000, 0x0000, 0x0000, 0x0000, 0x0000, 0x0000, 0x0000,
    0x0000, 0x0000, 0x3000, 0xA861, 0xB0A1, 0xB081, 0xB081, 0xB081, 0xB081, 0xB081, 0xB081, 0xB081,
    0xB081, 0xB081, 0xB081, 0xB081, 0xB081, 0xB081, 0xB081, 0xB081, 0xB081, 0xB081, 0xB081, 0xB081,
    0xB081, 0xB081, 0xB081, 0xB081, 0xB081, 0xB081, 0xB081, 0xB081, 0xB081, 0xB081, 0xB081, 0xB081,
    0xB081, 0xB081, 0xB081, 0xB081, 0xB081, 0xB081, 0xB081, 0xB081, 0xB081, 0xB081, 0xB081, 0xB081,
    0xB081, 0xB081, 0xB081, 0xB081, 0xB081, 0xB081, 0xB081, 0xB081, 0xB081, 0xB081, 0xB081, 0xB081,
    0xB081, 0xB0A1, 0xB081, 0xB0E1, 0xB101, 0xB081, 0xB081, 0xB0A1, 0xB0A1, 0xB0A1, 0xB0A1, 0xB0A1,
    0xB0A1, 0xB0A1, 0xB0A1, 0xB0A1, 0xB0A1, 0xB0A1, 0xB0A1, 0xB0A1, 0xB0A1, 0xB0A1, 0xB0A1, 0x9800,
    0x0800, 0x0000, 0x0000, 0x0000, 0x0000, 0x0000, 0x0000, 0x0000, 0x0000, 0x0000, 0x0000, 0x0000,
    0x0000, 0x0000, 0x0000, 0x0000, 0x0000, 0x0000, 0x0000, 0x0000, 0x0000, 0x0000, 0x0000, 0x0000,
    0x0000, 0x0000, 0x0000, 0x0000, 0x0000, 0x0000, 0x0000, 0x0000, 0x0000, 0x0000, 0x0000, 0x0000,
    0x0000, 0x0000, 0x0000, 0x0000, 0x0000, 0x0000, 0x0000, 0x0000, 0x0000, 0x0000, 0x0000, 0x0000,
    0x0000, 0x0000, 0x0000, 0x0000, 0x0000, 0x0000, 0x0000, 0x0000, 0x0000, 0x0000, 0x0000, 0x0000,
    0x0000, 0x0000, 0x0000, 0x0000, 0x0000, 0x0000, 0x0000, 0x0000, 0x0000, 0x0000, 0x0000, 0x0000,
    0x0000, 0x0000, 0x0000, 0x0000, 0x0000, 0x0000, 0x0000, 0x0000, 0x0000, 0x0000, 0x0000, 0x0000,
    0x0000, 0x0000, 0x0000, 0x0000, 0x0000, 0x0000, 0x0000, 0x0000, 0x0000, 0x0000, 0x0000, 0x0000,
    0x0000, 0x0000, 0x0000, 0x0000, 0x0000, 0x0000, 0x0000, 0x0000, 0x0000, 0x0000, 0x0000, 0x0000,
    0x0000, 0x0000, 0x0000, 0x0000, 0x0000, 0x0000, 0x0000, 0x0000, 0x0000, 0x0000, 0x0000, 0x0000,
    0x0000, 0x0000, 0x0000, 0x0000, 0x0000, 0x0000, 0x0000, 0x0000, 0x0000, 0x0000, 0x0000, 0x0000,
    0x0000, 0x0000, 0x0000, 0x0000, 0x0000, 0x0000, 0x0000, 0x0000, 0x0000, 0x0000, 0x0000, 0x0000,
    0x0000, 0x0000, 0x0000, 0x0000, 0x0000, 0x0000, 0x0000, 0x0000, 0x0000, 0x0000, 0x0000, 0x0000,
    0x0000, 0x0000, 0x0000, 0x0000, 0x0000, 0x0000, 0x0000, 0x0000, 0x0000, 0x0000, 0x0000, 0x0000,
    0x0000, 0x0000, 0x0000, 0x0000, 0x0000, 0x0000, 0x0000, 0x0000, 0x0000, 0x0000, 0x0000, 0x0000,
    0x0000, 0x0000, 0x0000, 0x0000, 0x0000, 0x0000, 0x0000, 0x0000, 0x0000, 0x0000, 0x0000, 0x0000,
    0x0000, 0x0000, 0x0000, 0x0000, 0x0000, 0x0000, 0x0000, 0x0000, 0x0000, 0x0000, 0x0000, 0x0000,
    0x0000, 0x0000, 0x0000, 0x0000, 0x0000, 0x0000, 0x0000, 0x0000, 0x0000, 0x0000, 0x0000, 0x0000,
    0x0000, 0x0000, 0x0000, 0x0000, 0x0000, 0x0000, 0x0000, 0x0000, 0x0000, 0x0000, 0x0000, 0x0000,
    0x0000, 0x0000, 0x0000, 0x0000, 0x0000, 0x0000, 0x0000, 0x0000, 0x0000, 0x0000, 0x0000, 0x0000,
    0x0000, 0x0000, 0x0000, 0x0000, 0x0000, 0x0000, 0x0000, 0x0000, 0x0000, 0x0000, 0x0000, 0x0000,
    0x0000, 0x0000, 0x0000, 0x0000, 0x0000, 0x0000, 0x0000, 0x0000, 0x0000, 0x0000, 0x0000, 0x0000,
    0x0000, 0x0000, 0x0000, 0x0000, 0x0000, 0x0000, 0x0000, 0x0000, 0x0000, 0x0000, 0x0000, 0x0000,
    0x0000, 0x0000, 0x0000, 0x0000, 0x0000, 0x0000, 0x0000, 0x0000, 0x0000, 0x0000, 0x0000, 0x0000,
    0x0000, 0x0000, 0x0000, 0x0000, 0x0000, 0x0000, 0x0000, 0x0000, 0x0000, 0x0000, 0x0000, 0x0000,
    0x0000, 0x0000, 0x0000, 0x0000, 0x0000, 0x0000, 0x0000, 0x0000, 0x0000, 0x0000, 0x0000, 0x0000,
    0x0000, 0x0000, 0x0000, 0x0000, 0x0000, 0x0000, 0x0000, 0x0000, 0x0000, 0x0000, 0x0000, 0x0000,
    0x0000, 0x0000, 0x0000, 0x0000, 0x0000, 0x0000, 0x0000, 0x0000, 0x0000, 0x0000, 0x0000, 0x0000,
    0x0000, 0x0000, 0x0000, 0x0000, 0x0000, 0x0000, 0x0000, 0x0000, 0x0000, 0x0000, 0x0000, 0x0000,
    0x0000, 0x0000, 0x0000, 0x0000, 0x0000, 0x0000, 0x0000, 0x0000, 0x0000, 0x0000, 0x0000, 0x0000,
    0x0000, 0x0000, 0x0000, 0x0000, 0x0000, 0x0000, 0x0000, 0x0000, 0x0000, 0x0000, 0x0000, 0x0000,
    0x0000, 0x0000, 0x0000, 0x0000, 0x0000, 0x0000, 0x0000, 0x0000, 0x0000, 0x0000, 0x0000, 0x0000,
    0x0000, 0x0000, 0x0000, 0x0000, 0x0000, 0x0000, 0x0000, 0x0000, 0x0000, 0x0000, 0x0000, 0x0000,
    0x0000, 0x0000, 0x0000, 0x0000, 0x0000, 0x0000, 0x0000, 0x0000, 0x0000, 0x0000, 0x0000, 0x0000,
    0x0000, 0x0000, 0x0000, 0x0000, 0x0000, 0x0000, 0x0000, 0x0000, 0x0000, 0x0000, 0x0000, 0x0000,
    0x0000, 0x0000, 0x0000, 0x0000, 0x0000, 0x0000, 0x0000, 0x0000, 0x0000, 0x0000, 0x0000, 0x0000,
    0x0000, 0x0000, 0x0000, 0x0000, 0x0000, 0x0000, 0x0000, 0x0000, 0x0000, 0x0000, 0x0000, 0x0000,
    0x0000, 0x0000, 0x0000, 0x0000, 0x0000, 0x0000, 0x0000, 0x0000, 0x0000, 0x0000, 0x0000, 0x0000,
    0x0000, 0x0000, 0x0000, 0x0000, 0x0000, 0x0000, 0x0000, 0x0000, 0x0000, 0x0000, 0x0000, 0x0000,
    0x0000, 0x0000, 0x0000, 0x0000, 0x0000, 0x0000, 0x0000, 0x0000, 0x0000, 0x0000, 0x0000, 0x0000,
    0x0000, 0x0000, 0x0000, 0x0000, 0x0000, 0x0000, 0x0000, 0x0000, 0x0000, 0x0000, 0x0000, 0x0000,
    0x0000, 0x0000, 0x0000, 0x0000, 0x0000, 0x0000, 0x0000, 0x0000, 0x0000, 0x0000, 0x0000, 0x0000,
    0x0000, 0x0000, 0x0000, 0x0000, 0x0000, 0x0000, 0x0000, 0x0000, 0x0000, 0x0000, 0x0000, 0x0000,
    0x0000, 0x0000, 0x0000, 0x0000, 0x0000, 0x0000, 0x0000, 0x0000, 0x0000, 0x0000, 0x0000, 0x0000,
    0x0000, 0x0000, 0x0000, 0x0000, 0x0000, 0x0000, 0x0000, 0x0000, 0x0000, 0x0000, 0x0000, 0x0000,
    0x0000, 0x0000, 0x0000, 0x0000, 0x0000, 0x0000, 0x0000, 0x0000, 0x0000, 0x0000, 0x0000, 0x0000,
    0x0000, 0x0000, 0x0000, 0x0000, 0x0000, 0x0000, 0x0000, 0x0000, 0x0000, 0x0000, 0x0000, 0x0000,
    0x0000, 0x0000, 0x0000, 0x0000, 0x0000, 0x0000, 0x0000, 0x0000, 0x0000, 0x0000, 0x0000, 0x0000,
    0x0000, 0x0000, 0x0000, 0x0000, 0x0000, 0x0000, 0x0000, 0x0000, 0x0000, 0x0000, 0x0000, 0x0000,
    0x0000, 0x0000, 0x0000, 0x0000, 0x0000, 0x0000, 0x0000, 0x0000, 0x0000, 0x0000, 0x0000, 0x0000,
    0x0000, 0x0000, 0x0000, 0x0000, 0x0000, 0x0000, 0x0000, 0x0000, 0x0000, 0x0000, 0x0000, 0x0000,
    0x0000, 0x0000, 0x0000, 0x0000, 0x0000, 0x0000, 0x0000, 0x0000, 0x0000, 0x0000, 0x0000, 0x0000,
    0x0000, 0x0000, 0x0000, 0x0000, 0x0000, 0x0000, 0x0000, 0x0000, 0x0000, 0x0000, 0x0000, 0x0000,
    0x0000, 0x0000, 0x0000, 0x0000, 0x0000, 0x0000, 0x0000, 0x0000, 0x0000, 0x0000, 0x0000, 0x0000,
    0x0000, 0x0000, 0x0000, 0x0000, 0x0000, 0x0000, 0x0000, 0x0000, 0x0000, 0x0000, 0x0000, 0x0000,
    0x0000, 0x0000, 0x0000, 0x0000, 0x0000, 0x0000, 0x0000, 0x0000, 0x0000, 0x0000, 0x0000, 0x0000,
    0x0000, 0x0000, 0x0000, 0x0000, 0x0000, 0x0000, 0x0000, 0x0000, 0x0000, 0x0000, 0x0000, 0x0000,
    0x0000, 0x0000, 0x0000, 0x0000, 0x0000, 0x0000, 0x0000, 0x0000, 0x0000, 0x0000, 0x0000, 0x0000,
    0x0000, 0x0000, 0x0000, 0x0000, 0x0000, 0x0000, 0x0000, 0x0000, 0x0000, 0x0000, 0x0000, 0x0000,
    0x0000, 0x0000, 0x0000, 0x0000, 0x0000, 0x0000, 0x0000, 0x0000, 0x0000, 0x0000, 0x0000, 0x0000,
    0x0000, 0x0000, 0x0000, 0x0000, 0x0000, 0x0000, 0x0000, 0x0000, 0x0000, 0x0000, 0x0000, 0x0000,
    0x0000, 0x0000, 0x0000, 0x0000, 0x0000, 0x0000, 0x0000, 0x0000, 0x0000, 0x0000, 0x0000, 0x0000,
    0x0000, 0x0000, 0x0000, 0x0000, 0x0000, 0x0000, 0x0000, 0x0000, 0x0000, 0x0000, 0x0000, 0x0000,
    0x0000, 0x0000, 0x0000, 0x0000, 0x0000, 0x0000, 0x0000, 0x0000, 0x0000, 0x0000, 0x0000, 0x0000,
    0x0000, 0x0000, 0x0000, 0x0000, 0x0000, 0x0000, 0x0000, 0x0000, 0x0000, 0x0000, 0x0000, 0x0000,
    0x0000, 0x0000, 0x0000, 0x0000, 0x0000, 0x0000, 0x0000, 0x0000, 0x0000, 0x0000, 0x0000, 0x0000,
    0x0000, 0x0000, 0x0000, 0x0000, 0x0000, 0x0000, 0x0000, 0x0000, 0x0000, 0x0000, 0x0000, 0x0000,
    0x0000, 0x0000, 0x0000, 0x0000, 0x0000, 0x0000, 0x0000, 0x0000, 0x0000, 0x0000, 0x0000, 0x0000,
    0x0000, 0x0000, 0x0000, 0x0000, 0x0000, 0x0000, 0x0000, 0x0000, 0x0000, 0x0000, 0x0000, 0x0000,
    0x0000, 0x0000, 0x0000, 0x0000, 0x0000, 0x0000, 0x0000, 0x0000, 0x0000, 0x0000, 0x0000, 0x0000,
    0x0000, 0x0000, 0x0000, 0x0000, 0x0000, 0x0000, 0x0000, 0x0000, 0x0000, 0x0000, 0x0000, 0x0000,
    0x0000, 0x0000, 0x0000, 0x0000, 0x0000, 0x0000, 0x0000, 0x0000, 0x0000, 0x0000, 0x0000, 0x0000,
    0x0000, 0x0000, 0x0000, 0x0000, 0x0000, 0x0000, 0x0000, 0x0000, 0x0000, 0x0000, 0x0000, 0x0000,
    0x0000, 0x0000, 0x0000, 0x0000, 0x0000, 0x0000, 0x0000, 0x0000, 0x0000, 0x0000, 0x0000, 0x0000,
    0x0000, 0x0000, 0x0000, 0x0000, 0x0000, 0x0000, 0x0000, 0x0000, 0x0000, 0x0000, 0x0000, 0x0000,
    0x0000, 0x0000, 0x0000, 0x0000, 0x0000, 0x0000, 0x0000, 0x0000, 0x0000, 0x0000, 0x0000, 0x0000,
    0x0000, 0x0000, 0x0000, 0x0000, 0x0000, 0x0000, 0x0000, 0x0000, 0x0000, 0x0000, 0x0000, 0x0000,
    0x0000, 0x0000, 0x0000, 0x0000, 0x0000, 0x0000, 0x0000, 0x0000, 0x0000, 0x0000, 0x0000, 0x0000,
    0x0000, 0x0000, 0x0000, 0x0000, 0x0000, 0x0000, 0x0000, 0x0000, 0x0000, 0x0000, 0x0000, 0x0000,
    0x0000, 0x0000, 0x0000, 0x0000, 0x0000, 0x0000, 0x0000, 0x0000, 0x0000, 0x0000, 0x0000, 0x0000,
    0x0000, 0x0000, 0x0000, 0x0000, 0x0000, 0x0000, 0x0000, 0x0000, 0x0000, 0x0000, 0x0000, 0x0000,
    0x0000, 0x0000, 0x0000, 0x0000, 0x0000, 0x0000, 0x0000, 0x0000, 0x0000, 0x0000, 0x0000, 0x0000,
    0x0000, 0x0000, 0x0000, 0x0000, 0x0000, 0x0000, 0x0000, 0x0000, 0x0000, 0x0000, 0x0000, 0x0000,
    0x0000, 0x0000, 0x0000, 0x0000, 0x0000, 0x0000, 0x0000, 0x0000, 0x0000, 0x0000, 0x0000, 0x0000,
    0x0000, 0x0000, 0x0000, 0x0000, 0x0000, 0x0000, 0x0000, 0x0000, 0x0000, 0x0000, 0x0000, 0x0000,
    0x0000, 0x0000, 0x0000, 0x0000, 0x0000, 0x0000, 0x0000, 0x0000, 0x0000, 0x0000, 0x0000, 0x0000,
    0x0000, 0x0000, 0x0000, 0x0000, 0x0000, 0x0000, 0x0000, 0x0000, 0x0000, 0x0000, 0x0000, 0x0000,
    0x0000, 0x0000, 0x0000, 0x0000, 0x0000, 0x0000, 0x0000, 0x0000, 0x0000, 0x0000, 0x0000, 0x0000,
    0x0000, 0x0000, 0x0000, 0x0000, 0x0000, 0x0000, 0x0000, 0x0000, 0x0000, 0x0000, 0x0000, 0x0000,
    0x0000, 0x0000, 0x0000, 0x0000, 0x0000, 0x0000, 0x0000, 0x0000, 0x0000, 0x0000, 0x0000, 0x0000,
    0x0000, 0x0000, 0x0000, 0x0000, 0x0000, 0x0000, 0x0000, 0x0000, 0x0000, 0x0000, 0x0000, 0x0000,
    0x0000, 0x0000, 0x0000, 0x0000, 0x0000, 0x0000, 0x0000, 0x0000, 0x0000, 0x0000, 0x0000, 0x0000,
    0x0000, 0x0000, 0x0000, 0x0000, 0x0000, 0x0000, 0x0000, 0x0000, 0x0000, 0x0000, 0x0000, 0x0000,
    0x0000, 0x0000, 0x0000, 0x0000, 0x0000, 0x0000, 0x0000, 0x0000, 0x0000, 0x0000, 0x0000, 0x0000,
    0x0000, 0x0000, 0x0000, 0x0000, 0x0000, 0x0000, 0x0000, 0x0000, 0x0000, 0x0000, 0x0000, 0x0000,
    0x0000, 0x0000, 0x0000, 0x0000, 0x0000, 0x0000, 0x0000, 0x0000, 0x0000, 0x0000, 0x0000, 0x0000,
    0x0000, 0x0000, 0x0000, 0x0000, 0x0000, 0x0000, 0x0000, 0x0000, 0x0000, 0x0000, 0x0000, 0x0000,
    0x0000, 0x0000, 0x0000, 0x0000, 0x0000, 0x0000, 0x0000, 0x0000, 0x0000, 0x0000, 0x0000, 0x0000,
    0x0000, 0x0000, 0x0000, 0x0000, 0x0000, 0x0000, 0x0000, 0x0000, 0x0000, 0x0000, 0x0000, 0x0000,
    0x0000, 0x0000, 0x0000, 0x0000, 0x0000, 0x0000, 0x0000, 0x0000, 0x0000, 0x0000, 0x0000, 0x0000,
    0x0000, 0x0000, 0x0000, 0x0000, 0x0000, 0x0000, 0x0000, 0x0000, 0x0000, 0x0000, 0x0000, 0x0000,
    0x0000, 0x0000, 0x0000, 0x0000, 0x0000, 0x0000, 0x0000, 0x0000, 0x0000, 0x0000, 0x0000, 0x0000,
    0x0000, 0x0000, 0x0000, 0x0000, 0x0000, 0x0000, 0x0000, 0x0000, 0x0000, 0x0000, 0x0000, 0x0000,
    0x0000, 0x0000, 0x0000, 0x0000, 0x0000, 0x0000, 0x0000, 0x0000, 0x0000, 0x0000, 0x0000, 0x0000,
    0x0000, 0x0000, 0x0000, 0x0000, 0x0000, 0x0000, 0x0000, 0x0000, 0x0000, 0x0000, 0x0000, 0x0000,
    0x0000, 0x0000, 0x0000, 0x0000, 0x0000, 0x0000, 0x0000, 0x0000, 0x0000, 0x0000, 0x0000, 0x0000,
    0x0000, 0x0000, 0x0000, 0x0000, 0x0000, 0x0000, 0x0000, 0x0000, 0x0000, 0x0000, 0x0000, 0x0000,
    0x0000, 0x0000, 0x0000, 0x0000, 0x0000, 0x0000, 0x0000, 0x0000, 0x0000, 0x0000, 0x0000, 0x0000,
    0x0000, 0x0000, 0x0000, 0x0000, 0x0000, 0x0000, 0x0000, 0x0000, 0x0000, 0x0000, 0x0000, 0x0000,
    0x0000, 0x0000, 0x0000, 0x0000, 0x0000, 0x0000, 0x0000, 0x0000, 0x0000, 0x0000, 0x0000, 0x0000,
    0x0000, 0x0000, 0x0000, 0x0000, 0x0000, 0x0000, 0x0000, 0x0000, 0x0000, 0x0000, 0x0000, 0x0000,
    0x0000, 0x0000, 0x0000, 0x0000, 0x0000, 0x0000, 0x0000, 0x0000, 0x0000, 0x0000, 0x0000, 0x0000,
    0x0000, 0x0000, 0x0000, 0x0000, 0x0000, 0x0000, 0x0000, 0x0000, 0x0000, 0x0000, 0x0000, 0x0000,
    0x0000, 0x0000, 0x0000, 0x0000, 0x0000, 0x0000, 0x0000, 0x0000, 0x0000, 0x0000, 0x0000, 0x0000,
    0x0000, 0x0000, 0x0000, 0x0000, 0x0000, 0x0000, 0x0000, 0x0000, 0x0000, 0x0000, 0x0000, 0x0000,
    0x0000, 0x0000, 0x0000, 0x0000, 0x0000, 0x0000, 0x0000, 0x0000, 0x0000, 0x0000, 0x0000, 0x0000,
    0x0000, 0x0000, 0x0000, 0x0000, 0x0000, 0x0000, 0x0000, 0x0000, 0x0000, 0x0000, 0x0000, 0x0000,
    0x0000, 0x0000, 0x0000, 0x0000, 0x0000, 0x0000, 0x0000, 0x0000, 0x0000, 0x0000, 0x0000, 0x0000,
    0x0000, 0x0000, 0x0000, 0x0000, 0x0000, 0x0000, 0x0000, 0x0000, 0x0000, 0x0000, 0x0000, 0x0000,
    0x0000, 0x0000, 0x0000, 0x0000, 0x0000, 0x0000, 0x0000, 0x0000, 0x0000, 0x0000, 0x0000, 0x0000,
    0x0000, 0x0000, 0x0000, 0x0000, 0x0000, 0x0000, 0x0000, 0x0000, 0x0000, 0x0000, 0x0000, 0x0000,
    0x0000, 0x0000, 0x0000, 0x0000, 0x0000, 0x0000, 0x0000, 0x0000, 0x0000, 0x0000, 0x0000, 0x0000,
    0x0000, 0x0000, 0x0000, 0x0000, 0x0000, 0x0000, 0x0000, 0x0000, 0x0000, 0x0000, 0x0000, 0x0000,
    0x0000, 0x0000, 0x0000, 0x0000, 0x0000, 0x0000, 0x0000, 0x0000, 0x0000, 0x0000, 0x0000, 0x0000,
    0x0000, 0x0000, 0x0000, 0x0000, 0x0000, 0x0000, 0x0000, 0x0000, 0x0000, 0x0000, 0x0000, 0x0000,
    0x0000, 0x0000, 0x0000, 0x0000, 0x0000, 0x0000, 0x0000, 0x0000, 0x0000, 0x0000, 0x0000, 0x0000,
    0x0000, 0x0000, 0x0000, 0x0000, 0x0000, 0x0000, 0x0000, 0x0000, 0x0000, 0x0000, 0x0000, 0x0000,
    0x0000, 0x0000, 0x0000, 0x0000, 0x0000, 0x0000, 0x0000, 0x0000, 0x0000, 0x0000, 0x0000, 0x0000,
    0x0000, 0x0000, 0x0000, 0x0000, 0x0000, 0x0000, 0x0000, 0x0000, 0x0000, 0x0000, 0x0000, 0x0000,
    0x0000, 0x0000, 0x0000, 0x0000, 0x0000, 0x0000, 0x0000, 0x0000, 0x0000, 0x0000, 0x0000, 0x0000,
    0x0000, 0x0000, 0x0000, 0x0000, 0x0000, 0x0000, 0x0000, 0x0000, 0x0000, 0x0000, 0x0000, 0x0000,
    0x0000, 0x0000, 0x0000, 0x0000, 0x0000, 0x0000, 0x0000, 0x0000, 0x0000, 0x0000, 0x0000, 0x0000,
    0x0000, 0x0000, 0x0000, 0x0000, 0x0000, 0x0000, 0x0000, 0x0000, 0x0000, 0x0000, 0x0000, 0x0000,
    0x0000, 0x0000, 0x0000, 0x0000, 0x0000, 0x0000, 0x0000, 0x0000, 0x0000, 0x0000, 0x0000, 0x0000,
    0x0000, 0x0000, 0x0000, 0x0000, 0x0000, 0x0000, 0x0000, 0x0000, 0x0000, 0x0000, 0x0000, 0x0000,
    0x0000, 0x0000, 0x0000, 0x0000, 0x0000, 0x0000, 0x0000, 0x0000, 0x0000, 0x0000, 0x0000, 0x0000,
    0x0000, 0x0000, 0x0000, 0x0000, 0x0000, 0x0000, 0x0000, 0x0000, 0x0000, 0x0000, 0x0000, 0x0000,
    0x0000, 0x0000, 0x0000, 0x0000, 0x0000, 0x0000, 0x0000, 0x0000, 0x0000, 0x0000, 0x0000, 0x0000,
    0x0000, 0x0000, 0x0000, 0x0000, 0x0000, 0x0000, 0x0000, 0x0000, 0x0000, 0x0000, 0x0000, 0x0000,
    0x0000, 0x0000, 0x0000, 0x0000, 0x0000, 0x0000, 0x0000, 0x0000, 0x0000, 0x0000, 0x0000, 0x0000,
    0x0000, 0x0000, 0x0000, 0x0000, 0x0000, 0x0000, 0x0000, 0x0000, 0x0000, 0x0000, 0x0000, 0x0000,
    0x0000, 0x0000, 0x0000, 0x0000, 0x0000, 0x0000, 0x0000, 0x0000, 0x0000, 0x0000, 0x0000, 0x0000,
    0x0000, 0x0000, 0x0000, 0x0000, 0x0000, 0x0000, 0x0000, 0x0000, 0x0000, 0x0000, 0x0000, 0x0000,
    0x0000, 0x0000, 0x0000, 0x0000, 0x0000, 0x0000, 0x0000, 0x0000, 0x0000, 0x0000, 0x0000, 0x0000,
};
