// Asteroids — 208x61 RGB565, generated
#include "marquees.h"

const uint16_t marquee_asteroid_data[12688] = {
    0x0000, 0x0000, 0x0000, 0x0000, 0x0000, 0x0000, 0x0000, 0x0000, 0x0000, 0x0000, 0x0000, 0x0000,
    0x0000, 0x0000, 0x0000, 0x0000, 0x0000, 0x0000, 0x0000, 0x0000, 0x0000, 0x0000, 0x0000, 0x0000,
    0x0000, 0x0000, 0x0000, 0x0000, 0x0000, 0x0000, 0x0000, 0x0000, 0x0000, 0x0000, 0x0000, 0x0000,
    0x0000, 0x0000, 0x0000, 0x0000, 0x0000, 0x0000, 0x0000, 0x0000, 0x0000, 0x0000, 0x0000, 0x0000,
    0x0000, 0x0000, 0x0000, 0x0000, 0x0000, 0x0000, 0x0000, 0x0000, 0x0000, 0x0000, 0x0000, 0x0000,
    0x0000, 0x0000, 0x0000, 0x0000, 0x0000, 0x0000, 0x0000, 0x0000, 0x0000, 0x0000, 0x0000, 0x0000,
    0x0000, 0x0000, 0x0000, 0x0000, 0x0000, 0x0000, 0x0000, 0x0000, 0x0000, 0x0000, 0x0000, 0x0000,
    0x0000, 0x0000, 0x0000, 0x0000, 0x0000, 0x0000, 0x0000, 0x0000, 0x0000, 0x0000, 0x0000, 0x0000,
    0x0000, 0x0000, 0x0000, 0x0000, 0x0000, 0x0000, 0x0000, 0x0020, 0x18C3, 0x2124, 0x0861, 0x0000,
    0x0000, 0x0000, 0x0000, 0x0000, 0x0000, 0x0000, 0x0000, 0x0000, 0x0000, 0x0000, 0x0000, 0x0000,
    0x0000, 0x0000, 0x0000, 0x0000, 0x0000, 0x0000, 0x0020, 0x10A2, 0x0000, 0x0000, 0x0000, 0x0000,
    0x0000, 0x0000, 0x0000, 0x0000, 0x0000, 0x0000, 0x0000, 0x0000, 0x0000, 0x0000, 0x0000, 0x0000,
    0x0000, 0x0000, 0x0000, 0x0000, 0x0000, 0x0000, 0x0000, 0x0000, 0x0000, 0x0000, 0x0000, 0x0000,
    0x0000, 0x0000, 0x0000, 0x0000, 0x0000, 0x0000, 0x0000, 0x0000, 0x0000, 0x0000, 0x0000, 0x0000,
    0x0000, 0x0000, 0x1062, 0x1082, 0x0000, 0x0000, 0x0000, 0x0000, 0x1082, 0x0000, 0x0000, 0x0000,
    0x0000, 0x0000, 0x0000, 0x0000, 0x0000, 0x0000, 0x0000, 0x0000, 0x0000, 0x0000, 0x0000, 0x0000,
    0x0000, 0x0000, 0x0000, 0x0000, 0x0001, 0x0000, 0x0000, 0x0000, 0x0000, 0x0000, 0x0000, 0x0000,
    0x0021, 0x0021, 0x0000, 0x0021, 0x0000, 0x0000, 0x0000, 0x0000, 0x0000, 0x0000, 0x0000, 0x0000,
    0x0000, 0x0000, 0x0000, 0x0000, 0x0000, 0x0000, 0x0000, 0x0000, 0x0000, 0x0000, 0x0000, 0x0000,
    0x0000, 0x0000, 0x0000, 0x0000, 0x0000, 0x0000, 0x0000, 0x0000, 0x0000, 0x0000, 0x0000, 0x0000,
    0x0000, 0x0000, 0x0000, 0x0000, 0x0000, 0x0000, 0x0000, 0x0000, 0x0000, 0x0000, 0x0000, 0x0000,
    0x0000, 0x0000, 0x0000, 0x0000, 0x0000, 0x0000, 0x0000, 0x0000, 0x0000, 0x0000, 0x0000, 0x0000,
    0x0000, 0x0000, 0x0000, 0x0000, 0x0000, 0x0000, 0x0000, 0x0000, 0x0000, 0x0000, 0x0000, 0x0000,
    0x0000, 0x0000, 0x0000, 0x0000, 0x0000, 0x0000, 0x0000, 0x0000, 0x0000, 0x0000, 0x0000, 0x0000,
    0x0000, 0x0000, 0x0000, 0x0000, 0x0000, 0x0000, 0x0000, 0x0000, 0x0000, 0x0000, 0x0000, 0x0000,
    0x0000, 0x0000, 0x0000, 0x0000, 0x0000, 0x0000, 0x0000, 0x0000, 0x0000, 0x0000, 0x0000, 0x0020,
    0x2965, 0x2925, 0x528A, 0x0000, 0x0000, 0x0000, 0x0000, 0x0000, 0x0000, 0x0000, 0x0000, 0x0000,
    0x0000, 0x0000, 0x0000, 0x0000, 0x0000, 0x0000, 0x0000, 0x1082, 0x0841, 0x1082, 0x3186, 0x52AA,
    0x0000, 0x0000, 0x1082, 0x0000, 0x10A2, 0x0000, 0x0841, 0x18C3, 0x0000, 0x0821, 0x18A3, 0x1082,
    0x1082, 0x0000, 0x0000, 0x0000, 0x0000, 0x0000, 0x0000, 0x0000, 0x0000, 0x0000, 0x0000, 0x0000,
    0x0000, 0x0000, 0x0841, 0x0000, 0x0000, 0x0000, 0x0000, 0x0000, 0x0000, 0x0000, 0x0000, 0x0000,
    0x0841, 0x18C3, 0x0000, 0x0000, 0x0000, 0x2104, 0x2925, 0x2124, 0x0000, 0x18C3, 0x0020, 0x0000,
    0x10A2, 0x0000, 0x0000, 0x0000, 0x0000, 0x0000, 0x0000, 0x0000, 0x0000, 0x0000, 0x0000, 0x0000,
    0x0000, 0x0000, 0x0000, 0x0000, 0x0000, 0x0000, 0x0000, 0x0000, 0x0000, 0x0000, 0x0000, 0x0001,
    0x0021, 0x0021, 0x0000, 0x0021, 0x0085, 0x0085, 0x0064, 0x0085, 0x0000, 0x0000, 0x0000, 0x0000,
    0x0000, 0x0000, 0x0841, 0x0000, 0x0000, 0x0000, 0x0000, 0x0000, 0x0000, 0x0000, 0x0000, 0x0000,
    0x0000, 0x0000, 0x0000, 0x0000, 0x0000, 0x0000, 0x0000, 0x0000, 0x0000, 0x0000, 0x0000, 0x0000,
    0x0000, 0x0000, 0x0000, 0x0000, 0x0000, 0x0000, 0x0000, 0x0000, 0x0000, 0x0000, 0x0000, 0x0000,
    0x0000, 0x0000, 0x0000, 0x0000, 0x0000, 0x0000, 0x0000, 0x0000, 0x0000, 0x0000, 0x0000, 0x0000,
    0x0000, 0x0000, 0x0000, 0x0000, 0x0000, 0x0000, 0x0000, 0x0000, 0x0000, 0x0000, 0x0000, 0x0000,
    0x0000, 0x0000, 0x0000, 0x0000, 0x0000, 0x0000, 0x0000, 0x0000, 0x0020, 0x0000, 0x0000, 0x0000,
    0x0000, 0x0000, 0x0020, 0x0000, 0x0000, 0x0821, 0x0841, 0x0000, 0x0000, 0x0000, 0x0000, 0x0000,
    0x0000, 0x0000, 0x0000, 0x0000, 0x0000, 0x0000, 0x0000, 0x0000, 0x0000, 0x0000, 0x0000, 0x0000,
    0x0000, 0x0000, 0x0000, 0x0000, 0x0000, 0x0000, 0x31A6, 0x528A, 0x0000, 0x0000, 0x0000, 0x0000,
    0x0000, 0x0000, 0x0000, 0x0000, 0x0000, 0x0000, 0x0000, 0x0000, 0x0000, 0x0000, 0x18A3, 0x18C3,
    0x20E4, 0x3166, 0x2945, 0x6B2C, 0x0820, 0x2104, 0x2965, 0x0000, 0x0821, 0x0000, 0x0000, 0x0861,
    0x2104, 0x4A49, 0x0841, 0x31A6, 0x3186, 0x0000, 0x10A2, 0x2965, 0x0000, 0x0000, 0x0000, 0x1082,
    0x0020, 0x0841, 0x18C3, 0x0000, 0x0000, 0x0821, 0x3186, 0x0821, 0x0000, 0x0000, 0x0000, 0x0020,
    0x0020, 0x0000, 0x0000, 0x0000, 0x1062, 0x0861, 0x0000, 0x2104, 0x0000, 0x18A3, 0x0000, 0x0000,
    0x0000, 0x1062, 0x0000, 0x0000, 0x0000, 0x0000, 0x0000, 0x0000, 0x0000, 0x0000, 0x0000, 0x0000,
    0x0000, 0x0000, 0x0000, 0x0000, 0x0000, 0x0000, 0x0000, 0x0000, 0x0001, 0x0043, 0x0000, 0x0000,
    0x0000, 0x0000, 0x0000, 0x0000, 0x0064, 0x0064, 0x0043, 0x0064, 0x00C7, 0x0109, 0x00E9, 0x00A6,
    0x0000, 0x0000, 0x0000, 0x0000, 0x0020, 0x0861, 0x10A2, 0x39C7, 0x2124, 0x0000, 0x0000, 0x0000,
    0x0000, 0x0000, 0x0000, 0x0000, 0x0000, 0x0000, 0x0000, 0x0000, 0x0000, 0x0000, 0x0000, 0x0000,
    0x0000, 0x0000, 0x0000, 0x0000, 0x0000, 0x0000, 0x0000, 0x0000, 0x0000, 0x0000, 0x0000, 0x0000,
    0x0000, 0x0000, 0x0000, 0x0000, 0x0000, 0x0000, 0x0000, 0x0000, 0x0000, 0x0000, 0x0000, 0x0000,
    0x0000, 0x0000, 0x0000, 0x0000, 0x0000, 0x0000, 0x0000, 0x0000, 0x0000, 0x0000, 0x0000, 0x0000,
    0x0000, 0x0000, 0x0841, 0x1062, 0x0000, 0x0000, 0x0000, 0x0000, 0x0000, 0x0000, 0x0000, 0x0000,
    0x0000, 0x0000, 0x0000, 0x0000, 0x0000, 0x0000, 0x0000, 0x0020, 0x0821, 0x39C7, 0x630C, 0x0000,
    0x0020, 0x0000, 0x0000, 0x0000, 0x0000, 0x0000, 0x0000, 0x0000, 0x0000, 0x0000, 0x18A3, 0x0000,
    0x0000, 0x0000, 0x0000, 0x0000, 0x0000, 0x0000, 0x0000, 0x0000, 0x0000, 0x0020, 0x0000, 0x5ACB,
    0x2124, 0x0000, 0x0841, 0x0841, 0x2945, 0x1062, 0x0000, 0x0000, 0x1082, 0x5ACB, 0x18A3, 0x0000,
    0x0000, 0x0000, 0x08A1, 0x0061, 0x0000, 0x0061, 0x0020, 0x5AEB, 0x0081, 0x0041, 0x0841, 0x0000,
    0x0000, 0x0000, 0x0000, 0x0000, 0x18A3, 0x1082, 0x10A2, 0x39C7, 0x0000, 0x0000, 0x0841, 0x18C3,
    0x0861, 0x0821, 0x0000, 0x0841, 0x0020, 0x0000, 0x0000, 0x0000, 0x0000, 0x0841, 0x3186, 0x2104,
    0x0000, 0x0841, 0x0841, 0x10A2, 0x0861, 0x18A3, 0x0000, 0x0000, 0x0000, 0x0000, 0x1082, 0x2124,
    0x0000, 0x0000, 0x0000, 0x0000, 0x0000, 0x0000, 0x0000, 0x0000, 0x0000, 0x0000, 0x0000, 0x0000,
    0x0000, 0x0000, 0x0000, 0x0000, 0x0000, 0x0000, 0x0021, 0x0000, 0x0000, 0x0021, 0x0021, 0x0043,
    0x0000, 0x0001, 0x0021, 0x0000, 0x0085, 0x0085, 0x0063, 0x0022, 0x00A6, 0x00E9, 0x00C8, 0x00C7,
    0x012B, 0x00C8, 0x00C7, 0x0064, 0x0000, 0x0000, 0x0000, 0x0000, 0x0000, 0x18A3, 0x18E3, 0x73AE,
    0x3186, 0x0000, 0x0000, 0x0000, 0x0000, 0x0000, 0x0000, 0x0000, 0x0000, 0x0000, 0x0000, 0x0000,
    0x0000, 0x0000, 0x0000, 0x0000, 0x0000, 0x0000, 0x0000, 0x0000, 0x0000, 0x0000, 0x0000, 0x0000,
    0x0000, 0x0000, 0x0000, 0x0000, 0x0000, 0x0000, 0x0000, 0x0000, 0x0000, 0x0000, 0x0000, 0x0000,
    0x0000, 0x0000, 0x0000, 0x0000, 0x0000, 0x0000, 0x0000, 0x0000, 0x0000, 0x0000, 0x0000, 0x0000,
    0x0000, 0x0000, 0x0000, 0x0000, 0x1082, 0x4228, 0x39A7, 0x3186, 0x0000, 0x0000, 0x0000, 0x0000,
    0x0000, 0x6B4D, 0x1082, 0x0841, 0x94B2, 0x0841, 0x18E3, 0x9431, 0xCDB7, 0xC638, 0x632C, 0x0000,
    0x10A2, 0x0020, 0x0841, 0x0000, 0x0000, 0x0000, 0x0000, 0x0000, 0x0000, 0x0000, 0x0000, 0x0000,
    0x2965, 0x41E8, 0x4A49, 0x39C7, 0x0821, 0x2104, 0x4A49, 0x0821, 0x0000, 0x0000, 0x0000, 0x0000,
    0x0000, 0x0000, 0x0861, 0x0821, 0x4A49, 0x0000, 0x18A3, 0x39C7, 0x0000, 0x2104, 0x2124, 0x0000,
    0x0020, 0x1062, 0x08A2, 0x0000, 0x1001, 0x3824, 0x5806, 0x7029, 0x8049, 0x8029, 0x7869, 0xACF4,
    0x60E8, 0x2002, 0x0000, 0x08C2, 0x0020, 0x5AAB, 0x1062, 0x0000, 0x0861, 0x0000, 0x39E7, 0x0841,
    0x0000, 0x0000, 0x0000, 0x0000, 0x20E4, 0x18C3, 0x0000, 0x0000, 0x0000, 0x0841, 0x10A2, 0x10A2,
    0x18C3, 0x0861, 0x2104, 0x0000, 0x0000, 0x3186, 0x3186, 0x0000, 0x0000, 0x39C7, 0x0821, 0x18C3,
    0x0000, 0x0000, 0x10A2, 0x18C3, 0x0000, 0x0000, 0x0000, 0x0000, 0x0000, 0x0000, 0x0000, 0x0000,
    0x0000, 0x0000, 0x0000, 0x0000, 0x0000, 0x0000, 0x0000, 0x0000, 0x0021, 0x0022, 0x0022, 0x0022,
    0x0021, 0x0043, 0x0064, 0x0022, 0x0064, 0x0022, 0x0064, 0x0043, 0x0043, 0x0022, 0x0085, 0x00C8,
    0x010A, 0x00C8, 0x00E9, 0x0043, 0x010A, 0x016E, 0x00C8, 0x016D, 0x0000, 0x0000, 0x0000, 0x0841,
    0x0000, 0x0841, 0x10A2, 0x18C3, 0x10A2, 0x0000, 0x0000, 0x0000, 0x0000, 0x0000, 0x0000, 0x0000,
    0x0000, 0x0000, 0x0000, 0x0000, 0x0000, 0x0000, 0x0000, 0x0000, 0x0000, 0x0000, 0x0000, 0x0000,
    0x0000, 0x0000, 0x0000, 0x0000, 0x0000, 0x0000, 0x0000, 0x0000, 0x0000, 0x0000, 0x0000, 0x0000,
    0x0000, 0x0000, 0x0000, 0x0000, 0x0000, 0x0000, 0x0000, 0x0000, 0x0000, 0x0000, 0x0000, 0x0000,
    0x0000, 0x0000, 0x0000, 0x0000, 0x0000, 0x0000, 0x0000, 0x0841, 0x8410, 0x5AAB, 0x0861, 0x0000,
    0x0000, 0x0000, 0x0000, 0x0000, 0x0000, 0x2945, 0x0821, 0x0841, 0x73AE, 0x18C2, 0x7BF4, 0xD355,
    0xFF7D, 0xFFDF, 0xFFFF, 0x5AAB, 0x0000, 0x0020, 0x0000, 0x0000, 0x0020, 0x0000, 0x0020, 0x0020,
    0x0020, 0x0020, 0x0020, 0x0020, 0x18A3, 0x2945, 0x1082, 0x2965, 0x2965, 0x18C3, 0x39C7, 0x3166,
    0x2965, 0x0020, 0x3166, 0x18A3, 0x0020, 0x0821, 0x3186, 0x0000, 0x31A6, 0x39C7, 0x0000, 0x0861,
    0x0861, 0x0020, 0x0821, 0x0000, 0x0000, 0x0000, 0x2802, 0x7849, 0xA86C, 0xB86B, 0xC049, 0xC847,
    0xC846, 0xC805, 0xB9AA, 0xB411, 0xB808, 0xB88C, 0x984B, 0x68A8, 0x1001, 0x29A5, 0x1062, 0x0000,
    0x0000, 0x39E7, 0x1082, 0x1082, 0x18E3, 0x1062, 0x0020, 0x18A3, 0x0000, 0x0000, 0x0000, 0x10A2,
    0x4A49, 0x52AA, 0x18E3, 0x0821, 0x0000, 0x0000, 0x0000, 0x0000, 0x0000, 0x0000, 0x0000, 0x0000,
    0x0000, 0x0000, 0x0000, 0x1082, 0x0000, 0x0000, 0x0000, 0x0000, 0x0000, 0x0000, 0x0000, 0x0000,
    0x0000, 0x0000, 0x0000, 0x0000, 0x0000, 0x0000, 0x0000, 0x0000, 0x0021, 0x0000, 0x0000, 0x0021,
    0x0000, 0x0021, 0x0042, 0x0064, 0x0085, 0x0043, 0x0022, 0x0064, 0x0064, 0x00A7, 0x00E8, 0x00E9,
    0x0085, 0x00A6, 0x00E8, 0x0109, 0x010A, 0x014C, 0x00A7, 0x012B, 0x018E, 0x018E, 0x018E, 0x018E,
    0x0000, 0x0000, 0x0000, 0x6B4D, 0x2104, 0x0000, 0x0000, 0x0000, 0x0000, 0x0000, 0x0000, 0x0000,
    0x0000, 0x0000, 0x0000, 0x0000, 0x0000, 0x0000, 0x0000, 0x0000, 0x0000, 0x0000, 0x0000, 0x0000,
    0x0000, 0x0000, 0x0000, 0x0000, 0x0000, 0x0000, 0x0000, 0x0000, 0x0000, 0x0000, 0x0000, 0x0000,
    0x0000, 0x0861, 0x2104, 0x0000, 0x0000, 0x0000, 0x0000, 0x0841, 0x0000, 0x0000, 0x0000, 0x0000,
    0x0000, 0x0000, 0x0000, 0x0000, 0x0000, 0x0000, 0x0000, 0x0000, 0x0000, 0x52AA, 0x18C3, 0x0000,
    0x0000, 0x1082, 0x0841, 0x0861, 0x0020, 0x0000, 0x0020, 0x0020, 0x0020, 0x0841, 0x0821, 0x0000,
    0x0000, 0x39C6, 0x7C59, 0x98AD, 0xBA70, 0xEDD9, 0xFD16, 0xE556, 0x10E3, 0x0000, 0x0841, 0x0000,
    0x0000, 0x0000, 0x0000, 0x0000, 0x0000, 0x0000, 0x0000, 0x0000, 0x0000, 0x0000, 0x0000, 0x0000,
    0x0000, 0x0000, 0x0000, 0x0000, 0x0000, 0x0000, 0x0000, 0x0000, 0x0000, 0x0000, 0x0000, 0x0000,
    0x0000, 0x6B6D, 0x73AE, 0x0000, 0x0000, 0x0000, 0x0000, 0x0000, 0x1802, 0x884A, 0xB86C, 0xC048,
    0xC823, 0xD800, 0xE000, 0xE800, 0xE820, 0xE800, 0xC38D, 0xCB4D, 0xE000, 0xD022, 0xC025, 0xB84A,
    0xA86C, 0x4805, 0x0000, 0x0000, 0x39A6, 0x5AEB, 0x0000, 0x1082, 0x0861, 0x1082, 0x0000, 0x1062,
    0x0000, 0x1062, 0x630C, 0x4A49, 0x18C3, 0x0000, 0x0000, 0x0000, 0x0000, 0x0000, 0x0000, 0x0000,
    0x0000, 0x0000, 0x0000, 0x1082, 0x1082, 0x0000, 0x0000, 0x0000, 0x0000, 0x0000, 0x0000, 0x0000,
    0x0000, 0x0000, 0x0000, 0x0000, 0x0000, 0x0000, 0x0000, 0x0000, 0x0000, 0x0000, 0x0000, 0x0000,
    0x0021, 0x0021, 0x0021, 0x0022, 0x00A6, 0x00A6, 0x0064, 0x0022, 0x0042, 0x00E8, 0x00C7, 0x0043,
    0x00A6, 0x0085, 0x0064, 0x014C, 0x01AF, 0x012B, 0x012B, 0x012B, 0x018E, 0x018E, 0x016D, 0x01B0,
    0x01F1, 0x01D0, 0x01F2, 0x0213, 0x0000, 0x0000, 0x0000, 0x0000, 0x0000, 0x0000, 0x0000, 0x0000,
    0x0000, 0x0000, 0x0000, 0x0000, 0x0000, 0x0000, 0x0000, 0x0000, 0x0000, 0x0000, 0x0000, 0x0000,
    0x0000, 0x0000, 0x0000, 0x0000, 0x0000, 0x0000, 0x0000, 0x0000, 0x0000, 0x0000, 0x0000, 0x0000,
    0x0000, 0x0000, 0x0000, 0x0000, 0x0000, 0x0000, 0x0000, 0x0000, 0x0000, 0x0000, 0x0841, 0x20E4,
    0x18A3, 0x0821, 0x0000, 0x0000, 0x18E3, 0x0000, 0x0000, 0x0821, 0x18C3, 0x20E4, 0x0020, 0x0821,
    0x0020, 0x18A3, 0x0841, 0x0020, 0x1082, 0x0000, 0x20E4, 0x4228, 0x20E4, 0x39C7, 0x0000, 0x0000,
    0x0000, 0x0000, 0x0000, 0x2104, 0x20E4, 0x18C2, 0x8417, 0x18F2, 0x38F1, 0x814F, 0x7110, 0xAC33,
    0x2144, 0x2104, 0x8430, 0x738E, 0x4228, 0x52AA, 0x630C, 0x6B4D, 0x738E, 0x73AE, 0x7BCF, 0x8430,
    0x8C71, 0x9492, 0x9492, 0x94B2, 0x94B2, 0x94B2, 0x9CD3, 0x9CD3, 0xA534, 0xAD55, 0xA534, 0xA514,
    0x9D13, 0xAD75, 0xAD75, 0xAD55, 0xA534, 0x9D13, 0xE71C, 0x7BEF, 0x8430, 0x9CD2, 0x8471, 0x6969,
    0xB02C, 0xB848, 0xC821, 0xE800, 0xF020, 0xE821, 0xE821, 0xE821, 0xE821, 0xD801, 0xD6BA, 0xD229,
    0xF000, 0xE821, 0xE800, 0xD800, 0xB824, 0xC06C, 0x8829, 0x2083, 0xAD95, 0x18C3, 0x0000, 0x39A7,
    0x2124, 0x3186, 0x0020, 0x0000, 0x0821, 0x7BEF, 0x4208, 0x0000, 0x0000, 0x18A3, 0x18C3, 0x0000,
    0x0000, 0x18C3, 0x1062, 0x0821, 0x0000, 0x0000, 0x0000, 0x0000, 0x0000, 0x0000, 0x0000, 0x0000,
    0x0000, 0x0000, 0x0000, 0x0000, 0x0000, 0x0000, 0x0000, 0x0000, 0x0000, 0x0000, 0x0000, 0x0000,
    0x0000, 0x0022, 0x0022, 0x0021, 0x0063, 0x0085, 0x0084, 0x0085, 0x0109, 0x0064, 0x00E8, 0x00A6,
    0x0086, 0x00E9, 0x014D, 0x00E8, 0x016D, 0x012B, 0x014C, 0x014C, 0x00E9, 0x016D, 0x01AF, 0x01D0,
    0x01B0, 0x01AF, 0x01B0, 0x01F1, 0x0234, 0x0212, 0x0255, 0x0212, 0x0000, 0x0000, 0x0000, 0x0000,
    0x0000, 0x0000, 0x0000, 0x2965, 0x0841, 0x0000, 0x0000, 0x0000, 0x0000, 0x0000, 0x0000, 0x0000,
    0x0000, 0x0841, 0x0000, 0x0000, 0x0000, 0x0000, 0x0000, 0x0000, 0x0000, 0x0020, 0x1082, 0x0000,
    0x1062, 0x0861, 0x0020, 0x0000, 0x0000, 0x0000, 0x0000, 0x0000, 0x1062, 0x0861, 0x0000, 0x0000,
    0x0000, 0x18C3, 0x0000, 0x0000, 0x0841, 0x0020, 0x0020, 0x0020, 0x0020, 0x0020, 0x10A2, 0x4208,
    0x3186, 0x10A2, 0x0000, 0x0000, 0x0000, 0x0000, 0x0000, 0x0000, 0x0000, 0x0000, 0x0000, 0x18A3,
    0x2965, 0x528A, 0x39C7, 0x4A69, 0x62EC, 0x6B4D, 0x8410, 0xB5D6, 0x8430, 0x94B2, 0xD6BC, 0xBDDC,
    0xC65D, 0xC69E, 0xD71F, 0xFFFF, 0xFFFF, 0xFFFF, 0xF7DE, 0xF7BE, 0xE75C, 0xE71C, 0xCE59, 0xBDD7,
    0xA534, 0x9CD3, 0x8410, 0x73AE, 0x738E, 0x62EC, 0x52AA, 0x52AA, 0x528A, 0x4A69, 0x4A69, 0x4A49,
    0x4A49, 0x4228, 0x528A, 0xEF7D, 0xC638, 0x4208, 0x39C7, 0x39C7, 0x4208, 0x39E7, 0x2945, 0xC638,
    0x7BAE, 0x39E7, 0x9A2E, 0xC08D, 0xB824, 0xE000, 0xF021, 0xE821, 0xE821, 0xE821, 0xE821, 0xE841,
    0xE820, 0xD8E4, 0xC596, 0xD861, 0xE821, 0xE821, 0xE821, 0xE821, 0xF020, 0xD000, 0xA827, 0xC516,
    0x5269, 0x0000, 0x18C3, 0x0000, 0x0000, 0x3186, 0x2104, 0x0000, 0x94B2, 0x5ACB, 0x0000, 0x0020,
    0x1082, 0x39C7, 0x18A3, 0x0020, 0x0000, 0x0841, 0x39C7, 0x1062, 0x0000, 0x0000, 0x0000, 0x0000,
    0x0000, 0x0000, 0x0000, 0x0000, 0x0000, 0x0000, 0x0000, 0x0000, 0x0000, 0x0000, 0x0000, 0x0000,
    0x0000, 0x0000, 0x0001, 0x0000, 0x0000, 0x0021, 0x0084, 0x0064, 0x00A5, 0x00A6, 0x00A6, 0x0109,
    0x00E8, 0x00E8, 0x00E9, 0x014C, 0x014C, 0x014D, 0x01D0, 0x00E8, 0x014D, 0x016D, 0x01B0, 0x01D0,
    0x01F1, 0x01B0, 0x0212, 0x01F2, 0x0255, 0x01F2, 0x0255, 0x0234, 0x0255, 0x0213, 0x0277, 0x0276,
    0x0000, 0x0000, 0x0000, 0x0000, 0x0000, 0x0000, 0x0000, 0x3166, 0x18A3, 0x18A3, 0x0000, 0x0000,
    0x0000, 0x0000, 0x0000, 0x0000, 0x0000, 0x1062, 0x0000, 0x0000, 0x0000, 0x0000, 0x0000, 0x0841,
    0x10A2, 0x6B6D, 0x39C7, 0x0000, 0x0000, 0x0821, 0x2945, 0x0841, 0x0000, 0x0000, 0x0000, 0x0020,
    0x39E7, 0x1082, 0x0000, 0x0000, 0x0000, 0x2104, 0x0000, 0x0000, 0x0000, 0x0000, 0x0000, 0x0841,
    0x0000, 0x0020, 0x18A3, 0x2104, 0x18E3, 0x2124, 0x39C7, 0x4A49, 0x632C, 0x7BCF, 0x9492, 0xA554,
    0xBDF7, 0xDEDB, 0xEF5D, 0xF7DE, 0xFFFF, 0xFFFF, 0xFFFF, 0xFFFF, 0xEF5D, 0xDEFB, 0xD6BA, 0xDEDB,
    0xF7BE, 0xFFFF, 0xFFFF, 0xF79D, 0xD699, 0xB595, 0x9471, 0x6B6D, 0x528A, 0x39C7, 0x2945, 0x2104,
    0x2124, 0x18C3, 0x0000, 0x0841, 0x0000, 0x0000, 0x0000, 0x0000, 0x0000, 0x0000, 0x0000, 0x0000,
    0x0000, 0x0000, 0x0000, 0x0000, 0x0000, 0x0000, 0x18C3, 0xFFFF, 0xDEFB, 0x0000, 0x632C, 0xB596,
    0x0000, 0x0000, 0x0000, 0x20E4, 0xB637, 0x6108, 0xB009, 0xC043, 0xE800, 0xE821, 0xF021, 0xE821,
    0xE821, 0xE821, 0xF001, 0xE801, 0xF000, 0xD0A4, 0xC555, 0xE000, 0xF021, 0xE821, 0xE821, 0xE821,
    0xE801, 0xE020, 0xB4F2, 0xAAAD, 0x9809, 0x2083, 0x528A, 0x0000, 0x0861, 0x39C7, 0x18C3, 0x2945,
    0x9492, 0x0000, 0x0000, 0x0000, 0x0841, 0x0841, 0x18E3, 0x18A3, 0x0000, 0x0000, 0x0000, 0x0000,
    0x0000, 0x0000, 0x0000, 0x0000, 0x0000, 0x0000, 0x0000, 0x0000, 0x0000, 0x0000, 0x0000, 0x0000,
    0x0000, 0x0000, 0x0000, 0x0000, 0x0021, 0x0000, 0x0000, 0x0063, 0x0022, 0x0064, 0x0085, 0x00A6,
    0x0044, 0x0046, 0x0067, 0x00EB, 0x00A9, 0x010A, 0x012B, 0x016D, 0x01F2, 0x014C, 0x016D, 0x01D0,
    0x01F2, 0x01D1, 0x01AF, 0x0255, 0x0213, 0x0234, 0x0213, 0x0276, 0x0234, 0x0213, 0x0276, 0x0255,
    0x0276, 0x0277, 0x0297, 0x0297, 0x0000, 0x0000, 0x0000, 0x0000, 0x0000, 0x0000, 0x0000, 0x0000,
    0x18E3, 0x0861, 0x10A2, 0x0000, 0x0000, 0x0000, 0x0000, 0x0000, 0x0000, 0x0000, 0x0000, 0x4208,
    0x1082, 0x0000, 0x0000, 0x0841, 0x2945, 0x632C, 0x0861, 0x3186, 0x18C3, 0x0020, 0x0841, 0x18C3,
    0x0000, 0x0000, 0x0000, 0x0000, 0x0000, 0x0000, 0x0000, 0x0000, 0x0841, 0x0861, 0x20E4, 0x2945,
    0x39E7, 0x4A69, 0x5AEB, 0x6B6D, 0x7BEF, 0x8C51, 0x9492, 0xA514, 0xBDF7, 0xDEDB, 0xF79E, 0xF7BE,
    0xF7BE, 0xF7DE, 0xFFFF, 0xFFFF, 0xE73C, 0xC618, 0xA514, 0x8430, 0x52AA, 0x31A6, 0x2104, 0x2965,
    0x4208, 0x630C, 0x738E, 0x7BCF, 0x6B2D, 0x4A49, 0x2925, 0x0841, 0x0000, 0x0000, 0x0000, 0x0000,
    0x0000, 0x18E3, 0x0000, 0x1082, 0x0861, 0x0000, 0x3186, 0x1082, 0x0020, 0x18C3, 0x2945, 0x4A69,
    0x5AEB, 0x4208, 0x2965, 0x39C7, 0x528A, 0x4A69, 0x39A7, 0x2124, 0x2124, 0x0000, 0x0000, 0x4A49,
    0x2945, 0x0821, 0x4228, 0x6B2D, 0x2965, 0x4208, 0x0020, 0x0000, 0x4967, 0xBD37, 0x99E7, 0xE800,
    0xE821, 0xE021, 0xB001, 0xE821, 0xE801, 0xE001, 0xD0A1, 0xCA41, 0xCB00, 0xC3EB, 0xDEDA, 0xB940,
    0xD801, 0xE801, 0xE821, 0xE821, 0xD862, 0xB492, 0xC28A, 0xD800, 0xB869, 0x904A, 0x0000, 0x0820,
    0x2924, 0x10A2, 0x20E4, 0xBE17, 0x20E4, 0x0000, 0x0000, 0x2945, 0x0841, 0x0000, 0x0000, 0x0000,
    0x0000, 0x0000, 0x0000, 0x0000, 0x0000, 0x0000, 0x0000, 0x0000, 0x0000, 0x0000, 0x0000, 0x0000,
    0x0000, 0x0000, 0x0000, 0x0000, 0x0000, 0x0000, 0x0000, 0x0000, 0x0021, 0x0021, 0x0042, 0x0063,
    0x0084, 0x0109, 0x012A, 0x0087, 0x1949, 0x5B2F, 0x8CB6, 0x9D36, 0x6391, 0x08C7, 0x014D, 0x01D0,
    0x0212, 0x0213, 0x01F2, 0x0233, 0x0255, 0x0213, 0x0255, 0x0235, 0x0234, 0x0255, 0x0276, 0x0277,
    0x0255, 0x0276, 0x0297, 0x0297, 0x0297, 0x0297, 0x0297, 0x0297, 0x0000, 0x0000, 0x0000, 0x0000,
    0x0000, 0x1082, 0x1082, 0x0841, 0x0000, 0x0000, 0x0020, 0x0000, 0x0000, 0x0000, 0x0000, 0x18C3,
    0x0000, 0x0000, 0x0000, 0x2104, 0x0841, 0x0000, 0x0000, 0x0000, 0x0000, 0x0000, 0x0000, 0x39C7,
    0x1082, 0x0000, 0x0000, 0x0000, 0x0020, 0x18A3, 0x2965, 0x39E7, 0x4A49, 0x528A, 0x5ACB, 0x632C,
    0x738E, 0x8410, 0x8410, 0x8430, 0x8C51, 0x8C71, 0x9492, 0x94B2, 0x9CF3, 0xA534, 0xB5B6, 0xC618,
    0xBDD7, 0x9CD3, 0x8430, 0x8430, 0x9492, 0x8C71, 0x630C, 0x3186, 0x0841, 0x0861, 0x0000, 0x0000,
    0x1082, 0x4A49, 0x632C, 0x6B4D, 0x52AA, 0x31A6, 0x18C3, 0x0000, 0x0000, 0x0000, 0x0000, 0x0000,
    0x0000, 0x18C3, 0x1062, 0x0020, 0x0000, 0x0821, 0x0000, 0x0020, 0x1082, 0x0000, 0x0000, 0x0000,
    0x0000, 0x0000, 0x0000, 0x0000, 0x20E4, 0x2945, 0x39E7, 0x3186, 0x31A6, 0x39C7, 0x4A69, 0x5AEB,
    0xB596, 0xB5B6, 0x630C, 0x0841, 0x0000, 0x0000, 0x0000, 0x0000, 0x4A49, 0x6B6D, 0x0000, 0x1021,
    0xA02B, 0xA8A5, 0xB4B1, 0xBBAF, 0xF000, 0xE821, 0xA021, 0xF821, 0xD1A1, 0xCCE0, 0xDF00, 0xC680,
    0xDF21, 0xE79C, 0xDEF4, 0xDF00, 0xDE41, 0xCB41, 0xD821, 0xD800, 0xC618, 0xC34D, 0xE800, 0xF042,
    0xD020, 0xB88C, 0x6867, 0x0000, 0x0000, 0x3186, 0xDEFB, 0x73AE, 0x0000, 0x0000, 0x0000, 0x0821,
    0x0000, 0x0000, 0x0000, 0x0000, 0x0000, 0x0000, 0x0000, 0x0000, 0x0000, 0x0000, 0x0000, 0x0000,
    0x0000, 0x0000, 0x0000, 0x0000, 0x0000, 0x0000, 0x0000, 0x0000, 0x0001, 0x0000, 0x0000, 0x0000,
    0x0002, 0x0003, 0x0003, 0x0002, 0x0025, 0x0068, 0x00AA, 0x31C9, 0x6B4D, 0x8410, 0x8C30, 0xD6BA,
    0xFFFF, 0xC617, 0x3291, 0x01B2, 0x01D2, 0x0215, 0x0234, 0x0214, 0x0256, 0x0255, 0x0297, 0x0276,
    0x0276, 0x0297, 0x0297, 0x0297, 0x0297, 0x0297, 0x0297, 0x0297, 0x0297, 0x0297, 0x0297, 0x0297,
    0x0000, 0x0000, 0x0000, 0x0000, 0x0000, 0x0000, 0x41E8, 0x2965, 0x0020, 0x0000, 0x0000, 0x0000,
    0x0000, 0x0000, 0x0000, 0x0020, 0x0000, 0x0000, 0x0000, 0x0000, 0x1082, 0x0000, 0x0000, 0x0000,
    0x0000, 0x0000, 0x0020, 0x1082, 0x39C7, 0x5AEB, 0x738E, 0x7BEF, 0x7BCF, 0x738E, 0x6B6D, 0x6B6D,
    0x738E, 0x7BCF, 0x73AE, 0x630C, 0x4A69, 0x4A29, 0x4A69, 0x5ACB, 0x632C, 0x7BCF, 0x8410, 0x8C51,
    0x8C71, 0x7BCF, 0x630C, 0x2945, 0x2104, 0x528A, 0x5AEB, 0x4A69, 0x2124, 0x0000, 0x0000, 0x0000,
    0x0000, 0x0821, 0x4208, 0x8C51, 0x8410, 0x52AA, 0x2104, 0x0000, 0x0000, 0x0000, 0x0000, 0x0000,
    0x0020, 0x0000, 0x0000, 0x0000, 0x18A3, 0x3186, 0x0821, 0x0000, 0x2965, 0x18A3, 0x0000, 0x0000,
    0x0821, 0x0000, 0x0000, 0x0000, 0x0000, 0x0000, 0x0000, 0x0000, 0x0000, 0x0000, 0x0000, 0x0000,
    0x0000, 0x0000, 0x0000, 0x18C3, 0x31A6, 0x3186, 0x7BCF, 0xB596, 0xA534, 0x738E, 0x39C7, 0x0000,
    0x0000, 0x0000, 0x0000, 0x7028, 0xC06A, 0xF000, 0xC8C4, 0xAEB9, 0x7A08, 0x9000, 0x9000, 0x7160,
    0xA5E0, 0xEFE0, 0xFFE0, 0xFF80, 0xD643, 0xF79F, 0xD68F, 0xEF20, 0xD681, 0xE780, 0xCD40, 0xBC12,
    0xC3AF, 0xE800, 0xF021, 0xE800, 0xF000, 0xC000, 0xA00A, 0x28A3, 0x73CF, 0xE73C, 0x4A49, 0x0000,
    0x0020, 0x0000, 0x0000, 0x0000, 0x0000, 0x0000, 0x0000, 0x0000, 0x0000, 0x0000, 0x0000, 0x0000,
    0x0000, 0x0000, 0x0000, 0x0000, 0x0000, 0x0000, 0x0000, 0x0000, 0x0000, 0x0000, 0x0000, 0x0000,
    0x0001, 0x0842, 0x0862, 0x18E3, 0x31A8, 0x4209, 0x428D, 0x52EE, 0x6BD1, 0x7414, 0x9538, 0xF7BE,
    0xFFFF, 0xFFFF, 0xF7BE, 0xEF9E, 0xDF1C, 0xFFFF, 0xBE19, 0x2A71, 0x3B35, 0x3358, 0x2B18, 0x2318,
    0x0A76, 0x0256, 0x0256, 0x0277, 0x0277, 0x0277, 0x0297, 0x0297, 0x0297, 0x0297, 0x0297, 0x0297,
    0x0297, 0x0297, 0x0297, 0x0297, 0x0000, 0x0000, 0x0000, 0x0000, 0x2124, 0x4228, 0x1082, 0x2945,
    0x1082, 0x0841, 0x0000, 0x1082, 0x0861, 0x0000, 0x2124, 0x18C3, 0x0000, 0x0000, 0x0000, 0x0000,
    0x0821, 0x0821, 0x2124, 0x4A69, 0x73AE, 0x9492, 0x9CD3, 0x9492, 0x738E, 0x52AA, 0x4228, 0x4208,
    0x4A69, 0x5AEB, 0x632C, 0x5AEB, 0x4208, 0x2104, 0x18C3, 0x3186, 0x52AA, 0x5AEB, 0x630C, 0x6B6D,
    0x73AE, 0x738E, 0x5AAB, 0x31A6, 0x10A2, 0x0000, 0x0000, 0x52AA, 0x9D13, 0x5AAB, 0x1082, 0x0000,
    0x0000, 0x0000, 0x0020, 0x0020, 0x0821, 0x7BCF, 0x8C51, 0x2945, 0x0000, 0x0000, 0x0000, 0x0000,
    0x0020, 0x0000, 0x0000, 0x0000, 0x0000, 0x0841, 0x1082, 0x0000, 0x0020, 0x0020, 0x0000, 0x0000,
    0x2104, 0x0861, 0x0000, 0x0000, 0x0000, 0x0000, 0x0000, 0x0000, 0x0000, 0x0000, 0x0000, 0x0000,
    0x0000, 0x0000, 0x0000, 0x0000, 0x0000, 0x0821, 0x0020, 0x738E, 0xBDF7, 0x0000, 0x0000, 0x0821,
    0x39C7, 0x630C, 0x94B2, 0x94D2, 0x6B2D, 0x4208, 0x28E4, 0xA8CD, 0xA022, 0x7820, 0x5001, 0x6843,
    0x8886, 0x9826, 0x9826, 0x9846, 0x7824, 0x5102, 0x7400, 0xD6A3, 0xDED7, 0xF7BF, 0xD687, 0xD680,
    0xDEA0, 0xCE24, 0xDEF7, 0xC6B4, 0xC120, 0xE800, 0xD021, 0xD125, 0xD28A, 0xD3CF, 0xCDB7, 0xD6BA,
    0x94B2, 0x18E3, 0x0000, 0x0000, 0x0000, 0x0000, 0x0000, 0x0000, 0x0000, 0x0000, 0x0000, 0x0000,
    0x0000, 0x0000, 0x0000, 0x0000, 0x0000, 0x0000, 0x0000, 0x0000, 0x0000, 0x0000, 0x0000, 0x0000,
    0x0000, 0x0000, 0x0000, 0x0000, 0x0020, 0x2945, 0x630E, 0x5ACD, 0x4AEC, 0x5B4D, 0xA514, 0x7BCF,
    0x6B4D, 0x7BCE, 0x7BAD, 0x9491, 0x738D, 0x6B2C, 0x630C, 0x630C, 0x630C, 0x5AEB, 0x736D, 0xCE37,
    0x632C, 0x5AEC, 0x6B2D, 0x73AF, 0xBDF9, 0xBDF9, 0xA558, 0x6C16, 0x53B6, 0x3B15, 0x1254, 0x0255,
    0x0297, 0x0297, 0x0297, 0x0297, 0x0297, 0x0297, 0x0297, 0x0297, 0x0000, 0x0000, 0x0000, 0x0821,
    0x39C7, 0x4208, 0x0000, 0x0000, 0x0000, 0x0000, 0x1082, 0x2124, 0x18A3, 0x0000, 0x0841, 0x0000,
    0x0000, 0x18C3, 0x4208, 0x6B4D, 0x8C51, 0x9CD3, 0x8C71, 0x6B6D, 0x4208, 0x20E4, 0x0861, 0x1082,
    0x39C7, 0x5ACB, 0x6B4D, 0x6B6D, 0x528A, 0x2124, 0x0000, 0x0000, 0x2124, 0x5AEB, 0x7BCF, 0x630C,
    0x5AAB, 0x632C, 0x73AE, 0x630C, 0x31A6, 0x1082, 0x0000, 0x0000, 0x0000, 0x0000, 0x9492, 0x9CF3,
    0x1082, 0x0000, 0x0000, 0x0821, 0x18C3, 0x0020, 0x0000, 0x0000, 0x630C, 0x630C, 0x0000, 0x0000,
    0x2104, 0x0000, 0x39E7, 0x0821, 0x0000, 0x0000, 0x0000, 0x0000, 0x0000, 0x0020, 0x0841, 0x0000,
    0x0000, 0x0000, 0x0000, 0x0000, 0x0841, 0x18C3, 0x1082, 0x0000, 0x0000, 0x0000, 0x0000, 0x0000,
    0x0000, 0x0000, 0x0000, 0x0000, 0x0000, 0x0000, 0x0000, 0x0000, 0x0000, 0x0000, 0x0000, 0x0000,
    0x0020, 0x0000, 0x0820, 0x0000, 0x0000, 0x0000, 0x0000, 0x3186, 0x8410, 0xAD55, 0xC5F8, 0x530B,
    0x4002, 0xA047, 0xD008, 0xB807, 0x9806, 0x8805, 0x8005, 0x8805, 0xA807, 0xD808, 0x9005, 0x3124,
    0xD6FB, 0xFFFF, 0xCE49, 0xEF20, 0xD666, 0xDF1E, 0xCE53, 0xEF40, 0xC562, 0xC492, 0xDF3C, 0xDFDE,
    0xE7DE, 0xDE59, 0xCCD3, 0x996C, 0x0000, 0x0000, 0x1062, 0x39E7, 0x0000, 0x0000, 0x0000, 0x0000,
    0x0000, 0x0000, 0x0000, 0x0000, 0x0000, 0x0000, 0x0000, 0x0000, 0x0000, 0x0000, 0x0000, 0x0000,
    0x0000, 0x0001, 0x0000, 0x0000, 0x0000, 0x0020, 0x0020, 0x0021, 0x0003, 0x0002, 0x4206, 0x83E7,
    0x9180, 0x8860, 0x62C9, 0xBDF7, 0x3165, 0x0000, 0x0001, 0x2988, 0x1906, 0x0001, 0x08A4, 0x2987,
    0x0001, 0x0001, 0x29CA, 0x4399, 0x3946, 0x50E2, 0x6BAE, 0x1082, 0xD6B9, 0xFFFF, 0x6C37, 0x0A56,
    0x12B7, 0x12B6, 0x0A76, 0x0276, 0x0297, 0x0297, 0x0297, 0x0297, 0x0297, 0x0297, 0x0297, 0x0297,
    0x0000, 0x0020, 0x0000, 0x4A69, 0xCE79, 0x0000, 0x0020, 0x0020, 0x0020, 0x0000, 0x0000, 0x0000,
    0x0000, 0x18E3, 0x4228, 0x73AE, 0x94B2, 0x94B2, 0x7BCF, 0x4A69, 0x18E3, 0x0000, 0x0000, 0x1062,
    0x41E8, 0x6B2D, 0x94B2, 0xB5B6, 0x630C, 0x3186, 0x2925, 0x0000, 0x0000, 0x2124, 0x6B4D, 0x9492,
    0x8C51, 0x41E8, 0x1082, 0x4A49, 0x7BEF, 0x5AEB, 0x20E4, 0x0000, 0x0000, 0x4A49, 0x2945, 0x0020,
    0x0000, 0x8C51, 0x9492, 0x0000, 0x0000, 0x0000, 0x0000, 0x18C3, 0x20E4, 0x0000, 0x0000, 0x0000,
    0x8C51, 0x0020, 0x0000, 0x1082, 0x39E7, 0x0000, 0x1062, 0x0000, 0x0000, 0x0000, 0x0000, 0x0000,
    0x0000, 0x0000, 0x0000, 0x0000, 0x0000, 0x0000, 0x0000, 0x0000, 0x0861, 0x39E7, 0x39C7, 0x0000,
    0x0000, 0x0000, 0x0020, 0x0000, 0x0000, 0x0000, 0x0000, 0x0000, 0x0000, 0x0000, 0x0000, 0x0000,
    0x0000, 0x0000, 0x0000, 0x0000, 0x0000, 0x0000, 0x0000, 0x0000, 0x0000, 0x0020, 0x0000, 0x0000,
    0x0000, 0x0000, 0x1021, 0x9005, 0xE008, 0x8805, 0x50E2, 0x62C0, 0x8C40, 0xAD40, 0xB580, 0xA520,
    0x7380, 0x48C2, 0xB807, 0xC006, 0x3125, 0xEF9D, 0xDED8, 0xC633, 0xE73E, 0xD66D, 0xE700, 0xD646,
    0xDF1C, 0xDF1C, 0xCB4D, 0xD186, 0xD0C3, 0xE000, 0xD000, 0xC02B, 0x4045, 0x0000, 0x2104, 0x2945,
    0x0000, 0x0000, 0x0000, 0x0000, 0x0000, 0x0000, 0x0000, 0x0000, 0x0000, 0x0000, 0x0000, 0x0000,
    0x0000, 0x0000, 0x0000, 0x0000, 0x0000, 0x0021, 0x0020, 0x0021, 0x0001, 0x0000, 0x0001, 0x0001,
    0x7BC2, 0xD661, 0xEF20, 0xE5E0, 0x92E4, 0x732B, 0x9CD2, 0xD6BC, 0x63D5, 0x0A13, 0x0A33, 0x0213,
    0x0A96, 0x0A97, 0x0A96, 0x12B7, 0x0A97, 0x0A97, 0x0A98, 0x0275, 0xD4A4, 0xE2A4, 0xD71C, 0xCE7A,
    0xA557, 0x5BF7, 0x0236, 0x0297, 0x0277, 0x0277, 0x0297, 0x0297, 0x0297, 0x0297, 0x0297, 0x0297,
    0x0297, 0x0297, 0x0297, 0x0297, 0x0000, 0x0000, 0x0000, 0x1062, 0x2124, 0x0000, 0x0000, 0x0000,
    0x0000, 0x10A2, 0x4A29, 0x7BEF, 0xA514, 0x9CF3, 0x8410, 0x4A69, 0x10A2, 0x0000, 0x0000, 0x0020,
    0x39E7, 0x73AE, 0x94B2, 0x8C71, 0x630C, 0x4208, 0x52AA, 0x6B4D, 0x0000, 0x0000, 0x0861, 0x52AA,
    0x9492, 0x8C71, 0x4A69, 0x10A2, 0x0000, 0x18E3, 0x8C51, 0x632C, 0x1082, 0x0000, 0x0000, 0x0000,
    0x0000, 0x0020, 0x0821, 0x0000, 0x4A49, 0xB596, 0x0000, 0x0020, 0x0000, 0x3186, 0x0861, 0x18C3,
    0x528A, 0x39A7, 0x0000, 0x0000, 0x4A69, 0x738E, 0x0000, 0x0000, 0x0000, 0x0020, 0x0000, 0x0000,
    0x0000, 0x0000, 0x0000, 0x0000, 0x0000, 0x0000, 0x0000, 0x0000, 0x0000, 0x0000, 0x0000, 0x0000,
    0x0000, 0x0000, 0x0000, 0x0000, 0x2945, 0x2965, 0x1082, 0x0000, 0x0000, 0x0000, 0x0000, 0x0000,
    0x0000, 0x0000, 0x0000, 0x0000, 0x0000, 0x0000, 0x0000, 0x0000, 0x0000, 0x0000, 0x2821, 0x4822,
    0x5023, 0x4822, 0x2021, 0x0020, 0x0020, 0x0821, 0xB826, 0xC008, 0x38A2, 0x8460, 0xE6E0, 0xFF80,
    0xFF80, 0xFF60, 0xFF60, 0xFF80, 0xFFA0, 0xDEC0, 0x39C0, 0xC008, 0x9003, 0x6BAE, 0xFFFF, 0xF7DF,
    0xBDED, 0xD660, 0xD670, 0xEF7F, 0xD6B2, 0xC5C0, 0xD000, 0xF000, 0xE800, 0xE822, 0xE820, 0xC048,
    0x7048, 0x0000, 0x0000, 0x0000, 0x0000, 0x0000, 0x0000, 0x0000, 0x0000, 0x0000, 0x0000, 0x0000,
    0x0000, 0x0000, 0x0000, 0x0000, 0x0000, 0x0020, 0x0020, 0x0041, 0x0021, 0x0001, 0x0001, 0x0002,
    0x0064, 0x39C3, 0x83E1, 0xDEA0, 0xF740, 0x9CA0, 0x4AA7, 0x08C5, 0x012C, 0x01F1, 0x2250, 0x01D1,
    0x01B1, 0x0254, 0x0212, 0x0276, 0x0297, 0x0297, 0x0297, 0x0297, 0x0297, 0x0297, 0x0219, 0x536B,
    0xFEC0, 0x638A, 0x0A38, 0x0A77, 0x0237, 0x0217, 0x0278, 0x0278, 0x0278, 0x0278, 0x0278, 0x0278,
    0x0278, 0x0278, 0x0278, 0x0278, 0x0278, 0x0277, 0x0297, 0x0297, 0x0020, 0x0000, 0x0000, 0x0000,
    0x0000, 0x0020, 0x31A6, 0x738E, 0xA534, 0xAD75, 0x94B2, 0x62EC, 0x2124, 0x0000, 0x0000, 0x0000,
    0x20E4, 0x632C, 0x9CD3, 0xA514, 0x8410, 0x4A49, 0x18A3, 0x0000, 0x0000, 0x0020, 0x0841, 0x0000,
    0x1082, 0x62EC, 0x9492, 0x6B6D, 0x2945, 0x0000, 0x0000, 0x0000, 0x4A49, 0x8C71, 0x2104, 0x0000,
    0x0000, 0x0020, 0x0000, 0x0000, 0x0000, 0x0000, 0x0000, 0x0000, 0xAD75, 0x39A7, 0x0000, 0x0020,
    0x0000, 0x2104, 0x18A3, 0x0020, 0x1062, 0x0020, 0x0000, 0x0000, 0x0000, 0x52AA, 0x9492, 0x4A49,
    0x0821, 0x0000, 0x0000, 0x0000, 0x0000, 0x0020, 0x0020, 0x0000, 0x0000, 0x0000, 0x0000, 0x0000,
    0x0000, 0x0000, 0x0000, 0x0000, 0x0000, 0x0000, 0x0000, 0x0000, 0x18E3, 0x2945, 0x0000, 0x0000,
    0x0000, 0x0000, 0x0000, 0x0000, 0x0000, 0x0000, 0x0000, 0x0000, 0x0000, 0x1021, 0x4022, 0x7044,
    0xA826, 0xC807, 0xD008, 0xC008, 0xB807, 0xC808, 0xD808, 0xC827, 0x5823, 0x9825, 0xC007, 0x3160,
    0xD660, 0xFFA0, 0xFF20, 0xFEE0, 0xFF20, 0xFF60, 0xFF00, 0xF6E0, 0xF6C0, 0xFF60, 0xDE60, 0x4082,
    0xE008, 0x48C4, 0xE77C, 0xFFFF, 0xC633, 0xD6B8, 0xEF9F, 0xD695, 0xDE81, 0xF7C0, 0xCA61, 0xE801,
    0xE841, 0xE821, 0xE800, 0xC825, 0x884A, 0x0000, 0x0000, 0x0000, 0x0000, 0x0000, 0x0000, 0x0000,
    0x0000, 0x0000, 0x0020, 0x0020, 0x0020, 0x0000, 0x0000, 0x0000, 0x0000, 0x0000, 0x0000, 0x0001,
    0x0001, 0x1080, 0x4A60, 0x9CC0, 0xDEA0, 0xFFE0, 0xFFE0, 0xBDC1, 0x1926, 0x0005, 0x008E, 0x00F0,
    0x00EE, 0x00EF, 0x0153, 0x01B5, 0x01F6, 0x01B5, 0x01F5, 0x0236, 0x0236, 0x0236, 0x0256, 0x0256,
    0x0255, 0x0256, 0x3B2E, 0xE721, 0xFFE0, 0x5BCB, 0x1275, 0x1AD3, 0x1AD3, 0x22F3, 0x1AD2, 0x1AF2,
    0x22F2, 0x22D2, 0x22D2, 0x22D2, 0x22D2, 0x1AD2, 0x1AB3, 0x1A93, 0x1294, 0x1295, 0x0255, 0x0236,
    0x0000, 0x0000, 0x18A3, 0x52AA, 0x94B2, 0xB5B6, 0xAD75, 0x7BCF, 0x39E7, 0x0841, 0x0000, 0x0000,
    0x0000, 0x2925, 0x6B6D, 0xA514, 0xA534, 0x73AE, 0x3186, 0x10A2, 0x0000, 0x0000, 0x0000, 0x0020,
    0x0020, 0x0000, 0x1082, 0x5ACB, 0x7BEF, 0x52AA, 0x0861, 0x0000, 0x4A29, 0x18E3, 0x0000, 0x4208,
    0x94B2, 0x0020, 0x0000, 0x0020, 0x0000, 0x0000, 0x0000, 0x0000, 0x0000, 0x0000, 0x0000, 0x0000,
    0xA514, 0x0841, 0x0000, 0x0000, 0x0000, 0x0000, 0x0000, 0x0000, 0x0000, 0x0000, 0x0000, 0x0000,
    0x0000, 0x0000, 0x3186, 0x9492, 0xB596, 0x9492, 0x528A, 0x10A2, 0x0000, 0x0000, 0x0000, 0x0000,
    0x0000, 0x0020, 0x0020, 0x0020, 0x0020, 0x0000, 0x0000, 0x0000, 0x0000, 0x0000, 0x0000, 0x0000,
    0x0000, 0x0000, 0x0000, 0x0000, 0x0000, 0x0000, 0x0000, 0x0000, 0x0800, 0x2821, 0x5823, 0x9025,
    0xB827, 0xD008, 0xC808, 0xB007, 0x8805, 0x6043, 0x5941, 0x6260, 0x62C0, 0x6280, 0x5122, 0x7004,
    0xD008, 0xF029, 0x3881, 0xD640, 0xFF80, 0xF6E0, 0xFF20, 0xFF60, 0xCE40, 0xB5A0, 0xF700, 0xFF60,
    0xFF80, 0xFF60, 0xFFE0, 0x52C0, 0xB007, 0x7003, 0xADF6, 0xFFFF, 0xFFFF, 0xF7DF, 0xCE29, 0xEF20,
    0xF740, 0xF7C0, 0xD3C0, 0xE801, 0xE841, 0xE821, 0xE800, 0xC824, 0x986B, 0x0000, 0x0000, 0x0000,
    0x0020, 0x0020, 0x0000, 0x0000, 0x0000, 0x0000, 0x0000, 0x0000, 0x0000, 0x0000, 0x0820, 0x18C0,
    0x3160, 0x4A20, 0x6300, 0x7BC0, 0x9CC0, 0xDEA0, 0xF761, 0xE6C0, 0xD683, 0xC608, 0xCE45, 0x73C2,
    0x4AA4, 0x6383, 0x7468, 0x7CC6, 0x84E5, 0x8D46, 0x9D85, 0xA5A5, 0xADC4, 0xB5C4, 0xB5E3, 0xBE03,
    0xC603, 0xC603, 0xCE03, 0xCE22, 0xD622, 0xD622, 0xEEE0, 0xFF20, 0xF6C1, 0xF680, 0xE621, 0xEE40,
    0xEE40, 0xEE40, 0xEE20, 0xEE20, 0xEE40, 0xEE40, 0xEE40, 0xEE60, 0xEE80, 0xEEA0, 0xEEC0, 0xEEE0,
    0xE6E0, 0xE6E1, 0xD6C2, 0xD6C2, 0x6B6D, 0xA534, 0xBDD7, 0x9CF3, 0x5AEB, 0x2104, 0x0000, 0x0000,
    0x0000, 0x0000, 0x18E3, 0x630C, 0x9CF3, 0x9D13, 0x738E, 0x2965, 0x0000, 0x0000, 0x0821, 0x2945,
    0x0821, 0x0020, 0x0020, 0x0000, 0x0020, 0x528A, 0x8410, 0x632C, 0x3186, 0x0000, 0x0000, 0x0000,
    0x0000, 0x0000, 0x1082, 0xAD55, 0x1082, 0x0000, 0x0000, 0x0000, 0x0000, 0x0000, 0x0000, 0x0000,
    0x0000, 0x0000, 0x0020, 0x0000, 0x9492, 0x2945, 0x0000, 0x0000, 0x0000, 0x0000, 0x0000, 0x0000,
    0x0000, 0x0000, 0x0000, 0x0000, 0x0000, 0x0000, 0x2124, 0x0821, 0x18E3, 0x738E, 0xB596, 0xD6BA,
    0xBDF7, 0x8430, 0x41E8, 0x18A3, 0x0000, 0x0000, 0x0000, 0x0000, 0x0000, 0x0000, 0x0000, 0x0000,
    0x0000, 0x0000, 0x0000, 0x0000, 0x0000, 0x0000, 0x0000, 0x0000, 0x1801, 0x4002, 0x7824, 0xA846,
    0xC807, 0xD008, 0xC007, 0xA006, 0x7004, 0x58C2, 0x5A01, 0x7380, 0xA500, 0xCE40, 0xF720, 0xFF80,
    0xFF80, 0xFF80, 0xEF20, 0x9D20, 0x4941, 0x6004, 0x7340, 0xFFA0, 0xF6E0, 0xFF20, 0xF720, 0x7300,
    0x6863, 0x7804, 0x6241, 0xDE60, 0xAD00, 0x7B60, 0x59E1, 0x50A2, 0xC848, 0xA004, 0x7C10, 0xFFFF,
    0xFFFF, 0xE73C, 0xE6C0, 0xFFE1, 0xEF21, 0xFFE0, 0xD480, 0xE001, 0xF041, 0xE821, 0xE820, 0xD043,
    0xA06B, 0x0800, 0x0000, 0x0000, 0x0000, 0x0000, 0x0000, 0x0020, 0x18A0, 0x3180, 0x5260, 0x7360,
    0x9460, 0xAD20, 0xBDC0, 0xCE42, 0xDEA5, 0xDEE9, 0xE70D, 0xEF51, 0xEF54, 0xC634, 0xA533, 0xAD56,
    0xB5B8, 0xD69C, 0xEF5E, 0xEF58, 0xDEED, 0xE644, 0xF4C0, 0xFC00, 0xFBA0, 0xFBA0, 0xFB40, 0xFAA0,
    0xFA60, 0xFA20, 0xF9A0, 0xF960, 0xF940, 0xF920, 0xF920, 0xF900, 0xF900, 0xF8E0, 0xF8A0, 0xF060,
    0xF040, 0xF840, 0xF840, 0xF840, 0xF840, 0xF840, 0xF840, 0xF020, 0xF040, 0xF040, 0xF040, 0xF040,
    0xF060, 0xF0C0, 0xF0E0, 0xF120, 0xF140, 0xF180, 0xF200, 0xFA40, 0x8430, 0x4208, 0x0841, 0x0000,
    0x0000, 0x0000, 0x0000, 0x0841, 0x4A49, 0x8C71, 0x9CF3, 0x73AE, 0x2965, 0x0841, 0x0000, 0x0000,
    0x0000, 0x0020, 0x1082, 0x1062, 0x0000, 0x0000, 0x0000, 0x41E8, 0x8C51, 0x6B6D, 0x0821, 0x0821,
    0x2124, 0x0000, 0x0000, 0x10A2, 0x0841, 0x0000, 0x738E, 0x6B2D, 0x0000, 0x0020, 0x0000, 0x0000,
    0x0000, 0x0000, 0x0000, 0x0000, 0x0000, 0x0000, 0x0020, 0x0000, 0x41E8, 0xAD75, 0x0000, 0x0821,
    0x0000, 0x0000, 0x0000, 0x0000, 0x0000, 0x0000, 0x0000, 0x0000, 0x0000, 0x0000, 0x0020, 0x0821,
    0x0000, 0x0000, 0x2124, 0x2104, 0x5AEB, 0xAD55, 0xF79E, 0xDEFB, 0xC638, 0xAD55, 0x7BCF, 0x4208,
    0x39E7, 0x3145, 0x2104, 0x0000, 0x0000, 0x0000, 0x0800, 0x1021, 0x0800, 0x0000, 0x0000, 0x0000,
    0xB827, 0xE028, 0xB007, 0x8005, 0x6063, 0x5981, 0x5A80, 0x5B00, 0xBDE0, 0xE6C0, 0xFF60, 0xFFA0,
    0xFF80, 0xFF40, 0xFF00, 0xFEE0, 0xFF00, 0xFF00, 0xFF00, 0xFF80, 0xE700, 0x2120, 0xA480, 0xFFA0,
    0xFF00, 0xFF20, 0xF700, 0x3901, 0x7004, 0x9005, 0x1801, 0x0000, 0x3803, 0x8806, 0xD808, 0xE008,
    0xB047, 0x6023, 0x52AA, 0xFFFF, 0xFFDE, 0xFFDF, 0xC60B, 0xDEC0, 0xB563, 0xF7C0, 0xD480, 0xE001,
    0xC821, 0xE801, 0xF001, 0xC804, 0x980C, 0x0800, 0x18C0, 0x39C0, 0x5AC0, 0x7BC0, 0x9CC0, 0xB581,
    0xCE23, 0xDEA6, 0xE6EA, 0xE72E, 0xE732, 0xEF56, 0xEF9B, 0xEF7D, 0xEF7F, 0xF7DF, 0xFFFF, 0xDF1E,
    0xBDF9, 0xC639, 0xF79E, 0xD6BA, 0xE73C, 0xEF7D, 0xFFFE, 0xFFFF, 0xFFDF, 0xE73F, 0xD578, 0xC2EE,
    0xC885, 0xC801, 0xC804, 0xD005, 0xD005, 0xD005, 0xC846, 0xC067, 0xB868, 0xB888, 0xB889, 0xB8A9,
    0xB0AA, 0xB0AA, 0xB0CA, 0xB0CA, 0xB0CA, 0xB0CA, 0xB8C9, 0xB8C9, 0xB8C9, 0xB8C8, 0xB8A8, 0xC0A8,
    0xC0A7, 0xC887, 0xC886, 0xD065, 0xD065, 0xD044, 0xD824, 0xD824, 0xD803, 0xE002, 0xE002, 0xE002,
    0x0000, 0x0000, 0x0000, 0x0000, 0x0000, 0x2945, 0x73AE, 0x9CF3, 0x8410, 0x39C7, 0x1082, 0x0000,
    0x0000, 0x2945, 0x0020, 0x0000, 0x0000, 0x0000, 0x0000, 0x0000, 0x0000, 0x18C3, 0x8410, 0x73AE,
    0x18A3, 0x0000, 0x0000, 0x0000, 0x0000, 0x0841, 0x0841, 0x0020, 0x0020, 0x0000, 0x9CD3, 0x2104,
    0x0000, 0x0000, 0x0000, 0x0000, 0x0000, 0x0000, 0x0000, 0x0000, 0x0000, 0x0000, 0x0000, 0x0020,
    0x0000, 0x9492, 0x94B2, 0x0000, 0x0020, 0x0821, 0x0000, 0x0000, 0x0000, 0x0000, 0x0000, 0x0000,
    0x0000, 0x0000, 0x52AA, 0x2945, 0x0000, 0x0821, 0x3186, 0x0000, 0x0000, 0x0000, 0x3186, 0x20E4,
    0x632C, 0x9D13, 0xD69A, 0xFFFF, 0xFFFF, 0x9D54, 0x41C7, 0x5823, 0xA046, 0xC027, 0xC808, 0xC808,
    0xC808, 0xC827, 0x9845, 0x3822, 0xC827, 0x6804, 0x5B00, 0xA540, 0xCE40, 0xF740, 0xF700, 0xACE0,
    0xFFA0, 0xFF20, 0xFF00, 0xFF00, 0xF700, 0xFF00, 0xFF40, 0xFF60, 0xFF20, 0xFF00, 0xFF20, 0xF6E0,
    0xFF80, 0xCDA0, 0xA480, 0xFF80, 0xFF00, 0xFF00, 0xFF20, 0xEEC0, 0xB580, 0xAD60, 0xBD60, 0xB500,
    0x9400, 0x6221, 0x6004, 0xD828, 0x7803, 0x2A07, 0xE75C, 0xFFFF, 0xFFFF, 0xEF9F, 0xCE5C, 0xCE52,
    0xC5E6, 0xEF83, 0xCAE1, 0xE001, 0xC860, 0xD120, 0xD220, 0xBB40, 0xB462, 0xB561, 0xCE45, 0xDEC9,
    0xD66C, 0xDEF2, 0xEF57, 0xEF7B, 0xEF9E, 0xF79F, 0xF7BF, 0xF7DF, 0xFFFF, 0xFFFF, 0xD6BB, 0xF7BE,
    0xFFFF, 0xEF5C, 0xBDF7, 0xCE58, 0xE73C, 0xFFFF, 0xDEDB, 0xCE79, 0xFFDF, 0xEF7D, 0xF7BE, 0xFFFF,
    0xFFFE, 0xFFFF, 0xFFFF, 0xFFFF, 0xD73B, 0xC597, 0x7BD6, 0x4257, 0x31D9, 0x31FA, 0x31FA, 0x29FB,
    0x29FB, 0x29FB, 0x29FB, 0x29FB, 0x29FB, 0x29FB, 0x29FB, 0x29FB, 0x29FB, 0x29FA, 0x29FA, 0x29FA,
    0x29FA, 0x29FA, 0x29DA, 0x29DA, 0x29DA, 0x29FA, 0x31FA, 0x31FA, 0x31FA, 0x31FA, 0x39FA, 0x39F9,
    0x41F9, 0x49F8, 0x49F8, 0x49F7, 0x0000, 0x0000, 0x0821, 0x4A69, 0x9492, 0x94D2, 0x5ACB, 0x1082,
    0x0000, 0x0861, 0x18A3, 0x18A3, 0x2104, 0x39C7, 0x0000, 0x0000, 0x0000, 0x0000, 0x0000, 0x0000,
    0x5ACB, 0x9CD3, 0x39C7, 0x0000, 0x0000, 0x0020, 0x0000, 0x0000, 0x0000, 0x18C3, 0x2124, 0x18A3,
    0x0000, 0x0841, 0xB596, 0x0861, 0x0000, 0x0000, 0x0000, 0x0000, 0x0000, 0x0000, 0x0000, 0x0000,
    0x0000, 0x0000, 0x0000, 0x0000, 0x0020, 0x0000, 0xD69A, 0x94B2, 0x2124, 0x0000, 0x0000, 0x0000,
    0x0000, 0x0861, 0x0000, 0x0000, 0x0000, 0x0000, 0x0000, 0x0000, 0x0000, 0x0000, 0x0000, 0x0000,
    0x0820, 0x0000, 0x0000, 0x0000, 0x1062, 0x0000, 0x0000, 0x2124, 0x4A28, 0x7003, 0xD007, 0xC808,
    0x9006, 0x6824, 0x60A3, 0x50E2, 0x58C2, 0x6824, 0xA006, 0xD808, 0xF049, 0x5803, 0xCE20, 0xFFC0,
    0xFF20, 0xFF40, 0xE680, 0x9C60, 0xFF40, 0xFF00, 0xFF20, 0xFF00, 0xFF40, 0xFF20, 0xD640, 0xC5E0,
    0xEEE0, 0xFF60, 0xFF00, 0xFF20, 0xFF00, 0xFF20, 0xB520, 0xFF40, 0xFF00, 0xFF00, 0xFF00, 0xFF20,
    0xFF60, 0xFF60, 0xFF80, 0xFF80, 0xFFA0, 0xFF80, 0x9D20, 0x3882, 0xE829, 0x6023, 0xB617, 0xE75D,
    0xAD70, 0xC5EC, 0xD691, 0xD69A, 0xBDF6, 0xB5C6, 0xBC80, 0xC4C0, 0xC5C3, 0xC667, 0xCECC, 0xDF32,
    0xE756, 0xF79C, 0xEF5E, 0xDEDD, 0xE75F, 0xFFFF, 0xFFFF, 0xFFFF, 0xFFFF, 0xFFFF, 0xFFFF, 0xFFFF,
    0xCE79, 0xE73C, 0xFFFF, 0xEF5D, 0xC618, 0xBDF7, 0xE73C, 0xCE79, 0xFFFF, 0xEF7D, 0xCE59, 0xEF9D,
    0xFFFF, 0xEF5D, 0xF7BE, 0xFFFF, 0xFFFF, 0xFFFF, 0xEF5C, 0xCE59, 0xE71C, 0xF7DE, 0xEFBD, 0xD69A,
    0x9497, 0x73D8, 0x7BF8, 0x8418, 0x8417, 0x8437, 0x8C78, 0x9478, 0x9498, 0x9CB9, 0x9CB8, 0x9CD8,
    0x9CF8, 0x9CF8, 0xA4F8, 0x9CF8, 0x9CF8, 0x9CD9, 0x94B9, 0x9499, 0x8C58, 0x8418, 0x7BF8, 0x73D8,
    0x6B98, 0x6357, 0x6338, 0x5B18, 0x52F8, 0x52D8, 0x4A98, 0x4A99, 0x20E4, 0x6B6D, 0xA514, 0x8410,
    0x3186, 0x0000, 0x0000, 0x0000, 0x1062, 0x10A2, 0x0020, 0x0000, 0x0000, 0x0000, 0x0000, 0x0000,
    0x0000, 0x0000, 0x0000, 0x8C71, 0x8C71, 0x0841, 0x0000, 0x0020, 0x0000, 0x0000, 0x0000, 0x0000,
    0x0000, 0x0000, 0x0000, 0x0000, 0x0000, 0x0020, 0xD69A, 0x39C7, 0x0000, 0x0020, 0x0000, 0x0000,
    0x0000, 0x0000, 0x0000, 0x0000, 0x0000, 0x0000, 0x0000, 0x0000, 0x0000, 0x0000, 0x10A2, 0xCE79,
    0xE71C, 0x52AA, 0x0821, 0x18C3, 0x39E7, 0x2104, 0x0821, 0x0861, 0x0000, 0x0000, 0x0000, 0x0000,
    0x0000, 0x0000, 0x0000, 0x0000, 0x0000, 0x0000, 0x0020, 0x0081, 0x1124, 0x0020, 0x0000, 0x2000,
    0xC006, 0xC808, 0x5824, 0x5A40, 0x94A0, 0xC600, 0xDEC0, 0xEEE0, 0xE6C0, 0xC620, 0x73E0, 0x4082,
    0xC808, 0x7004, 0xB580, 0xFF40, 0xF700, 0xFF20, 0xEEA0, 0xA4A0, 0xFF40, 0xFF00, 0xFF00, 0xFF60,
    0xAD00, 0x4961, 0x6863, 0x7824, 0x4121, 0xCE20, 0xFF40, 0xFF00, 0xFF00, 0xFF80, 0xACC0, 0x9C80,
    0xFFE0, 0xFF60, 0xFF20, 0xFF00, 0xFF00, 0xFEE0, 0xF6E0, 0xF6E0, 0xFF00, 0xFEE0, 0xFFC0, 0x94C0,
    0x6805, 0xC005, 0x5AAB, 0xD6B6, 0xDEA0, 0xFFC0, 0xD680, 0xBDC0, 0xCE24, 0xD66E, 0xDF34, 0xE779,
    0xEF9D, 0xF7BF, 0xFFDF, 0xFFFF, 0xFFFF, 0xEF9E, 0xE75C, 0xFFDE, 0xFFFF, 0xFFFF, 0xFFDE, 0xF7DE,
    0xF7DE, 0xF79E, 0xDEDB, 0xE73C, 0xFFFF, 0xF7BE, 0xBE17, 0xA554, 0xDEDB, 0xFFFF, 0xD69A, 0x738E,
    0x738E, 0xD69A, 0xD6BA, 0xEF7D, 0xFFDF, 0xEF7D, 0xFFFF, 0xFFFF, 0xE71C, 0xBDF7, 0xB596, 0xC638,
    0xCE79, 0xC638, 0xC638, 0xD699, 0xD6B9, 0xD6D9, 0xD6B9, 0xD6B9, 0xD6B9, 0xCE98, 0xD699, 0xD698,
    0xD698, 0xD6B9, 0xD6B9, 0xD699, 0xD699, 0xD6B9, 0xD6B9, 0xD6B9, 0xDEDA, 0xDEFA, 0xDF1A, 0xDF1A,
    0xDEFA, 0xDEFA, 0xDEFA, 0xDEFA, 0xDF1A, 0xDEFA, 0xDEFA, 0xDEDA, 0xDEDA, 0xDEDA, 0xD6BA, 0xD6BA,
    0xA534, 0x6B4D, 0x10A2, 0x0000, 0x0000, 0x0000, 0x0020, 0x0000, 0x0000, 0x0000, 0x0000, 0x1082,
    0x2925, 0x0000, 0x0000, 0x0000, 0x0000, 0x0000, 0xA514, 0x73AE, 0x0000, 0x0000, 0x0000, 0x0000,
    0x0000, 0x0000, 0x0000, 0x0000, 0x0000, 0x0000, 0x0000, 0x0000, 0x0000, 0x0000, 0xCE79, 0xCE79,
    0x0000, 0x0000, 0x0000, 0x0000, 0x0000, 0x0000, 0x0000, 0x0000, 0x0000, 0x0000, 0x0020, 0x0000,
    0x6B6D, 0x3186, 0x0000, 0x1062, 0x8430, 0xFFFF, 0xE71C, 0xA534, 0x4208, 0x3165, 0x2104, 0x2925,
    0x0000, 0x0000, 0x0000, 0x0000, 0x0000, 0x0800, 0x3022, 0x6023, 0x9045, 0xA826, 0xB026, 0xA025,
    0x6803, 0x0800, 0x2801, 0xE848, 0x9806, 0x39A0, 0xB5C0, 0xFF80, 0xFF80, 0xFF40, 0xFF20, 0xFF20,
    0xFF20, 0xFF40, 0xFFA0, 0xC640, 0x4901, 0x5003, 0xBDA0, 0xFF60, 0xFF00, 0xFF20, 0xF6C0, 0xACC0,
    0xFF40, 0xFF00, 0xFF00, 0xFFA0, 0x8400, 0x8006, 0xE028, 0xD047, 0xA807, 0x5260, 0xFF80, 0xFF00,
    0xFF00, 0xFF60, 0xD600, 0x1020, 0x6B40, 0xBDE0, 0xEEE0, 0xFF20, 0xFF40, 0xFF60, 0xFF80, 0xFF40,
    0xFF00, 0xFF20, 0xFF00, 0xF720, 0x4901, 0xD007, 0x5926, 0xD6F9, 0xE6E3, 0xD680, 0xCE40, 0xCE6A,
    0xE73C, 0xFFFF, 0xFFFF, 0xFFFF, 0xFFFF, 0xFFFF, 0xFFFF, 0xF7BE, 0xDEDB, 0xDEFB, 0xEF7D, 0xEF5D,
    0xE73C, 0xE73C, 0xE75C, 0xCE99, 0xDEDB, 0xCE59, 0xB5B6, 0xCE79, 0xD69A, 0xBDD7, 0xD6BA, 0xF79E,
    0xEF5D, 0xE73C, 0xE73C, 0xFFDF, 0x9CD3, 0xDEFB, 0xF79E, 0xEF7D, 0xE75C, 0xD6BA, 0xD6BA, 0xA514,
    0x8C71, 0xA554, 0xAD75, 0xAD75, 0xAD55, 0xAD55, 0xB596, 0xB5B6, 0xB5B6, 0xB5B6, 0xAD75, 0xAD55,
    0xAD76, 0xAD75, 0xAD76, 0xB596, 0xB596, 0xB596, 0xB596, 0xB596, 0xAD76, 0xAD76, 0xAD76, 0xBDD7,
    0xB5B7, 0xB5B6, 0xAD75, 0xAD75, 0xAD55, 0xAD55, 0xB596, 0xB5B6, 0xB596, 0xAD96, 0xAD75, 0xAD76,
    0xB5B7, 0xB5B6, 0xB5B6, 0xBDD7, 0x0000, 0x0000, 0x0000, 0x0020, 0x0000, 0x0000, 0x0000, 0x0000,
    0x0000, 0x0000, 0x0000, 0x0000, 0x0000, 0x0000, 0x0000, 0x0000, 0x0841, 0xBDF7, 0x8410, 0x0000,
    0x0821, 0x0000, 0x0000, 0x0000, 0x0000, 0x0000, 0x0000, 0x0000, 0x0000, 0x0000, 0x0000, 0x0000,
    0x0020, 0x0000, 0x528A, 0xFFFF, 0x6B6D, 0x0000, 0x0020, 0x0841, 0x18E3, 0x0000, 0x0000, 0x0000,
    0x0000, 0x0000, 0x0000, 0x0000, 0x18A3, 0x0841, 0x0000, 0x1082, 0x0000, 0x3165, 0xD679, 0xFFFF,
    0xFFFF, 0xDF5C, 0x4AAA, 0x0000, 0x0020, 0x1821, 0x4823, 0x8044, 0xB026, 0xD008, 0xD008, 0xB807,
    0x9806, 0x7805, 0x7004, 0x8805, 0xC008, 0xC827, 0xD848, 0x9006, 0x4A80, 0xF740, 0xFF60, 0xFF00,
    0xF6E0, 0xFF00, 0xFF40, 0xFF20, 0xFF00, 0xFF00, 0xF6E0, 0xFFA0, 0xCDE0, 0x0020, 0xBD40, 0xFF80,
    0xFF00, 0xFF20, 0xF6E0, 0xACC0, 0xFF40, 0xFF00, 0xFF00, 0xFF80, 0x9480, 0x9006, 0x9845, 0x1821,
    0xE008, 0x48E2, 0xEEE0, 0xFF20, 0xFF00, 0xFF40, 0xDEA0, 0x60A3, 0xA807, 0x5804, 0x2841, 0x3921,
    0x61A1, 0x6221, 0x6AE0, 0xD5E0, 0xFF40, 0xFF00, 0xFF00, 0xFF60, 0x5200, 0xC807, 0x5884, 0xBE5B,
    0xC5E4, 0xD661, 0xD692, 0xF7BF, 0xFFFF, 0xFFDE, 0xF7BE, 0xEF7D, 0xEF5D, 0xEF5D, 0xD6BA, 0xCE79,
    0xDEFB, 0xEF7D, 0xEF7D, 0xF7BE, 0xFFFF, 0xFFFF, 0xE75C, 0xE73C, 0xFFDF, 0xFFFF, 0xE73C, 0xB5D6,
    0xBDD7, 0xDEFB, 0xF7BE, 0xFFFF, 0xFFFF, 0xDEFB, 0xCE79, 0xCE99, 0xCE79, 0xE71C, 0xFFDF, 0xFFFF,
    0xEF7D, 0xC638, 0xE73C, 0xEF5D, 0xF7BE, 0xF7BE, 0xF79E, 0xF7BE, 0xF7BE, 0xF7BE, 0xFFDF, 0xFFDF,
    0xFFFF, 0xFFFF, 0xFFFF, 0xFFFF, 0xFFFF, 0xFFFF, 0xFFFF, 0xFFFF, 0xFFFF, 0xFFFF, 0xFFFF, 0xFFFF,
    0xFFFF, 0xFFFF, 0xFFFF, 0xFFFF, 0xFFFF, 0xF7DE, 0xF7BE, 0xF7BE, 0xF7BE, 0xF79E, 0xF7BE, 0xF79E,
    0xEF9D, 0xEF5D, 0xE73C, 0xE73C, 0xE73C, 0xDEDB, 0xD6BA, 0xD6BA, 0x0000, 0x0020, 0x0000, 0x0000,
    0x0000, 0x0000, 0x0000, 0x0000, 0x0000, 0x0861, 0x0000, 0x0000, 0x0000, 0x0000, 0x0821, 0x0000,
    0xBDF7, 0xBDF7, 0x0000, 0x0000, 0x0000, 0x0000, 0x0000, 0x0000, 0x0000, 0x0000, 0x0000, 0x0000,
    0x0000, 0x0000, 0x0000, 0x0000, 0x0000, 0x0000, 0x10A2, 0xEF9D, 0xFFFF, 0x8430, 0x0000, 0x0000,
    0x0000, 0x0000, 0x0000, 0x0000, 0x0000, 0x0000, 0x0000, 0x0000, 0x0000, 0x0000, 0x0000, 0x0000,
    0x0020, 0x0000, 0x0061, 0x6BCE, 0x6AEB, 0x5987, 0x78C5, 0x9846, 0xC027, 0xD008, 0xC808, 0xA807,
    0x8005, 0x6083, 0x59A1, 0x6B00, 0x9480, 0xAD60, 0xB5A0, 0xA520, 0x5260, 0x7805, 0xB807, 0x39C0,
    0xF740, 0xFF20, 0xFF00, 0xFF00, 0xFF80, 0xF700, 0xCE40, 0xF700, 0xFF60, 0xFF00, 0xFF20, 0xF6E0,
    0xFFC0, 0x5AA0, 0xA4A0, 0xFFA0, 0xFF00, 0xFF20, 0xF700, 0xACC0, 0xFF20, 0xFF00, 0xFF00, 0xFF80,
    0x94A0, 0x8805, 0xA846, 0x0820, 0xD808, 0x58A2, 0xDEA0, 0xFF40, 0xFF00, 0xFF40, 0xE680, 0x2841,
    0x6883, 0x69A2, 0x62A0, 0x4002, 0xE009, 0xE009, 0x6805, 0x5AC0, 0xFFA0, 0xF6E0, 0xFF00, 0xFF80,
    0x51C1, 0xC808, 0x58C4, 0xB604, 0xCE24, 0xCE77, 0xE75E, 0xE73C, 0xDF1B, 0xE71C, 0xE73C, 0xEF7D,
    0xEF7D, 0xE71C, 0xEF9D, 0xFFFF, 0xFFFF, 0xFFFF, 0xFFFF, 0xFFFF, 0xF7BE, 0xCE79, 0xC638, 0xBDF7,
    0xB596, 0x9CF3, 0xAD75, 0xEF7D, 0xFFFF, 0xFFDF, 0xE75C, 0xDF1B, 0xF7BE, 0xE73C, 0xCE79, 0xC618,
    0xE71C, 0xEF5D, 0xE75C, 0xD6BA, 0xCE79, 0xF7BE, 0xFFFF, 0xFFFF, 0xFFFF, 0xFFFF, 0xFFFF, 0xFFFF,
    0xFFFF, 0xFFFF, 0xFFFF, 0xFFFF, 0xFFFF, 0xFFFF, 0xFFFF, 0xFFFF, 0xFFFF, 0xFFFF, 0xFFFF, 0xFFFF,
    0xFFFF, 0xFFFF, 0xFFFF, 0xFFFF, 0xFFFF, 0xFFFF, 0xFFFF, 0xFFFF, 0xFFFF, 0xFFFF, 0xFFFF, 0xFFFF,
    0xFFFF, 0xFFFF, 0xFFFF, 0xFFFF, 0xFFFF, 0xFFFF, 0xFFFF, 0xFFFF, 0xFFFF, 0xFFFF, 0xFFFF, 0xFFFF,
    0x0000, 0x0000, 0x0000, 0x0000, 0x0000, 0x0000, 0x0000, 0x0000, 0x0000, 0x18A3, 0x0000, 0x0000,
    0x0000, 0x0020, 0x0000, 0x8430, 0xFFFF, 0x3A08, 0x42AA, 0x3A08, 0x0841, 0x0000, 0x0000, 0x0000,
    0x0000, 0x0000, 0x0000, 0x0000, 0x0000, 0x0000, 0x0000, 0x0000, 0x0000, 0x0000, 0x1082, 0xC618,
    0xFFFF, 0xEF5D, 0x94B2, 0x4A69, 0x0000, 0x0000, 0x0000, 0x0000, 0x0000, 0x0000, 0x0000, 0x0000,
    0x0000, 0x0000, 0x0000, 0x0000, 0x2021, 0x5043, 0x8024, 0xA004, 0xC006, 0xC807, 0xB007, 0x9006,
    0x6824, 0x5902, 0x6260, 0x7BE0, 0xAD60, 0xD680, 0xFF40, 0xFFA0, 0xFF80, 0xFF60, 0xFF60, 0xFF80,
    0xFFC0, 0x6B20, 0x1001, 0xD600, 0xFF60, 0xFF00, 0xFF00, 0xFF60, 0xA4E0, 0x4941, 0x6864, 0x4121,
    0xC5E0, 0xFF60, 0xFF00, 0xFF00, 0xFF80, 0xB520, 0xA4A0, 0xFF80, 0xFF00, 0xFF20, 0xFF00, 0xA480,
    0xFF20, 0xFF20, 0xFF00, 0xFF80, 0x94C0, 0x8005, 0xA046, 0x2821, 0xE008, 0x4901, 0xF700, 0xFF20,
    0xFF00, 0xFF20, 0xEEA0, 0xB520, 0xD680, 0xF740, 0xFFE0, 0x7320, 0x5804, 0x6844, 0x51E1, 0xD640,
    0xFF60, 0xFF20, 0xFF60, 0xC5E0, 0x4842, 0xC9E4, 0xC5E0, 0xCE49, 0xD69B, 0xF7BF, 0xFFDE, 0xFFFF,
    0xFFFF, 0xFFFF, 0xFFFF, 0xFFFF, 0xE73C, 0xE73C, 0xDEFB, 0xBE17, 0xA514, 0x8410, 0x630C, 0x4228,
    0x2124, 0x1082, 0x0020, 0x0000, 0x0000, 0x0000, 0x18C3, 0x738E, 0xD69A, 0xFFFF, 0xFFFF, 0xF7BE,
    0xDEFB, 0xF79E, 0xDEDB, 0xDEDB, 0xF7BE, 0xFFFF, 0xDF1B, 0xCE79, 0xF7BE, 0xFFFF, 0xFFFF, 0xFFFF,
    0xFFFF, 0xFFFF, 0xFFFF, 0xFFFF, 0xFFFF, 0xFFFF, 0xFFFF, 0xFFFF, 0xFFFF, 0xFFFF, 0xFFFF, 0xFFFF,
    0xFFFF, 0xFFFF, 0xFFFF, 0xFFFF, 0xFFFF, 0xFFFF, 0xFFFF, 0xFFFF, 0xFFFF, 0xFFFF, 0xFFFF, 0xFFFF,
    0xFFFF, 0xFFFF, 0xFFFF, 0xFFFF, 0xFFFF, 0xFFFF, 0xFFFF, 0xFFFF, 0xFFFF, 0xFFFF, 0xFFFF, 0xFFFF,
    0xFFFF, 0xFFFF, 0xFFFF, 0xFFFF, 0x0000, 0x0000, 0x0000, 0x0000, 0x0000, 0x0000, 0x0000, 0x0000,
    0x0000, 0x0000, 0x0000, 0x0000, 0x0020, 0x0000, 0x4A49, 0xFFFF, 0xA575, 0x72EB, 0xDC91, 0xAC0F,
    0x4229, 0x0000, 0x0000, 0x0000, 0x0000, 0x0000, 0x0000, 0x0000, 0x0000, 0x0000, 0x0000, 0x0000,
    0x0000, 0x0000, 0x0000, 0x2124, 0xF7BE, 0xF7DE, 0xFFFF, 0xAD55, 0x18A2, 0x0820, 0x0000, 0x0000,
    0x0000, 0x0000, 0x0000, 0x1000, 0x3822, 0x6844, 0xA046, 0xC027, 0xD008, 0xC808, 0xA007, 0x8005,
    0x60A3, 0x59C1, 0x7360, 0x52E0, 0xAD40, 0xEF20, 0xFF80, 0xFFA0, 0xFF80, 0xFF20, 0xFEE0, 0xF6E0,
    0xF6E0, 0xFF00, 0xFF00, 0xF6E0, 0xFF40, 0xE660, 0x62E0, 0xFF60, 0xFF00, 0xFF00, 0xFF60, 0xBDA0,
    0x4003, 0xD008, 0xD828, 0xB007, 0x49A1, 0xFF60, 0xFF00, 0xFF00, 0xFF40, 0xE660, 0xC580, 0xFF60,
    0xFF00, 0xFF20, 0xFF00, 0x9C60, 0xFF00, 0xFF20, 0xFF00, 0xFF80, 0x9CE0, 0x7825, 0xE068, 0xD848,
    0x8006, 0x6B40, 0xFFA0, 0xFF00, 0xFF20, 0xFF00, 0xFF40, 0xFF80, 0xFF20, 0xFF00, 0xFF00, 0xFF20,
    0xC5E0, 0xCE40, 0xFF60, 0xFF40, 0xEEA0, 0xDE60, 0xD640, 0xB560, 0xBDA2, 0xD6A5, 0xDEF3, 0xFFFF,
    0xFFFF, 0xF7DE, 0xE73C, 0xCE59, 0xAD75, 0x8C71, 0x6B4D, 0x4208, 0x3186, 0x18E3, 0x0821, 0x0000,
    0x0000, 0x0000, 0x0000, 0x0000, 0x0000, 0x0000, 0x0000, 0x0020, 0x0821, 0x0821, 0x0000, 0x0000,
    0x10A2, 0x8430, 0xF7BE, 0xFFFF, 0xFFFF, 0xCE79, 0xCE79, 0xEF9D, 0xFFFF, 0xDEDB, 0xD6BA, 0xFFFF,
    0xFFFF, 0xFFFF, 0xFFFF, 0xFFFF, 0xFFFF, 0xFFFF, 0xFFFF, 0xFFFF, 0xFFFF, 0xFFFF, 0xFFFF, 0xFFFF,
    0xFFFF, 0xFFDF, 0xFFDF, 0xF7DE, 0xF7DE, 0xF7BE, 0xF7BE, 0xF7BE, 0xF7BE, 0xF7BE, 0xF7BE, 0xF7BE,
    0xF79E, 0xF7BE, 0xF7BE, 0xFFFF, 0xFFFF, 0xFFFF, 0xFFFF, 0xFFFF, 0xFFFF, 0xFFFF, 0xFFFF, 0xFFFF,
    0xFFFF, 0xFFFF, 0xFFFF, 0xFFFF, 0xFFFF, 0xFFFF, 0xFFFF, 0xFFFF, 0x0000, 0x0000, 0x0000, 0x0000,
    0x0000, 0x0000, 0x0000, 0x0000, 0x0000, 0x0000, 0x0000, 0x0000, 0x0000, 0x18C3, 0xE75C, 0xFFFF,
    0x8C92, 0x92ED, 0xC065, 0xB26C, 0x634D, 0x0000, 0x0000, 0x0000, 0x0000, 0x0000, 0x0000, 0x0000,
    0x0000, 0x0000, 0x0000, 0x0000, 0x0000, 0x0000, 0x0820, 0x0820, 0x9CF3, 0xFFFF, 0xFFFF, 0xDF5C,
    0x5B4C, 0x0000, 0x0020, 0x2021, 0x5023, 0x8845, 0xB026, 0xD008, 0xD008, 0xB007, 0x9006, 0x6824,
    0x5922, 0x6260, 0x8400, 0xAD60, 0xDE80, 0xFF40, 0xFFE0, 0xB500, 0xDE40, 0xFF60, 0xFF00, 0xFF00,
    0xFF00, 0xFF60, 0xFFA0, 0xFF80, 0xFF80, 0xFF40, 0xFF00, 0xFF20, 0xFF20, 0xFF00, 0xEE80, 0xFF20,
    0xFF00, 0xFF00, 0xFF80, 0x5AA0, 0xB807, 0x9045, 0x0820, 0xE028, 0x5043, 0xD640, 0xFF40, 0xFF00,
    0xFF20, 0xF6E0, 0xDE20, 0xFF40, 0xFF00, 0xFF20, 0xFF20, 0x9C80, 0xFF00, 0xFF20, 0xFF00, 0xFF80,
    0x9CE0, 0x5804, 0xB007, 0x6804, 0x5220, 0xEEE0, 0xFF20, 0xFF00, 0xFF00, 0xFF60, 0x6B40, 0xE680,
    0xFF80, 0xFF20, 0xFF40, 0xFF00, 0xFF00, 0xE680, 0xCE00, 0xC5E0, 0xC5E3, 0xC628, 0xCE4D, 0xDED4,
    0xB5B4, 0x7BF1, 0x7BD0, 0x5ACA, 0x39C7, 0x2104, 0x0861, 0x0000, 0x0000, 0x0000, 0x0000, 0x0000,
    0x0000, 0x0000, 0x0000, 0x0020, 0x0821, 0x0841, 0x0841, 0x0841, 0x0821, 0x0821, 0x0821, 0x0821,
    0x0821, 0x0020, 0x0821, 0x0821, 0x0000, 0x0000, 0x4228, 0xDEDB, 0xF79E, 0xD69A, 0xE75C, 0xFFDF,
    0xD69A, 0xCE99, 0xF79E, 0xEF9D, 0xEF7D, 0xEF7D, 0xEF5D, 0xE75C, 0xE75C, 0xE75C, 0xE73C, 0xE75C,
    0xE75C, 0xE73C, 0xEF7D, 0xD69A, 0xCE79, 0xE75C, 0xE75C, 0xEF5D, 0xEF5D, 0xEF5D, 0xEF7D, 0xEF7D,
    0xEF7D, 0xEF7D, 0xEF7D, 0xEF7D, 0xEF7D, 0xE73C, 0xDEFB, 0xC658, 0xD69A, 0xFFFF, 0xFFFF, 0xFFFF,
    0xFFFF, 0xFFFF, 0xFFFF, 0xFFFF, 0xFFFF, 0xFFFF, 0xFFFF, 0xFFFF, 0xFFFF, 0xFFFF, 0xFFFF, 0xFFFF,
    0x0000, 0x0000, 0x0000, 0x0000, 0x0000, 0x0000, 0x0000, 0x0000, 0x0000, 0x0000, 0x0000, 0x0000,
    0x0861, 0xBDD7, 0xFFFF, 0xF7BE, 0x62EB, 0x632E, 0x4A73, 0x6351, 0x4A48, 0x0000, 0x0000, 0x0000,
    0x0000, 0x0000, 0x0000, 0x0000, 0x0000, 0x0000, 0x0000, 0x0000, 0x0000, 0x0000, 0x0000, 0x0000,
    0x1944, 0x6BCE, 0x62AA, 0x5946, 0x7085, 0xA046, 0xC827, 0xD008, 0xC008, 0xA006, 0x7805, 0x60A3,
    0x59C1, 0x6B20, 0x94C0, 0xC600, 0xEF00, 0xFF80, 0xFFA0, 0xFF60, 0xFF40, 0xF6E0, 0xF740, 0xA480,
    0xD5E0, 0xFF60, 0xFF00, 0xFF20, 0xFF00, 0xC5C0, 0x8C60, 0x6AA0, 0x6280, 0xDE20, 0xFF40, 0xFF00,
    0xFF20, 0xFF00, 0xFF20, 0xFF00, 0xFF20, 0xFF00, 0xFF40, 0x4961, 0xD808, 0x3822, 0x0000, 0xC827,
    0x7004, 0xB580, 0xFF60, 0xFF00, 0xFF20, 0xF700, 0xE660, 0xFF20, 0xFF00, 0xFF20, 0xFF20, 0xA4C0,
    0xF700, 0xFF20, 0xFF00, 0xFF60, 0xBD60, 0x4A00, 0x7BC0, 0xAD60, 0xFF40, 0xFF20, 0xFF00, 0xFEE0,
    0xFFC0, 0xB540, 0x2803, 0x5181, 0xCE20, 0xE680, 0xCE00, 0xC5C1, 0xBDC5, 0xBDCA, 0xBE0F, 0xBE13,
    0xBDD6, 0xB5B8, 0xBDF9, 0x9CD4, 0x18E4, 0x0000, 0x0000, 0x0000, 0x0000, 0x0000, 0x0000, 0x0020,
    0x0821, 0x0841, 0x0841, 0x0841, 0x0841, 0x0821, 0x0821, 0x0020, 0x0000, 0x0000, 0x0000, 0x0000,
    0x0000, 0x0000, 0x0000, 0x0000, 0x0000, 0x0000, 0x0000, 0x0000, 0x0841, 0x1082, 0x1062, 0x52AA,
    0xB5D6, 0xDEDB, 0xEF7D, 0xD6BA, 0xDEDB, 0xEF7D, 0xEF9D, 0xF79E, 0xF7BE, 0xF7BE, 0xF7DE, 0xF7DE,
    0xFFDF, 0xFFFF, 0xFFFF, 0xFFFF, 0xFFFF, 0xFFFF, 0xDEFB, 0xCE99, 0xF7BE, 0xFFFF, 0xFFFF, 0xFFFF,
    0xFFFF, 0xFFFF, 0xFFFF, 0xFFFF, 0xFFFF, 0xFFFF, 0xFFFF, 0xFFFF, 0xFFDF, 0xE75C, 0xE73C, 0xAD75,
    0xC638, 0xFFFF, 0xFFDF, 0xFFFF, 0xFFFF, 0xFFFF, 0xFFFF, 0xFFFF, 0xFFFF, 0xFFFF, 0xFFFF, 0xFFFF,
    0xFFFF, 0xFFFF, 0xFFFF, 0xFFFF, 0x0000, 0x0000, 0x0000, 0x0000, 0x0000, 0x0000, 0x0000, 0x0000,
    0x0000, 0x0000, 0x0000, 0x0000, 0x3186, 0xFFFF, 0xFFFF, 0xFFDF, 0x2965, 0x2924, 0x52AA, 0x4207,
    0x0841, 0x0000, 0x0000, 0x0000, 0x0000, 0x0000, 0x0000, 0x0000, 0x0000, 0x0000, 0x0000, 0x0000,
    0x0000, 0x0000, 0x2021, 0x5023, 0x8004, 0xA804, 0xC006, 0xC807, 0xB007, 0x8805, 0x6824, 0x5922,
    0x6280, 0x8400, 0xAD80, 0xDEA0, 0xFF60, 0xFFA0, 0xFF80, 0xFF40, 0xFF20, 0xF6E0, 0xF6E0, 0xF6E0,
    0xFF20, 0xFF40, 0xFFE0, 0xBD40, 0xCDC0, 0xFF60, 0xFF00, 0xFF40, 0xE6A0, 0x3061, 0x9006, 0xD008,
    0x8006, 0x62E0, 0xFFA0, 0xFF00, 0xFF00, 0xFF40, 0xFF00, 0xFF20, 0xFF20, 0xFF20, 0xF720, 0x5141,
    0xD808, 0x3822, 0x0000, 0xC027, 0x7804, 0xAD60, 0xFF80, 0xFF00, 0xFF20, 0xF6E0, 0xD600, 0xFF40,
    0xFF00, 0xFF00, 0xFF20, 0xACE0, 0xF6E0, 0xFF20, 0xFF20, 0xFF20, 0xFF20, 0xFF60, 0xFFA0, 0xFF60,
    0xFF00, 0xFF00, 0xFF40, 0xFF60, 0xC5C0, 0x28E0, 0xB984, 0x8AE4, 0x9CC6, 0xBDCC, 0xB5B1, 0xB5B4,
    0xB5B6, 0xB597, 0xB597, 0xBDD7, 0xCE59, 0xD6BA, 0x840F, 0x0841, 0x0000, 0x0821, 0x0841, 0x0841,
    0x0841, 0x0841, 0x0821, 0x0020, 0x0000, 0x0000, 0x0000, 0x0000, 0x0000, 0x0000, 0x0000, 0x0000,
    0x0000, 0x0841, 0x18A3, 0x2104, 0x3166, 0x39E7, 0x4A69, 0x62EC, 0x738E, 0x8430, 0x94B2, 0xA534,
    0xB5B6, 0xC618, 0xD69A, 0xCE79, 0xD6BA, 0xCE79, 0xCE59, 0xDF1B, 0xFFDF, 0xFFDF, 0xFFDF, 0xF7DE,
    0xF7DE, 0xF7BE, 0xF7BE, 0xF7BE, 0xEF9D, 0xEF7D, 0xEF7D, 0xEF5D, 0xE73C, 0xDEFB, 0xBDF7, 0xE71C,
    0xDF1B, 0xDEFB, 0xDEDB, 0xD6BA, 0xD69A, 0xD69A, 0xD69A, 0xD69A, 0xD69A, 0xD69A, 0xD69A, 0xDEDB,
    0xC639, 0xCE59, 0xDEFB, 0xE75D, 0xE73C, 0xDF1C, 0xE73C, 0xE73C, 0xE75D, 0xE75D, 0xEF5D, 0xEF7D,
    0xEF7D, 0xEF7D, 0xEF5D, 0xEF5D, 0xE75D, 0xEF5D, 0xE75D, 0xE75C, 0x0000, 0x0000, 0x0000, 0x0000,
    0x0000, 0x0000, 0x0000, 0x0000, 0x0000, 0x0000, 0x0020, 0x0000, 0x632C, 0xFFFF, 0xFFFF, 0xE71C,
    0x1082, 0x0000, 0x0000, 0x0000, 0x0000, 0x0000, 0x0000, 0x0000, 0x0000, 0x0000, 0x0000, 0x0000,
    0x0000, 0x0000, 0x0800, 0x6024, 0xA026, 0xC827, 0xD008, 0xC008, 0xA007, 0x7805, 0x60C3, 0x59E1,
    0x7340, 0x9CE0, 0xC620, 0xEF00, 0xFF80, 0xFFA0, 0xFF60, 0xFF40, 0xFF00, 0xFF00, 0xFF00, 0xFF00,
    0xFF40, 0xFF80, 0xFFA0, 0xFF80, 0xEF00, 0xCE20, 0xA4E0, 0x5A80, 0xD5E0, 0xFF60, 0xFF00, 0xFF20,
    0xE6C0, 0x5082, 0xC808, 0x9806, 0x4882, 0xB540, 0xFF60, 0xFF00, 0xFFE0, 0xB500, 0xCDC0, 0xFF60,
    0xFF00, 0xFF00, 0xFF60, 0x51C0, 0xD008, 0x4022, 0x0000, 0xE028, 0x5823, 0xC600, 0xFF60, 0xFF00,
    0xFF40, 0xE680, 0xB500, 0xFF60, 0xFF00, 0xFF00, 0xFF40, 0xACE0, 0xF6C0, 0xFF20, 0xFF20, 0xFF20,
    0xFF00, 0xFF00, 0xFF00, 0xFF40, 0xFF40, 0xFF00, 0xE680, 0xC5E1, 0x8C05, 0x9CCA, 0xB5D0, 0xB5F4,
    0xB5B6, 0xB597, 0xB5B8, 0xC638, 0xD69A, 0xEF5C, 0xF7BE, 0xFFFF, 0xF7DE, 0x8C51, 0x0821, 0x0020,
    0x0020, 0x0000, 0x0000, 0x0000, 0x0000, 0x0000, 0x0000, 0x0000, 0x0000, 0x1062, 0x20E4, 0x31A6,
    0x4A69, 0x632C, 0x7BEF, 0x9492, 0xA534, 0xB5B6, 0xC638, 0xD6BA, 0xDF1B, 0xEF5D, 0xEF9D, 0xF7BE,
    0xF7DE, 0xFFDF, 0xFFDF, 0xF7DE, 0xF7DE, 0xF7BE, 0xF79E, 0xF79E, 0xE73C, 0xCE59, 0xCE59, 0xDEFB,
    0xCE79, 0xCE59, 0xBDF7, 0xB5B6, 0xAD75, 0x9CF3, 0x94B2, 0x8430, 0x7BCF, 0x738E, 0x5AEB, 0x52AA,
    0x4A69, 0x4228, 0x39C7, 0x2965, 0x2104, 0x18C3, 0x20E4, 0x2925, 0x2966, 0x2925, 0x2124, 0x2104,
    0x2103, 0x2103, 0x2103, 0x2123, 0x2123, 0x2123, 0x2944, 0x2944, 0x2964, 0x3185, 0x4206, 0x4A48,
    0x5289, 0x5ACA, 0x6B6C, 0x7BCD, 0x840E, 0x94B1, 0x9CF2, 0xA553, 0xBDD6, 0xC617, 0xCE58, 0xD6B9,
    0x0000, 0x0000, 0x0000, 0x0000, 0x0000, 0x0000, 0x0000, 0x0000, 0x0000, 0x0000, 0x0000, 0x2104,
    0xE71C, 0xFFDF, 0xFFDF, 0xD69A, 0x1062, 0x0800, 0x0000, 0x0000, 0x0000, 0x0000, 0x0000, 0x0000,
    0x3022, 0x7844, 0xA826, 0xC027, 0xC807, 0xC007, 0xC027, 0xF849, 0xA026, 0x6843, 0x5942, 0x62A0,
    0x8420, 0xB580, 0xDEA0, 0xFF60, 0xFFA0, 0xFF80, 0xFF40, 0xFF00, 0xF6E0, 0xF6E0, 0xFF00, 0xFF00,
    0xFF20, 0xFF20, 0xFF20, 0xFF20, 0xDEA0, 0xB560, 0x9400, 0x7261, 0x58E2, 0x5003, 0x5004, 0x2002,
    0xCDE0, 0xFF60, 0xFF00, 0xFF20, 0xF6E0, 0x49E0, 0x6280, 0x8C20, 0xD640, 0xFF60, 0xFF00, 0xF720,
    0x9C80, 0x1040, 0xB520, 0xFF80, 0xFF00, 0xFF00, 0xFFA0, 0x6B40, 0xA006, 0xC067, 0xA846, 0xC008,
    0x4181, 0xF740, 0xFF00, 0xFF00, 0xFF80, 0xC560, 0x83A0, 0xFFA0, 0xFF00, 0xFF00, 0xFF40, 0xACC0,
    0xEEA0, 0xFF20, 0xFF00, 0xFF20, 0xFF60, 0xFF60, 0xF6E0, 0xD600, 0xBD63, 0xA4E7, 0x9CCD, 0x9CF2,
    0xAD75, 0xB5B7, 0xBDD8, 0xCE5A, 0xDF1B, 0xF79D, 0xFFFF, 0xF7DE, 0xD6BA, 0xFFFF, 0xFFFF, 0xF7BE,
    0x9CD3, 0x0000, 0x0000, 0x0000, 0x0000, 0x0841, 0x18C3, 0x2945, 0x4208, 0x5ACB, 0x73AE, 0x9492,
    0xAD55, 0xC618, 0xD6BA, 0xE73C, 0xF79E, 0xF7DE, 0xFFFF, 0xFFDF, 0xF7DE, 0xF7BE, 0xEF7D, 0xE73C,
    0xDEFB, 0xD6BA, 0xCE79, 0xBDF7, 0xB5B6, 0xAD54, 0x9CF3, 0x9492, 0x8410, 0x7BAE, 0x632C, 0x5269,
    0x39C7, 0x2925, 0x2104, 0x18E3, 0x10A2, 0x1062, 0x0000, 0x0000, 0x0000, 0x0000, 0x0000, 0x0000,
    0x0000, 0x0000, 0x0000, 0x0000, 0x0000, 0x0000, 0x0000, 0x1082, 0x5AAA, 0x9CF2, 0xB574, 0x8C4F,
    0x4A27, 0x0000, 0x0000, 0x0002, 0x0845, 0x1067, 0x1889, 0x18CB, 0x18CC, 0x20EC, 0x18CC, 0x18CC,
    0x18CB, 0x18AB, 0x18AB, 0x108B, 0x108A, 0x106A, 0x1069, 0x0848, 0x0848, 0x1068, 0x1067, 0x1067,
    0x1086, 0x1886, 0x18C6, 0x2107, 0x0000, 0x0000, 0x0000, 0x0000, 0x0000, 0x0000, 0x0000, 0x0000,
    0x0000, 0x0020, 0x0000, 0x6B4D, 0xFFFF, 0xFFFF, 0xFFFF, 0xB5D7, 0x4269, 0x0000, 0x0000, 0x0000,
    0x0000, 0x0000, 0x4022, 0xC047, 0xD808, 0xB007, 0x8005, 0x6824, 0x6883, 0x6863, 0x7804, 0xA007,
    0x38C1, 0xBE00, 0xF720, 0xFF80, 0xFFA0, 0xFF60, 0xFF40, 0xFF00, 0xFF00, 0xFF00, 0xFF00, 0xFF40,
    0xFF80, 0xFFA0, 0xFF40, 0xFF00, 0xFF20, 0xFF00, 0xFF80, 0x8BE0, 0x3842, 0x5004, 0x4804, 0x4803,
    0x5883, 0x69E1, 0x8B80, 0x18C0, 0xC580, 0xFF60, 0xFF00, 0xFF20, 0xFF00, 0xFF20, 0xFF80, 0xFF80,
    0xFF40, 0xFF00, 0xFF20, 0xF700, 0x8C00, 0x0801, 0x83C0, 0xFFA0, 0xFF00, 0xFF00, 0xFF40, 0xD640,
    0x3881, 0xA006, 0x9806, 0x38C1, 0xC5C0, 0xFF60, 0xFF00, 0xF6E0, 0xFFC0, 0x5AA0, 0x6B00, 0xFFC0,
    0xF6E0, 0xF6E0, 0xFF40, 0xA4A0, 0xF6C0, 0xFF80, 0xFF40, 0xF6E0, 0xCDC0, 0x9463, 0x7368, 0x7BEE,
    0x94D3, 0xAD77, 0xC639, 0xDEDB, 0xEF5D, 0xFFDE, 0xFFFF, 0xFFFF, 0xFFFF, 0xFFFF, 0xFFFF, 0xF7BE,
    0xEF9D, 0xEF7D, 0xDEDB, 0xBDF7, 0x6B2D, 0x4A49, 0x6B4D, 0x8410, 0x9CF3, 0xB596, 0xCE59, 0xDEFB,
    0xEF5D, 0xF7BE, 0xF7DE, 0xF7BE, 0xF79E, 0xE75C, 0xDEDB, 0xCE59, 0xBDD6, 0xA534, 0x9492, 0x83EF,
    0x6B4D, 0x5ACB, 0x4A49, 0x39C7, 0x3186, 0x2104, 0x18C3, 0x0861, 0x0041, 0x0000, 0x0000, 0x0000,
    0x0000, 0x0000, 0x0000, 0x31A6, 0x52AB, 0x736D, 0x6B4D, 0x6B2C, 0x6B6D, 0x738E, 0x7BCF, 0x738E,
    0x528A, 0x4228, 0x2104, 0x0841, 0x0000, 0x0000, 0x0000, 0x0020, 0x0000, 0x2104, 0x94B2, 0xDF7D,
    0xE77D, 0xA598, 0x5B52, 0x29F0, 0x1992, 0x29F6, 0x2A39, 0x325B, 0x327D, 0x3A9D, 0x3A9E, 0x3A9E,
    0x3A9E, 0x3A9E, 0x3A9E, 0x3A9E, 0x3A9E, 0x3A9E, 0x3A9E, 0x3A9E, 0x3A9E, 0x3A9E, 0x3A9E, 0x3A9E,
    0x3A9E, 0x3A9E, 0x3A9D, 0x3A7D, 0x3A7C, 0x3A5C, 0x325B, 0x321A, 0x0000, 0x0000, 0x0000, 0x0000,
    0x0000, 0x0000, 0x0000, 0x0000, 0x0000, 0x0020, 0x0000, 0x9D34, 0xEFBE, 0xB638, 0x7C50, 0x3165,
    0x40E5, 0x3002, 0x0000, 0x0000, 0x0000, 0x9025, 0xE808, 0x8005, 0x5141, 0x7380, 0xA540, 0xCE20,
    0xDE80, 0xD660, 0xAD80, 0x62C0, 0x20A0, 0xFF00, 0xFF20, 0xF6E0, 0xF6E0, 0xFF00, 0xFF00, 0xFF20,
    0xFF20, 0xFF20, 0xFF20, 0xDE80, 0xAD40, 0x7BA0, 0xACE0, 0xFF60, 0xFF00, 0xFF00, 0xFFA0, 0x7B80,
    0x4101, 0x7AE1, 0x9C40, 0xBDC0, 0xE6C0, 0xFF60, 0xFFC0, 0x3140, 0xBD40, 0xFF80, 0xFF00, 0xFF20,
    0xFF20, 0xFF00, 0xFF00, 0xFF40, 0xFF40, 0xFF00, 0xFF20, 0xFF00, 0xFFE0, 0x7340, 0x2100, 0xFF60,
    0xFF00, 0xFF20, 0xFF00, 0xFF60, 0xD620, 0x83E0, 0x8C60, 0xE6A0, 0xFF60, 0xFF00, 0xFEE0, 0xFF80,
    0xD620, 0x0801, 0x7B60, 0xFFC0, 0xFF60, 0xFF60, 0xFF80, 0x9C60, 0xC5A0, 0xBD83, 0xA4C7, 0x8C4C,
    0x8431, 0x9D16, 0xC63A, 0xE73C, 0xF7BE, 0xFFFF, 0xFFFF, 0xFFFF, 0xFFFF, 0xFFDF, 0xF79E, 0xEF7D,
    0xE75C, 0xE73C, 0xE73C, 0xE75C, 0xEF7D, 0xE71C, 0xC658, 0xCE59, 0xD69A, 0xE75C, 0xEF7D, 0xEF9D,
    0xEF7D, 0xE75C, 0xD6BA, 0xBDF7, 0xA534, 0x8C51, 0x83EF, 0x6B2C, 0x5269, 0x39A7, 0x2104, 0x10A2,
    0x0041, 0x0000, 0x0000, 0x0000, 0x0000, 0x0000, 0x0000, 0x0000, 0x0000, 0x0000, 0x0800, 0x1800,
    0x2000, 0x2800, 0x2800, 0x2820, 0x2821, 0x2821, 0x3041, 0x4166, 0x5AAA, 0x8471, 0x9D95, 0xCEFB,
    0xE79D, 0xE75C, 0xDEFB, 0xD6BA, 0xE73C, 0xEF7D, 0xE75C, 0xCE79, 0x9CF3, 0x4A69, 0x2924, 0x0840,
    0x7C10, 0xCEFB, 0xD617, 0xC2EB, 0xB083, 0xA004, 0xA868, 0xB0EB, 0xB12C, 0xA92C, 0xA12C, 0xA12C,
    0xA12C, 0x992C, 0x992C, 0x992C, 0x992C, 0x992D, 0x912E, 0x914E, 0x914E, 0x894F, 0x894F, 0x814F,
    0x8170, 0x8170, 0x7970, 0x7970, 0x7970, 0x7971, 0x7971, 0x7992, 0x7992, 0x7193, 0x71B3, 0x69B4,
    0x0000, 0x0000, 0x0000, 0x0000, 0x0000, 0x0000, 0x0000, 0x0000, 0x0000, 0x0000, 0x0000, 0x4187,
    0x6146, 0x7024, 0x9804, 0xC006, 0xD808, 0xD027, 0x1000, 0x0000, 0xA026, 0xD008, 0x3882, 0x8460,
    0xEF20, 0xFFA0, 0xFF60, 0xFF40, 0xFF20, 0xFF40, 0xFF80, 0xFFA0, 0xB540, 0xEE80, 0xFF60, 0xFF80,
    0xFFA0, 0xFF40, 0xFF00, 0xFF20, 0xFF00, 0xFF80, 0x7B80, 0x4862, 0x8005, 0x6005, 0x7340, 0xFFA0,
    0xFF00, 0xFF20, 0xFF20, 0xF6C0, 0xF700, 0xFFA0, 0xFFA0, 0xFF60, 0xFF20, 0xF6E0, 0xF720, 0x3160,
    0xB520, 0xFF80, 0xFF00, 0xFF20, 0xFF20, 0xFF60, 0xEEE0, 0xBDE0, 0xCE00, 0xFF40, 0xFF20, 0xFF00,
    0xFF40, 0xDE40, 0x0000, 0xA4C0, 0xFFA0, 0xF6E0, 0xFF20, 0xFF00, 0xFF40, 0xFFA0, 0xFF80, 0xFF40,
    0xFF00, 0xFEE0, 0xFF80, 0xDEC0, 0x4161, 0x8006, 0x8381, 0xEF00, 0xBD40, 0x9C82, 0x83E6, 0x738B,
    0x8430, 0xA515, 0xBDF9, 0xDF1D, 0xFFDF, 0xFFFF, 0xFFFF, 0xFFFF, 0xFFFF, 0xF7BE, 0xEF7D, 0xD6BA,
    0xE71C, 0xE75C, 0xEF5D, 0xEF9D, 0xF7BE, 0xF7DE, 0xFFFF, 0xFFFF, 0xEF9D, 0xC618, 0xDEDB, 0xDEDB,
    0xC618, 0xA554, 0x8C51, 0x738E, 0x4A69, 0x2945, 0x2104, 0x2925, 0x39A7, 0x31C7, 0x0000, 0x0000,
    0x0000, 0x0000, 0x0000, 0x1000, 0x2800, 0x4000, 0x5020, 0x6821, 0x7841, 0x9041, 0xA041, 0xB041,
    0xC041, 0xD041, 0xD841, 0xE841, 0xE841, 0xE841, 0xE821, 0xE821, 0xE821, 0xE821, 0xE801, 0xD000,
    0xB000, 0x9000, 0x7000, 0x68E4, 0x7AEC, 0xAD96, 0xE79E, 0xFFFF, 0xDEFB, 0xDEDA, 0xEF9D, 0xFFFF,
    0xF7DE, 0xEF5C, 0xC618, 0x94F4, 0xC4D4, 0xB967, 0xD000, 0xE800, 0xF001, 0xF800, 0xF800, 0xF000,
    0xF000, 0xF000, 0xF000, 0xF000, 0xF000, 0xF800, 0xF800, 0xF800, 0xF000, 0xF000, 0xF000, 0xF000,
    0xF800, 0xF800, 0xF800, 0xF800, 0xF800, 0xF800, 0xF800, 0xF800, 0xF000, 0xF000, 0xF000, 0xF000,
    0xF000, 0xF000, 0xF020, 0xF020, 0x0000, 0x0000, 0x0000, 0x0000, 0x0000, 0x0000, 0x0000, 0x0000,
    0x0000, 0x2001, 0xB026, 0xC807, 0xC007, 0xB007, 0x8806, 0x6883, 0x3842, 0xD828, 0x5023, 0x6023,
    0xE028, 0x30C1, 0xC600, 0xFFA0, 0xFF20, 0xFEE0, 0xFF40, 0xFF80, 0xFF60, 0xFF00, 0xF6E0, 0xF6E0,
    0xFF60, 0xFF40, 0xDE60, 0xAD40, 0x7380, 0xB520, 0xFF60, 0xFF00, 0xFF00, 0xFFA0, 0x62C0, 0xB007,
    0xF889, 0xA827, 0x7360, 0xFFA0, 0xFF00, 0xFF20, 0xFF20, 0xFF20, 0xFF00, 0xF6E0, 0xFEE0, 0xFF20,
    0xFF60, 0xFF80, 0xFFC0, 0x3180, 0xB500, 0xFF80, 0xFF00, 0xFF20, 0xFF20, 0x6AE0, 0x50E2, 0x7024,
    0x4823, 0xA4C0, 0xFF80, 0xFF00, 0xFF20, 0xFF20, 0x4121, 0x2881, 0xCE20, 0xFFA0, 0xFF20, 0xFF00,
    0xF6E0, 0xF6E0, 0xF6E0, 0xFF00, 0xFF60, 0xFFA0, 0xBDE0, 0x3961, 0xB807, 0xC006, 0x0820, 0x39C4,
    0x630D, 0x94D5, 0xBDF9, 0xE71C, 0xFFDF, 0xFFFF, 0xFFFF, 0xFFFF, 0xF7BE, 0xEF7D, 0xE73C, 0xE73C,
    0xE73C, 0xEF7D, 0xCE79, 0xD6BA, 0xFFDF, 0xF7DE, 0xF7BE, 0xEF5D, 0xDEDB, 0xC618, 0xA534, 0x8C51,
    0x632C, 0x4228, 0x39A7, 0x18E3, 0x1062, 0x0000, 0x0000, 0x0000, 0x0861, 0x7BEF, 0xDEFB, 0xDF9D,
    0xAD95, 0x6A69, 0x6061, 0x8841, 0xA841, 0xC041, 0xD021, 0xE021, 0xE801, 0xF001, 0xF801, 0xF801,
    0xF801, 0xF801, 0xF801, 0xF001, 0xF001, 0xF001, 0xE801, 0xE801, 0xE801, 0xE801, 0xE801, 0xE801,
    0xE801, 0xE801, 0xE821, 0xE821, 0xF041, 0xF881, 0xF8A1, 0xE860, 0xD020, 0xA060, 0x81C5, 0x9490,
    0x9D16, 0xDEDD, 0xEFBF, 0xBD75, 0xF77E, 0xC65B, 0xA511, 0xBB27, 0xD940, 0xF160, 0xF1C1, 0xEA01,
    0xE9E1, 0xE9E1, 0xE9E1, 0xEA21, 0xEA41, 0xEA41, 0xEA41, 0xEA61, 0xEA61, 0xEA61, 0xEA41, 0xEA41,
    0xEA01, 0xE9E1, 0xE9E1, 0xE9E1, 0xE9C1, 0xE9A1, 0xE961, 0xE921, 0xE8E1, 0xE8E1, 0xE8A1, 0xE881,
    0xE841, 0xE821, 0xE801, 0xE801, 0xE801, 0xE801, 0xE801, 0xE801, 0x0000, 0x0000, 0x0000, 0x0000,
    0x0000, 0x0000, 0x0000, 0x0000, 0x0000, 0x7024, 0xD828, 0x5082, 0x5A21, 0x7380, 0x9D00, 0xD6C0,
    0x8460, 0x7805, 0xC847, 0xD028, 0x5803, 0xA520, 0xFFA0, 0xF6E0, 0xFF00, 0xFF60, 0xC5E0, 0x8C60,
    0xBD80, 0xFFA0, 0xFFA0, 0xFF80, 0xEF40, 0x9D00, 0x2061, 0x8805, 0x5004, 0x7BA0, 0xFFA0, 0xFF00,
    0xFF00, 0xFFA0, 0x6B20, 0x9806, 0xE068, 0xA006, 0x7320, 0xFFA0, 0xFF00, 0xFF20, 0xFF00, 0xFF20,
    0xFF80, 0xFFA0, 0xFF60, 0xDEA0, 0xBD80, 0x9420, 0x7AA1, 0x2041, 0xAD00, 0xFF80, 0xFF00, 0xFF20,
    0xFF40, 0x4101, 0xC808, 0xE868, 0xB007, 0x5A80, 0xFF80, 0xFF00, 0xFF00, 0xFF80, 0x6AA0, 0x9006,
    0x40A2, 0x8CA0, 0xEF00, 0xFF80, 0xFFA0, 0xFFA0, 0xFF80, 0xF720, 0xBDE0, 0x6320, 0x5043, 0xC006,
    0xB847, 0x7229, 0x94D3, 0xDEFB, 0xFFFF, 0xFFFF, 0xFFFF, 0xFFFF, 0xFFFF, 0xEF5D, 0xE73C, 0xE73C,
    0xEF7D, 0xEF9E, 0xF7DE, 0xF7DF, 0xF7BE, 0xDEFB, 0xBDD7, 0xC658, 0xA534, 0x8C51, 0x6B4D, 0x4A49,
    0x2966, 0x2104, 0x2124, 0x2945, 0x2965, 0x31A6, 0x20E4, 0x1062, 0x0000, 0x0000, 0x0000, 0x39E7,
    0xDEFB, 0xFFFF, 0xC5D7, 0x99C8, 0xA800, 0xD800, 0xF801, 0xF801, 0xF801, 0xF001, 0xF001, 0xE801,
    0xE861, 0xE8A1, 0xE101, 0xE161, 0xE1A1, 0xE1C1, 0xEA61, 0xEAA1, 0xEAC1, 0xEB41, 0xEBC1, 0xF421,
    0xF441, 0xF4E1, 0xF541, 0xF561, 0xF5C1, 0xFE20, 0xFE60, 0xFEA0, 0xFEC0, 0xFF20, 0xFF40, 0xFF60,
    0xFF80, 0xFFA0, 0xFF40, 0xE6C0, 0xBDC0, 0x9D29, 0xCD2F, 0xE920, 0xB4B0, 0xC628, 0xF740, 0xFFC0,
    0xFFE0, 0xFFE0, 0xFFE0, 0xFFE0, 0xFFE0, 0xFFE0, 0xFFE0, 0xFFE0, 0xFFE0, 0xFFE0, 0xFFE0, 0xFFE0,
    0xFFE0, 0xFFE0, 0xFFE0, 0xFFE0, 0xFFE0, 0xFFE0, 0xFFE0, 0xFFE0, 0xFFE0, 0xFFC0, 0xFFA0, 0xFF60,
    0xFF40, 0xF720, 0xF700, 0xF6C1, 0xF681, 0xF641, 0xF621, 0xF5C1, 0xF561, 0xF541, 0xF501, 0xF481,
    0x0000, 0x0000, 0x0000, 0x0000, 0x0000, 0x0000, 0x0000, 0x0000, 0x0000, 0xC047, 0x7805, 0x84A0,
    0xFFE0, 0xFF80, 0xFF80, 0xFF60, 0xEEE0, 0x40C1, 0xE028, 0xC808, 0x4981, 0xFF40, 0xFF00, 0xFF00,
    0xFF80, 0x83E0, 0x4803, 0xA006, 0x4803, 0x9C80, 0x9C40, 0x72A1, 0x5942, 0x5843, 0xA806, 0xF869,
    0x9026, 0x7BC0, 0xFFA0, 0xFF00, 0xFF00, 0xFFA0, 0x6B20, 0x9806, 0xE868, 0xA807, 0x6AE0, 0xFFA0,
    0xFF00, 0xFF00, 0xFF20, 0xE680, 0xACE0, 0x8341, 0x69A2, 0x5843, 0x4804, 0x4804, 0x5004, 0x3862,
    0xAD00, 0xFF80, 0xFF00, 0xFF00, 0xFF40, 0x59C1, 0xC007, 0x8845, 0xC007, 0x5A01, 0xFF60, 0xF6E0,
    0xFEE0, 0xFFC0, 0xA4E0, 0x8005, 0xE829, 0x6804, 0x5122, 0x62A0, 0x6B20, 0x6B20, 0x6280, 0x5962,
    0x6824, 0xB007, 0xD006, 0xB1EB, 0xB5B6, 0xF7FF, 0xFFFF, 0xFFFF, 0xFFFF, 0xFFFF, 0xCE99, 0xCE79,
    0xEF7D, 0xEF9D, 0xF7BE, 0xEF7C, 0xDEDA, 0xCE17, 0xAD33, 0x8C30, 0x6B2C, 0x4A49, 0x2966, 0x10A3,
    0x1061, 0x0000, 0x0000, 0x1061, 0x6B2B, 0xA513, 0xCE58, 0xDF1B, 0xDF1C, 0xD6BA, 0xCE59, 0xD69A,
    0xC617, 0x8C51, 0x738E, 0xE71C, 0xD6BC, 0x8ACA, 0xB8A0, 0xE900, 0xFA21, 0xEAC1, 0xEB81, 0xEC01,
    0xECE1, 0xF561, 0xF600, 0xFE80, 0xFF00, 0xFF60, 0xFFA0, 0xFFE0, 0xFFE0, 0xFFE0, 0xFFE0, 0xFFE0,
    0xFFE0, 0xFFE0, 0xFFE0, 0xFFE0, 0xF7E0, 0xF7E0, 0xF7A0, 0xEF80, 0xEF60, 0xEF60, 0xEF40, 0xE720,
    0xDEC0, 0xD680, 0xCE61, 0xC641, 0xCE41, 0xB5C2, 0xBDE3, 0xD684, 0xDEE5, 0xE680, 0xF3A0, 0xA364,
    0x94E3, 0xC622, 0xC624, 0xBE04, 0xBDE3, 0xBDE3, 0xBDE3, 0xBDE3, 0xBDE3, 0xBDE3, 0xBDE3, 0xBDE3,
    0xBDC3, 0xBDE3, 0xBDE3, 0xBDE3, 0xBDE3, 0xC5E3, 0xC5E2, 0xC602, 0xD642, 0xD662, 0xDE81, 0xDEA1,
    0xE6C0, 0xEF00, 0xF740, 0xF760, 0xFF80, 0xFFA0, 0xFFC0, 0xFFE0, 0xFFE0, 0xFFE0, 0xFFE0, 0xFFE0,
    0xFFE0, 0xFFE0, 0xFFE0, 0xFFE0, 0x0000, 0x0000, 0x0000, 0x0000, 0x0000, 0x0000, 0x0000, 0x0000,
    0x2021, 0xE008, 0x4882, 0xE6A0, 0xFF20, 0xF6E0, 0xFF00, 0xF6E0, 0xFFA0, 0x7380, 0x9006, 0xC007,
    0x5A80, 0xFF80, 0xFF00, 0xFF00, 0xFF80, 0x8C00, 0x50A2, 0x7884, 0x4862, 0x0000, 0x2002, 0x7005,
    0xC808, 0xF829, 0xA826, 0xA846, 0x9806, 0x7BA0, 0xFFA0, 0xFF00, 0xFF00, 0xFFA0, 0x7340, 0x9806,
    0xE868, 0xA807, 0x5A80, 0xFF80, 0xFF00, 0xFF00, 0xFFA0, 0x8C20, 0x1802, 0x5004, 0x5003, 0x6122,
    0x72A1, 0x9420, 0xBDC0, 0xCE00, 0xC580, 0xFF60, 0xFF00, 0xFF00, 0xFF60, 0x59E1, 0xC808, 0x7044,
    0xD008, 0x48E2, 0xF740, 0xFFA0, 0xFF40, 0xDEA0, 0x9D00, 0x1840, 0xC027, 0xF049, 0xD008, 0xC008,
    0xB007, 0xB007, 0xC007, 0xD007, 0xC827, 0x7803, 0x72CC, 0xCF1B, 0xFFFF, 0xFFFF, 0xFFFF, 0xFFFF,
    0xFFDF, 0xEF5D, 0xCE59, 0xA534, 0xAD75, 0x9CF3, 0x6B90, 0x42AE, 0x2A4E, 0x11EE, 0x018F, 0x0190,
    0x01B1, 0x01D2, 0x0191, 0xC618, 0x6C14, 0x01D2, 0x0A12, 0x01D0, 0x09AD, 0x19CC, 0x21CB, 0x632E,
    0xAD54, 0xF77C, 0xFFFF, 0xF7DF, 0xD6BB, 0xD6BA, 0xE73E, 0xAD75, 0x9CC2, 0xF6C0, 0xFFA0, 0xFFE0,
    0xFFE0, 0xFFE0, 0xFFE0, 0xFFE0, 0xFFE0, 0xFFE0, 0xF780, 0xE700, 0xDEC1, 0xCE62, 0xC623, 0xBDC4,
    0xAD65, 0x9D26, 0x94E7, 0x84A7, 0x8489, 0x9D2C, 0x8CAC, 0xC60F, 0xDE92, 0xCE52, 0xE6D4, 0xE6F5,
    0xEF17, 0xE738, 0xE739, 0xD6B9, 0xBE19, 0x7C78, 0x6C38, 0x953A, 0xB5FB, 0x953B, 0xC65C, 0xDF1F,
    0xDF16, 0xEE62, 0xE6F4, 0x2B59, 0x0A56, 0x01D6, 0x01D6, 0x01F6, 0x0216, 0x0216, 0x0216, 0x0236,
    0x0236, 0x0237, 0x0237, 0x0237, 0x0237, 0x0237, 0x0236, 0x0236, 0x0236, 0x0236, 0x0216, 0x0236,
    0x0255, 0x0A55, 0x0A55, 0x0A74, 0x1273, 0x1AB3, 0x22B2, 0x2AF2, 0x3310, 0x434F, 0x4B6E, 0x538D,
    0x63EB, 0x6C0B, 0x7449, 0x84A8, 0x9CE7, 0xA546, 0xAD85, 0xBDC4, 0x0000, 0x0000, 0x10A2, 0x5AEB,
    0x2104, 0x0000, 0x0800, 0x0000, 0x7024, 0xC008, 0x5240, 0xFF80, 0xFF00, 0xFF20, 0xFF20, 0xFF00,
    0xFF40, 0xD640, 0x5062, 0xC808, 0x5200, 0xFF60, 0xFF00, 0xFF20, 0xFF00, 0xFF60, 0xE6C0, 0xD660,
    0xDE60, 0xE660, 0xC5C0, 0x8C20, 0x4961, 0x8805, 0xC027, 0xA846, 0xA006, 0x7380, 0xFFA0, 0xFF00,
    0xFF00, 0xFFA0, 0x7BA0, 0x9806, 0xE868, 0xA807, 0x5A80, 0xFF80, 0xFF00, 0xFF00, 0xFF60, 0xBD40,
    0x7B40, 0xAD20, 0xCE40, 0xEF20, 0xFF80, 0xFF80, 0xFF80, 0xEEA0, 0xBD60, 0xFF40, 0xF6E0, 0xFF00,
    0xFFA0, 0x6221, 0xC808, 0x5023, 0xC027, 0x7804, 0x5B40, 0x7340, 0x59A1, 0x6083, 0x8005, 0xB026,
    0xD828, 0xD828, 0x6823, 0x4842, 0x6043, 0x5002, 0x58A4, 0x3083, 0x0001, 0x5B8E, 0xEFBE, 0xFFFF,
    0xFFFF, 0xEF5C, 0xCE79, 0xAD75, 0x9D32, 0x94D1, 0xA4F4, 0x94D3, 0xB5D7, 0x9CF4, 0x01B1, 0x2AF6,
    0x0256, 0x02B8, 0x1AF8, 0x0AB8, 0x0AD8, 0x0278, 0x4B96, 0xBE19, 0x0A36, 0x0AB8, 0x02B8, 0x12D9,
    0x12F9, 0x12D8, 0x6439, 0x22B5, 0x012F, 0x21ED, 0x6BD1, 0xCDB4, 0xDB24, 0xBDF6, 0xAD2C, 0xBDA0,
    0xF760, 0xDEC2, 0xC623, 0xADA5, 0x94A4, 0x7C48, 0x6C0B, 0x538D, 0x434E, 0x2AB0, 0x6BF2, 0xDEB8,
    0x1A32, 0x0236, 0x0236, 0x0217, 0x0217, 0x0218, 0x01F8, 0x0218, 0x0218, 0x0A99, 0x0A79, 0x231A,
    0x43DB, 0x335A, 0xA5BE, 0x5C3B, 0xBE5E, 0xD6FF, 0xDF1F, 0xFFFF, 0xFFFF, 0xFFFF, 0xFFFF, 0xFFFF,
    0xFFFF, 0xFFFF, 0xFFFF, 0xFFF7, 0xFFA2, 0xFFF6, 0xDF5F, 0xEF5E, 0xA5DC, 0x4378, 0x647A, 0x5C39,
    0x1297, 0x12D7, 0x1AF8, 0x0278, 0x0297, 0x0256, 0x0256, 0x0297, 0x0297, 0x0297, 0x0297, 0x0297,
    0x0297, 0x0297, 0x0AB7, 0x0297, 0x0277, 0x0277, 0x0257, 0x0237, 0x0238, 0x0258, 0x0278, 0x0217,
    0x0218, 0x01F8, 0x01F8, 0x01F8, 0x0218, 0x0218, 0x0218, 0x01D8, 0x01D8, 0x01B7, 0x0237, 0x0237,
    0x0000, 0x0000, 0x0841, 0x2104, 0x0000, 0x0000, 0x0000, 0x0000, 0xB847, 0x8005, 0x9480, 0xFF80,
    0xFF00, 0xFF20, 0xFF20, 0xFF20, 0xFF00, 0xFF80, 0x5AA0, 0xB007, 0x5063, 0xD640, 0xFF60, 0xF6E0,
    0xFF00, 0xFF00, 0xFF20, 0xFF40, 0xFF40, 0xFF40, 0xFF60, 0xFFA0, 0xEF40, 0x52C0, 0x8805, 0xF869,
    0x9806, 0x7340, 0xFFA0, 0xFF00, 0xFF00, 0xFFA0, 0x83E0, 0x9006, 0xE868, 0xB007, 0x5A60, 0xFF80,
    0xFF00, 0xFF20, 0xFF00, 0xFF40, 0xFFA0, 0xFF80, 0xFF40, 0xFF00, 0xF6E0, 0xF6E0, 0xFF00, 0xEE80,
    0xCDA0, 0xFFC0, 0xFF80, 0xF740, 0xD6C0, 0x39C0, 0xC808, 0x4823, 0x4803, 0xF028, 0x9806, 0xB807,
    0xD008, 0xD008, 0xB026, 0x8025, 0x4803, 0x2001, 0x0842, 0x0001, 0x0000, 0x3207, 0x5B4D, 0x08C5,
    0x7C10, 0xDE9A, 0xAD75, 0x8431, 0x5AEC, 0x320B, 0x630F, 0xA929, 0xCA89, 0xE5D1, 0xFFFB, 0xFFB9,
    0xB5B7, 0xDEDB, 0xE77E, 0xFFFF, 0x953B, 0xBE5C, 0x5C39, 0x01D6, 0x0257, 0x01F5, 0xB5D8, 0x3335,
    0x0257, 0x0276, 0x01F6, 0x5C19, 0x4BD9, 0x1297, 0x3B78, 0x12B8, 0x1AF9, 0x0258, 0x0214, 0xDBC0,
    0x8BCA, 0x2A92, 0x5BAE, 0x4B92, 0x1273, 0x0A35, 0x0257, 0x0131, 0x7C34, 0x84D9, 0x0197, 0x0259,
    0x0258, 0x0259, 0x0A35, 0xE75C, 0x84D7, 0x09F4, 0x0297, 0x02B7, 0x0A97, 0x12D7, 0x1AF7, 0x0297,
    0x0AB7, 0x0296, 0x0296, 0x0276, 0x0236, 0x0276, 0x0256, 0x0236, 0x0236, 0x12B7, 0x1AD7, 0x4BB8,
    0xB61C, 0xF79E, 0xFFDF, 0xFFFF, 0xFFFF, 0xF7DF, 0xF7B6, 0xF784, 0xFFD8, 0xFFDF, 0xFFFF, 0xFFFF,
    0xFFFF, 0xFFFF, 0xFFFF, 0xE75E, 0x8D3D, 0xC67D, 0xC659, 0x9556, 0x32F6, 0x647B, 0x74DC, 0x1AB7,
    0x0277, 0x12B7, 0x0277, 0x12B7, 0x1AD7, 0x22D7, 0x0216, 0x12B7, 0x22D7, 0x3358, 0x4BB9, 0x9D9B,
    0x9D7A, 0xADFB, 0xB63C, 0x6C5A, 0x9D9B, 0x6CBA, 0x5439, 0x6459, 0x6439, 0x3B58, 0x22F7, 0x4BD8,
    0x3B98, 0x5C39, 0x0A97, 0x0277, 0x0000, 0x0000, 0x0000, 0x0000, 0x0000, 0x0000, 0x0000, 0x2001,
    0xE008, 0x4862, 0xDE60, 0xFF40, 0xFF00, 0xFF20, 0xFF20, 0xFF20, 0xFF00, 0xFF60, 0xB580, 0x6004,
    0xB007, 0x3A00, 0xE700, 0xFFA0, 0xFF60, 0xFF40, 0xFF40, 0xFF20, 0xFF00, 0xFF00, 0xFF00, 0xF6E0,
    0xFF40, 0xF720, 0x3921, 0xD828, 0xA807, 0x6B00, 0xFFA0, 0xFF00, 0xFF00, 0xFFA0, 0x8C20, 0x8806,
    0xE868, 0xB807, 0x6240, 0xFF80, 0xFF00, 0xFF20, 0xFF00, 0xFF00, 0xF6E0, 0xF6E0, 0xFF00, 0xFF40,
    0xFF80, 0xFFA0, 0xFFA0, 0xDE80, 0x8C60, 0x94C0, 0x6B00, 0x59A1, 0x6083, 0x8825, 0xF029, 0x6003,
    0x2020, 0x7024, 0x9846, 0x6023, 0x3022, 0x0800, 0x0021, 0x0000, 0x0021, 0x0021, 0x0001, 0x4209,
    0xAD34, 0x630D, 0x10A6, 0x2147, 0x52AB, 0x1107, 0x00C8, 0x00EB, 0x00C9, 0x012D, 0x6394, 0x6150,
    0x808D, 0xE169, 0xE2CB, 0xD22B, 0xD69A, 0xFFFF, 0xFFFF, 0xFFFF, 0xFFFF, 0xF7DF, 0xB61C, 0x4BD9,
    0x4BD9, 0x84F8, 0xC659, 0x01F5, 0x0257, 0x3B99, 0x645A, 0x0236, 0x0277, 0x2B38, 0x0256, 0x22D7,
    0x1AD7, 0x0239, 0xB529, 0xA48A, 0x0259, 0x1AD8, 0x231A, 0x0AB9, 0x0278, 0x0297, 0x0298, 0x09F0,
    0xC5D5, 0x6435, 0x0236, 0x0AB7, 0x0A96, 0x0A97, 0x0216, 0x53B5, 0xE71A, 0xE6DA, 0x4333, 0x0257,
    0x0278, 0x1A73, 0x63B5, 0x5B4F, 0x0235, 0x0297, 0x0297, 0x0297, 0x0297, 0x0297, 0x0277, 0x0277,
    0x0297, 0x0277, 0x02B7, 0x0236, 0x0A77, 0x3358, 0x84FB, 0xC69C, 0x957E, 0xFFF6, 0xFFC5, 0xFFFA,
    0xFFFF, 0xFFFF, 0xFFFF, 0xFFFF, 0xFFFF, 0xFFFF, 0xFFFF, 0xE75D, 0xD68D, 0xDEA4, 0xE703, 0xF744,
    0xDEA3, 0xDEA7, 0xD694, 0xDF1F, 0xC67D, 0xDF3E, 0xD6DD, 0xE75E, 0xE73E, 0xB5FC, 0x8D1B, 0xD6DD,
    0xEF7E, 0xEF9E, 0xFFFF, 0xBDB5, 0x5AAA, 0x94B1, 0xFFFF, 0xFFFF, 0xFFFF, 0xFFFF, 0xFFFF, 0xFFFF,
    0xD6DD, 0xEF7E, 0xE77E, 0xFFDF, 0xF7BF, 0xD6FE, 0xB63C, 0xC69D, 0x0000, 0x0000, 0x0000, 0x0000,
    0x0000, 0x0000, 0x0000, 0x6824, 0xC808, 0x5200, 0xFF80, 0xFF00, 0xFF60, 0xD5E0, 0xACE0, 0xFF80,
    0xFF00, 0xFF00, 0xFF60, 0x49A0, 0xC808, 0xA006, 0x4101, 0x8400, 0xC5A0, 0xDE40, 0xDE80, 0xE6C0,
    0xF720, 0xFF80, 0xFF20, 0xFF20, 0xF6E0, 0xFFA0, 0x7380, 0xA006, 0xB807, 0x62A0, 0xFF80, 0xFF00,
    0xFF00, 0xFFA0, 0x8C40, 0x8005, 0xE868, 0xB807, 0x5A21, 0xFF60, 0xF6E0, 0xFF00, 0xFF20, 0xFF60,
    0xFF80, 0xFFA0, 0xF740, 0xD660, 0xA540, 0x7BC0, 0x6241, 0x58E2, 0x7004, 0x9806, 0xB807, 0xC808,
    0xC008, 0xA005, 0x7004, 0x28C4, 0xB021, 0x8000, 0x6823, 0x5026, 0x0000, 0x0000, 0x0022, 0x0821,
    0x0821, 0x0000, 0x634F, 0xF79D, 0x8453, 0x0002, 0x00A7, 0x00E8, 0x010C, 0x012C, 0x01AF, 0x018D,
    0x09AF, 0x01F3, 0x3AF3, 0x62CF, 0x10D2, 0x48CF, 0x582E, 0x9290, 0xDF3C, 0xEF7D, 0xD6BB, 0xFFFF,
    0xFFFF, 0xFFFF, 0xFFFF, 0xFFFF, 0xFFFF, 0xEF3B, 0x7477, 0x1AB8, 0x1A74, 0x7457, 0x641A, 0x8D3B,
    0x4399, 0x4BD9, 0x0A97, 0x3358, 0x0259, 0x7CAF, 0xAD88, 0x0239, 0x12B7, 0x3378, 0x0276, 0x0276,
    0x0297, 0x0277, 0x2318, 0x12B7, 0x1AB6, 0x0256, 0x0297, 0x0AB7, 0x43B9, 0x0297, 0x12F8, 0x0A55,
    0xD6BB, 0x94D4, 0x1A11, 0x1297, 0x22F6, 0x0257, 0x0255, 0x1253, 0x0276, 0x0277, 0x0236, 0x0277,
    0x0297, 0x0277, 0x12D7, 0x3B78, 0x12B7, 0x0A97, 0x4B33, 0x0A96, 0x0297, 0x0256, 0x0296, 0x01D9,
    0x5C11, 0xD6C6, 0x4376, 0x9DBD, 0xD6FD, 0xBE5D, 0xFFFF, 0xCE58, 0xA4F2, 0xFFDF, 0xDED9, 0xCE43,
    0xF787, 0xFFF6, 0xFFFD, 0xFFFE, 0xFFFC, 0xFFF3, 0xE724, 0xCE4A, 0xF7BF, 0xFFFF, 0xFFFF, 0xFFFF,
    0xFFFF, 0xFFFF, 0xFFFF, 0xFFFF, 0xFFFF, 0xFFFF, 0xFFFF, 0xA514, 0x39C7, 0x8410, 0xFFFF, 0xFFDF,
    0xFFFF, 0xFFFF, 0xFFFF, 0xFFFF, 0xFFFF, 0xFFFF, 0xFFDE, 0xFFFF, 0xFFFF, 0xBE5D, 0xE75E, 0xFFFF,
    0x0000, 0x0000, 0x0000, 0x0000, 0x0000, 0x0000, 0x0000, 0xB046, 0x8805, 0x8C60, 0xFFA0, 0xF6E0,
    0xFFA0, 0x9440, 0x2960, 0xFF80, 0xFF00, 0xFF00, 0xFF80, 0x94A0, 0x6804, 0xF849, 0xD008, 0x7805,
    0x2802, 0x1000, 0x5883, 0x60E2, 0x5942, 0x83A0, 0xFF40, 0xFF00, 0xFF00, 0xFF80, 0x9460, 0x9006,
    0xB807, 0x5AA0, 0xFF80, 0xFF00, 0xFF00, 0xFF80, 0x8C40, 0x8005, 0xE868, 0xC007, 0x6201, 0xFFC0,
    0xFF80, 0xFF80, 0xE6E0, 0xBDE0, 0x8C80, 0x6AE0, 0x5981, 0x6063, 0x8005, 0xA807, 0xC008, 0xC808,
    0xB047, 0x9004, 0x6803, 0x4802, 0x5000, 0x6165, 0xA618, 0xB208, 0xE820, 0xF821, 0xF021, 0xC027,
    0x6069, 0x0084, 0x0042, 0x0000, 0x0001, 0x634E, 0xBDD7, 0x1927, 0x0067, 0x014B, 0x012B, 0x014C,
    0x016C, 0x016D, 0x01D0, 0x018F, 0x01F2, 0x0213, 0x0214, 0x8453, 0x62B2, 0x4A53, 0x4AD3, 0x4B95,
    0xEF5F, 0xEF7D, 0xAD76, 0xFFFF, 0xFFFF, 0xFFFF, 0xF7DF, 0xFFFF, 0xE73C, 0xCE79, 0xCE9B, 0xEF9F,
    0x8CF8, 0xA579, 0xB61D, 0x955B, 0x4B77, 0x5BF8, 0x0257, 0x3319, 0x2B14, 0x9D6A, 0x0A57, 0x0A76,
    0x0297, 0x0257, 0x0297, 0x0297, 0x0277, 0x0277, 0x3B99, 0x0AB8, 0x0277, 0x0297, 0x0297, 0x0297,
    0x0297, 0x0214, 0x63F7, 0x01F6, 0xB5F9, 0x42F2, 0x63B3, 0x4B53, 0x5395, 0x0257, 0x1AF7, 0x2B58,
    0x0257, 0x749A, 0x5C19, 0x0A97, 0x0297, 0x0277, 0x12B7, 0x2318, 0x3B78, 0x12B7, 0x0255, 0x0297,
    0x0277, 0x1AF7, 0x0239, 0x53D1, 0xC607, 0x1A96, 0x0238, 0x0276, 0x0A57, 0x4BD9, 0xA5BB, 0x5351,
    0x114A, 0x8CF8, 0xDEA2, 0xFFED, 0xFFFF, 0xE77F, 0xD6DB, 0xD69B, 0xD6BB, 0xEF5F, 0xFFFF, 0xF787,
    0xC60A, 0xF7BF, 0xFFFF, 0xFFDF, 0xFFFF, 0xFFFF, 0xE75D, 0xD6DB, 0xF7BE, 0xF7DF, 0xFFFF, 0x94B2,
    0x4208, 0x6B6D, 0xFFFF, 0xFFDF, 0xFFFF, 0xFFFF, 0xFFFF, 0xFFFF, 0xFFFF, 0xEF9D, 0x9492, 0xB5B6,
    0xFFFF, 0xFFFF, 0xFFFF, 0xFFFF, 0x0000, 0x0000, 0x0000, 0x0000, 0x0000, 0x0000, 0x1801, 0xE008,
    0x5043, 0xD640, 0xFF40, 0xF6E0, 0xFFA0, 0x72E1, 0x2802, 0xD620, 0xFF60, 0xFF00, 0xFF20, 0xEF00,
    0x38C1, 0x6004, 0x5922, 0x7261, 0x9440, 0x41A0, 0xB007, 0xF009, 0xA807, 0x30C1, 0xF720, 0xFF20,
    0xF6E0, 0xFFA0, 0x7BA0, 0x9806, 0xC007, 0x5A80, 0xFF60, 0xF6E0, 0xF6E0, 0xFFA0, 0x9CA0, 0x7805,
    0xE848, 0xC007, 0x3960, 0xA540, 0x7BA0, 0x5A21, 0x58E2, 0x7024, 0x9806, 0xB807, 0xD008, 0xC007,
    0xA026, 0x7844, 0x5822, 0x6041, 0x6000, 0x83F0, 0xA54E, 0xD5A0, 0xCD40, 0xEF1C, 0xE6D9, 0xC080,
    0xF001, 0xD021, 0xD821, 0xE820, 0xB848, 0x4006, 0x0064, 0x5ACC, 0xBDB6, 0x94D4, 0x1928, 0x00C9,
    0x012B, 0x010A, 0x016D, 0x018E, 0x018E, 0x01D1, 0x01D1, 0x0234, 0x0234, 0x0234, 0x0255, 0x7435,
    0x22D5, 0x2AF5, 0x12B6, 0x0277, 0xA5DC, 0x6C7A, 0xDF5F, 0xFFFF, 0xF7DF, 0xEF7E, 0xFFFF, 0xEF9E,
    0xD69A, 0xD6DA, 0xF7BE, 0xFFFF, 0xF7FF, 0xEF7E, 0xEF9F, 0xBE19, 0x7BF1, 0xEF5C, 0x9DBC, 0x3B58,
    0xADF1, 0x647A, 0x1A32, 0x4A8C, 0x01D5, 0x53F9, 0x1AD7, 0x0257, 0x12B7, 0x0AB7, 0x0235, 0x1296,
    0x0297, 0x0297, 0x0297, 0x0298, 0x01B0, 0x73AF, 0xAD75, 0x2210, 0x2AF6, 0x7C11, 0x634E, 0x73D1,
    0x0236, 0x0277, 0x0A97, 0x12B7, 0x0277, 0x0A97, 0x43B9, 0x0A97, 0x0257, 0x0297, 0x0277, 0x0277,
    0x0236, 0x3B78, 0x1AF8, 0x0277, 0x0296, 0x1299, 0x63F1, 0xADA9, 0x1297, 0x0278, 0x0AB7, 0x0297,
    0x0277, 0x0277, 0x0277, 0x0256, 0x0239, 0x7C66, 0xFFE8, 0xFFFF, 0xDEDA, 0xD492, 0xF719, 0xF7FB,
    0xEFBD, 0xCE9A, 0xDEFC, 0xFFFE, 0xE702, 0xD6B6, 0xFFFF, 0xFFFF, 0xF7BE, 0x8C71, 0xA514, 0x9492,
    0xFFFF, 0xFFFF, 0xEF9D, 0x4A69, 0x738E, 0x4A49, 0xC618, 0xFFFF, 0xFFFF, 0xFFFF, 0xFFFF, 0xFFFF,
    0xFFFF, 0xFFDF, 0xBDF7, 0xB596, 0xFFFF, 0xFFDF, 0xFFFF, 0xFFFF, 0x0000, 0x0000, 0x0000, 0x0000,
    0x0000, 0x0000, 0x6023, 0xC808, 0x49E0, 0xFF60, 0xFF00, 0xFF20, 0xEF00, 0x38A1, 0x4004, 0x7360,
    0xFFA0, 0xFF00, 0xFF00, 0xFF40, 0xC5A0, 0xBDC0, 0xEF00, 0xFF60, 0xFFE0, 0xCDE0, 0x4121, 0x60E2,
    0x5A40, 0xC5C0, 0xFF40, 0xFF00, 0xFF00, 0xF740, 0x4141, 0xD008, 0xB807, 0x6280, 0xFFE0, 0xFF80,
    0xFF60, 0xE720, 0x6C00, 0x7004, 0xE048, 0xD028, 0x6804, 0x8005, 0xA807, 0xC808, 0xD008, 0xB006,
    0x9025, 0x6043, 0x3822, 0x4823, 0x8000, 0xA820, 0xD820, 0xE001, 0xCB20, 0xE737, 0xEF7A, 0xCE44,
    0xC650, 0xEFBF, 0xC5E8, 0xE740, 0xC2E1, 0xD001, 0xD821, 0xF000, 0xC800, 0x916A, 0xC638, 0xB597,
    0x428D, 0x0068, 0x012C, 0x01D0, 0x01D1, 0x016D, 0x01D1, 0x01D0, 0x01D1, 0x0234, 0x0213, 0x0255,
    0x0276, 0x0236, 0x0236, 0x6BF4, 0x0A96, 0x0257, 0x0277, 0x0277, 0x2AF8, 0x1AB7, 0x5419, 0x6C7A,
    0xB61C, 0xB61C, 0x5C1A, 0x9538, 0xEF7D, 0xD6BA, 0xFFDF, 0xFFFF, 0xFFFF, 0xFFFF, 0xFFFF, 0xF79D,
    0xEF5C, 0xC618, 0xDEDA, 0xFFFE, 0xDF3C, 0x643B, 0xB5F9, 0x9518, 0x851B, 0xB61C, 0x0236, 0x1A97,
    0x7CDB, 0x0256, 0x63B0, 0x630D, 0x01F4, 0x0297, 0x0276, 0x12D8, 0x31EA, 0xAD35, 0xEF5F, 0x8434,
    0x01B5, 0x5BD5, 0x4312, 0x3B16, 0x1AB5, 0x22F8, 0x22F8, 0x12B7, 0x0257, 0x1AD7, 0x22F8, 0x1AF8,
    0x2B58, 0x0257, 0x0297, 0x0297, 0x0A97, 0x0297, 0x0A97, 0x0296, 0x0239, 0x53D1, 0x9D4A, 0x0A57,
    0x0277, 0x0256, 0x0297, 0x0297, 0x0297, 0x0297, 0x0297, 0x0298, 0x0A54, 0xE6C0, 0xFFF9, 0xE77E,
    0xA2AF, 0xFB2F, 0xFB0C, 0xFD2E, 0xFE32, 0xFE94, 0xCE77, 0xEF9F, 0xFFF1, 0xCE47, 0xFFFF, 0xE71B,
    0xDF1C, 0x9492, 0x8430, 0xDEFB, 0xF79E, 0xCE79, 0x3166, 0x8C71, 0x7BCF, 0xA534, 0x2925, 0xAD75,
    0xF7DE, 0xFFFF, 0xFFFF, 0xFFFF, 0xFFFF, 0xFFFF, 0xFFFF, 0xFFFF, 0xE73C, 0xFFDF, 0xFFFF, 0xFFFF,
    0x0000, 0x0000, 0x0000, 0x0000, 0x0000, 0x0000, 0xB046, 0x9006, 0x8420, 0xFFA0, 0xF6E0, 0xFF40,
    0xDE40, 0x6B00, 0x9CA0, 0xDE20, 0xFF20, 0xFF00, 0xFF20, 0xFF00, 0xFF60, 0xFF80, 0xFF00, 0xFF00,
    0xFEE0, 0xFF40, 0xF6E0, 0xE6C0, 0xFF60, 0xFF60, 0xFEE0, 0xFF20, 0xFFC0, 0x6B80, 0x7805, 0xF849,
    0xB807, 0x41E0, 0xA560, 0x7380, 0x5A21, 0x58C2, 0x7024, 0xC827, 0xE008, 0xD848, 0xD028, 0xA826,
    0x7824, 0x4022, 0x2062, 0x39E7, 0x638D, 0x0923, 0x5006, 0xD045, 0xF800, 0xF821, 0xE801, 0xC3A1,
    0xF7E0, 0xDEAD, 0xEF9F, 0xCE59, 0xFFDF, 0xF79E, 0xD696, 0xD687, 0xEFE0, 0xC2C0, 0xD800, 0xC9A6,
    0xD638, 0xDF1B, 0xA4B5, 0x0089, 0x00EB, 0x01D0, 0x0212, 0x01AF, 0x018F, 0x01F2, 0x0213, 0x0234,
    0x0234, 0x0256, 0x0276, 0x0276, 0x0256, 0x4B75, 0x22B4, 0x4354, 0x4B95, 0x0257, 0x0A97, 0x0257,
    0x647A, 0x1AF7, 0x2B18, 0x1AB7, 0x2B38, 0x1AF8, 0x01F6, 0x9518, 0xEF3B, 0xD6DB, 0xFFFF, 0xFFFF,
    0xFFFF, 0xFFFF, 0xFFFF, 0xFFFF, 0xF7BE, 0x94B2, 0x8C92, 0xC638, 0xC618, 0xF7BD, 0xFFFF, 0xFFFF,
    0xFFFF, 0xD6FE, 0x957B, 0xDEFE, 0x9D7B, 0x22D7, 0x2273, 0x22B3, 0x0277, 0x0AB7, 0x0256, 0x0AB8,
    0x1232, 0x10C7, 0x212A, 0x19F0, 0x1B18, 0x1296, 0xAD97, 0x0215, 0x5B71, 0xDEDC, 0x0237, 0x0297,
    0x0A77, 0x4BD9, 0x1AD7, 0x0297, 0x1AF7, 0x0277, 0x0297, 0x0236, 0x6C9A, 0x3B78, 0x0256, 0x0238,
    0x53D1, 0x7CCD, 0x1AB9, 0x3B99, 0x0A97, 0x7CBA, 0x0297, 0x0297, 0x0297, 0x0297, 0x0296, 0x0258,
    0x330E, 0xFF83, 0xFFFF, 0xC5D8, 0x390F, 0xA8EB, 0xF827, 0xF847, 0xF827, 0xF927, 0xEBED, 0xDEDC,
    0xFFFA, 0xBDE2, 0xCEBE, 0x9491, 0xC638, 0xFFFF, 0xEF9E, 0xFFDF, 0xCE79, 0x632C, 0x8C71, 0xFFFF,
    0x8C51, 0xFFFF, 0xBE17, 0x528A, 0xE73C, 0xFFFF, 0xFFFF, 0xFFFF, 0xFFFF, 0xFFFF, 0xFFDF, 0xFFFF,
    0xE73C, 0xFFFF, 0xFFFF, 0xFFFF, 0x0000, 0x0000, 0x0000, 0x0000, 0x0000, 0x1001, 0xD828, 0x5043,
    0xCE20, 0xFF40, 0xFF00, 0xFF20, 0xFF20, 0xFF80, 0xFF80, 0xFF20, 0xFF00, 0xFF20, 0xFF20, 0xFF20,
    0xFF00, 0xE680, 0xFF60, 0xFF20, 0xFF00, 0xF6E0, 0xFF00, 0xFF00, 0xFEE0, 0xFF20, 0xFF80, 0xF740,
    0x6360, 0x6804, 0xE028, 0x8024, 0xD028, 0x6824, 0x8005, 0xB007, 0xC808, 0xD008, 0xC027, 0x9046,
    0x5864, 0x1800, 0x0000, 0x0083, 0x0082, 0x0021, 0x0042, 0x5ACB, 0x9492, 0x7BAF, 0x986A, 0xD801,
    0xE821, 0xE801, 0xC9A1, 0xF7E0, 0xE6C0, 0xCE51, 0xFFFF, 0xFFFF, 0xFFFF, 0xFFFF, 0xFFFF, 0xDEDC,
    0xB54C, 0xD6D4, 0xD638, 0xDF7D, 0xD513, 0xC125, 0x7808, 0x01CF, 0x014C, 0x01B0, 0x0234, 0x01B0,
    0x01D0, 0x0234, 0x0213, 0x0234, 0x0234, 0x0276, 0x0255, 0x0297, 0x0236, 0x7C31, 0x4A8B, 0x2292,
    0x5BD5, 0x0237, 0x0A97, 0x0277, 0x1AD7, 0x53F9, 0x22F8, 0x22F8, 0x0277, 0x0237, 0x5396, 0xBDF8,
    0x32F5, 0xC67D, 0xDF3E, 0xF7DF, 0xF7BE, 0xD6DB, 0xFFFF, 0xFFFF, 0xE73C, 0x9CD3, 0x9492, 0xC658,
    0xCE59, 0xCE59, 0x9CF3, 0xA554, 0xE73C, 0xFFFF, 0xFFFF, 0xFFFF, 0xFFFF, 0xB61C, 0xB63D, 0x853C,
    0x1AB8, 0x4379, 0x4BB9, 0x0216, 0x12B8, 0x0256, 0x0A95, 0x0257, 0x2338, 0x32F5, 0x9D16, 0x3316,
    0x1A93, 0x4BB7, 0x0277, 0x0297, 0x0AB7, 0x0A97, 0x0A97, 0x2318, 0x0257, 0x0297, 0x0297, 0x0277,
    0x12B7, 0x12B7, 0x0238, 0x4BB2, 0x746F, 0x0238, 0x0297, 0x1AD7, 0x22F8, 0x3338, 0x0297, 0x0297,
    0x0297, 0x0297, 0x0296, 0x0259, 0x4B6D, 0xFFA4, 0xFFFF, 0xAD37, 0x3110, 0x3950, 0x80ED, 0xA8AB,
    0xF028, 0xF908, 0xFA09, 0xD65A, 0xFFFC, 0xCE42, 0x1AB6, 0x22B6, 0xCE7C, 0xDEFE, 0xFFFF, 0xEF9E,
    0xFFFF, 0xCE99, 0xBDF7, 0x9CF3, 0xB5B6, 0xC638, 0xAD55, 0xAD75, 0xE71C, 0xFFFF, 0xFFFF, 0xFFFF,
    0xFFFF, 0xFFFF, 0xFFFF, 0xFFFF, 0xFFFF, 0xF7BE, 0xDF1B, 0xB5D6, 0x0000, 0x0000, 0x0000, 0x0000,
    0x0000, 0x5823, 0xD008, 0x49C0, 0xFF60, 0xFF00, 0xFF20, 0xFF00, 0xFF00, 0xFF20, 0xFF60, 0xFF80,
    0xFF80, 0xFF20, 0xFF00, 0xFF00, 0xFF40, 0xC580, 0x8BC0, 0xEF00, 0xFFA0, 0xFFA0, 0xFFA0, 0xFFA0,
    0xFF80, 0xDEC0, 0x94C0, 0x4161, 0x8806, 0xF029, 0x4022, 0x3002, 0xE828, 0xC827, 0xA826, 0x7844,
    0x4022, 0x1021, 0x0041, 0x42A9, 0x9534, 0x8450, 0x2966, 0x0886, 0x10A4, 0x0001, 0x0085, 0x00C7,
    0x10E5, 0x498A, 0xB868, 0xE820, 0xE842, 0xE021, 0xCCA0, 0xD6C5, 0xD677, 0xF7BF, 0xFFFF, 0xFFFF,
    0xFFFF, 0xFFFF, 0xFFFF, 0xFFFF, 0xF7BF, 0xFFFF, 0xEF9F, 0xC249, 0xE000, 0xE800, 0xA869, 0x116F,
    0x0212, 0x0234, 0x0212, 0x0276, 0x0276, 0x0255, 0x0255, 0x0276, 0x0297, 0x0297, 0x0298, 0x0297,
    0x0297, 0x0214, 0x01D4, 0x4B76, 0x5BB5, 0x0237, 0x0297, 0x0257, 0x0AB7, 0x12D7, 0x0257, 0x0277,
    0x0A97, 0x0A76, 0xA536, 0x22B5, 0x0AB7, 0x2318, 0x1A97, 0x7CDB, 0xFFDE, 0xF79D, 0xFFFF, 0xF7BE,
    0xE71B, 0xFFDE, 0x9CF3, 0xAD55, 0xFFFF, 0xF7BE, 0xAD75, 0xA554, 0xEF9D, 0xFFFF, 0xF7DF, 0xFFFF,
    0xBE5D, 0x84DB, 0xF7BE, 0xBE5C, 0x9559, 0xB5FB, 0x7D1B, 0x3B58, 0xA59B, 0xB63D, 0x22F8, 0x0A97,
    0x0257, 0x4311, 0xA4F2, 0x2AF5, 0x0278, 0x0216, 0x0277, 0x0297, 0x0297, 0x0277, 0x0277, 0x4378,
    0x12B7, 0x0297, 0x0277, 0x0AB7, 0x1AF7, 0x0238, 0x4393, 0x5BF1, 0x0238, 0x0297, 0x0A97, 0x74BA,
    0x0A97, 0x0256, 0x0297, 0x0297, 0x0297, 0x0297, 0x0296, 0x0238, 0x330E, 0xFF82, 0xFFFF, 0xC5F8,
    0x490F, 0x4170, 0x4950, 0x3950, 0x88ED, 0xC069, 0xB18C, 0xD71D, 0xFFF9, 0xC602, 0x0216, 0x0298,
    0x1AD8, 0x4BB9, 0xBE5D, 0x7C9A, 0xD6FE, 0x6B6C, 0x5ACB, 0x8C51, 0x5ACB, 0x630C, 0x528A, 0x5ACB,
    0xCE79, 0xE75C, 0xF79E, 0xFFFF, 0xFFFF, 0xFFFF, 0xFFFF, 0xFFFF, 0xE71C, 0x94D2, 0x73AE, 0xB596,
    0x0000, 0x0000, 0x0000, 0x0000, 0x0000, 0xA846, 0x9006, 0x7BE0, 0xFFA0, 0xFF00, 0xFF00, 0xFF40,
    0xFF60, 0xDEA0, 0xB580, 0x8400, 0x5AA0, 0xEE80, 0xFF40, 0xFF40, 0xFF80, 0xFFE0, 0x39C0, 0x30E1,
    0x6AE0, 0x7BC0, 0x83E0, 0x7360, 0x5A21, 0x58C2, 0x8805, 0xD808, 0xC047, 0x3002, 0x0000, 0x1801,
    0x3042, 0x0841, 0x0000, 0x0000, 0x0000, 0x0000, 0x10A3, 0x1062, 0x1063, 0x7BCF, 0xD69A, 0xA555,
    0x632E, 0x10A4, 0x00A7, 0x0047, 0x0025, 0x2008, 0xC003, 0xE800, 0xF000, 0xC800, 0xAD0F, 0xEF9E,
    0xFFFF, 0xFFFF, 0xDF1B, 0xFFDF, 0xFFFF, 0xFFFF, 0xFFFF, 0xFFFF, 0xFFFF, 0xEFBD, 0xAC87, 0xE000,
    0xF042, 0xE841, 0xB826, 0x2990, 0x0275, 0x01D1, 0x0254, 0x0297, 0x0297, 0x0276, 0x0297, 0x0297,
    0x0297, 0x0A54, 0x0A11, 0x0277, 0x0297, 0x0AB8, 0x0257, 0x6416, 0x7456, 0x0216, 0x1AD7, 0x2318,
    0x0277, 0x0297, 0x0297, 0x0297, 0x0237, 0x4333, 0x3AF4, 0x0237, 0x12D7, 0x0A97, 0x3338, 0x0A97,
    0x2B18, 0x645A, 0xDEFC, 0xE6F9, 0x94F6, 0x7CB9, 0xB5B7, 0x8C51, 0xFFFF, 0xFFFF, 0xFFFF, 0xFFFF,
    0xFFFF, 0xFFFF, 0xE73C, 0xFFFF, 0x749A, 0x7CDB, 0xEF7E, 0xB595, 0xC5F7, 0xB596, 0x53D9, 0xB61C,
    0xFFFF, 0xFFFF, 0x959C, 0x01F6, 0x0277, 0x0236, 0x32D3, 0x63F5, 0x1275, 0xCEBD, 0x2B38, 0x0216,
    0x0277, 0x0297, 0x0297, 0x0277, 0x0297, 0x0257, 0x0277, 0x0297, 0x0257, 0x3353, 0x4B92, 0x0238,
    0x0297, 0x0297, 0x0297, 0x0277, 0x0297, 0x0297, 0x0297, 0x0297, 0x0297, 0x0297, 0x0A97, 0x2318,
    0x0A54, 0xE6C0, 0xFFF8, 0xEF9E, 0x72F1, 0x38CF, 0x512F, 0x4930, 0x3130, 0x40CF, 0x8C33, 0xF7DF,
    0xFFEF, 0x8CC5, 0x0219, 0x0AB7, 0x0277, 0x0257, 0x0257, 0x955B, 0xA57B, 0xB595, 0xB595, 0xB5B5,
    0xBDD6, 0xA514, 0xB596, 0xA514, 0xE75C, 0x7BEF, 0x7BCF, 0xD69A, 0xE75C, 0xFFFF, 0xFFFF, 0xD6BA,
    0xF7BE, 0xEF7D, 0xA514, 0xFFFF, 0x0000, 0x0000, 0x0000, 0x0000, 0x1001, 0xD828, 0x5823, 0xC600,
    0xFF60, 0xF700, 0xFF40, 0xCDC0, 0x49C1, 0x60A3, 0x7805, 0xB007, 0x5804, 0x8C60, 0xF7A0, 0xC620,
    0x9CE0, 0x7380, 0x4161, 0x9006, 0xC808, 0xA006, 0xA006, 0xB007, 0xC808, 0xD808, 0xB026, 0x5023,
    0x0000, 0x0000, 0x0000, 0x0000, 0x1924, 0x18E3, 0x0000, 0x1062, 0x18A3, 0x0000, 0x31A7, 0x18C3,
    0x0002, 0x0004, 0x0883, 0xA534, 0xDEFA, 0xE73C, 0xDEBA, 0x7C33, 0xA556, 0xCE19, 0xBBAF, 0xCA8A,
    0xD34D, 0xC3EF, 0xE75F, 0xFFFF, 0xDEDB, 0xEF7D, 0xD6BA, 0xDF1B, 0xF7BE, 0xFFFF, 0xFFFF, 0xFFFF,
    0xF7DE, 0xBE17, 0xBD01, 0xE000, 0xE800, 0xE800, 0xB804, 0x1910, 0x01D3, 0x0255, 0x0256, 0x0257,
    0x0277, 0x0297, 0x0297, 0x0AB7, 0x0215, 0x8473, 0xB553, 0x0A54, 0x0298, 0x0256, 0x01F5, 0x8CF7,
    0x63F7, 0x01F6, 0x2318, 0x3378, 0x0256, 0x22F7, 0x0297, 0x0A76, 0x4B53, 0x4313, 0x0257, 0x0AB7,
    0x2318, 0x0297, 0x0257, 0x0236, 0x22B4, 0x5B73, 0x7C34, 0x5395, 0x0236, 0x2252, 0x94D3, 0x94B2,
    0x8C71, 0xF7DF, 0xFFFF, 0xFFFF, 0xF7DF, 0xDEFB, 0xE75C, 0xFFDF, 0xF7BF, 0xFFFF, 0xFFFF, 0xBDF7,
    0x632C, 0x94B2, 0xEF9E, 0xF7BE, 0xAD76, 0xBDF6, 0x9D9B, 0x4BB9, 0x4BD9, 0x0277, 0x0297, 0x5B94,
    0x4334, 0x842F, 0x1A54, 0x645A, 0x3B78, 0x0256, 0x0AB7, 0x0297, 0x0277, 0x2B38, 0x1AD7, 0x0257,
    0x2B15, 0x3334, 0x0258, 0x0297, 0x0297, 0x0297, 0x0277, 0x2B58, 0x12B7, 0x0277, 0x0297, 0x0236,
    0x1AD7, 0x3B78, 0x0277, 0x3B78, 0x0218, 0x84A6, 0xFFE6, 0xFFFF, 0xDEDB, 0x7352, 0x41B1, 0x4190,
    0x59D0, 0x8433, 0xEF7D, 0xFFFC, 0xF761, 0x2AD0, 0x0278, 0x0296, 0x0297, 0x0297, 0x0297, 0x0257,
    0x1AB7, 0xD6FF, 0x957C, 0xBE5D, 0xD71F, 0xFFFF, 0xFFFF, 0xFFFF, 0xEF5D, 0x630C, 0xCE79, 0x39C7,
    0xC638, 0xFFFF, 0xFFFF, 0xDEDB, 0xF7BE, 0xFFFF, 0xFFFF, 0xFFFF, 0x0000, 0x0000, 0x0000, 0x0000,
    0x5023, 0xD008, 0x4961, 0xF720, 0xFF00, 0xFF00, 0xFFE0, 0x6B20, 0x8806, 0xE028, 0x9804, 0xA826,
    0xD048, 0x30C1, 0x5982, 0x6864, 0x8806, 0xB007, 0xD008, 0xD047, 0xB046, 0x8865, 0x7865, 0x6844,
    0x4042, 0x1821, 0x0020, 0x0000, 0x0000, 0x0000, 0x0000, 0x0000, 0x0001, 0x0000, 0x0042, 0x10A3,
    0x2105, 0x0064, 0x0043, 0x0044, 0x0064, 0x00C7, 0x00E9, 0x0067, 0x0086, 0x3A2B, 0x5331, 0x6392,
    0xADB7, 0xCE7A, 0xB34E, 0xC471, 0xCCD2, 0xCC10, 0xD670, 0xBDAA, 0xBDF7, 0xEF7D, 0xF7BE, 0xA534,
    0xD6DA, 0xFFFF, 0xFFFF, 0xFFFF, 0xFFFF, 0xFFFF, 0xCE35, 0xC9E7, 0xD249, 0xCB2C, 0xAA2B, 0x9CF6,
    0x6436, 0x0235, 0x1295, 0x3B36, 0x22D5, 0x0236, 0x0236, 0x0257, 0x0257, 0x0A75, 0x1254, 0x0216,
    0x0214, 0x7431, 0x7494, 0x7454, 0x5438, 0x0257, 0x0297, 0x0236, 0x1AF7, 0x2318, 0x0277, 0x1252,
    0x32D4, 0x0277, 0x0297, 0x12B7, 0x4BD9, 0x0216, 0x3B35, 0x94D5, 0x63B3, 0x1A75, 0x3B58, 0x43DA,
    0x0172, 0xA512, 0xFFFF, 0xB574, 0x0841, 0x955A, 0xEF7E, 0xFFFF, 0xF7DF, 0xDEDA, 0xB596, 0xE73C,
    0xFFFF, 0xFFFF, 0xFFFF, 0xFFFF, 0x8C51, 0xC618, 0xFFFF, 0xFFFF, 0xCE59, 0xCE59, 0xE75D, 0xFFFF,
    0xB63C, 0x0216, 0x0277, 0x2A71, 0x9CD2, 0x9D5A, 0x01F6, 0x5C39, 0x4BD9, 0x0A57, 0x0216, 0x0277,
    0x0257, 0x5C5A, 0x2B38, 0x1AB6, 0x2AF6, 0x0257, 0x0297, 0x0297, 0x0297, 0x0297, 0x0297, 0x0A97,
    0x0297, 0x0A97, 0x0AB7, 0x2B38, 0x0297, 0x0297, 0x0297, 0x0256, 0x0298, 0x1255, 0xCE20, 0xFFEB,
    0xFFFF, 0xF7BF, 0xD6BB, 0xC63A, 0xDEFC, 0xFFDF, 0xFFFC, 0xFFE5, 0x7C47, 0x0238, 0x0297, 0x0297,
    0x0297, 0x0297, 0x0297, 0x0297, 0x0256, 0x3358, 0x12B7, 0x01B6, 0x53F9, 0xA59B, 0x5BF9, 0x7CBA,
    0x4B98, 0x218A, 0x630C, 0x5ACB, 0xFFFF, 0xFFFF, 0xFFFF, 0xFFFF, 0xFFFF, 0xFFFF, 0xD6BA, 0xF7DE,
    0x0000, 0x0000, 0x0000, 0x0000, 0xA046, 0x9806, 0x8400, 0xFFE0, 0xFF60, 0xEF00, 0xC620, 0x3920,
    0xD828, 0x5063, 0x7C71, 0x39A7, 0xD027, 0xD808, 0xC807, 0xB805, 0x9804, 0x7044, 0x3822, 0x1021,
    0x0000, 0x21A6, 0x2185, 0x0000, 0x08C2, 0x0000, 0x1062, 0x0820, 0x0000, 0x0021, 0x0000, 0x0000,
    0x0021, 0x0022, 0x0064, 0x0043, 0x0065, 0x0084, 0x0085, 0x00A7, 0x00E9, 0x00E8, 0x0109, 0x018E,
    0x016E, 0x016F, 0x012E, 0x010D, 0x014F, 0x190E, 0xB004, 0xE000, 0xE800, 0xD800, 0xCCE0, 0xFFC0,
    0xB589, 0xCE7B, 0xDEFB, 0xFFFF, 0xFFFF, 0xFFFF, 0xFFFF, 0xEF9D, 0xF7DF, 0xFFFF, 0xD69A, 0xD679,
    0xDEFB, 0xD6BA, 0xDF5C, 0xF79D, 0xFFFE, 0xE6FB, 0xDEBA, 0xF77C, 0xF75B, 0x94F6, 0x6C36, 0x3B36,
    0x2AF6, 0x1B16, 0x2B57, 0x853A, 0x6311, 0x9A4D, 0x918D, 0xA473, 0x7250, 0x3951, 0x1A34, 0x0276,
    0x33B9, 0x4399, 0x0256, 0x0297, 0x0277, 0x0297, 0x0297, 0x0297, 0x01D5, 0x9D37, 0xAD77, 0x2AD5,
    0x0257, 0x0277, 0x0AB7, 0x12B7, 0x0256, 0x2AD4, 0x6C35, 0x1149, 0x01F2, 0x0A98, 0x643B, 0xF7BD,
    0xFFFE, 0xFFFF, 0xCE9A, 0xFFDF, 0xFFFF, 0xFFFF, 0xFFFF, 0xFFFF, 0xE75C, 0xB596, 0xCE79, 0xFFFF,
    0xFFFF, 0xFFFF, 0xFFFF, 0xFFFF, 0xFFFF, 0xD6FE, 0xDF1F, 0xD6BC, 0xA512, 0x4BB7, 0x0237, 0x0216,
    0xADDC, 0xC69D, 0x749A, 0x2B38, 0x0277, 0x0236, 0x0277, 0x12B7, 0x0277, 0x0A97, 0x0297, 0x0297,
    0x0297, 0x0297, 0x0297, 0x0297, 0x0256, 0x3378, 0x2318, 0x5419, 0x12D7, 0x0277, 0x0297, 0x0297,
    0x0276, 0x0278, 0x1A92, 0xC601, 0xFFE4, 0xFFF3, 0xFFFB, 0xFFFC, 0xFFF9, 0xFFEF, 0xFF82, 0x8467,
    0x0237, 0x0297, 0x0297, 0x0297, 0x0297, 0x0297, 0x0297, 0x0297, 0x0297, 0x0257, 0x0277, 0x02B7,
    0x0277, 0x0A97, 0x0216, 0x0A77, 0x12D8, 0x0256, 0x0151, 0x9DBB, 0xC69D, 0xCE9D, 0xFFFF, 0xFFFF,
    0xFFFF, 0xFFFF, 0xD6BA, 0xEF7D, 0x0000, 0x0000, 0x0000, 0x1000, 0xD828, 0x5023, 0x7C60, 0x8440,
    0x6280, 0x5942, 0x6824, 0xB027, 0xD006, 0x49E8, 0xFFFF, 0x94B2, 0x3800, 0x68A5, 0x51A7, 0x6B6D,
    0x4269, 0x0000, 0x0000, 0x0000, 0x0000, 0x0000, 0x0000, 0x0800, 0x0000, 0x0000, 0x0000, 0x0020,
    0x0000, 0x0000, 0x0000, 0x0021, 0x0043, 0x0042, 0x0063, 0x0043, 0x00E8, 0x00A7, 0x0085, 0x010A,
    0x016D, 0x01AF, 0x014B, 0x01AF, 0x016D, 0x0234, 0x01F2, 0x0276, 0x0276, 0x09F2, 0x9869, 0xE021,
    0xE841, 0xE821, 0xC1E2, 0xEFC0, 0xDE8D, 0xD6BC, 0xFFFF, 0xDF1B, 0xD69A, 0xCE7B, 0xE73E, 0xE73E,
    0xAD50, 0xE759, 0xDF3C, 0xB28A, 0xD000, 0xD000, 0x70AB, 0x0A14, 0x3335, 0x53F6, 0x22F5, 0x22D5,
    0x2B16, 0x2295, 0x94F7, 0xB5F9, 0x8CD5, 0xC4B5, 0xB453, 0xBC50, 0xB0C6, 0xC803, 0xC003, 0xC596,
    0xC0C6, 0xC005, 0xA849, 0x78CD, 0x29B2, 0x0276, 0x0297, 0x0277, 0x0297, 0x0297, 0x0297, 0x0257,
    0x53D6, 0xEF5B, 0x0A34, 0x0257, 0x0297, 0x0297, 0x0277, 0x0277, 0x0277, 0x0236, 0x0237, 0x0258,
    0x3BFB, 0xBDF9, 0xF7F3, 0xF7D2, 0xFFFD, 0xF7D7, 0xFFFE, 0xFFFF, 0xFFFF, 0xFFFF, 0xFFFF, 0xFFFF,
    0xEF7D, 0x9492, 0xD6BA, 0xFFFF, 0xFFDF, 0xF7DE, 0xC618, 0xDEDB, 0xCE99, 0xB595, 0xD698, 0xF79D,
    0xFFFF, 0x6439, 0x3B37, 0xC69E, 0xD6DD, 0xFFFF, 0xFFFF, 0x2B38, 0x0A97, 0x2318, 0x12B7, 0x0277,
    0x0257, 0x0236, 0x0277, 0x0277, 0x0277, 0x0277, 0x0297, 0x0297, 0x12B7, 0x22F8, 0x0AB7, 0x0236,
    0x0277, 0x0297, 0x0297, 0x0277, 0x2B58, 0x12D7, 0x0258, 0x0215, 0x5BC9, 0xB5C1, 0xDEC0, 0xEF01,
    0xDE81, 0xA543, 0x3B0E, 0x0218, 0x0297, 0x0297, 0x0297, 0x0297, 0x0297, 0x0297, 0x0297, 0x0297,
    0x0297, 0x0297, 0x0297, 0x0297, 0x0297, 0x0297, 0x0257, 0x5C39, 0x3358, 0x0277, 0x0AB8, 0x12D8,
    0x0277, 0x0A57, 0x8D5B, 0xE75E, 0xC65D, 0xFFFF, 0xF7BE, 0xEF7D, 0x0000, 0x0000, 0x0000, 0x4803,
    0xE028, 0x6023, 0x7804, 0xA006, 0xC008, 0xD007, 0xC827, 0xA026, 0x4001, 0x8C71, 0xFFDF, 0xEF5D,
    0xB5F7, 0xD71B, 0xE77D, 0xFFFF, 0x6B4D, 0x0000, 0x0820, 0x0841, 0x0020, 0x0000, 0x2945, 0x31A6,
    0x0020, 0x0000, 0x0000, 0x0000, 0x0000, 0x0000, 0x0021, 0x0001, 0x0000, 0x0000, 0x0087, 0x00A6,
    0x00E8, 0x010A, 0x012B, 0x010A, 0x018E, 0x016D, 0x018E, 0x01F2, 0x0234, 0x01F2, 0x0233, 0x0276,
    0x0276, 0x0296, 0x68ED, 0xD003, 0xE821, 0xE821, 0xE001, 0xCC40, 0xDF46, 0xD6BA, 0xF7DE, 0xFFDF,
    0xCE99, 0xA529, 0xC60F, 0xD68E, 0xE760, 0xB342, 0xD452, 0xE7FF, 0xCC0F, 0xB003, 0x79CE, 0x3355,
    0x0A55, 0x0237, 0x0298, 0x0277, 0x0257, 0x0277, 0x0257, 0x11B2, 0x786C, 0xB005, 0xC001, 0xD800,
    0xE800, 0xF000, 0xD8E3, 0xDF5C, 0xD945, 0xE800, 0xD821, 0xC803, 0xB028, 0x70EE, 0x0A55, 0x02B8,
    0x0277, 0x0297, 0x02B8, 0x01D4, 0xD6BB, 0x9D79, 0x01F6, 0x0AB7, 0x0297, 0x0297, 0x0297, 0x0277,
    0x2AF3, 0x530E, 0x1296, 0x955B, 0xF32D, 0xFD29, 0xEFAB, 0xEF8F, 0xF7D0, 0xEFCE, 0xF7D7, 0xEFAF,
    0xFFFC, 0xF79E, 0xFFFF, 0xFFFF, 0xFFFF, 0xFFFF, 0xFFFF, 0xFFFF, 0xFFFF, 0xDF1B, 0x7BCF, 0x8C71,
    0x8C33, 0xCE7B, 0xB59B, 0x5AD0, 0xEF9D, 0xE73C, 0x6B6D, 0xD6BA, 0xFFFF, 0xF7DF, 0xF7DF, 0x957C,
    0x1AB8, 0xEF9F, 0x6C7A, 0x3338, 0x3B98, 0x645A, 0x3B78, 0x2B18, 0x1AF8, 0x12B7, 0x0297, 0x0277,
    0x3B98, 0x22F8, 0x0A97, 0x0297, 0x0297, 0x0297, 0x0297, 0x0277, 0x12D7, 0x0A97, 0x1AD7, 0x3379,
    0x53FB, 0x3B38, 0x1A94, 0x1A92, 0x0A55, 0x0218, 0x0258, 0x0297, 0x0297, 0x0297, 0x0297, 0x0297,
    0x0297, 0x0297, 0x0297, 0x0297, 0x0297, 0x0297, 0x0297, 0x0297, 0x0297, 0x0297, 0x0277, 0x2318,
    0x1AD7, 0x0277, 0x0297, 0x0277, 0x0297, 0x0A97, 0x0236, 0x1AD7, 0x1A97, 0xB63C, 0xFFFF, 0xFFFF,
    0x0000, 0x0000, 0x0000, 0x9826, 0xE829, 0xD027, 0xB827, 0x8825, 0x4802, 0x4105, 0x0020, 0x0082,
    0x8C92, 0xEF5D, 0xFFFF, 0xFFFF, 0xFFFF, 0xFFFF, 0xEF5D, 0xFFDF, 0xA514, 0x18C3, 0x0000, 0x4A29,
    0x2965, 0x0000, 0x0841, 0x0000, 0x0000, 0x1082, 0x528A, 0x8C71, 0xB5B6, 0xCE79, 0xD69A, 0xC618,
    0xA534, 0x6B8E, 0x2988, 0x0046, 0x0066, 0x014C, 0x01AF, 0x01AF, 0x018E, 0x014C, 0x01D1, 0x0234,
    0x0276, 0x0255, 0x0256, 0x0276, 0x0276, 0x0297, 0x21F3, 0xA827, 0xE020, 0xE821, 0xE821, 0xD801,
    0xCBE0, 0xBDCB, 0xFFDF, 0xDEF8, 0xBDC3, 0xFFC0, 0xFFE0, 0xE760, 0xC380, 0xE001, 0xD800, 0xB9C7,
    0xDEBA, 0xCE39, 0xC5D7, 0xFFBD, 0xC65A, 0x01D4, 0x0234, 0x0256, 0x0297, 0x02B7, 0x31F2, 0xA06A,
    0xC002, 0xC0C3, 0xE882, 0xE841, 0xE862, 0xE800, 0xD229, 0xF7FF, 0xD269, 0xE820, 0xE841, 0xE820,
    0xD820, 0xC005, 0x888C, 0x1234, 0x02B8, 0x0AB7, 0x0236, 0x4B95, 0xFFFE, 0x53D6, 0x0237, 0x0A97,
    0x0297, 0x0297, 0x0297, 0x0276, 0x29EB, 0x7C76, 0x953B, 0xBA2B, 0xE800, 0xECC9, 0xEC48, 0xE9E3,
    0xEF8B, 0xEFAF, 0xF7EE, 0xEFED, 0xFFFB, 0xDEBB, 0xEF96, 0xFFFD, 0xFFFF, 0xFFDF, 0xFFFF, 0xFFFF,
    0xFFFF, 0xDEFB, 0xDEDB, 0xF79D, 0x5AB2, 0x6315, 0x62F2, 0x31A7, 0xAD55, 0xFFFF, 0x94D3, 0xAD55,
    0xF7DF, 0xF7DE, 0xFFFF, 0xE71B, 0x953A, 0xC67C, 0xE71B, 0xDEFD, 0xC69E, 0xFFFF, 0xDF1E, 0x74BA,
    0x4B99, 0x7CFB, 0x74BA, 0x0216, 0x0277, 0x0216, 0x0236, 0x0AB7, 0x0297, 0x0257, 0x0257, 0x0277,
    0x4BD9, 0x0277, 0x3379, 0x74BA, 0x2B17, 0x645A, 0x0278, 0x0278, 0x0297, 0x0297, 0x0296, 0x0297,
    0x0297, 0x0297, 0x0297, 0x0297, 0x0297, 0x0297, 0x0297, 0x0297, 0x0297, 0x0297, 0x0297, 0x0297,
    0x0297, 0x0297, 0x0297, 0x0277, 0x0277, 0x0297, 0x0297, 0x0297, 0x0297, 0x0A97, 0x0A97, 0x0277,
    0x0277, 0x0257, 0x43B9, 0x6C9A, 0x0000, 0x0000, 0x0800, 0x5003, 0x3002, 0x0800, 0x0000, 0x0020,
    0x0082, 0x10A2, 0x528A, 0x9492, 0x39C7, 0x5AEB, 0xF7DE, 0xFFFF, 0xFFDF, 0xFFFF, 0xCE79, 0xA534,
    0xC658, 0x9CD3, 0x2124, 0x18A3, 0x0020, 0x0000, 0x0000, 0x18A3, 0x8C51, 0xE71C, 0xFFFF, 0xFFFF,
    0xFFFF, 0xFFFF, 0xFFFF, 0xFFFF, 0xFFFF, 0xFFFF, 0xF7DF, 0xB5D8, 0x530F, 0x1A31, 0x018F, 0x018E,
    0x01F2, 0x1296, 0x22F6, 0x0256, 0x0234, 0x0276, 0x0276, 0x0297, 0x0297, 0x0277, 0x02B7, 0x590E,
    0xC004, 0xE820, 0xE821, 0xF000, 0xC043, 0xEF5C, 0xE77E, 0xB504, 0xC5C0, 0xD5C1, 0xCC61, 0xC941,
    0xE001, 0xE821, 0xE842, 0xE800, 0x9865, 0xCE39, 0xF7BE, 0xCE9A, 0xDEFB, 0x8D17, 0xB5F8, 0x5393,
    0x0A74, 0x21F3, 0xA04A, 0xC802, 0xD228, 0xBF5C, 0x8124, 0xF800, 0xE002, 0xE800, 0xC0C3, 0xEFDE,
    0xD36F, 0xE800, 0xF021, 0xE821, 0xE821, 0xE820, 0xC824, 0x906B, 0x09F4, 0x01D6, 0x5395, 0xEF3B,
    0x6C36, 0x0A55, 0x0297, 0x0297, 0x0297, 0x0297, 0x0297, 0x0236, 0x4396, 0x8CB9, 0x590D, 0xE000,
    0xF8C2, 0xF2E5, 0xE841, 0xE8E2, 0xF346, 0xEB45, 0xC66A, 0xE4E9, 0xFEB4, 0xFFFE, 0xF7D1, 0xF7D2,
    0xFFFF, 0xFFFF, 0xFFFF, 0xFFFF, 0xF7BE, 0xD69A, 0x73AE, 0xEF7D, 0xAD55, 0x7BCE, 0x8C50, 0xC638,
    0xFFFF, 0xFFFF, 0xF7BE, 0xFFFF, 0xFFFF, 0xFFFF, 0xEF7D, 0xB596, 0x9471, 0xBDF7, 0x8431, 0x52AA,
    0xCE58, 0xFFFF, 0xFFFF, 0xE75E, 0x4378, 0x6C9A, 0xEF7E, 0x1AB7, 0xB65C, 0x8D3B, 0x43B9, 0x01D4,
    0x0236, 0x2B38, 0xB63D, 0x1AB7, 0x0216, 0x0A97, 0x2A91, 0x32F4, 0x0257, 0x0A97, 0x0277, 0x0297,
    0x0297, 0x0297, 0x0297, 0x0297, 0x0297, 0x0297, 0x0297, 0x0297, 0x0297, 0x0297, 0x0297, 0x0297,
    0x0297, 0x0297, 0x0297, 0x0297, 0x0297, 0x0297, 0x0297, 0x0297, 0x0297, 0x0297, 0x0297, 0x0297,
    0x0297, 0x0297, 0x0297, 0x0297, 0x0297, 0x0297, 0x0256, 0x0236, 0x0000, 0x0000, 0x0000, 0x0000,
    0x0000, 0x0000, 0x0000, 0x1041, 0x2945, 0x0000, 0x52AA, 0x0020, 0x0000, 0x0000, 0x4A69, 0xE73C,
    0xFFFF, 0xD69A, 0x39E7, 0x630C, 0xBDD7, 0xCE59, 0x2124, 0x0821, 0x0000, 0x0000, 0x5ACB, 0xE73C,
    0xFFFF, 0xFFFF, 0xFFFF, 0xEF5D, 0xDE1A, 0xD558, 0xD538, 0xD599, 0xE6DB, 0xF7FE, 0xFFFF, 0xFFFF,
    0xFFFF, 0xADB8, 0x11D0, 0x0256, 0x0235, 0x1AD7, 0x3B98, 0x0256, 0x0276, 0x0297, 0x0297, 0x0297,
    0x0297, 0x0297, 0x0297, 0x0A76, 0x78AC, 0xC003, 0xF000, 0xD062, 0xD6BA, 0xE6DB, 0xC208, 0xD800,
    0xD861, 0xD801, 0xE001, 0xF001, 0xE821, 0xE821, 0xE820, 0xB004, 0xAA4F, 0xD69A, 0xD679, 0xEF7D,
    0xDF1B, 0xB595, 0xE71B, 0xFFFF, 0xBE18, 0x908B, 0xC823, 0xF000, 0xC187, 0x8208, 0xB800, 0xD8C1,
    0xCB60, 0xC4C0, 0xB509, 0xF7DF, 0xC54A, 0xCAC0, 0xD041, 0xE801, 0xE821, 0xE800, 0xE000, 0xB065,
    0x7A90, 0x8D38, 0xDEBA, 0x22B4, 0x0216, 0x0297, 0x0297, 0x0297, 0x0297, 0x0297, 0x0236, 0x43B9,
    0x9CD8, 0x28F0, 0x48EE, 0xB865, 0xB066, 0xC803, 0xF021, 0xF021, 0xE820, 0xB4AD, 0xCEBA, 0xA30B,
    0xE628, 0xF5AB, 0xEFAD, 0xEFEF, 0xF7F5, 0xFFFD, 0xFFFF, 0xFFFF, 0xE71C, 0xBDD7, 0x7BEF, 0x7BEF,
    0xFFFF, 0xEF7D, 0xDF1B, 0xCE59, 0xB5B6, 0xEF9D, 0xFFFF, 0xFFFF, 0xC638, 0xA534, 0xA534, 0x73CE,
    0xA514, 0x9492, 0x9D13, 0x83F4, 0x294A, 0xEF7D, 0xFFFF, 0xFFFF, 0xDF3E, 0xDF3E, 0xFFFF, 0xBE3D,
    0xFFFF, 0xFFFE, 0x9491, 0x6B8F, 0x6B91, 0xBDF8, 0xFFFF, 0xC69D, 0xA5BC, 0xDF1E, 0xC65A, 0x1254,
    0x0297, 0x0277, 0x0297, 0x0297, 0x0297, 0x0297, 0x0297, 0x0297, 0x0297, 0x0297, 0x0297, 0x0297,
    0x0297, 0x0297, 0x0297, 0x0297, 0x0297, 0x0297, 0x0297, 0x0297, 0x0297, 0x0297, 0x0297, 0x0297,
    0x0297, 0x0297, 0x0297, 0x0297, 0x0297, 0x0297, 0x0297, 0x0297, 0x0297, 0x0297, 0x0297, 0x0A97,
    0x0000, 0x0000, 0x0000, 0x0000, 0x0000, 0x0000, 0x0000, 0x0000, 0x0000, 0x0020, 0x18C3, 0x528A,
    0x4A69, 0x0000, 0x0000, 0xB596, 0xFFFF, 0xE73C, 0x9CF3, 0x738E, 0xD6BA, 0xF7BE, 0xA514, 0x0841,
    0x39A7, 0x7BCF, 0xFFFF, 0xFFFF, 0xF7DE, 0xDEBA, 0xB331, 0xA12B, 0xA1A7, 0xAA65, 0xB2A5, 0xA1E6,
    0x9929, 0xAA2E, 0xC536, 0xF7BE, 0xF7DF, 0xFFFF, 0xC65A, 0x1A95, 0x0297, 0x0277, 0x0256, 0x0297,
    0x0297, 0x0297, 0x0297, 0x0297, 0x0297, 0x0297, 0x0277, 0x0297, 0x1255, 0x88AC, 0xA803, 0xCD54,
    0xDE9A, 0xC841, 0xE800, 0xE821, 0xE801, 0xE821, 0xE841, 0xE821, 0xE821, 0xE021, 0xA805, 0xA1EE,
    0xEF7D, 0xFFFF, 0xEF7D, 0xCE79, 0xDEDA, 0xDEFB, 0xB5B6, 0xEFBE, 0xC3B3, 0xB005, 0xE820, 0xE821,
    0xE800, 0xE800, 0xCA21, 0xCE60, 0xCEA5, 0xD6F5, 0xE77C, 0xFFFF, 0xD6B2, 0xEFC0, 0xD600, 0xC921,
    0xE021, 0xC2CB, 0xD4F3, 0xDEBA, 0xCDF7, 0xBD57, 0x3B57, 0x0236, 0x0AB7, 0x0297, 0x0297, 0x0297,
    0x0297, 0x0277, 0x1AF8, 0xA519, 0x3110, 0x2931, 0x4130, 0x9088, 0x2952, 0x510E, 0x9888, 0xC844,
    0xE821, 0x71A7, 0x9D14, 0x7C10, 0xC204, 0xF4C8, 0xEBE7, 0xEA84, 0xEAC4, 0xF52B, 0xFFDA, 0xFFFF,
    0xFFFF, 0xFFFF, 0xCE59, 0x8C51, 0xF7BE, 0xFFFF, 0xDEFB, 0xAD55, 0x738E, 0xD6BA, 0xFFFF, 0xFFDF,
    0x7BEF, 0xAD75, 0xD6DB, 0x6B32, 0x31A7, 0x630B, 0x630C, 0x4A2A, 0x4A6B, 0xF7BE, 0xFFFF, 0xFFFF,
    0xFFFF, 0xFFFF, 0xFFFF, 0xFFFF, 0xFFFF, 0xD6BA, 0x6B6F, 0xAD3B, 0x4A0D, 0x9491, 0xF7BE, 0xFFFF,
    0xFFFF, 0xFFFF, 0xFFFF, 0x6CBB, 0x0256, 0x0297, 0x0297, 0x0297, 0x0297, 0x0297, 0x0297, 0x0297,
    0x0297, 0x0297, 0x0297, 0x0297, 0x0297, 0x0297, 0x0297, 0x0297, 0x0297, 0x0297, 0x0297, 0x0297,
    0x0297, 0x0297, 0x0297, 0x0297, 0x0297, 0x0297, 0x0297, 0x0297, 0x0297, 0x0297, 0x0297, 0x0297,
    0x0297, 0x0297, 0x0297, 0x0297,
};
