// Arkanoid — 208x80 RGB565, generated
#include "marquees.h"

const uint16_t marquee_arkanoidu_data[16640] = {
    0xE75D, 0xEF7D, 0xEFBE, 0xEFBE, 0xFFFF, 0xB5F8, 0x39A2, 0xF7A2, 0xF7A2, 0xF781, 0xF7C2, 0xFFE2,
    0xBDE0, 0x4224, 0xA535, 0xE75C, 0x4186, 0xDC50, 0xECD2, 0xCC0F, 0x6208, 0x7C0F, 0xE77D, 0xFFFF,
    0xE77D, 0xE75C, 0xE73C, 0xF7DF, 0x6B4D, 0xA520, 0xFFE1, 0xDEC0, 0xEF60, 0x7380, 0x5AED, 0xDF3D,
    0xEFBE, 0xDEFB, 0xE75C, 0xE75C, 0xDF3C, 0xE77D, 0xD6DA, 0xA534, 0xF7DE, 0xF7FF, 0xEFBE, 0xE75D,
    0x738D, 0x8430, 0xEFBE, 0xE75C, 0xFFFF, 0xCE79, 0x4A69, 0xC638, 0xF7DE, 0xF7DD, 0xEFBE, 0xF7FE,
    0xFFFF, 0xFFFF, 0xFFFF, 0xFFFF, 0x6B4C, 0xB580, 0xFFE0, 0xF780, 0xFFE0, 0xC620, 0x4A64, 0xA556,
    0xD6FC, 0xDF1C, 0xDF3C, 0xD6DB, 0xDF1C, 0xD6FC, 0xE75D, 0xADB6, 0x6A28, 0xF513, 0xDC91, 0xECB2,
    0xF4D2, 0xF4D2, 0xC3EF, 0x8B2C, 0x73CF, 0xBE39, 0xDF5D, 0xDF3D, 0xC69A, 0x4A6A, 0xD6DB, 0xDF1C,
    0xE77E, 0xAD96, 0x31A6, 0x9CF4, 0xE75D, 0x6BAF, 0x6082, 0xD020, 0xC800, 0xB800, 0xD000, 0x5020,
    0x9D75, 0x8C72, 0x4A49, 0x736D, 0xBDB5, 0xDEF9, 0xD698, 0xDEB9, 0x5ACA, 0xA576, 0xDF3D, 0xB639,
    0x6249, 0xE491, 0xF4F2, 0xE4B1, 0x4924, 0x52AB, 0xD6DB, 0xCEBB, 0xC69A, 0xE75D, 0x52EC, 0x3800,
    0x6000, 0x5800, 0x5800, 0x5800, 0x5800, 0x6000, 0x3000, 0x1080, 0x59C0, 0x59C0, 0x59C0, 0x59C0,
    0x59A0, 0x59A0, 0x5A00, 0x2080, 0x31A6, 0x52A9, 0x5269, 0x5269, 0x5269, 0x4228, 0x5289, 0x4208,
    0x18A0, 0x5280, 0x5280, 0x5260, 0x4A40, 0x4A60, 0x4A40, 0x5280, 0x4A40, 0x0022, 0x0027, 0x0047,
    0x0047, 0x0047, 0x0047, 0x0047, 0x0027, 0x0023, 0x4000, 0x5800, 0x5000, 0x5800, 0x5000, 0x5000,
    0x5000, 0x5000, 0x2041, 0x3A29, 0x4249, 0x4249, 0x4229, 0x4A6A, 0x4249, 0x424A, 0x2126, 0x3180,
    0x6300, 0x5AC0, 0x5AE0, 0x52A0, 0x5AC0, 0x52A0, 0x5AE0, 0x2100, 0x4208, 0x4A68, 0x4227, 0x4A48,
    0x4A48, 0x4A68, 0x5AAA, 0x5ACA, 0xF7FF, 0xEFBE, 0xDF1B, 0xADB6, 0x7C10, 0xBDF7, 0x6B6F, 0x7380,
    0xFFE0, 0xFFE0, 0xF780, 0x73A0, 0x52A9, 0xCE9B, 0xFFFF, 0x4AAA, 0x9B0B, 0xFDB5, 0xDCB2, 0xED13,
    0xED13, 0x9B4C, 0x62AA, 0xAD75, 0xF7FF, 0xE77D, 0xDF1C, 0xE77D, 0x5B0C, 0x7BE0, 0xF7A0, 0xEF60,
    0xDEE0, 0xF7C0, 0x9CE0, 0x4A66, 0xAD97, 0xEFBE, 0xDF1C, 0xDF3C, 0xDEFB, 0xEFBE, 0x7BEF, 0x0000,
    0x4A28, 0xBDD6, 0xFFFF, 0x9D13, 0x4A49, 0xFFFF, 0xE75C, 0xF7DF, 0xB596, 0x5AEB, 0xC659, 0xDF1C,
    0xC65A, 0xBDF8, 0xB5B7, 0x9D14, 0x94D3, 0x9CD2, 0x83EF, 0xCE99, 0xE75E, 0x5AA7, 0xD6A0, 0xFFE0,
    0x9CC0, 0x52A8, 0xBE19, 0xE77E, 0xDF3D, 0xAD95, 0xB5D7, 0xD6FC, 0xD6DB, 0xCEBB, 0xCEBB, 0xD71C,
    0x52AA, 0xD491, 0xFD74, 0xD471, 0xA36D, 0x4986, 0x18C3, 0x5B0C, 0x8C92, 0x9CF3, 0x94D3, 0x9D14,
    0xB5F8, 0x94F3, 0x632D, 0xE77E, 0x8C71, 0x3A08, 0xB5D7, 0xE77E, 0xE75D, 0xD71C, 0x4AEB, 0x2800,
    0xB800, 0xE021, 0x8000, 0x634D, 0xD6FC, 0xD6DB, 0xBE5A, 0x8C92, 0x52AA, 0x6B2C, 0xB594, 0xAD32,
    0x52CB, 0xD6FC, 0xC69B, 0xD6FC, 0x9514, 0x72AA, 0xCC70, 0x4145, 0x6BCF, 0xCEDB, 0xCEBB, 0xCEBB,
    0xCEDC, 0xD71C, 0xAD97, 0x94F4, 0x8CF4, 0x8CF4, 0x8CF4, 0x8CF4, 0x9514, 0x9535, 0x638F, 0x3940,
    0xA3C0, 0x9360, 0x9360, 0x9BA0, 0x9BA0, 0x9B80, 0xAC40, 0x4180, 0x8410, 0xC617, 0xBDF6, 0xBDF7,
    0xC617, 0xC617, 0xC617, 0xA514, 0x39C1, 0xC620, 0xC600, 0xC600, 0xC600, 0xC600, 0xC600, 0xCE40,
    0xAD40, 0x0886, 0x00CF, 0x00CE, 0x00CE, 0x00AE, 0x00AE, 0x00AD, 0x00CF, 0x0046, 0x8000, 0xA800,
    0xA000, 0xA000, 0xA800, 0xA800, 0xA000, 0xA800, 0x40A3, 0x8CD4, 0x94F5, 0x8CB4, 0x8CD4, 0x8CB4,
    0x8494, 0x8CF5, 0x530E, 0x52A0, 0x9CE0, 0x8C80, 0x94A0, 0x94A0, 0x94A0, 0x94C0, 0x9D00, 0x39E0,
    0x738E, 0xA533, 0x9CF3, 0xA513, 0x9CF3, 0x9CF3, 0x9CF3, 0x9CF3, 0x94B2, 0x7BCF, 0x6B4D, 0x73CF,
    0x6B8D, 0x5AEB, 0xF7FF, 0x39C7, 0xBDC0, 0xBDE0, 0x4223, 0x8433, 0xFFFF, 0xD6B9, 0xC658, 0x94D3,
    0x51E7, 0xABAE, 0xFD95, 0xED33, 0xE4F2, 0xF595, 0xDCF2, 0x82EB, 0x5AAA, 0xDF3C, 0xE75D, 0xDF1C,
    0xE77E, 0x8C93, 0x5AA3, 0xBDE0, 0xF7C0, 0xE740, 0xF7C0, 0xDEE0, 0x52A0, 0x8451, 0xEF9D, 0xDF1B,
    0xE75C, 0xD6BA, 0x1082, 0x0000, 0x0000, 0x0000, 0x632C, 0xFFFF, 0x6B6D, 0x7C10, 0xFFFF, 0x8C71,
    0x630C, 0xEF9E, 0xAD76, 0x4A02, 0x7B01, 0x7B00, 0x8B40, 0x93A0, 0xA3E0, 0xB400, 0x7280, 0x8C51,
    0xFFFF, 0xCE9B, 0x5AE3, 0x6B40, 0x6B6F, 0xDF5E, 0xE77D, 0xA554, 0x52AC, 0x0069, 0x3A2A, 0xDF1C,
    0xCEBB, 0xDF3D, 0xD6FC, 0xE73D, 0x8C92, 0x6207, 0x936D, 0x7BAE, 0x31C7, 0x0000, 0x0000, 0x0000,
    0x0000, 0x0000, 0x0000, 0x0000, 0x0000, 0xCEBA, 0x8C92, 0x39C7, 0x5B0C, 0xE75D, 0xDF3D, 0x9D35,
    0x634D, 0x5269, 0x8B2C, 0x9BAE, 0x2041, 0x7800, 0x51C7, 0xDF5D, 0xD6FC, 0xDF1C, 0xD6DC, 0xDF3D,
    0xDF1C, 0x9D35, 0x630C, 0x2945, 0xA576, 0xD6FC, 0xC69B, 0xC69B, 0xD71D, 0x7C10, 0x2945, 0xA576,
    0xEF9F, 0xD6FC, 0xD6FC, 0xCEBA, 0xA554, 0xADB7, 0xD6FC, 0xD71C, 0xDF1C, 0xD6DC, 0xDF1C, 0xD6FC,
    0xD6FC, 0xEF9E, 0x9D16, 0x5A00, 0xF5E0, 0xE560, 0xE5A0, 0xE580, 0xE5A0, 0xE5A0, 0xFE00, 0x5A20,
    0x9D14, 0xFFFF, 0xF7DD, 0xFFFE, 0xFFFF, 0xFFFE, 0xFFFF, 0xCE7A, 0x5281, 0xFFE0, 0xFFE0, 0xFFE0,
    0xFFE0, 0xFFE0, 0xFFE0, 0xFFE0, 0xE6E0, 0x08A8, 0x0115, 0x0113, 0x0114, 0x0114, 0x0114, 0x0113,
    0x0135, 0x0089, 0xB000, 0xE800, 0xD800, 0xD800, 0xD800, 0xD800, 0xD800, 0xE000, 0x58E4, 0xBEBB,
    0xCEBC, 0xC69C, 0xBE9C, 0xBE9C, 0xBE7B, 0xCEFD, 0x8495, 0x73A0, 0xD6C0, 0xBE20, 0xC640, 0xC640,
    0xC640, 0xBE00, 0xD6C0, 0x5280, 0xB556, 0xF77B, 0xDED9, 0xDEB9, 0xDED9, 0xE6F9, 0xE71A, 0xE71A,
    0xA534, 0xBE17, 0xD6B9, 0xDEFB, 0xDF1B, 0x5B0C, 0xDF1C, 0xCE9A, 0x2963, 0x5ACA, 0xC65A, 0xFFFF,
    0xC616, 0x18C7, 0x2126, 0xDF3C, 0xC6BB, 0x632C, 0x728A, 0xDCF2, 0xF5D6, 0xE533, 0xFE17, 0xCCB1,
    0x5ACB, 0xEFBE, 0xDF3C, 0xDF1C, 0xD6FB, 0xF7BE, 0xC65A, 0x5ACA, 0x8C60, 0xFFC0, 0xEF60, 0xFFE0,
    0x8401, 0x9D15, 0xF7FE, 0xDF3C, 0xF7DE, 0x632C, 0x0000, 0x0020, 0x0821, 0x0000, 0x7BCE, 0xFFFF,
    0xFFFF, 0x632C, 0x4A49, 0x8430, 0xF7BE, 0xF7DE, 0x8CB3, 0x9380, 0xF640, 0xE5A0, 0xF620, 0xA420,
    0x7320, 0xF601, 0xC480, 0x7BCE, 0xF7DE, 0xF7DE, 0xBDD7, 0xA556, 0xFFFF, 0xAD74, 0x424B, 0x008A,
    0x0090, 0x0156, 0x008B, 0xA555, 0xD71C, 0x738E, 0xAD95, 0xD75C, 0xE75D, 0x8C71, 0xB5B6, 0xEF9E,
    0x5AEB, 0x0821, 0x0841, 0x0020, 0x0020, 0x0821, 0x0821, 0x0000, 0x1062, 0xBE39, 0xD6FC, 0x9D14,
    0xC67A, 0x7BEF, 0x5249, 0x72CA, 0xAC0F, 0xE574, 0xF5B5, 0xFDB5, 0x5A69, 0x3A69, 0xB5D7, 0x94B2,
    0x6BAF, 0x9514, 0xA5D7, 0xB639, 0xC6BA, 0xDF7D, 0xE79E, 0xBE5A, 0xC69B, 0xCEBB, 0xC69B, 0xC69B,
    0xCEBB, 0xD71C, 0xD6DB, 0xD6BA, 0xA554, 0x7C10, 0x4A8C, 0x216B, 0x0049, 0x424B, 0xD6FC, 0xBE5A,
    0xCEBB, 0xD6FC, 0xCEBB, 0xC67A, 0xC67A, 0xDF1C, 0x94D5, 0x51E0, 0xF5E0, 0xDD80, 0xE580, 0xE580,
    0xE580, 0xDD80, 0xF620, 0x5A40, 0x9CF4, 0xFFDD, 0xEF5B, 0xF79C, 0xF79C, 0xEF7C, 0xF7BD, 0xC639,
    0x5261, 0xFFE0, 0xFFE0, 0xFFE0, 0xFFE0, 0xFFE0, 0xFFC0, 0xFFE0, 0xDEE0, 0x08A7, 0x00F3, 0x00F2,
    0x00F2, 0x00F2, 0x00F2, 0x00F2, 0x0113, 0x0068, 0xA000, 0xD800, 0xD000, 0xD000, 0xD000, 0xD000,
    0xC800, 0xD000, 0x58E3, 0xAE19, 0xB619, 0xADF9, 0xADD9, 0xA5D9, 0xA5B9, 0xB65A, 0x73F2, 0x7380,
    0xC640, 0xB5C0, 0xBDE0, 0xBDE0, 0xB5C0, 0xB5C0, 0xCE60, 0x5280, 0x9CD3, 0xA4F2, 0x9CF2, 0x9CF2,
    0x9CD1, 0x9490, 0x8C70, 0x9491, 0xF7DE, 0xDEDA, 0xD6DA, 0xCEBA, 0xD6FB, 0x52AA, 0x9D34, 0xD6DB,
    0xAD96, 0xEF9E, 0xFFFF, 0x9CF3, 0x08A8, 0x0113, 0x008F, 0x3187, 0xDF1C, 0xEFBE, 0xA555, 0x528A,
    0xA3CE, 0xE595, 0x72CA, 0x3124, 0x9CF3, 0xE73C, 0xEF9D, 0xF7DE, 0xEF9E, 0xE75C, 0xEFBD, 0xF7BE,
    0x632E, 0x4A41, 0xE740, 0xBDC0, 0x39C7, 0xCE79, 0xC658, 0xD6BA, 0xC617, 0x0841, 0x0000, 0x0020,
    0x0000, 0x31A6, 0xFFFF, 0x8430, 0x7BAE, 0xD6BA, 0xB5B6, 0xFFFF, 0xDF1B, 0xF7DE, 0xB5B8, 0x8B80,
    0xF640, 0xE5E0, 0xCD40, 0x6080, 0x9800, 0x6980, 0x9BA0, 0x736B, 0xEFBE, 0xDF3C, 0xEF9D, 0xB5D5,
    0x422A, 0x008B, 0x00B1, 0x0134, 0x0954, 0x0955, 0x0071, 0x39EA, 0x9534, 0x6800, 0xA800, 0x7986,
    0x9410, 0xC6BA, 0xDF7D, 0xF7FF, 0x4208, 0x0000, 0x0000, 0x0000, 0x0000, 0x0000, 0x0000, 0x0000,
    0x18E3, 0xCE7A, 0xDF1C, 0xBE39, 0x3985, 0xA3CE, 0xDD53, 0xF616, 0xF616, 0xF5F6, 0xF5F6, 0xF5F7,
    0x726A, 0x8C93, 0xE7DF, 0x5104, 0x9800, 0x8000, 0x7020, 0x6082, 0x5924, 0x59E7, 0x62CB, 0x8411,
    0xC67A, 0xCEBB, 0xCEBB, 0xC6BB, 0xCE9A, 0x7BF0, 0x4A6C, 0x1929, 0x008B, 0x006E, 0x0091, 0x00D3,
    0x00F4, 0x1929, 0xBE59, 0xD6FC, 0xA576, 0x52EB, 0xB639, 0xDF1C, 0xCE9A, 0xD6DB, 0xA555, 0x20C1,
    0x5201, 0x49E1, 0x49E1, 0x4A01, 0x4A01, 0x5201, 0x5A42, 0x20C0, 0x39C7, 0x5ACA, 0x5289, 0x5AA9,
    0x52A9, 0x5AAA, 0x5ACA, 0x5269, 0x18E0, 0x5AE0, 0x5AC0, 0x62E0, 0x62E0, 0x62E0, 0x62E0, 0x62E0,
    0x5280, 0x0022, 0x0026, 0x0046, 0x0025, 0x0046, 0x0046, 0x0026, 0x0046, 0x0022, 0x4000, 0x5000,
    0x5000, 0x5000, 0x5800, 0x5000, 0x4800, 0x4800, 0x1841, 0x31E8, 0x3A08, 0x39E8, 0x3A08, 0x39E8,
    0x39E8, 0x3A09, 0x2946, 0x2940, 0x5280, 0x4A40, 0x4A60, 0x4A60, 0x4A40, 0x4A40, 0x52A0, 0x2100,
    0x3186, 0x2104, 0x2945, 0x2965, 0x2965, 0x2104, 0x1082, 0x20E3, 0xE73C, 0xCE57, 0x8C91, 0x630C,
    0x4A8A, 0x528A, 0xBE18, 0x4228, 0x1082, 0x4208, 0x5ACB, 0x0023, 0x00F3, 0x0153, 0x0155, 0x006D,
    0x4208, 0xD6FB, 0xE77D, 0xCEBB, 0x632C, 0x3945, 0x4A89, 0x94B2, 0x630B, 0x6B4C, 0x630B, 0x840F,
    0xB5B6, 0xC638, 0xBDF7, 0xF7DE, 0x8C50, 0x630D, 0x4A24, 0x2940, 0x6B6D, 0x630B, 0x5289, 0x738D,
    0x2945, 0x0000, 0x0000, 0x0020, 0x0020, 0x73CE, 0xBE17, 0x3186, 0x5AAA, 0x2104, 0x7BEF, 0x9CF3,
    0xE75D, 0xD6B9, 0x7BCF, 0x49E0, 0xA462, 0x9C21, 0x4200, 0x5000, 0x9020, 0x5800, 0x1000, 0x3A07,
    0xE79E, 0xFFFF, 0x9491, 0x0006, 0x00D2, 0x0134, 0x0954, 0x0134, 0x00D3, 0x006D, 0x2129, 0x8472,
    0x5A69, 0xB820, 0xE020, 0xD000, 0xB800, 0x8820, 0x7A07, 0x94B2, 0x73EF, 0x5AEC, 0x4A69, 0x2966,
    0x31A6, 0x9470, 0x31A6, 0x0000, 0x1082, 0xDF3C, 0xE75D, 0xCEBB, 0x62CB, 0xF616, 0xF657, 0xF637,
    0xF616, 0xCD13, 0x8B4D, 0x6AC6, 0x6B41, 0x41E4, 0x7432, 0x88A2, 0xF020, 0xD820, 0xD800, 0xD800,
    0xD000, 0xC000, 0xB000, 0x48A3, 0xC6BB, 0xCE9B, 0xCEDB, 0xD6FC, 0x4208, 0x0000, 0x0090, 0x00F3,
    0x0114, 0x0934, 0x0934, 0x0933, 0x0155, 0x004A, 0x9CF3, 0xD75E, 0x49C7, 0x9000, 0x68C3, 0x8472,
    0xD71C, 0xDEFC, 0xC659, 0xB5F8, 0xADB8, 0xADB8, 0xADD8, 0xB5D8, 0xB5D8, 0xADB8, 0xC67B, 0x4229,
    0x8C30, 0xDEDA, 0xD699, 0xDEDA, 0xDEDA, 0xDEDA, 0xDEFA, 0xB596, 0x4201, 0xDEC0, 0xD680, 0xD6C0,
    0xDEC0, 0xDEC0, 0xDEC0, 0xDEE0, 0xC600, 0x08A7, 0x00D2, 0x00F1, 0x00F1, 0x00F1, 0x00F1, 0x00F1,
    0x00F2, 0x0068, 0x9800, 0xC800, 0xC000, 0xC000, 0xC000, 0xC000, 0xC000, 0xC800, 0x50E4, 0xADF9,
    0xB5F9, 0xADF9, 0xADF9, 0xA5D9, 0xA5B9, 0xAE3A, 0x73D2, 0x6320, 0xBDE0, 0xAD60, 0xB5A0, 0xB5A0,
    0xB5A0, 0xAD60, 0xB5E0, 0x4220, 0x9CD4, 0xE71B, 0xDEDA, 0xDEDA, 0xDEDA, 0xDEDA, 0xDEDA, 0xCE78,
    0x5266, 0x31A7, 0x738D, 0x94B2, 0xCE79, 0xEF9E, 0xD6FB, 0x1082, 0x0000, 0x0000, 0x0000, 0x0000,
    0x0068, 0x0114, 0x0112, 0x0155, 0x004C, 0x528A, 0xEF9E, 0x5ACB, 0x0000, 0x0000, 0x0000, 0x0841,
    0x18A3, 0xA533, 0x1082, 0x0000, 0x0000, 0x0000, 0x0000, 0x8C71, 0x39E7, 0x0820, 0x0000, 0x0000,
    0x0020, 0x0000, 0x0020, 0x2945, 0x0841, 0x0000, 0x0000, 0x0000, 0x0000, 0x39C7, 0x18C3, 0x0000,
    0x0821, 0x0000, 0x0000, 0x1061, 0x7BCE, 0x2124, 0x0000, 0x0000, 0x5B0D, 0x0022, 0x0000, 0x0000,
    0x0000, 0x0000, 0x1800, 0x9800, 0x6A07, 0xBE79, 0xE77C, 0x192A, 0x0935, 0x0154, 0x00D2, 0x006C,
    0x31AA, 0x8450, 0xDEFB, 0xBE9A, 0x5000, 0xE800, 0xD820, 0xD020, 0xD820, 0xD800, 0xD000, 0xB000,
    0x58E3, 0xBE79, 0xF7FF, 0x94D3, 0x9490, 0xEF5A, 0xD698, 0xAD53, 0x5ACA, 0x6B4D, 0xA555, 0xEF9E,
    0x8431, 0xA40F, 0xD574, 0x93AD, 0x5228, 0x41C0, 0xA540, 0xCE60, 0xE720, 0xCE40, 0x52C0, 0x4800,
    0xC800, 0xE000, 0xD800, 0xD800, 0xD820, 0xE041, 0xD841, 0x69E8, 0xCF1C, 0xCE9A, 0xD71C, 0x4AAB,
    0x0000, 0x0820, 0x0044, 0x0111, 0x0114, 0x00F3, 0x0091, 0x006E, 0x00AC, 0x10C7, 0x9CF4, 0x84D3,
    0x7000, 0xE821, 0xD800, 0x9000, 0x6228, 0xADF7, 0xDF3D, 0xD6DB, 0xD6DB, 0xD6DB, 0xD6DB, 0xD6FB,
    0xD6FC, 0xD6DB, 0xE79E, 0x52CB, 0xA533, 0xFFFF, 0xF7DE, 0xFFFE, 0xFFDE, 0xF7DE, 0xFFFE, 0xCE59,
    0x5281, 0xFFE0, 0xFFC0, 0xFFE0, 0xFFE0, 0xFFE0, 0xFFC0, 0xFFE0, 0xDEE0, 0x08A8, 0x00F4, 0x00F2,
    0x0112, 0x0112, 0x0112, 0x00F2, 0x0114, 0x0069, 0xA800, 0xD800, 0xD000, 0xD000, 0xD000, 0xD000,
    0xD000, 0xD000, 0x5904, 0xB65A, 0xBE5A, 0xB63A, 0xB63A, 0xB63A, 0xADFA, 0xBE7B, 0x7413, 0x6B60,
    0xC640, 0xB5A0, 0xB5E0, 0xBE00, 0xBE00, 0xB5E0, 0xCE60, 0x5280, 0xA515, 0xDED9, 0xCE37, 0xD677,
    0xCE57, 0xCE57, 0xD677, 0xCE57, 0xCDA0, 0x6B04, 0xC65A, 0xFFFF, 0xE75C, 0xEF9E, 0x9CF3, 0x0000,
    0x0821, 0x0821, 0x0821, 0x0000, 0x0000, 0x0069, 0x0134, 0x0112, 0x0155, 0x002A, 0x73AE, 0x8451,
    0x5B0C, 0x738D, 0x62EB, 0x1062, 0x1082, 0x5AAA, 0x0000, 0x4228, 0x5ACA, 0x2965, 0x0000, 0x5AEB,
    0x1061, 0x2104, 0x738D, 0x0020, 0x18E3, 0x8C51, 0x18E3, 0x0000, 0x0000, 0x0821, 0x0000, 0x2965,
    0x8C71, 0xAD75, 0x4208, 0x4208, 0x0000, 0x630C, 0xA513, 0xD699, 0x4208, 0x0000, 0x1082, 0x0841,
    0xA533, 0x7BCE, 0x840F, 0x39E7, 0x3000, 0x0821, 0x4020, 0xD000, 0x9800, 0x6041, 0x9C91, 0x73CE,
    0x000B, 0x00AC, 0x3A0A, 0x94D2, 0xDF1B, 0xE75D, 0xDF1C, 0xBE18, 0x626A, 0x7061, 0xA000, 0xD000,
    0xD800, 0xD820, 0xD820, 0xD820, 0x5904, 0xC6BA, 0xDF1C, 0x4A69, 0x9CD1, 0xE6F9, 0xDED9, 0xDED9,
    0xE6F9, 0xB594, 0x7BAD, 0x630B, 0xA555, 0x4208, 0x6B4D, 0x94D3, 0xB5D8, 0x6B4B, 0x8400, 0xE700,
    0xDF00, 0xDEE0, 0xE740, 0x9500, 0x4960, 0x5820, 0x80A2, 0x9041, 0x9800, 0xB000, 0xA800, 0x6249,
    0xD71C, 0xDF3C, 0x632C, 0x0000, 0x0020, 0x0000, 0x0000, 0x0002, 0x00AB, 0x216A, 0x4A8D, 0x7BF0,
    0x9D14, 0xC659, 0xC69B, 0x3082, 0xD000, 0xD821, 0xC800, 0xE000, 0xC000, 0x7061, 0x73AF, 0xC6DB,
    0xDF3C, 0xDF1C, 0xCE9B, 0xCE9B, 0xCE9B, 0xCEBB, 0xDF5D, 0x52AB, 0xB575, 0xFFFF, 0xFFFF, 0xFFFF,
    0xFFFF, 0xFFFF, 0xFFFF, 0xCE7A, 0x5AC1, 0xFFE0, 0xFFE0, 0xFFE0, 0xFFE0, 0xFFE0, 0xFFE0, 0xFFE0,
    0xEF40, 0x08C8, 0x0115, 0x0113, 0x0114, 0x0114, 0x0114, 0x0114, 0x0135, 0x0069, 0xB800, 0xE800,
    0xE000, 0xE000, 0xE000, 0xE000, 0xE000, 0xE000, 0x6924, 0xC6DC, 0xCEBC, 0xC6BC, 0xC6BC, 0xC6BC,
    0xBE7C, 0xC6FD, 0x7C54, 0x73A0, 0xD6C0, 0xBE20, 0xBE20, 0xC640, 0xCE60, 0xCE60, 0xDEE0, 0x5AC0,
    0xB576, 0xCE77, 0xCE57, 0xC616, 0xC616, 0xCE57, 0xD698, 0xCE57, 0xEE61, 0xE640, 0x7B61, 0x9CF4,
    0xF7DF, 0xEF9D, 0x8410, 0x1082, 0x0000, 0x0000, 0x0000, 0x0000, 0x0021, 0x0000, 0x00AB, 0x0155,
    0x0132, 0x0135, 0x08CD, 0x31A7, 0x3186, 0x31A6, 0x3186, 0x0000, 0x3165, 0x3186, 0x0861, 0xBDB5,
    0xEF5A, 0x5269, 0x1062, 0x6B8D, 0x0000, 0x6B4D, 0x94B2, 0x0000, 0x39C7, 0xB5B6, 0x18C3, 0x1062,
    0x0821, 0x0000, 0x0000, 0x39C7, 0xE75C, 0xFFFF, 0xCE79, 0x4228, 0x0000, 0x9CF3, 0xFFFF, 0x7BEF,
    0x0000, 0x5AEB, 0x20E4, 0x39C7, 0x52AA, 0x1061, 0x1082, 0x1061, 0x0000, 0x0000, 0x7800, 0xC000,
    0x7821, 0x9800, 0x51C7, 0xD6DA, 0x5AEB, 0xAD75, 0xE75C, 0xEF9E, 0xDF1C, 0xD6FB, 0xDEFC, 0xDF3C,
    0xE79E, 0xB659, 0x7BEF, 0x69A6, 0x9021, 0x8800, 0x6840, 0xA800, 0x736D, 0xE77D, 0xD6DB, 0xBE18,
    0x73AE, 0x6B2C, 0xA4F2, 0xD698, 0xE71A, 0xE6F9, 0xEF5B, 0x62EB, 0xBE39, 0xCE9A, 0xDF1D, 0xEFBF,
    0xEF9E, 0xDF3D, 0x8453, 0x52A3, 0xB5A0, 0xEF60, 0xD6A0, 0xF7A0, 0xBE00, 0x29C5, 0xBE7A, 0xAE17,
    0xA575, 0x9492, 0x7B2D, 0x8C92, 0xE77E, 0x6B6D, 0x0000, 0x0020, 0x0000, 0x0020, 0x0000, 0x5ACB,
    0xB5B6, 0xC679, 0xD6DB, 0xD6FC, 0xD6FC, 0xCE9B, 0xCE9B, 0x94B3, 0x6104, 0xB000, 0xE000, 0xD000,
    0xD020, 0xE000, 0xA000, 0x7186, 0x8432, 0x73AF, 0xD6DB, 0xCE9B, 0xCEBB, 0xC69A, 0xDF3D, 0x52AB,
    0x5269, 0x8C50, 0x840F, 0x842F, 0x8C30, 0x8C50, 0x8C50, 0x6B6D, 0x3180, 0x9460, 0x8C40, 0x8C40,
    0x8C40, 0x8C40, 0x83E0, 0x83E0, 0x7380, 0x0863, 0x0068, 0x0068, 0x0068, 0x0068, 0x0068, 0x0068,
    0x0068, 0x0023, 0x5000, 0x6800, 0x6800, 0x6800, 0x6000, 0x6000, 0x6000, 0x6000, 0x2862, 0x4AAB,
    0x52CC, 0x52CC, 0x52EC, 0x5AEC, 0x52EC, 0x5B0D, 0x31C8, 0x31A0, 0x5B00, 0x52A0, 0x52A0, 0x5AC0,
    0x5AC0, 0x5AC0, 0x6300, 0x2940, 0x39C7, 0x18E3, 0x2945, 0x2944, 0x2103, 0x2965, 0x39E7, 0x39E7,
    0xE600, 0xDE00, 0xEEA0, 0x9420, 0x840F, 0xEF9E, 0xEF7D, 0xC679, 0xA534, 0x73CE, 0x4228, 0x1061,
    0x0000, 0x0000, 0x0000, 0x004A, 0x0135, 0x00D0, 0x1908, 0x0000, 0x0000, 0x0000, 0x18C3, 0x4A49,
    0x6B4D, 0x0861, 0x18E3, 0x2104, 0x4207, 0x0841, 0x4A49, 0x4A69, 0x0000, 0xDF1C, 0x8410, 0x0000,
    0x9D14, 0x7BEF, 0x0000, 0x73AE, 0xB595, 0x73CE, 0x39C7, 0x0000, 0x4208, 0x6B2C, 0x632A, 0x2945,
    0x2965, 0x8C71, 0x4A28, 0x20E3, 0x73AE, 0xEF7D, 0x3186, 0x630C, 0x20E4, 0x1062, 0x0841, 0x0000,
    0x18C3, 0x8430, 0x6269, 0x8800, 0xE800, 0x5041, 0xB658, 0xEF9D, 0xEF9D, 0xE75D, 0xE75D, 0xC638,
    0xD6DB, 0xEF9E, 0xE75D, 0xD6DB, 0xD6DB, 0xE73C, 0xEF7D, 0xB639, 0x29A5, 0x7C20, 0x9D00, 0x2820,
    0xB5D6, 0xDF3C, 0xE75D, 0xB5B6, 0xBE18, 0xCEBA, 0x8C71, 0x62EB, 0x8C2F, 0xD678, 0xB574, 0x73AE,
    0xE75D, 0xE75D, 0xDEFB, 0x8430, 0x6B6E, 0xE75C, 0xEF7C, 0xBE19, 0x52A9, 0x83E0, 0xDF00, 0xB580,
    0x4A62, 0xB5B8, 0xFFFE, 0xDF1B, 0xDF1C, 0xDF3C, 0xDF3C, 0xEF9E, 0x73AE, 0x0000, 0x0020, 0x0000,
    0x0020, 0x0000, 0x5AEB, 0xDF3D, 0xCEDC, 0xCE9C, 0xD6FC, 0xD6FB, 0xD6FB, 0xCEBA, 0xCE9A, 0xDF1C,
    0xBE9A, 0x6B2D, 0x7800, 0xD000, 0xD800, 0xD020, 0xE800, 0x8000, 0x51E0, 0x6AA0, 0x8C93, 0xDF3D,
    0xCE9B, 0xD6DC, 0xE77E, 0xB5F7, 0x8471, 0x8471, 0x8C92, 0x8C92, 0x8C92, 0x8CB2, 0x94D3, 0x73B0,
    0x39C0, 0xAD40, 0xA520, 0xAD40, 0xAD40, 0xAD40, 0xAD40, 0xAD60, 0x9CC0, 0x0885, 0x00AE, 0x00AD,
    0x00AD, 0x00AD, 0x00AD, 0x00AD, 0x00AE, 0x0046, 0x8000, 0x9800, 0x9000, 0x9000, 0x9000, 0x9000,
    0x9000, 0x9000, 0x4904, 0x8CF4, 0x94D4, 0x8CD4, 0x9515, 0x9515, 0x94F5, 0x9D56, 0x636F, 0x5AC0,
    0x9D00, 0x9480, 0x8C80, 0x8C80, 0x8C60, 0x8C60, 0x9480, 0x3180, 0x8C51, 0xB5B6, 0xB595, 0xB5B6,
    0xB595, 0xB595, 0xAD75, 0xAD54, 0xCD80, 0xEE60, 0xDE00, 0xEE80, 0xACA0, 0x6B49, 0xCE9A, 0xEFBE,
    0xA534, 0x6A8A, 0xAD75, 0xCEDA, 0xB596, 0x6B4D, 0x3186, 0x41E7, 0x0028, 0x52AC, 0x39C6, 0x0841,
    0x30C3, 0x0000, 0x31A6, 0xFFFF, 0x94B3, 0x0000, 0x4208, 0x4A49, 0x0020, 0x0000, 0x7BEF, 0x18A3,
    0x31A7, 0xF7DF, 0x31C7, 0x0861, 0xEF9D, 0x630C, 0x0020, 0x840F, 0x7BEF, 0x6B6D, 0x52AA, 0x1061,
    0x0000, 0x6B00, 0xACA0, 0x0000, 0x52AB, 0xCE99, 0x0820, 0x18C3, 0x8C50, 0x736D, 0x18A3, 0x73AE,
    0x0000, 0x52AA, 0x4A49, 0x0000, 0x0841, 0x840F, 0xEFBE, 0x94D2, 0x40A2, 0x842F, 0xF7DE, 0xDF1B,
    0xDF3B, 0xDF1B, 0xD6DB, 0x5A89, 0x7B4D, 0x8410, 0xB5F7, 0xDF3C, 0xEF9E, 0xDF1C, 0xE75D, 0x4A6A,
    0x9CC0, 0xF7A0, 0xEF60, 0x6340, 0x9494, 0xEF9D, 0xC679, 0x52AA, 0x634D, 0x73AE, 0xC659, 0xDF1C,
    0x94D3, 0x5AEB, 0x4208, 0xC67A, 0xDEFB, 0x8430, 0x2989, 0x006D, 0x0048, 0xBDD6, 0xEF9E, 0xEF9D,
    0xEFBF, 0x9493, 0x5AC3, 0x2960, 0x5282, 0x6B8D, 0x9CF5, 0xC67B, 0xDF1C, 0xDF3C, 0xD6DB, 0x738E,
    0x0000, 0x0020, 0x0000, 0x0020, 0x0000, 0x52AB, 0xD6FC, 0xDF1C, 0x8C72, 0x4226, 0x6B8D, 0x8C73,
    0xADB8, 0xCEBC, 0xD6FC, 0xDF1C, 0xDEFC, 0xD71C, 0x9555, 0x5965, 0xA800, 0xC000, 0x6060, 0x83A0,
    0xEE01, 0xE5E0, 0x5264, 0xBE3A, 0xDF3C, 0xA555, 0x6B6F, 0x9D16, 0xCE9B, 0xE75E, 0xEFBF, 0xF7DF,
    0xEFBE, 0xDF5D, 0xEF9E, 0xB5D9, 0x6320, 0xFFE0, 0xFFE0, 0xFFE0, 0xFFE0, 0xFFE0, 0xFFE0, 0xFFE0,
    0xE720, 0x08C9, 0x00F4, 0x00F3, 0x00F3, 0x00F3, 0x0113, 0x0113, 0x0115, 0x0069, 0xB800, 0xE000,
    0xD800, 0xD800, 0xD800, 0xD800, 0xD800, 0xD800, 0x7186, 0xC6FC, 0xC69B, 0xC69B, 0xC69B, 0xBE7B,
    0xBE7B, 0xCEDC, 0x8474, 0x7BE0, 0xD6C0, 0xC620, 0xC620, 0xBE20, 0xBE00, 0xB5E0, 0xC640, 0x4A40,
    0xBDB7, 0xDED9, 0xD698, 0xDEB9, 0xD698, 0xDED9, 0xDED9, 0xDEB9, 0x6B08, 0xB4C0, 0xEE60, 0xDDE0,
    0xEE60, 0x62C4, 0xCE9B, 0xE79E, 0x4145, 0xB000, 0x9000, 0x69A6, 0x9CF3, 0xDF9D, 0xF7DF, 0xE73C,
    0x9CF2, 0xC638, 0x0082, 0x4000, 0x6820, 0x4AA0, 0x0000, 0x5AA9, 0x842A, 0x0000, 0x0000, 0x0000,
    0x0000, 0x18C0, 0x8423, 0x0000, 0x6B8D, 0xD6DA, 0x0820, 0x5AEB, 0xFFFF, 0x18E3, 0x20A2, 0x2904,
    0x0000, 0x0000, 0x0000, 0x0000, 0x2940, 0xFEC0, 0x8BA0, 0x0820, 0x6AC0, 0x1060, 0x0000, 0xA534,
    0xEF7D, 0x4208, 0x2965, 0x4A69, 0x0861, 0x738D, 0xCE37, 0x4A28, 0x1040, 0x49C0, 0x62E8, 0xDF1D,
    0xB5F7, 0xBDF9, 0xD6BC, 0xE73D, 0xEF9E, 0xFFFF, 0x9CF3, 0xAC2F, 0xF617, 0xB470, 0x834C, 0x732C,
    0x94D2, 0xCEBA, 0xF7DF, 0xC63A, 0x6302, 0xE720, 0xDEE0, 0xE700, 0x4A63, 0xD6BC, 0x8C91, 0x9CF4,
    0xEFBE, 0xA576, 0x632D, 0x6B6D, 0xC639, 0xDF5D, 0xAD54, 0x8410, 0x2969, 0x006C, 0x00D2, 0x0154,
    0x00D1, 0x3187, 0x7BCD, 0x7C0E, 0x842F, 0xB5D6, 0x4A4C, 0x8400, 0xFFE0, 0xCE40, 0x9480, 0x6B44,
    0x6B6C, 0xA536, 0xC639, 0x18C3, 0x0000, 0x0020, 0x0020, 0x0000, 0x4249, 0xD6FC, 0xC67A, 0xD71D,
    0x632C, 0x9CC0, 0xB580, 0x8C40, 0x6B62, 0x6326, 0x6B6C, 0x8432, 0xAD97, 0xC67A, 0xE73D, 0xD73D,
    0x31A8, 0x5140, 0xB500, 0xEE00, 0xD560, 0xF661, 0xAC40, 0x528A, 0xEF9F, 0x634D, 0x7BC0, 0x9480,
    0x6B62, 0x6307, 0x6B6C, 0x8C72, 0xA578, 0xC67B, 0xDF1C, 0xA557, 0x6B61, 0xFFE0, 0xFFE1, 0xFFE0,
    0xFFE0, 0xFFE0, 0xFFE0, 0xFFE1, 0xEF40, 0x08C9, 0x00F5, 0x00F3, 0x00F3, 0x0113, 0x0113, 0x0113,
    0x0135, 0x0069, 0xC000, 0xE000, 0xD800, 0xD800, 0xE000, 0xE000, 0xE000, 0xD800, 0x71A6, 0xCF1D,
    0xC6BC, 0xC6BC, 0xC6BC, 0xC6DC, 0xC69C, 0xD71D, 0x8CB5, 0x8C40, 0xDF00, 0xCE80, 0xCE80, 0xCE60,
    0xC640, 0xC620, 0xCE60, 0x4221, 0xBDD7, 0xDEB8, 0xD678, 0xDEB8, 0xD678, 0xCE57, 0xD698, 0xD677,
    0xB5D8, 0x3164, 0x9C40, 0xF6C0, 0x6281, 0x52CC, 0xAD75, 0x63AE, 0x6800, 0xE021, 0xD800, 0xD000,
    0x9800, 0x68C3, 0x7BAE, 0xBE79, 0xFFFF, 0x73EF, 0x5000, 0xA800, 0x4100, 0xF7E0, 0xB580, 0x94A0,
    0xE720, 0xB5A1, 0x39C3, 0x4A21, 0xB580, 0xCE40, 0xB5A0, 0x1083, 0x0848, 0x10A7, 0x0002, 0x3187,
    0x6B6D, 0x39C6, 0xBCD2, 0xCD33, 0xC4F2, 0xCD12, 0xD533, 0x936D, 0x5A64, 0xA420, 0xCD60, 0xD5A0,
    0xD5A0, 0xC540, 0x7B20, 0x6B6D, 0xDEFB, 0xA534, 0x5ACA, 0x7BCE, 0xC616, 0xD698, 0xDEB8, 0xB5B6,
    0x6AE2, 0xE641, 0xC520, 0x5243, 0x4204, 0x8422, 0x7384, 0x7BA6, 0x73A9, 0x7BCC, 0x62CA, 0xF616,
    0xEDD5, 0xF5F6, 0xF616, 0xDD53, 0xA3EE, 0x730B, 0x7BAE, 0xD699, 0x8432, 0x8400, 0xEF40, 0xDF00,
    0xBDE0, 0x4A68, 0x630C, 0xE75C, 0xDF3D, 0xDF1C, 0xDF3D, 0xB5D7, 0x52AB, 0x4A6A, 0x29AB, 0x004D,
    0x00D3, 0x0134, 0x0934, 0x0113, 0x0092, 0x0844, 0xB480, 0xC4E0, 0xAC80, 0xAC60, 0x3960, 0xD680,
    0xFFE0, 0xFFE0, 0xFFE0, 0xFFC0, 0xCE40, 0x9460, 0x5AE5, 0x6B4D, 0x2945, 0x0000, 0x0000, 0x3A08,
    0xCEBB, 0xC69A, 0xCE9A, 0xC67B, 0x5B06, 0xDF01, 0xDF01, 0xE721, 0xDEE0, 0xCE60, 0xB5A0, 0x94A0,
    0x39C2, 0xBE19, 0xC659, 0x6B4C, 0x8362, 0xDDC0, 0xE580, 0xDD60, 0xEE00, 0xB480, 0x6AE5, 0x94D3,
    0xDF1D, 0x6309, 0xEF41, 0xFFE1, 0xFFE0, 0xEF40, 0xCE60, 0xA520, 0x8421, 0x4A45, 0xC67A, 0xAD98,
    0x39E0, 0xAD40, 0xA500, 0xA500, 0xA500, 0x9CE0, 0xA500, 0xA500, 0x9460, 0x0866, 0x008D, 0x008C,
    0x008C, 0x008C, 0x008C, 0x008C, 0x008C, 0x0025, 0x7800, 0x9000, 0x8800, 0x9000, 0x8800, 0x8800,
    0x8800, 0x8800, 0x40E3, 0x73F0, 0x73B0, 0x6BB0, 0x6BB0, 0x6BAF, 0x6BAF, 0x73F0, 0x4A6B, 0x4A60,
    0x7BE0, 0x6B60, 0x6B60, 0x6B60, 0x6B60, 0x6B60, 0x6B60, 0x2121, 0x528A, 0x39C6, 0x3186, 0x31A6,
    0x39C6, 0x3185, 0x4A28, 0x2965, 0x8C71, 0xA535, 0x9CD2, 0x49C0, 0x8C72, 0xD6BA, 0xA534, 0x94B2,
    0x6ACB, 0xA800, 0xE021, 0xD020, 0xD820, 0xD800, 0xA800, 0x7861, 0x41C7, 0x6800, 0xE000, 0xB000,
    0x3920, 0xC620, 0xFFE0, 0xFFE1, 0xFFC0, 0xFFE0, 0xEF80, 0xA520, 0x6320, 0xBDE0, 0xFFE0, 0x6B40,
    0x000C, 0x008E, 0x006E, 0x002C, 0x0008, 0x20C4, 0xCCF2, 0xFE37, 0xFE57, 0xEDD6, 0xEDD6, 0xF616,
    0xEDB6, 0x72AC, 0x3980, 0xBCE0, 0xEE40, 0xE620, 0xEE60, 0x9C00, 0x3165, 0x840F, 0xC5F6, 0xDEB8,
    0xD677, 0xDEB8, 0xDED9, 0xA4F3, 0x39A3, 0xCD80, 0xF660, 0xBCC0, 0x62C0, 0xFFE0, 0xF7C0, 0xEF80,
    0xEF40, 0xB5C0, 0x41C4, 0xABF0, 0xDD74, 0xF5D6, 0xF5F6, 0xEDD6, 0xF5F6, 0xF616, 0xB42F, 0x62EB,
    0xEFBF, 0x52A9, 0xB5A0, 0xDEE0, 0xEF60, 0x8420, 0x18E5, 0x8430, 0xAD96, 0xE75D, 0xDF3D, 0xE77E,
    0xB5D6, 0x0006, 0x00D4, 0x0133, 0x0934, 0x0114, 0x006F, 0x0069, 0x4A02, 0xB4C0, 0xE5E1, 0xE5E1,
    0xE601, 0xDDC1, 0x3980, 0xB5A0, 0xEF80, 0xFFE0, 0xFFE0, 0xF7C0, 0xFFC0, 0xFFE0, 0x8420, 0x7BF2,
    0xCEBA, 0x18C3, 0x2945, 0xCE9B, 0xCEBB, 0xC69A, 0xD6DB, 0xB5D9, 0x39E2, 0x94A0, 0xB5A0, 0xCE60,
    0xDEE0, 0xDF01, 0xE701, 0xDEE1, 0x5AE6, 0xD71D, 0x8CB4, 0x6240, 0xF640, 0xD540, 0xE5A0, 0xDD60,
    0x8320, 0x6B6D, 0xBE5A, 0xDF3D, 0xB5FA, 0x5281, 0xFFC0, 0xFFE0, 0xFFE0, 0xFFE1, 0xFFE1, 0xFFE1,
    0xFFE0, 0x5AE2, 0xC65B, 0xC679, 0x5B0D, 0x5AED, 0x630D, 0x5AED, 0x5AED, 0x5ACD, 0x5ACD, 0x5AED,
    0x4A4A, 0x0024, 0x006A, 0x0069, 0x0069, 0x0069, 0x0069, 0x0069, 0x006A, 0x0024, 0x6000, 0x7000,
    0x7000, 0x7000, 0x7000, 0x7000, 0x7000, 0x7000, 0x38E3, 0x6BAF, 0x6B6F, 0x6B6F, 0x6B8F, 0x636F,
    0x6B8F, 0x73D0, 0x4A6B, 0x4A40, 0x73A0, 0x6B60, 0x6B40, 0x6B60, 0x6B40, 0x6B40, 0x7380, 0x2120,
    0x738E, 0x9491, 0x8C51, 0x8C51, 0x8C50, 0x8C50, 0x840F, 0x7BCE, 0x6B8E, 0xCE79, 0xFFFF, 0xB5F8,
    0xE77D, 0xE75D, 0xE75D, 0xF7FF, 0x8472, 0x5000, 0xB000, 0xD800, 0xD820, 0xD020, 0xE020, 0xC000,
    0x4800, 0xD000, 0xC000, 0xD020, 0xB800, 0x2000, 0x5AE3, 0xAD40, 0xFFE0, 0xFFE0, 0xFFC0, 0xFFE0,
    0x5AC0, 0xA500, 0x8400, 0x2942, 0x006C, 0x00AF, 0x006D, 0x008D, 0x08D0, 0x006D, 0x0845, 0x5207,
    0xA40F, 0xE595, 0xF637, 0xE5B5, 0xF616, 0x7B0B, 0xA556, 0x630B, 0x6AC0, 0xD580, 0xF6A1, 0xC500,
    0x3164, 0xE71A, 0xD677, 0xDED9, 0xDEB8, 0x9CD1, 0x4207, 0x2965, 0x3981, 0xDDC0, 0xEE40, 0xB4A0,
    0x8400, 0xFFE0, 0xFFE0, 0xFFE1, 0xFFE1, 0xFFE1, 0xE720, 0x9480, 0x4A06, 0x8B8D, 0xAC0F, 0xDD54,
    0xF5F6, 0xFE78, 0xB450, 0x94F3, 0xEFBE, 0xC63A, 0x5AA3, 0xDF00, 0xD6A0, 0xEF81, 0x7382, 0x73F1,
    0x73CF, 0x6B4D, 0xAD75, 0xDF1C, 0xEF9E, 0x52CD, 0x00B1, 0x0134, 0x006F, 0x08A9, 0x5B0D, 0x39C5,
    0xC500, 0xEE20, 0xE5C0, 0xE600, 0xE600, 0xEE20, 0xCD40, 0x2902, 0x5AE6, 0x8400, 0xBDC0, 0xEF80,
    0xFFE0, 0xFFE0, 0x5282, 0xB5D9, 0xDF3C, 0xB5D8, 0xC659, 0xCE9A, 0x3186, 0xB5D7, 0xD6DC, 0xCEBB,
    0xADB8, 0x8432, 0x6B8B, 0x6325, 0x7381, 0x8C60, 0xB5C0, 0x9CC0, 0x632D, 0xD6FC, 0xD6FC, 0x6B2B,
    0xBCA0, 0xF620, 0xAC40, 0x6B06, 0x9D16, 0xDF3D, 0xD6FB, 0xCEBB, 0xBE39, 0x632B, 0x7385, 0x8421,
    0xAD40, 0xD680, 0xEF60, 0xFFE0, 0xE720, 0x6309, 0xD6FD, 0xD6DB, 0xE77D, 0xEF9D, 0xEF9E, 0xE79D,
    0xE77D, 0xE77D, 0xDF5D, 0xE79E, 0xB5F6, 0x0069, 0x0135, 0x0113, 0x0114, 0x0114, 0x0114, 0x0114,
    0x0135, 0x0869, 0xC800, 0xE800, 0xE000, 0xE000, 0xE000, 0xE000, 0xE000, 0xE000, 0x71C7, 0xD73D,
    0xCEDC, 0xCEDC, 0xCEDC, 0xC6BC, 0xC6BC, 0xD71E, 0x8CB4, 0x8C80, 0xDF00, 0xCE80, 0xD6A0, 0xCE80,
    0xCE80, 0xCE60, 0xD6C0, 0x4A41, 0xCE39, 0xEF5B, 0xE71A, 0xEF3B, 0xE71A, 0xEF5B, 0xEF5B, 0xE73A,
    0x62EB, 0x8410, 0xAD55, 0xBE18, 0xC659, 0xDEFB, 0xDF3D, 0xDF3C, 0x73AE, 0xADF7, 0x6B6D, 0x60C3,
    0x9800, 0xD000, 0xF000, 0x5800, 0x5800, 0xE020, 0xD020, 0xB000, 0x50A2, 0x94D3, 0xCE9C, 0x632E,
    0x4A40, 0xB581, 0xFFE0, 0xBDC0, 0x2921, 0x73CB, 0x4A8C, 0x0045, 0x0048, 0x0029, 0x0025, 0x0007,
    0x002D, 0x006F, 0x0008, 0x634C, 0x8471, 0x62AA, 0x938E, 0xE5B5, 0xC4D2, 0x6B4D, 0xF7DE, 0xEF7D,
    0x94F5, 0x5246, 0x9C00, 0x6AC3, 0x52CC, 0xAD54, 0xE6F9, 0x8C50, 0x39C6, 0x39C7, 0x9492, 0xE77D,
    0xAD96, 0x5A82, 0xE600, 0xC500, 0x3180, 0x9461, 0x94A0, 0xAD40, 0xB5A0, 0xBDE0, 0xE720, 0xD6A0,
    0x6309, 0xCEBB, 0x94D2, 0x7BAE, 0x8B4C, 0xBC91, 0x7B2C, 0xC67A, 0xDF1C, 0xEF9D, 0x8C73, 0x73A0,
    0xFFC1, 0xCE40, 0x5AC1, 0x94B3, 0xF7DF, 0xBE18, 0x73CF, 0x634D, 0xAD76, 0x5B0B, 0x0006, 0x10EB,
    0x6B4D, 0xB5F6, 0xE77E, 0x8430, 0x6B49, 0x7367, 0x7B85, 0x8383, 0x8BC2, 0x9C20, 0xA420, 0x39A3,
    0xCE9C, 0xA577, 0x73CF, 0x6327, 0x8C41, 0x9CC0, 0x52A9, 0xD71C, 0xCE9A, 0xCEBB, 0xE75D, 0x52AB,
    0x0841, 0x4249, 0xD6DB, 0xCE9B, 0xD6FC, 0xD71C, 0xD71D, 0xC67B, 0xA578, 0x8C93, 0x73CE, 0x4A87,
    0x9D15, 0xCEFC, 0xCEDB, 0xBE3A, 0x5A63, 0x8341, 0x7BF0, 0xC69B, 0xDF3C, 0xCEBB, 0xCEBB, 0xCEBB,
    0xCEBB, 0xD71D, 0xC67B, 0xAD98, 0x8C93, 0x73CD, 0x6B47, 0x8423, 0x6B40, 0x73CF, 0xDF5D, 0xCEDB,
    0xCEBB, 0xD6DB, 0xD6FB, 0xCEBB, 0xCEDB, 0xD6DB, 0xCEBB, 0xD6FC, 0xA554, 0x0069, 0x0114, 0x0112,
    0x0113, 0x0113, 0x0113, 0x0112, 0x0114, 0x0868, 0xB800, 0xD800, 0xD000, 0xD000, 0xD000, 0xD000,
    0xD000, 0xC800, 0x69A7, 0xC6BB, 0xBE5A, 0xBE5A, 0xBE5A, 0xB63A, 0xB61A, 0xBE9B, 0x7C32, 0x8420,
    0xCE60, 0xBE00, 0xBE00, 0xBE00, 0xBE00, 0xBDE0, 0xC620, 0x4201, 0xBDB7, 0xDED9, 0xDE98, 0xD657,
    0xD678, 0xDE98, 0xD698, 0xCE57, 0xDF1C, 0xBDF7, 0xA534, 0x9492, 0x8430, 0x7BEF, 0x8451, 0x73CF,
    0x8451, 0xEFBE, 0xE75D, 0xBE9A, 0x8471, 0x6186, 0x7000, 0x49E7, 0x5B0C, 0x9000, 0x9000, 0x5208,
    0xB639, 0xDF3D, 0xDEFB, 0xD6DC, 0x39E3, 0x2920, 0x4A42, 0x4203, 0xA556, 0xDF3D, 0xD6FB, 0xBE17,
    0xB5D6, 0x738D, 0x0000, 0x39C7, 0x4209, 0x2148, 0x1084, 0x9D14, 0xEFBE, 0xC67A, 0x8CB2, 0x736D,
    0x4A08, 0xB5D7, 0xDF3C, 0xD6DB, 0xE75C, 0xD6DC, 0x634E, 0x8C72, 0xCEBB, 0x5ACB, 0x4A48, 0x39C7,
    0x94D3, 0xDF1C, 0xE77E, 0xDF1C, 0xE77D, 0xAD77, 0x5A83, 0x6280, 0x7C11, 0xBDF9, 0xA536, 0x94D4,
    0x8C71, 0x8430, 0x41E6, 0x52A8, 0x94D3, 0xEF9E, 0xEF9E, 0xE77D, 0xBE18, 0x8410, 0x8431, 0xDF3D,
    0xD6DB, 0xCEBB, 0xDF1D, 0x632B, 0x6B60, 0x5AE9, 0xAD98, 0xE77D, 0xD6DB, 0xDF1C, 0xE77E, 0xC659,
    0x6BAF, 0x73AF, 0x94D3, 0xB5B6, 0xDF1D, 0xD6DC, 0xC69A, 0xD6DC, 0xCEDC, 0xCE9C, 0xC65B, 0xBE1A,
    0xB5D9, 0xA557, 0x9D15, 0x9CF4, 0xCE9A, 0xD71B, 0xD71C, 0xCE9B, 0xA557, 0x632D, 0x9D14, 0xD6DC,
    0xC67A, 0xDF1C, 0x8C92, 0x0020, 0xDE58, 0x48C3, 0x636E, 0xDF1D, 0xBE5A, 0xC67A, 0xC65A, 0xCEBA,
    0xCEDB, 0xD6FC, 0xD6FD, 0xC6BC, 0xC69B, 0xC69B, 0xC67B, 0xD6FC, 0x9515, 0x9516, 0xDF3D, 0xCEBB,
    0xC67B, 0xCEBB, 0xC69B, 0xCEBB, 0xC69B, 0xC69B, 0xCEDB, 0xDF1C, 0xDF5D, 0xD71D, 0xC69C, 0xB5D9,
    0x94D4, 0xB618, 0xCEBB, 0xD6DC, 0xD71C, 0xDF3C, 0xDF3C, 0xD6FC, 0xD6FC, 0xD6DB, 0xCEBB, 0xD6FC,
    0xAD75, 0x0049, 0x00F4, 0x00D2, 0x00D2, 0x00D2, 0x00D2, 0x00D2, 0x00F3, 0x0048, 0xB000, 0xD000,
    0xC800, 0xC800, 0xC800, 0xC800, 0xC820, 0xC000, 0x69A6, 0xC69B, 0xB61A, 0xB61A, 0xB61A, 0xADF9,
    0xADF9, 0xB65B, 0x73F2, 0x7BE0, 0xC620, 0xB5C0, 0xB5C0, 0xB5C0, 0xB5C0, 0xB5A0, 0xBDE0, 0x4201,
    0xA4F4, 0x9CD1, 0x9491, 0xA4F2, 0x94B1, 0xA513, 0xBDB5, 0xBDF6, 0xEF9E, 0xF7BE, 0xF7DF, 0xF7DF,
    0xF7BE, 0xE75D, 0xD6DB, 0xBE18, 0xD6DB, 0xE75D, 0xDF3C, 0xEF7D, 0xF7DF, 0xE79E, 0x9534, 0xBDF7,
    0xEFBE, 0x4A08, 0x738E, 0xE79E, 0xEF7D, 0xE73C, 0xE73C, 0xEF9E, 0x94B2, 0x94B2, 0xCE9B, 0xBDF8,
    0xEF9E, 0xE73C, 0xE75D, 0xEF7D, 0xF7BE, 0x31A7, 0x0000, 0xAD75, 0xF7BE, 0xDF3B, 0xD6DA, 0xDF1C,
    0xE73C, 0xEF9E, 0xF7BF, 0xEF9E, 0xCE9A, 0xE77D, 0xE75D, 0xE77D, 0xE73C, 0xEF7D, 0xF7BE, 0xEF7D,
    0xEFBE, 0xA514, 0xAD75, 0xFFFF, 0xF7DF, 0xE75D, 0xE75D, 0xEF7D, 0xE75D, 0xFFFF, 0xC618, 0x9493,
    0xFFFF, 0xF7DE, 0xF7FE, 0xFFFF, 0xFFFF, 0xE71B, 0x0882, 0x632C, 0xFFFF, 0xE75D, 0xEF9D, 0xEF9E,
    0xF7DE, 0xFFFF, 0xF7DF, 0xEF7D, 0xE75D, 0xE73C, 0xE75D, 0xD69A, 0x9493, 0xEF9E, 0xEFBE, 0xE75D,
    0xEF9E, 0xEF7D, 0xE75D, 0xEF9E, 0xF7DF, 0xEF9E, 0xEFBE, 0xE75D, 0xDEFC, 0xDEFC, 0xDF3C, 0xDEFC,
    0xDF1C, 0xDF3C, 0xE73C, 0xE75D, 0xEF7D, 0xEF7D, 0xEF9D, 0xE77D, 0xDEFC, 0xDEFC, 0xDEFB, 0xDF1C,
    0xEF7D, 0xEF9E, 0xDF3D, 0xDF1C, 0xDF1C, 0xDEFB, 0x0020, 0x9CD2, 0x6B6D, 0x7800, 0x2021, 0xA596,
    0xE73D, 0xD6DB, 0xDF1C, 0xE75D, 0xDF3D, 0xCEDB, 0xD6DB, 0xD6FC, 0xD6FC, 0xD71C, 0xDF3D, 0xDF1C,
    0xE77E, 0xE75D, 0xD6FC, 0xDF3D, 0xDF1C, 0xDF3D, 0xDF1C, 0xDF1C, 0xDF1C, 0xD6FC, 0xDF1C, 0xDF1C,
    0xDF1C, 0xDF1C, 0xDF1C, 0xDF3C, 0xEFBE, 0xF7DE, 0xFFFE, 0xF7DE, 0xE75E, 0xDF1D, 0xDF1D, 0xEF7E,
    0xFFDE, 0xFFFE, 0xEFBD, 0xDF3D, 0xAD96, 0x18E5, 0x2127, 0x2127, 0x2127, 0x1907, 0x1906, 0x1906,
    0x2127, 0x1083, 0x3800, 0x4000, 0x4000, 0x4000, 0x4000, 0x4000, 0x4000, 0x4000, 0x2082, 0x3A08,
    0x3A08, 0x39E8, 0x31C7, 0x31A7, 0x31A7, 0x31C7, 0x2105, 0x2100, 0x39E0, 0x39C0, 0x39C0, 0x39E0,
    0x39E0, 0x39E0, 0x39E0, 0x10A0, 0x39A7, 0x31A6, 0x2124, 0x3185, 0x2124, 0x3185, 0x2945, 0x2124,
    0xEF9E, 0xEF7D, 0xE77D, 0xE75D, 0xE75D, 0xE77D, 0xEF7D, 0xEF9E, 0xE77D, 0xE75D, 0xE75D, 0xE75D,
    0xE73C, 0xEF7D, 0xF7DF, 0xEF9E, 0xE77D, 0xEF9E, 0xF7BE, 0xEF7D, 0xE77D, 0xEF7D, 0xEF7D, 0xE75D,
    0xF7BE, 0xF7DF, 0xEF9E, 0xF7BE, 0xE75D, 0xE75D, 0xE73C, 0xF7DF, 0x5B0C, 0x30A2, 0x3021, 0x9D55,
    0xFFFF, 0xF7DF, 0xFFFF, 0xF7BE, 0xEF9E, 0xD6BA, 0xEF9E, 0xEF7D, 0xF7FF, 0xF7DF, 0xFFFF, 0xFFFF,
    0xFFFF, 0xFFFF, 0xFFFF, 0xFFFF, 0xEF9E, 0xFFFF, 0xFFFF, 0xEF9D, 0xEF9D, 0xEF9E, 0xF7BE, 0xEF9E,
    0xEF9E, 0xEF7D, 0xF7DF, 0xFFFF, 0xE75D, 0xEF7D, 0xE77D, 0xE73C, 0xEF9D, 0x29A6, 0x4000, 0x2800,
    0x94F3, 0xFFFF, 0xFFDF, 0xF7DF, 0xF7DE, 0xF7BE, 0xF7BE, 0xF7DE, 0xFFFF, 0xFFFF, 0xFFFF, 0xFFFF,
    0xFFFF, 0xFFFF, 0xFFFF, 0xFFFF, 0xFFFF, 0xFFDF, 0xFFDF, 0xF7BE, 0xEF9D, 0xF7BE, 0xFFFF, 0xFFFF,
    0xFFFF, 0xFFFF, 0xFFFF, 0xFFFF, 0xFFFF, 0xEF9E, 0xEF7D, 0xF7BE, 0xEF9E, 0xF7BE, 0xFFFF, 0xFFFF,
    0xFFFF, 0xFFFF, 0xFFFF, 0xFFFF, 0xFFFF, 0xFFFF, 0xFFFF, 0xFFFF, 0xFFFF, 0x4228, 0x4A49, 0xB575,
    0x0000, 0x2020, 0x8800, 0x2145, 0xE75C, 0x73AE, 0x7BCE, 0x840F, 0x8C71, 0xF7BE, 0xE77D, 0xEF9E,
    0xF7BE, 0xEF9E, 0xEF9E, 0xF7BE, 0xEF9E, 0xEF9E, 0xF7BE, 0xF7BE, 0xF7BE, 0xF7BE, 0xF7BE, 0xEF9E,
    0xEF9E, 0xEF9E, 0xF7BE, 0xFFDF, 0xFFFF, 0xF7BE, 0xFFFF, 0xFFFF, 0xEF9E, 0xADDB, 0x6C59, 0x3AF7,
    0x1A35, 0x09B4, 0x11F5, 0x2255, 0x3AD6, 0x6BD8, 0xB5DB, 0xF79E, 0xFFFE, 0xDF3C, 0xCEBA, 0xD6DB,
    0xD6DB, 0xC67A, 0xC69A, 0xC679, 0xCEDB, 0x62EC, 0xA800, 0xD020, 0xC800, 0xC800, 0xC800, 0xC800,
    0xC800, 0xC800, 0x69A6, 0xBE7A, 0xB619, 0xB5F9, 0xB5F9, 0xADD9, 0xA5B8, 0xB63A, 0x6BD1, 0x7BC0,
    0xC620, 0xB5C0, 0xB5C0, 0xB5E0, 0xB5E0, 0xB5C0, 0xBDE0, 0x39C1, 0xB5B6, 0xDEFA, 0xDED9, 0xDEDA,
    0xDED9, 0xDEB9, 0xD699, 0xCE58, 0xEF7E, 0xE77D, 0xE75D, 0xE77D, 0xE75D, 0xE75D, 0xE73D, 0xDF3D,
    0xDF3D, 0xDF3D, 0xDF3D, 0xE73D, 0xE73D, 0xE73D, 0xDF1C, 0xE73D, 0xE75D, 0xE75D, 0xE73D, 0xE75D,
    0xE75D, 0xE75D, 0xE75D, 0xE75D, 0xE73D, 0xDF3C, 0xE75D, 0xE73D, 0xE75D, 0xE75D, 0xEFBE, 0xAD75,
    0x08C3, 0xDC0F, 0x2800, 0x638D, 0xAD75, 0xA534, 0xAD54, 0xCE58, 0xAD55, 0x08A2, 0xCE59, 0xEF9E,
    0xCE59, 0xB5B6, 0xA514, 0xA513, 0xA513, 0x9CF3, 0xA534, 0xB595, 0xE75D, 0xEF7D, 0xEF7D, 0xF7BE,
    0xEF7E, 0xEF7D, 0xEF9E, 0xEF7D, 0xEF9E, 0xF7BE, 0xEF7D, 0xEF7D, 0xEF9E, 0xEF9E, 0xEF7D, 0xFFFF,
    0x7C10, 0x0820, 0xD882, 0xB000, 0x1082, 0xD6BA, 0xFFDF, 0xF7BE, 0xFFFF, 0xF7DE, 0xF7DF, 0xE75C,
    0x8410, 0x73AE, 0x6B6D, 0x6B4D, 0x6B4C, 0x6B4C, 0x6B6D, 0x7BEF, 0xE75C, 0xF7BE, 0xEF7D, 0xEF9E,
    0xFFFF, 0xEF9D, 0xBDF7, 0x8C51, 0x6B4D, 0x632C, 0x738D, 0x9CF3, 0xCEBA, 0xF7BE, 0xF7DF, 0xE77D,
    0xE75D, 0xEF9E, 0x9CD2, 0x6B6D, 0x5ACB, 0x528A, 0x4A69, 0x4A49, 0x4A28, 0x4A28, 0x4228, 0x4A48,
    0x39C7, 0x10A2, 0xC638, 0x18C3, 0x0000, 0x0000, 0x5020, 0x6000, 0x5B4D, 0x9492, 0x630C, 0x39C6,
    0x4A69, 0xE75D, 0xE77D, 0xE75D, 0xE77D, 0xEF9E, 0xEF9E, 0xEF9E, 0xEF7E, 0xEF7E, 0xEF9E, 0xEF9E,
    0xEF9E, 0xEF9E, 0xEF9E, 0xEF9E, 0xEF9E, 0xF7BE, 0xF7BE, 0xF7BE, 0xF7BE, 0xFFFF, 0xEF9E, 0x84DA,
    0x2AB6, 0x01F5, 0x01F5, 0x0215, 0x0215, 0x01F5, 0x01D4, 0x01B4, 0x0154, 0x0114, 0x0114, 0x2215,
    0x8CBA, 0xF79F, 0xF7BE, 0xCEDC, 0xD6FC, 0xCEDC, 0xCEDC, 0xCEBB, 0xDF5E, 0x6B2D, 0xA800, 0xD820,
    0xD000, 0xD000, 0xD000, 0xD000, 0xD020, 0xC800, 0x69C7, 0xC6BB, 0xBE5A, 0xB63A, 0xB63A, 0xB63A,
    0xB61A, 0xBE7B, 0x7C12, 0x8420, 0xCE60, 0xBE00, 0xBE00, 0xBE00, 0xBE00, 0xBDE0, 0xC620, 0x39E1,
    0xBDD7, 0xDEB8, 0xD678, 0xD678, 0xD698, 0xD698, 0xDE98, 0xD678, 0xEF7D, 0xE77D, 0xE75D, 0xE75D,
    0xE75D, 0xDF3D, 0xDF3D, 0xDF3D, 0xDF3D, 0xDF3D, 0xDF3D, 0xDF3D, 0xDF1C, 0xDF3C, 0xDF3D, 0xDF3D,
    0xE75D, 0xE75D, 0xDF3D, 0xE73D, 0xDF3D, 0xDF3D, 0xDF3D, 0xDF3D, 0xDF1C, 0xDF1C, 0xDF1C, 0xDF1C,
    0xDEFC, 0xDF3C, 0xD6FB, 0x1062, 0x94F3, 0xDA89, 0x61A6, 0x3A08, 0x41E7, 0x39E7, 0x2924, 0x0841,
    0x2145, 0x6104, 0x3186, 0xF7DE, 0x6B6D, 0x0000, 0x4228, 0x4208, 0x39C7, 0x39E7, 0x2924, 0x0000,
    0xD6DA, 0xEF9D, 0xEF7D, 0xDEFB, 0xE73C, 0xE75D, 0xE77D, 0xE77D, 0xE77D, 0xEF9E, 0xEF9E, 0xEF7D,
    0xEF9E, 0xEF9D, 0xF7BE, 0xC658, 0x0000, 0xACB2, 0xB8C3, 0x7800, 0x7800, 0x29C7, 0xF7BE, 0xF7BE,
    0xF7BE, 0xF7BE, 0xF7BE, 0xDEDA, 0x0000, 0x3965, 0x528A, 0x5289, 0x5289, 0x52AA, 0x4165, 0x0800,
    0xD6BA, 0xEF7D, 0xF7DF, 0xDF1C, 0x73AE, 0x18C3, 0x18E3, 0x4A28, 0x6B2C, 0x738D, 0x5AEB, 0x39C6,
    0x1841, 0x3207, 0x9513, 0xF79E, 0xEF9E, 0xEF9E, 0x4208, 0x1841, 0x6B6D, 0x6B6D, 0x736D, 0x736D,
    0x73AE, 0x73AE, 0x738D, 0x738D, 0x6B6D, 0xB185, 0x59A6, 0x0000, 0x0000, 0x0000, 0x0000, 0x8020,
    0x3800, 0x7C51, 0xDEFB, 0xD6DB, 0xCE99, 0xE75D, 0xEFBE, 0xEF9E, 0xEFBE, 0xF7BE, 0xEFBE, 0xEFBE,
    0xEFBE, 0xF7BE, 0xF7BE, 0xF7BE, 0xF7BE, 0xF7BE, 0xF7BE, 0xF7BE, 0xF7BE, 0xF7BE, 0xF7BE, 0xF7BE,
    0xFFFF, 0xBE3C, 0x2AD6, 0x01F5, 0x1A76, 0x22D6, 0x1AB6, 0x1A96, 0x1275, 0x1255, 0x09F5, 0x01F4,
    0x01D4, 0x01D4, 0x0194, 0x0154, 0x00D3, 0x2A15, 0xBE3C, 0xFFFF, 0xD6FC, 0xCEBB, 0xCEBB, 0xCE9B,
    0xDF5D, 0x6B4D, 0xB800, 0xE820, 0xE000, 0xE000, 0xE000, 0xE000, 0xE020, 0xD800, 0x71E7, 0xD73D,
    0xC6BC, 0xC6BC, 0xC6BC, 0xBE9C, 0xBE7C, 0xC6FE, 0x8474, 0x8C60, 0xDF00, 0xCE80, 0xD6A0, 0xCE80,
    0xD6A0, 0xCE80, 0xD6C0, 0x4A21, 0xC618, 0xD677, 0xD678, 0xD678, 0xCE57, 0xD698, 0xDEB8, 0xCE37,
    0xEF7D, 0xE77D, 0xE75D, 0xE75D, 0xE75D, 0xE77D, 0xE75D, 0xE75D, 0xE75D, 0xE75D, 0xE75D, 0xE75D,
    0xE75D, 0xE75D, 0xE75D, 0xE75D, 0xE75D, 0xE75D, 0xE75D, 0xE73D, 0xE73D, 0xE73D, 0xE75D, 0xE75D,
    0xE75D, 0xE75D, 0xE75D, 0xE75D, 0xDF3C, 0xF7BF, 0x4228, 0x5AAA, 0x94F3, 0x7800, 0xBBEF, 0x9CF3,
    0x9CD2, 0x9CF3, 0xB289, 0x0000, 0x63CE, 0xC269, 0x4800, 0x7C51, 0x8471, 0x4041, 0xD450, 0x94B2,
    0x9450, 0x9491, 0xC269, 0x3041, 0xD6FB, 0xF7BE, 0xF7BE, 0x2965, 0x73AE, 0xF7BF, 0xE75D, 0xEF9E,
    0xEF9E, 0xEF7E, 0xEF9E, 0xEF9E, 0xEF9E, 0xEF9E, 0xF7BE, 0x20E3, 0x6B6D, 0x738D, 0x9000, 0x1020,
    0x9020, 0x4800, 0x638D, 0xFFFF, 0xF7BE, 0xF7BE, 0xF7BE, 0xD6DA, 0x2041, 0xBA07, 0x73AE, 0x736D,
    0x6B6D, 0x6B8D, 0xC9A6, 0x3841, 0xC6BA, 0xFFFF, 0x94D2, 0x1062, 0x4208, 0xB5B6, 0xE71B, 0xCE79,
    0xB595, 0xAD54, 0xB5B6, 0xD679, 0xC8E3, 0x8800, 0x2800, 0x29E7, 0xC638, 0xFFFF, 0x428A, 0x6861,
    0xAACB, 0x52AA, 0x5AAA, 0x528A, 0xAB6D, 0x932C, 0x5289, 0x5289, 0x4A69, 0xC020, 0xA800, 0x0800,
    0x0000, 0x0000, 0x0000, 0x1000, 0x9000, 0x20A2, 0xCEDB, 0xEF9E, 0xEF9E, 0xEF9E, 0xEF9E, 0xEF9E,
    0xEFBE, 0xEFBE, 0xF7BE, 0xF7BE, 0xF7BE, 0xF7BE, 0xF7BE, 0xF7BE, 0xF7BE, 0xEFBE, 0xF7BE, 0xEF9E,
    0xEF9E, 0xEF9E, 0xEF9E, 0xFFFF, 0x9D9B, 0x0A15, 0x1296, 0x2AF6, 0x3317, 0x3337, 0x2AF7, 0x1A96,
    0x1A75, 0x1A75, 0x1235, 0x0A15, 0x01D4, 0x01B4, 0x0194, 0x0174, 0x0174, 0x0114, 0x0114, 0x9D5B,
    0xFFFF, 0xD6FC, 0xD6FC, 0xC6BB, 0xDF3D, 0x6B4D, 0x5800, 0x7020, 0x6800, 0x6800, 0x6800, 0x6800,
    0x6800, 0x6800, 0x30C3, 0x5B2D, 0x5B0D, 0x5B0D, 0x5B0D, 0x5B2D, 0x5B0D, 0x636E, 0x3A09, 0x4200,
    0x6B40, 0x6320, 0x6300, 0x6300, 0x5AE0, 0x5AE0, 0x5AE0, 0x2101, 0x528A, 0x2124, 0x3185, 0x2944,
    0x2104, 0x3185, 0x3185, 0x3165, 0xEF7D, 0xE77D, 0xE75D, 0xE77D, 0xE75D, 0xE75D, 0xE75D, 0xE75D,
    0xE75D, 0xE75D, 0xE75D, 0xE75D, 0xE75D, 0xE75D, 0xE73D, 0xE73D, 0xDF3D, 0xDF3D, 0xDF3D, 0xDF3D,
    0xDF1D, 0xDF3C, 0xDF3D, 0xDF3D, 0xDF3D, 0xE75D, 0xE75D, 0xDF3C, 0xEFBE, 0x94D3, 0x18A2, 0xC617,
    0x0882, 0x8800, 0x3800, 0x0000, 0x0000, 0x0000, 0x6000, 0x51E7, 0x8C71, 0x0000, 0x9820, 0x4061,
    0x3207, 0x5800, 0x7000, 0x0000, 0x0000, 0x0000, 0x8000, 0x3861, 0xCEDA, 0xFFFF, 0x73CF, 0x2820,
    0x1821, 0xB5F7, 0xEF9E, 0xE77D, 0xEF7E, 0xEF9E, 0xEF7D, 0xEF7D, 0xE75D, 0xF7DF, 0x632D, 0x2945,
    0xAD54, 0x0000, 0x9800, 0x1800, 0x0800, 0xB020, 0x1800, 0xA575, 0xFFFF, 0xEF9D, 0xF7DF, 0xD6DB,
    0x2061, 0x9000, 0x0000, 0x0000, 0x0000, 0x0000, 0xA000, 0x3061, 0xD71B, 0x632D, 0x0841, 0xB596,
    0xDF1B, 0x73AE, 0x18E3, 0x0000, 0x0000, 0x0000, 0x0000, 0x0000, 0x2800, 0x8020, 0xD020, 0x7800,
    0x0862, 0xB596, 0x4AEB, 0x6000, 0x6000, 0x0000, 0x0000, 0x0000, 0x6000, 0x4800, 0x0000, 0x0000,
    0x0000, 0x8800, 0x8020, 0x7800, 0x0000, 0x0000, 0x0000, 0x0000, 0x3820, 0x7800, 0x29C7, 0xEF7E,
    0xE75D, 0xE77D, 0xE77D, 0xEF7E, 0xEF7E, 0xEF9E, 0xEF9E, 0xEF7E, 0xEF9E, 0xEF9E, 0xEF9E, 0xEFBE,
    0xF7BE, 0xF7BE, 0xF7BE, 0xF7BE, 0xF7DF, 0xEF9E, 0xFFFF, 0x955B, 0x01F5, 0x1AB6, 0x2B17, 0x2B37,
    0x3B78, 0x43B8, 0x43B8, 0x3B57, 0x2B17, 0x22D6, 0x1A75, 0x0A35, 0x0A15, 0x01D4, 0x0174, 0x0174,
    0x0154, 0x0154, 0x0154, 0x00D3, 0x953B, 0xFFFF, 0xD6DC, 0xCEBB, 0xDF3D, 0x6B4D, 0x7000, 0x9020,
    0x8800, 0x9000, 0x9000, 0x9000, 0x9000, 0x9000, 0x4925, 0x8493, 0x8452, 0x8472, 0x8473, 0x7C52,
    0x7432, 0x84B3, 0x4AAC, 0x5280, 0x8C80, 0x8420, 0x8420, 0x8400, 0x8400, 0x8400, 0x8420, 0x2920,
    0x8430, 0xA513, 0x9CF2, 0x9CD2, 0x9CB2, 0x9491, 0x9491, 0x9491, 0xEF7D, 0xE75D, 0xE75D, 0xE75D,
    0xE75D, 0xEF7D, 0xEF7D, 0xE75D, 0xE75D, 0xE75D, 0xE75D, 0xE75D, 0xE75D, 0xE75D, 0xE73D, 0xDF3D,
    0xE75D, 0xE77D, 0xE75D, 0xE75D, 0xE73D, 0xE75D, 0xDF3D, 0xDF3D, 0xE75D, 0xDF3D, 0xDF3C, 0xE75D,
    0xD6DB, 0x0821, 0xAD54, 0x4A49, 0x0000, 0x9020, 0x4800, 0x0020, 0x0820, 0x0021, 0x88E4, 0xBD54,
    0x10A2, 0x0000, 0x2000, 0xA800, 0x0000, 0x5800, 0x8020, 0x0020, 0x0820, 0x0021, 0x8800, 0x3041,
    0xE77C, 0xC617, 0x10E3, 0xDC71, 0x8000, 0x1945, 0xEF7D, 0xF7BE, 0xF7DE, 0xF7DE, 0xF7BE, 0xEF9E,
    0xFFFF, 0xBDD7, 0x0000, 0xB575, 0x2104, 0x0000, 0x9800, 0x2000, 0x0000, 0x4000, 0xA000, 0x08C3,
    0xDEFB, 0xFFDF, 0xF7BE, 0xDEFB, 0x2061, 0x9800, 0x0821, 0x0020, 0x0020, 0x0020, 0xA000, 0x40A2,
    0x4A89, 0x18C3, 0xE75C, 0x9CF3, 0x0841, 0x0000, 0x0000, 0x0000, 0x0820, 0x0820, 0x0820, 0x0000,
    0x0000, 0x0000, 0x1800, 0xB020, 0xA800, 0x1061, 0x1904, 0x7000, 0x7020, 0x0020, 0x0820, 0x0020,
    0x7020, 0x5820, 0x0020, 0x0820, 0x0000, 0x9800, 0x0800, 0x9000, 0x4800, 0x0000, 0x0000, 0x0000,
    0x0000, 0x7020, 0x4800, 0x6BCF, 0xF7BE, 0xE75D, 0xE75D, 0xE75D, 0xE75D, 0xE75D, 0xE75D, 0xE75D,
    0xDF5D, 0xE75D, 0xE77D, 0xE75D, 0xE77D, 0xE77E, 0xEF7E, 0xE77E, 0xE75D, 0xFFFF, 0xC67C, 0x0A35,
    0x1AB6, 0x2B17, 0x3BB8, 0x8D7B, 0xB67C, 0xAE3C, 0x6CD9, 0x5C79, 0x4C18, 0x3377, 0x22B6, 0x1A76,
    0x0A35, 0x0A15, 0x0194, 0x0154, 0x0174, 0x0154, 0x0134, 0x0154, 0x00F4, 0xBE3C, 0xEF9E, 0xBE5A,
    0xD73D, 0x734D, 0xB800, 0xE820, 0xD800, 0xD800, 0xD800, 0xD800, 0xE000, 0xD800, 0x71C7, 0xCF1D,
    0xC69B, 0xC6BC, 0xBE9C, 0xB67B, 0xB65B, 0xC6FD, 0x7C32, 0x8420, 0xD6E0, 0xC640, 0xCE60, 0xCE60,
    0xCE60, 0xC660, 0xCE80, 0x4221, 0xCE38, 0xE71A, 0xDED9, 0xDED9, 0xE6FA, 0xE6FA, 0xE6FA, 0xDEF9,
    0xF7BE, 0xEF9E, 0xEF9E, 0xEF9E, 0xE77D, 0xEF9E, 0xEF9E, 0xEF7D, 0xEF7D, 0xEF7E, 0xEF9E, 0xEF7E,
    0xEF9E, 0xEF7E, 0xEF7D, 0xEF7E, 0xEF9E, 0xEF9E, 0xEF7E, 0xE75D, 0xE75D, 0xE75D, 0xE75D, 0xE75D,
    0xE75D, 0xE75D, 0xE75D, 0xF7DF, 0x39E7, 0x6B2C, 0x94B2, 0x0000, 0x0020, 0x9000, 0x4800, 0x0000,
    0x0800, 0x0000, 0x9945, 0x41E7, 0x0000, 0x0800, 0x0000, 0x6000, 0x7800, 0x4800, 0x8800, 0x0000,
    0x0800, 0x0000, 0x8800, 0x3862, 0xCEDA, 0x2104, 0xA4F3, 0x4289, 0x8000, 0x5000, 0x4AAA, 0xF79E,
    0xE75D, 0xE75D, 0xDF3C, 0xDF1C, 0xE73C, 0x10A2, 0x83EF, 0x630B, 0x0000, 0x0020, 0x9800, 0x1800,
    0x0000, 0x0000, 0x7820, 0x6800, 0x3249, 0xF7DE, 0xF7BE, 0xD6DB, 0x2061, 0x9800, 0x0000, 0x0000,
    0x0000, 0x0000, 0xA800, 0x2000, 0x0841, 0xEF7D, 0x7BEF, 0x0000, 0x0000, 0x0820, 0x0000, 0x0000,
    0x0000, 0x0000, 0x0000, 0x0000, 0x0000, 0x0800, 0x0000, 0x0000, 0x9800, 0xA800, 0x0000, 0x7000,
    0x7000, 0x0000, 0x0800, 0x0000, 0x7000, 0x5800, 0x0000, 0x0000, 0x0000, 0x9000, 0x28C3, 0x28E3,
    0xA000, 0x2000, 0x0000, 0x0000, 0x0000, 0x0000, 0x9020, 0x2000, 0xADB6, 0xEF9E, 0xE77D, 0xEF7E,
    0xEF7E, 0xEF7E, 0xE77E, 0xE77E, 0xEF7E, 0xEF7E, 0xEF9E, 0xEF9E, 0xEF7E, 0xEF9E, 0xEF9E, 0xEF9E,
    0xEF9E, 0xEF7E, 0x22B6, 0x1A76, 0x2B17, 0x3BB8, 0xAE5C, 0xFFFF, 0xFFFF, 0xFFFF, 0xEF7E, 0x751A,
    0x5C79, 0x5438, 0x3B77, 0x22D6, 0x1255, 0x0A14, 0x01B4, 0x0154, 0x0154, 0x0154, 0x0134, 0x0134,
    0x0114, 0x21D5, 0xEF9E, 0xD6DC, 0xD71D, 0x734D, 0xB800, 0xE820, 0xD800, 0xD800, 0xD800, 0xD800,
    0xD800, 0xD800, 0x71A7, 0xCF1D, 0xCEBC, 0xC69C, 0xBE7C, 0xB67C, 0xB65B, 0xC6FD, 0x7C53, 0x8400,
    0xDEE0, 0xC640, 0xCE60, 0xCE80, 0xCE60, 0xCE60, 0xD6A0, 0x4201, 0xC5F7, 0xDED9, 0xD698, 0xD698,
    0xD698, 0xDEB9, 0xDED9, 0xD698, 0xEF9E, 0xEF9E, 0xEF7D, 0xEF7D, 0xE77D, 0xE77D, 0xE77D, 0xE77D,
    0xE77D, 0xE77D, 0xE77D, 0xEF7D, 0xE77D, 0xE77D, 0xE77D, 0xEF7E, 0xEF9E, 0xEF9E, 0xE77D, 0xE77D,
    0xE75D, 0xE75D, 0xE77D, 0xE77D, 0xEF7D, 0xE77D, 0xF7DF, 0x8C71, 0x18E3, 0xC638, 0x0841, 0x0820,
    0x0000, 0x8800, 0x4800, 0x0000, 0x0800, 0x0000, 0x9000, 0x5000, 0x0020, 0x0000, 0x0000, 0x0000,
    0x8000, 0xB000, 0x7800, 0x0000, 0x0800, 0x0000, 0x8800, 0x40C3, 0x31C7, 0x62EB, 0x9491, 0x0000,
    0x1020, 0xB020, 0x1800, 0x7C30, 0xF7DF, 0xEF7D, 0xE75D, 0xF7DF, 0x5ACB, 0x39A6, 0x9CF3, 0x0000,
    0x0020, 0x0000, 0x9800, 0x2000, 0x0000, 0x0000, 0x0000, 0xA820, 0x2800, 0x6BEF, 0xFFFF, 0xCEBA,
    0x2041, 0x9800, 0x0800, 0x0000, 0x0000, 0x0000, 0xB000, 0x2000, 0xB5F7, 0xA4F3, 0x0000, 0x0821,
    0x0000, 0x0000, 0x1000, 0x6020, 0x8800, 0x9000, 0x8020, 0x5000, 0x0000, 0x0000, 0x0000, 0x0000,
    0x0000, 0xB800, 0x6000, 0x6000, 0x7000, 0x0000, 0x0800, 0x0000, 0x7000, 0x5800, 0x0000, 0x0000,
    0x0000, 0x9000, 0x51A6, 0x3228, 0x8800, 0x3000, 0x0000, 0x0000, 0x0000, 0x0800, 0x8800, 0x30A3,
    0xC69A, 0xF7BE, 0xEF9E, 0xEF9E, 0xEF9E, 0xF7BE, 0xEFBE, 0xEFBE, 0xF7BE, 0xF7DF, 0xF7DF, 0xFFFF,
    0xFFDF, 0xFFDF, 0xFFDF, 0xF7BF, 0xFFFF, 0x7CBA, 0x01F5, 0x22B7, 0x3377, 0x6CFA, 0xFFFF, 0xFFFF,
    0xFFFF, 0xF7DF, 0xFFFF, 0xC6BC, 0x74D9, 0x74F9, 0x5438, 0x2B17, 0x1A76, 0x0A15, 0x0194, 0x0174,
    0x0174, 0x0154, 0x0134, 0x0113, 0x0154, 0x00B3, 0x7C59, 0xF7DE, 0xD73D, 0x736D, 0x7800, 0x9820,
    0x9000, 0x9000, 0x9000, 0x9000, 0x9000, 0x9000, 0x48E4, 0x7C52, 0x7C32, 0x7C32, 0x7412, 0x7412,
    0x7411, 0x7C52, 0x4AAC, 0x5260, 0x8C40, 0x7BE0, 0x7C00, 0x7BE0, 0x7BE0, 0x7BE0, 0x7BE0, 0x3161,
    0x62EB, 0x4A28, 0x5289, 0x4227, 0x4207, 0x52A9, 0x52AA, 0x5ACA, 0xEFBE, 0xEF9E, 0xEF7E, 0xEF7D,
    0xEF9E, 0xEF7E, 0xE77D, 0xEF7E, 0xE77D, 0xE75D, 0xE75D, 0xE75D, 0xE75D, 0xE75D, 0xE75D, 0xE75D,
    0xE77D, 0xE75D, 0xE75D, 0xE75D, 0xE73D, 0xDF3D, 0xDF5D, 0xDF3D, 0xE75D, 0xEF9E, 0xD6BA, 0x0820,
    0xB5B6, 0x4208, 0x0000, 0x0820, 0x0000, 0x8800, 0x5000, 0x0000, 0x0800, 0x0000, 0x8800, 0xC000,
    0x1800, 0x0000, 0x0000, 0x0000, 0x0800, 0xC000, 0x8000, 0x0000, 0x0800, 0x0000, 0x9000, 0x2000,
    0x18E3, 0xBDD6, 0x0841, 0x0020, 0x0000, 0x3000, 0xA020, 0x0841, 0xB5B7, 0xE77D, 0xEF9E, 0xAD75,
    0x0820, 0xB5B6, 0x18C3, 0x0000, 0x0000, 0x0000, 0x9800, 0x2000, 0x0000, 0x0000, 0x0000, 0x2000,
    0xB020, 0x0820, 0xBDF7, 0xD6DB, 0x1841, 0x9800, 0x0800, 0x0000, 0x0000, 0x0020, 0x9800, 0x7A69,
    0xDF1B, 0x0821, 0x0020, 0x0000, 0x0000, 0x4800, 0xA800, 0x6800, 0x3800, 0x2800, 0x3800, 0x8000,
    0xA800, 0x2800, 0x0000, 0x0000, 0x0000, 0x2800, 0xB800, 0x8800, 0x6800, 0x0000, 0x0800, 0x0000,
    0x7000, 0x5800, 0x0000, 0x0000, 0x0000, 0x9800, 0x0800, 0x5800, 0x6800, 0x0000, 0x0000, 0x0000,
    0x0000, 0x7820, 0x4800, 0x9534, 0xFFFF, 0xEF9E, 0xEF9E, 0xEFBE, 0xEFBE, 0xEF9E, 0xEF9E, 0xF7BE,
    0xEFBE, 0xEFBE, 0xEFBE, 0xEF9E, 0xEF9E, 0xF7BE, 0xEFBE, 0xF7DE, 0xEF7E, 0x2276, 0x1276, 0x2B17,
    0x3BF8, 0x857A, 0xFFFF, 0xFFFF, 0xFFFF, 0xFFFF, 0xFFFF, 0xDF3D, 0x8D5A, 0x74F9, 0x6499, 0x3B97,
    0x22D6, 0x1235, 0x01D4, 0x0174, 0x0154, 0x0154, 0x0134, 0x0134, 0x0113, 0x0134, 0x1194, 0xDF1D,
    0xEFBE, 0x736E, 0x4800, 0x6020, 0x5800, 0x6000, 0x6000, 0x6000, 0x6000, 0x6000, 0x30A3, 0x5B2D,
    0x634E, 0x634E, 0x634E, 0x5B2D, 0x632D, 0x636E, 0x4209, 0x39C0, 0x6320, 0x5AC0, 0x5AE0, 0x5AE0,
    0x5AE0, 0x5AE0, 0x5AE0, 0x18C0, 0x62EC, 0x6B6D, 0x6B4C, 0x6B4D, 0x6B4D, 0x6B2C, 0x6B2C, 0x632C,
    0xEF7E, 0xE77D, 0xE75D, 0xE75D, 0xDF3D, 0xE75D, 0xE75D, 0xE75D, 0xE75D, 0xE73D, 0xDF3D, 0xDF3D,
    0xE73D, 0xE75D, 0xE75D, 0xE75D, 0xE75D, 0xE77D, 0xE75D, 0xE75D, 0xE75D, 0xDF3D, 0xE75D, 0xDF1C,
    0xDF3C, 0xEFBE, 0x2945, 0x738E, 0x9471, 0x0000, 0x0020, 0x0000, 0x0000, 0x7800, 0x5000, 0x0000,
    0x0000, 0x0000, 0x6000, 0x60A2, 0x9A89, 0x0000, 0x0000, 0x0000, 0x0000, 0x5800, 0x8800, 0x0000,
    0x0800, 0x0000, 0x8820, 0x2000, 0xA575, 0x41E7, 0x0000, 0x0800, 0x0000, 0x2000, 0xA820, 0x0021,
    0xB5D7, 0xEF7E, 0xE75D, 0x1062, 0x8C71, 0x52AA, 0x0000, 0x0020, 0x0000, 0x0000, 0x9800, 0x2000,
    0x0000, 0x0000, 0x0000, 0x0000, 0x5800, 0x8800, 0x1924, 0xD699, 0x2082, 0x9800, 0x0800, 0x0000,
    0x0000, 0x0020, 0x9800, 0xEDF7, 0x636D, 0x0000, 0x0820, 0x0000, 0x4800, 0xA800, 0x1800, 0x532C,
    0xADB6, 0xB618, 0x9513, 0x29C7, 0x3000, 0xB000, 0x2000, 0x0000, 0x0800, 0x0000, 0x8000, 0xE000,
    0x5800, 0x0000, 0x0800, 0x0000, 0x7000, 0x6000, 0x0000, 0x0000, 0x0000, 0x9000, 0x3800, 0x9000,
    0x0000, 0x0000, 0x0000, 0x0000, 0x4020, 0x7800, 0x52EB, 0xFFFF, 0xEF9E, 0xEFBE, 0xEFBE, 0xF7BE,
    0xF7BE, 0xEFBE, 0xEFBE, 0xF7BE, 0xEFBE, 0xEFBE, 0xEF9E, 0xEF9E, 0xEF9E, 0xF7BE, 0xEF9E, 0xF7DF,
    0xA5BB, 0x01D5, 0x1AB6, 0x2B37, 0x4C18, 0x74FA, 0xEF9E, 0xFFFF, 0xFFFF, 0xFFFF, 0xFFFF, 0xCEDC,
    0x9D9A, 0x853A, 0x64B9, 0x4C18, 0x22D6, 0x1255, 0x01D4, 0x0174, 0x0154, 0x0134, 0x0134, 0x0134,
    0x0133, 0x0154, 0x00B3, 0x8CDA, 0xFFFF, 0x738E, 0xB800, 0xE820, 0xE000, 0xE000, 0xE000, 0xE000,
    0xE000, 0xE000, 0x7145, 0xCF1D, 0xCEDC, 0xCEFD, 0xCEDD, 0xBE9C, 0xBE7C, 0xCF1E, 0x7C54, 0x7C00,
    0xDF00, 0xCE80, 0xD6A0, 0xD6A0, 0xD6A0, 0xD6A0, 0xD6C0, 0x4221, 0xCE59, 0xEF7B, 0xEF5B, 0xEF5B,
    0xEF5B, 0xEF5B, 0xEF5B, 0xE73B, 0xEF7D, 0xE77D, 0xE75D, 0xE73D, 0xE75D, 0xDF3D, 0xDF3D, 0xE75D,
    0xE75D, 0xE75D, 0xDF3D, 0xDF3D, 0xDF3D, 0xDF3D, 0xDF3D, 0xE73D, 0xDF5D, 0xE73D, 0xE75D, 0xE75D,
    0xE75D, 0xE75D, 0xE75D, 0xDF3C, 0xF7DF, 0x7BEF, 0x2124, 0xC638, 0x0841, 0x0020, 0x0000, 0x0000,
    0x0000, 0x7800, 0x5800, 0x0000, 0x0800, 0x0000, 0x7041, 0xB534, 0x4ACA, 0x0000, 0x0020, 0x0000,
    0x0800, 0xC800, 0x8000, 0x0000, 0x0800, 0x0020, 0x7800, 0xA36D, 0x7C10, 0x0000, 0x0020, 0x0000,
    0x0000, 0xA820, 0x2000, 0x7C30, 0xF7BE, 0xF7BE, 0x4A8A, 0x4208, 0x94D2, 0x0000, 0x0020, 0x0000,
    0x0000, 0x0000, 0x9800, 0x2000, 0x0000, 0x0000, 0x0000, 0x0000, 0x0000, 0x9000, 0x5000, 0x3207,
    0x28A2, 0x9800, 0x0800, 0x0000, 0x0000, 0x0020, 0xA800, 0xE38E, 0x1104, 0x0000, 0x0000, 0x1000,
    0xA800, 0x1841, 0x9534, 0xFFFF, 0xF7DE, 0xF7BE, 0xFFDF, 0xF79E, 0x530C, 0x3000, 0x9800, 0x0000,
    0x0000, 0x0000, 0x3800, 0xE800, 0x5800, 0x0000, 0x0800, 0x0000, 0x7000, 0x6000, 0x0000, 0x0000,
    0x0000, 0x9800, 0xB000, 0x2000, 0x0000, 0x0000, 0x0000, 0x1000, 0x9000, 0x28E3, 0xCEDB, 0xE75D,
    0xE75D, 0xE75D, 0xE75D, 0xE75D, 0xE75D, 0xE75D, 0xE77D, 0xE77E, 0xE77E, 0xE77E, 0xE77E, 0xE77E,
    0xEF9E, 0xEF9E, 0xE77E, 0xFFFF, 0x5C18, 0x01F5, 0x22B6, 0x3357, 0x5459, 0x7519, 0xB63B, 0xF7BE,
    0xFFFF, 0xFFFF, 0xE75D, 0xBE5B, 0xADFB, 0x8D5A, 0x74D9, 0x5438, 0x2B17, 0x1255, 0x01F4, 0x0194,
    0x0174, 0x0154, 0x0154, 0x0134, 0x0133, 0x0133, 0x00D3, 0x4AD6, 0xFFFF, 0x738E, 0xA800, 0xD820,
    0xD000, 0xD000, 0xD000, 0xD000, 0xD000, 0xD800, 0x6945, 0xC6BB, 0xC69B, 0xC6BB, 0xCEBB, 0xBE7B,
    0xB63A, 0xC6BC, 0x7C33, 0x7BC0, 0xD6A0, 0xC620, 0xC640, 0xC640, 0xC640, 0xC620, 0xCE80, 0x4201,
    0xBDF7, 0xDED9, 0xD678, 0xD698, 0xD698, 0xD677, 0xD698, 0xD677, 0xE75D, 0xE75D, 0xDF3D, 0xE73D,
    0xE75D, 0xE75D, 0xE75D, 0xE75D, 0xE75D, 0xDF3D, 0xDF3D, 0xE75D, 0xE75D, 0xE75D, 0xE75D, 0xE75D,
    0xE75D, 0xE75D, 0xE75D, 0xE75D, 0xE77D, 0xEF7D, 0xEF7D, 0xF7BE, 0xCE79, 0x0000, 0xC617, 0x39C7,
    0x0000, 0x0000, 0x0000, 0x0000, 0x0000, 0x7800, 0x5800, 0x0000, 0x0800, 0x0000, 0xA1C7, 0xA491,
    0x0000, 0x0000, 0x0000, 0x0000, 0x7800, 0xA000, 0x7800, 0x0000, 0x0800, 0x0000, 0x9104, 0xCD95,
    0x0021, 0x0020, 0x0000, 0x0000, 0x7800, 0x6800, 0x29C7, 0xE75D, 0xEF9E, 0xA534, 0x0861, 0xB5B6,
    0x1082, 0x0000, 0x0000, 0x0000, 0x0000, 0x0000, 0x9800, 0x2000, 0x0000, 0x0000, 0x0000, 0x0000,
    0x0000, 0x1000, 0xB000, 0x1800, 0x0800, 0xA000, 0x0800, 0x0000, 0x0000, 0x0000, 0xB000, 0xA800,
    0x0000, 0x0800, 0x0000, 0x6820, 0x5800, 0x5B6D, 0xFFFF, 0xDF1C, 0xDF3C, 0xE73D, 0xDF3C, 0xE75D,
    0xE75C, 0x1945, 0x8800, 0x3800, 0x0000, 0x0000, 0x1000, 0xD000, 0x6000, 0x0000, 0x0800, 0x0000,
    0x7000, 0x6800, 0x0000, 0x0000, 0x0000, 0xB800, 0x6000, 0x0000, 0x0000, 0x0000, 0x0000, 0x8020,
    0x3800, 0x9514, 0xF7BE, 0xE75D, 0xEF9E, 0xEF7E, 0xE77E, 0xEF9E, 0xEF9E, 0xEF9E, 0xEF9E, 0xEF7E,
    0xEF7E, 0xEF9E, 0xEF9E, 0xEF9E, 0xEF9E, 0xEF9E, 0xEF9E, 0xF7DF, 0x3316, 0x0A35, 0x22B6, 0x3377,
    0x5C79, 0x74F9, 0x957A, 0xAE1B, 0xCEDC, 0xD6FC, 0xC67B, 0xBE5B, 0xAE1B, 0x8D5A, 0x74F9, 0x5C78,
    0x22F6, 0x1255, 0x0A14, 0x01B4, 0x0174, 0x0154, 0x0154, 0x0133, 0x0133, 0x0133, 0x0113, 0x19D5,
    0xFFFF, 0x7BCF, 0xA000, 0xC820, 0xC000, 0xC000, 0xC000, 0xC000, 0xC000, 0xC000, 0x6104, 0xA5B7,
    0xAD97, 0xADB7, 0xADB8, 0xAD98, 0xA597, 0xADF9, 0x73D1, 0x6320, 0xBDE0, 0xAD80, 0xB5A0, 0xB580,
    0xB580, 0xB5A0, 0xB5A0, 0x41E1, 0xAD55, 0xAD53, 0xA4F2, 0xA4F2, 0x94B1, 0xAD53, 0x9CF2, 0x9491,
    0xE75D, 0xE75D, 0xDF3D, 0xDF5D, 0xE75D, 0xE75D, 0xE77D, 0xE75D, 0xE75D, 0xE77D, 0xE75D, 0xDF3D,
    0xDF5D, 0xE75D, 0xE75D, 0xE75D, 0xE73D, 0xDF3D, 0xE75D, 0xE75D, 0xE75D, 0xE75D, 0xE75D, 0xEF9E,
    0x2104, 0x83EF, 0x8C30, 0x0000, 0x0020, 0x0000, 0x0000, 0x0000, 0x0000, 0x7800, 0x6000, 0x0000,
    0x0800, 0x0000, 0x6882, 0x1041, 0x0000, 0x0000, 0x0000, 0x5000, 0x8000, 0x4000, 0x8800, 0x0000,
    0x0800, 0x0000, 0x82CA, 0x39A6, 0x0000, 0x0800, 0x0000, 0x3000, 0xA000, 0x0041, 0xD69A, 0xF7DE,
    0xEF7D, 0x0861, 0x9492, 0x4A69, 0x0000, 0x0000, 0x0000, 0x0000, 0x0000, 0x0000, 0x9800, 0x2000,
    0x0000, 0x0000, 0x0000, 0x0000, 0x0000, 0x0000, 0x3800, 0xA000, 0x0800, 0xA000, 0x0800, 0x0000,
    0x0000, 0x0000, 0xB800, 0x8800, 0x0000, 0x0800, 0x0000, 0x8800, 0x3020, 0xB618, 0xE75D, 0xDF3C,
    0xDF3D, 0xDF3D, 0xDF3C, 0xDF1C, 0xEF9E, 0x6BCF, 0x4800, 0x7020, 0x0000, 0x0000, 0x0000, 0xB800,
    0x6800, 0x0000, 0x0800, 0x0000, 0x7000, 0x6800, 0x0000, 0x0000, 0x0800, 0x6000, 0x0000, 0x0000,
    0x0000, 0x0000, 0x4820, 0x7000, 0x532C, 0xFFFF, 0xF7BE, 0xF7BE, 0xF7BE, 0xEFBE, 0xEF9E, 0xEF9E,
    0xEF9E, 0xEF9E, 0xEF9E, 0xEF7E, 0xE77E, 0xEF9E, 0xEF9E, 0xEF9E, 0xEF9E, 0xEF7E, 0xEF9E, 0xE77E,
    0x22B6, 0x1255, 0x1A96, 0x3377, 0x5459, 0x6CD9, 0x8D7A, 0xA5DA, 0xA5FB, 0xB63B, 0xBE5B, 0xB63B,
    0xA5BA, 0x853A, 0x6CB9, 0x4BF8, 0x22D6, 0x1A55, 0x01D4, 0x0194, 0x0174, 0x0154, 0x0154, 0x0133,
    0x0134, 0x0133, 0x0134, 0x0934, 0xE77F, 0x7BCE, 0x3000, 0x5020, 0x4800, 0x5000, 0x5000, 0x5000,
    0x5000, 0x5800, 0x2061, 0x3A09, 0x424A, 0x424A, 0x4A6A, 0x4A6A, 0x4A6A, 0x4AAB, 0x31A7, 0x3160,
    0x52A0, 0x4A80, 0x4A80, 0x5280, 0x5280, 0x52A0, 0x4A60, 0x18C0, 0x526A, 0x52AA, 0x5289, 0x4A48,
    0x4A28, 0x52AA, 0x4A48, 0x4207, 0xE75D, 0xE75D, 0xE75D, 0xDF3D, 0xDF3D, 0xDF3D, 0xE75D, 0xE75D,
    0xE77D, 0xE77D, 0xE75D, 0xDF3D, 0xDF3D, 0xE75D, 0xDF3D, 0xDF3D, 0xDF3D, 0xDF3D, 0xDF3D, 0xE75D,
    0xE75D, 0xE75D, 0xF7DF, 0x6B6D, 0x2965, 0xC637, 0x0000, 0x0021, 0x0000, 0x0001, 0x0000, 0x0000,
    0x0000, 0x7800, 0x6000, 0x0001, 0x0000, 0x0001, 0x0000, 0x0000, 0x0000, 0x0001, 0x1801, 0xB000,
    0x0800, 0x4800, 0x8800, 0x0001, 0x0001, 0x0001, 0x10A3, 0x0001, 0x0001, 0x0001, 0x0801, 0xA820,
    0x2000, 0x8471, 0xF7BE, 0xF7DF, 0x4A69, 0x4A48, 0x9492, 0x0001, 0x0022, 0x0001, 0x0002, 0x0002,
    0x0002, 0x0002, 0x9800, 0x2001, 0x0002, 0x0002, 0x0002, 0x0002, 0x0002, 0x0002, 0x0002, 0x7001,
    0x8800, 0x9000, 0x0802, 0x0002, 0x0022, 0x0002, 0xB800, 0x7800, 0x0001, 0x0022, 0x0022, 0x8800,
    0x2861, 0xD6DB, 0xEF9E, 0xEF9E, 0xEF7E, 0xEF7E, 0xEF7D, 0xE75D, 0xF7BE, 0x8CD2, 0x3800, 0x8021,
    0x0023, 0x0023, 0x0001, 0xB800, 0x6801, 0x0023, 0x0823, 0x0024, 0x6801, 0x6001, 0x0025, 0x0024,
    0x0024, 0x0024, 0x0024, 0x0024, 0x0024, 0x1822, 0x9000, 0x20C3, 0xD6FB, 0xE75D, 0xE75D, 0xE75D,
    0xE75D, 0xE75D, 0xE77D, 0xE75D, 0xE75D, 0xE75D, 0xE75D, 0xE77E, 0xE77E, 0xE77E, 0xE77E, 0xE77E,
    0xE77E, 0xE77E, 0xEF9E, 0xE75E, 0x1A96, 0x1275, 0x1A76, 0x2B17, 0x4C38, 0x6499, 0x7D1A, 0x8D7A,
    0x9DBA, 0xA5DA, 0xADFB, 0xA5DA, 0x8D7A, 0x7CF9, 0x5C79, 0x3B77, 0x22B6, 0x1255, 0x01D4, 0x0194,
    0x0174, 0x0154, 0x0154, 0x0134, 0x0134, 0x0133, 0x0154, 0x00F3, 0xD6DE, 0x840F, 0xA000, 0xD820,
    0xD000, 0xD000, 0xD000, 0xD000, 0xD000, 0xD800, 0x6904, 0xBE9B, 0xC69B, 0xC69B, 0xC69C, 0xC69B,
    0xBE7B, 0xCEFC, 0x8495, 0x7BC0, 0xDEE0, 0xCE60, 0xCE60, 0xCE60, 0xCE60, 0xC660, 0xD6A0, 0x4A41,
    0xC619, 0xEF5B, 0xEF3B, 0xEF5C, 0xEF5B, 0xEF3B, 0xEF5B, 0xEF5B, 0xE77D, 0xE77D, 0xE77D, 0xE77D,
    0xE77D, 0xE77D, 0xE77D, 0xEF7D, 0xEF7E, 0xEF7E, 0xEF7E, 0xEF7E, 0xE77E, 0xE75D, 0xE75D, 0xE75D,
    0xE75D, 0xE75D, 0xE75D, 0xE75D, 0xE75D, 0xEF9E, 0xBDF7, 0x0000, 0xC616, 0x3230, 0x0090, 0x00D0,
    0x00AF, 0x008E, 0x00B0, 0x00B0, 0x00D1, 0x7823, 0x6025, 0x00D1, 0x00D0, 0x00D0, 0x00D0, 0x00D0,
    0x00D0, 0x00AF, 0x9022, 0x5000, 0x21A7, 0x4800, 0x8802, 0x00B0, 0x00D0, 0x00D0, 0x00B0, 0x00D1,
    0x00D1, 0x00B0, 0x7823, 0x6000, 0x3208, 0xF7BE, 0xF7BE, 0xA534, 0x1061, 0xB596, 0x08EF, 0x00D2,
    0x00D1, 0x00D1, 0x00B0, 0x00D1, 0x00D1, 0x00B0, 0xA000, 0x286B, 0x00D2, 0x00D1, 0x00B0, 0x00B0,
    0x00D1, 0x00D1, 0x00D2, 0x00AF, 0xA801, 0xC000, 0x00B0, 0x00D2, 0x00D2, 0x00B0, 0xB801, 0x8800,
    0x0069, 0x08D2, 0x00D1, 0x8823, 0x2800, 0xADD7, 0xE77D, 0xE73D, 0xE75D, 0xE75D, 0xDF3C, 0xD6FC,
    0xEF9E, 0x63CF, 0x4800, 0x7844, 0x00D2, 0x00D3, 0x0047, 0xB800, 0x6846, 0x00D3, 0x08D2, 0x00F3,
    0x7024, 0x6846, 0x00F4, 0x00F2, 0x00F3, 0x00F3, 0x00F2, 0x00F2, 0x00D1, 0x8023, 0x3000, 0xA5B6,
    0xFFDF, 0xEF9E, 0xF7BE, 0xF7BE, 0xF7BE, 0xF7BE, 0xF7BE, 0xEFBE, 0xF7BE, 0xF7BE, 0xEFBE, 0xF7BE,
    0xF7BE, 0xF7BE, 0xF7BE, 0xF7BE, 0xF7BE, 0xF7BE, 0xF7DE, 0xE75E, 0x1275, 0x0A55, 0x1275, 0x1AB6,
    0x3B97, 0x4C38, 0x64D9, 0x7D1A, 0x853A, 0x8D5A, 0x8D5A, 0x7D3A, 0x74D9, 0x6499, 0x43B8, 0x22F6,
    0x1275, 0x0A35, 0x01B4, 0x0194, 0x0194, 0x0154, 0x0134, 0x0134, 0x0134, 0x0113, 0x0154, 0x00F3,
    0xD6DE, 0x7BCF, 0xA000, 0xD820, 0xD000, 0xD000, 0xD000, 0xD000, 0xC800, 0xD000, 0x6104, 0xB65A,
    0xB63A, 0xB61A, 0xB63A, 0xB63A, 0xB63A, 0xC69B, 0x8474, 0x7380, 0xCE80, 0xBE00, 0xBE00, 0xC620,
    0xC620, 0xBE00, 0xC640, 0x4A21, 0xB596, 0xD677, 0xD677, 0xD678, 0xCE57, 0xD678, 0xCE57, 0xCE77,
    0xE75D, 0xE75D, 0xE75D, 0xDF3D, 0xDF3D, 0xDF3D, 0xE75D, 0xE75D, 0xE75D, 0xE75D, 0xE75D, 0xE75D,
    0xE75D, 0xE75D, 0xE75D, 0xE75D, 0xE75D, 0xE75D, 0xE75D, 0xE73D, 0xE73C, 0xE75D, 0x10A3, 0x8C2F,
    0x8C96, 0x0071, 0x0933, 0x00F4, 0x186B, 0x186A, 0x0114, 0x08F2, 0x00F4, 0x7824, 0x6846, 0x00F4,
    0x08F3, 0x0113, 0x00F3, 0x00F3, 0x00F4, 0x5868, 0x8000, 0x3A69, 0xA575, 0x3000, 0x9823, 0x00D2,
    0x08F3, 0x00F3, 0x0113, 0x0113, 0x0114, 0x4068, 0x9800, 0x10C3, 0xDEDA, 0xEFBE, 0xDEFB, 0x0021,
    0x9CD1, 0x4AB3, 0x00B2, 0x0912, 0x00F3, 0x088D, 0x108B, 0x0114, 0x0113, 0x00F1, 0xA000, 0x288C,
    0x0114, 0x0113, 0x08CF, 0x3047, 0x00D3, 0x00F2, 0x00F2, 0x0114, 0x20AC, 0xB000, 0x10D1, 0x0113,
    0x0113, 0x00D0, 0xB801, 0xA800, 0x0048, 0x08F3, 0x0113, 0x7087, 0x6000, 0x532D, 0xFFFF, 0xE75D,
    0xE75D, 0xE75D, 0xE75D, 0xEF9E, 0xEF7D, 0x1145, 0x8820, 0x4089, 0x0113, 0x00D2, 0x0824, 0xD000,
    0x6846, 0x00F3, 0x0912, 0x0113, 0x7044, 0x6846, 0x0114, 0x0912, 0x0112, 0x0112, 0x08F2, 0x00F3,
    0x5067, 0x6000, 0x5B2C, 0xF7DE, 0xDF3D, 0xE75D, 0xDF5D, 0xDF3D, 0xE75D, 0xE75D, 0xE75D, 0xE77E,
    0xE77E, 0xEF9E, 0xEF7E, 0xE77E, 0xE77E, 0xE77D, 0xE75D, 0xE77D, 0xEF7E, 0xE77E, 0xEFBE, 0xEF9E,
    0x1A76, 0x01F5, 0x0A35, 0x1255, 0x22D6, 0x3BB8, 0x5458, 0x6CB9, 0x74D9, 0x6CD9, 0x74D9, 0x6C99,
    0x5458, 0x3BB8, 0x2B17, 0x1A96, 0x0A35, 0x01D4, 0x0154, 0x0154, 0x0154, 0x0134, 0x0133, 0x0133,
    0x0134, 0x0113, 0x0133, 0x0954, 0xDF3E, 0x73CF, 0xB000, 0xE820, 0xE000, 0xE000, 0xE000, 0xE000,
    0xE000, 0xE800, 0x7124, 0xD75D, 0xDF1D, 0xCEDC, 0xC6DC, 0xC6BC, 0xC6DC, 0xDF5E, 0x9516, 0x73A0,
    0xE720, 0xD6A0, 0xD6C0, 0xD6C0, 0xD6C0, 0xCEA0, 0xDF00, 0x52A1, 0xC618, 0xD698, 0xCE57, 0xD698,
    0xDEF9, 0xE71A, 0xE73A, 0xD698, 0xEFBE, 0xEF9E, 0xEF9E, 0xEF9E, 0xEF9E, 0xEF7E, 0xEF9E, 0xEF7E,
    0xEF7E, 0xEF7D, 0xEF7D, 0xE77D, 0xEF7E, 0xEF7E, 0xE77E, 0xE77D, 0xE77D, 0xE77D, 0xE77D, 0xE75D,
    0xF7FF, 0x632C, 0x3185, 0xC639, 0x00B0, 0x00F3, 0x00D2, 0x00B0, 0xA000, 0x3849, 0x00D4, 0x00D2,
    0x00D3, 0x7823, 0x6826, 0x00D3, 0x00D2, 0x00D2, 0x00D2, 0x00F3, 0x186D, 0xA800, 0x1082, 0xDEFB,
    0xADB6, 0x3000, 0x9823, 0x00B2, 0x00D2, 0x00D2, 0x00D2, 0x00D2, 0x00D3, 0x5825, 0x6800, 0x4AEB,
    0xFFFF, 0xF7BE, 0x4A49, 0x5288, 0x8476, 0x0031, 0x00F3, 0x00B2, 0x00D2, 0x7802, 0x3049, 0x00D3,
    0x00D2, 0x00B1, 0xA000, 0x204C, 0x00B3, 0x00B2, 0x0090, 0xA000, 0x406A, 0x00B3, 0x0091, 0x00B2,
    0x00D3, 0x2029, 0x008F, 0x00D3, 0x00B2, 0x0090, 0xB001, 0xD000, 0x1023, 0x0092, 0x0092, 0x086E,
    0xA000, 0x1021, 0x8CD3, 0xFFFF, 0xFFFF, 0xFFFF, 0xFFFF, 0xF79E, 0x4B0C, 0x3000, 0x9800, 0x006F,
    0x0093, 0x008F, 0x3801, 0xE800, 0x5826, 0x00B3, 0x00B2, 0x00B3, 0x7024, 0x6826, 0x00B3, 0x00B2,
    0x00D2, 0x00B2, 0x00D3, 0x20AC, 0x8800, 0x2104, 0xE75D, 0xEF9E, 0xEF7E, 0xEF7E, 0xEF9E, 0xEF9E,
    0xEF9E, 0xEF9E, 0xEF9E, 0xEF9E, 0xEF9E, 0xEF9E, 0xEF9E, 0xEF9E, 0xEF7E, 0xEF9E, 0xEF9E, 0xEF9E,
    0xEF9E, 0xEF9E, 0xEF9E, 0xFFDF, 0x32D7, 0x01B4, 0x09F5, 0x0A15, 0x1A76, 0x2B37, 0x43D8, 0x4C18,
    0x5C59, 0x5459, 0x5C59, 0x4C18, 0x3B97, 0x2B17, 0x1A96, 0x1235, 0x01D4, 0x01D4, 0x0174, 0x0154,
    0x0154, 0x0133, 0x0133, 0x0133, 0x0133, 0x0133, 0x0113, 0x19F5, 0xEF9F, 0x7BF0, 0x5800, 0x7820,
    0x7000, 0x7000, 0x7000, 0x7000, 0x7000, 0x7000, 0x3882, 0x6B8E, 0x73AE, 0x6B6E, 0x634E, 0x5B4E,
    0x634E, 0x634E, 0x424A, 0x3160, 0x6320, 0x6300, 0x6300, 0x6300, 0x6320, 0x6300, 0x6300, 0x2920,
    0x528A, 0x39E7, 0x2104, 0x3185, 0x4A68, 0x5ACA, 0x736D, 0x4A48, 0xE77D, 0xE75D, 0xDF3D, 0xDF3D,
    0xDF3D, 0xDF3D, 0xDF3D, 0xDF3D, 0xDF3D, 0xDF3D, 0xE75D, 0xE75D, 0xDF5D, 0xDF3D, 0xDF1C, 0xDF3D,
    0xDF1D, 0xDF1C, 0xDF1C, 0xE77D, 0xAD76, 0x0000, 0xCE37, 0x4AD3, 0x2194, 0x29F4, 0x21F4, 0x5845,
    0xD800, 0x40EB, 0x21F5, 0x29D4, 0x21F5, 0x8064, 0x7886, 0x21F5, 0x29F4, 0x21F4, 0x21F4, 0x29F5,
    0x39AF, 0xA000, 0x2082, 0xD6DA, 0xADB6, 0x3000, 0x9843, 0x21D3, 0x29F4, 0x29D5, 0x29D4, 0x29D4,
    0x29D5, 0x29D3, 0x9862, 0x3841, 0xB618, 0xA514, 0x0841, 0xB5B6, 0x3253, 0x3255, 0x3234, 0x2A56,
    0x4088, 0xD800, 0x414C, 0x2A56, 0x3A75, 0x2A33, 0xA000, 0x496E, 0x3276, 0x3A75, 0x2A12, 0x9821,
    0xB800, 0x3190, 0x3A96, 0x3A75, 0x3A95, 0x3295, 0x3A95, 0x3A95, 0x3A96, 0x3A53, 0xA821, 0xE000,
    0x5000, 0x21AF, 0x4AB5, 0x42B6, 0x81EA, 0xA000, 0x1000, 0x4AEB, 0xA575, 0xB617, 0x8CD2, 0x29C6,
    0x2800, 0xB000, 0x622D, 0x42B6, 0x52F6, 0x190A, 0x8000, 0xE000, 0x70C6, 0x42D6, 0x4AB5, 0x42D6,
    0x80A5, 0x80E7, 0x42D6, 0x4AB5, 0x42B5, 0x4AD5, 0x3A53, 0x8822, 0x2820, 0xADD7, 0xF7BF, 0xE77D,
    0xEF7E, 0xE77E, 0xE77E, 0xE77E, 0xE77E, 0xE77E, 0xE77E, 0xE77E, 0xE77E, 0xEF7E, 0xEF7E, 0xEF9E,
    0xEF9E, 0xEF9E, 0xEF9E, 0xF7BE, 0xF7BE, 0xEFBE, 0xEF7E, 0xFFFF, 0x6BF9, 0x0154, 0x09F5, 0x09F5,
    0x1235, 0x22B6, 0x2B17, 0x3357, 0x3BB8, 0x3B98, 0x3B77, 0x3357, 0x22D6, 0x1A96, 0x1255, 0x0A14,
    0x01B4, 0x0194, 0x0174, 0x0154, 0x0134, 0x0133, 0x0133, 0x0133, 0x0133, 0x0133, 0x00F3, 0x42D6,
    0xF7DF, 0x73AF, 0x6800, 0x9020, 0x8800, 0x8800, 0x9000, 0x8800, 0x9000, 0x9000, 0x48A2, 0x8CB2,
    0x94B3, 0x8472, 0x8473, 0x8453, 0x8473, 0x8CD4, 0x636F, 0x4220, 0x8C60, 0x8440, 0x8440, 0x8C60,
    0x8C40, 0x8440, 0x8C60, 0x39C0, 0x8C72, 0xB595, 0xAD75, 0xAD75, 0xAD54, 0xA534, 0xA513, 0xA533,
    0xE77D, 0xE77D, 0xE77D, 0xE77D, 0xE77D, 0xEF7D, 0xE77D, 0xE75D, 0xE77D, 0xE77D, 0xE77D, 0xE77D,
    0xE75D, 0xE75D, 0xE75D, 0xE75D, 0xE75D, 0xE75D, 0xE75D, 0xE75C, 0x18A2, 0x840F, 0xCE58, 0xE73D,
    0xF7BE, 0xFFFF, 0xBC91, 0x9000, 0x6000, 0xC430, 0xFFDF, 0xF79E, 0xF7DF, 0xA9E7, 0xB228, 0xF7DF,
    0xFFBE, 0xFFDE, 0xFFBE, 0xFFBE, 0xF7DF, 0xBC30, 0x7800, 0x4228, 0xBE17, 0x2800, 0xB944, 0xEFBE,
    0xFFDF, 0xFFDF, 0xFFFF, 0xFFFF, 0xFFBE, 0xFFFF, 0xC5B6, 0x9000, 0x3104, 0x0882, 0x9471, 0xD699,
    0xFFDF, 0xFFFF, 0xFFFF, 0xCDD6, 0x9840, 0x9000, 0xC4B2, 0xFFFF, 0xFFFF, 0xEF9D, 0xA020, 0xD555,
    0xFFFF, 0xFFFF, 0xE73B, 0x8861, 0x5800, 0xB9A6, 0xF7DE, 0xFFFF, 0xFFFF, 0xFFFF, 0xFFFF, 0xFFFF,
    0xFFFF, 0xE75C, 0xB041, 0x8800, 0xB000, 0x49E7, 0xFFFF, 0xFFFF, 0xEFFF, 0xBBCE, 0xA800, 0x5800,
    0x2800, 0x2000, 0x2800, 0x6800, 0xB082, 0xC4F3, 0xFFFF, 0xFFFF, 0xE75C, 0x40C2, 0xB820, 0x7800,
    0xBA69, 0xFFFF, 0xFFFF, 0xFFFF, 0xB228, 0xBAAA, 0xFFFF, 0xFFFF, 0xFFFF, 0xFFFF, 0xBAEA, 0x4800,
    0x5B8E, 0xF7DF, 0xEF7D, 0xEF9E, 0xEF9E, 0xEF7E, 0xEF9E, 0xEF9E, 0xEF9E, 0xF7BE, 0xF7BE, 0xEFBE,
    0xEF9E, 0xF7BE, 0xF7BE, 0xEFBE, 0xEFBE, 0xF7DE, 0xF7BE, 0xF7BE, 0xF7BE, 0xF7DF, 0xF7BE, 0xFFFF,
    0xB61C, 0x0154, 0x01B4, 0x01D4, 0x0A15, 0x1255, 0x1A95, 0x22D6, 0x22D6, 0x22D6, 0x2296, 0x1A96,
    0x1275, 0x0A35, 0x0214, 0x01D4, 0x0194, 0x0174, 0x0154, 0x0154, 0x0133, 0x0133, 0x0133, 0x0133,
    0x0133, 0x0154, 0x00D3, 0x8499, 0xEFBE, 0x73D0, 0xB000, 0xE820, 0xD800, 0xE000, 0xE000, 0xE000,
    0xD800, 0xE000, 0x7104, 0xCF1C, 0xCEBC, 0xC69C, 0xBE9C, 0xBE9C, 0xBE9C, 0xCEFD, 0x9517, 0x73A0,
    0xE720, 0xCE80, 0xD6A0, 0xD6A0, 0xD6A0, 0xCE80, 0xDEE0, 0x5AC0, 0xC5F8, 0xEF5B, 0xDEB9, 0xDEF9,
    0xE6FA, 0xE71A, 0xE73B, 0xE6FA, 0xE75D, 0xE75D, 0xE75D, 0xE75D, 0xE75D, 0xE75D, 0xE75D, 0xE75D,
    0xE77D, 0xE77D, 0xE77D, 0xE77D, 0xE77D, 0xE77D, 0xE77D, 0xEF9E, 0xEF9E, 0xE77D, 0xF7DF, 0x5ACB,
    0x3A08, 0xCE78, 0xDEFB, 0xFFFF, 0xFFFF, 0xD6BA, 0xA861, 0x2800, 0x4000, 0xCC10, 0xFFFF, 0xFFDE,
    0xFFFF, 0xB249, 0xB228, 0xFFFF, 0xFFFF, 0xFFFF, 0xFFFF, 0xFFFF, 0xFFFF, 0xEFFF, 0xBA28, 0x6000,
    0x21C7, 0x3800, 0xB924, 0xEFDE, 0xFFFF, 0xFFFF, 0xD6BA, 0xD6DA, 0xFFFF, 0xFFDE, 0xFFFF, 0xBBEF,
    0x6800, 0x5B2C, 0xCE38, 0xF79E, 0xFFFF, 0xFFFF, 0xE77D, 0xA904, 0x4000, 0x6800, 0xCC92, 0xFFFF,
    0xFFFF, 0xEF9D, 0xA841, 0xD555, 0xFFFF, 0xFFFF, 0xDF3C, 0xA061, 0x0800, 0x6000, 0xC32C, 0xF7FF,
    0xFFDF, 0xFFFF, 0xFFFF, 0xFFDF, 0xFFDF, 0xDF3C, 0xC041, 0x2800, 0x9820, 0x8000, 0x5B6D, 0xFFFF,
    0xFFFF, 0xF7FF, 0xD658, 0xCB6D, 0xC1C7, 0xB965, 0xC208, 0xCC0F, 0xDEFB, 0xFFFF, 0xFFFF, 0xEFBE,
    0x31C7, 0xB000, 0x6041, 0x5000, 0xBA49, 0xF7FF, 0xFFBE, 0xFFFF, 0xAA28, 0xBAAA, 0xFFFF, 0xFFBE,
    0xFFFF, 0xC4F3, 0x7000, 0x31A6, 0xEF9D, 0xEF9E, 0xEF7D, 0xEF7E, 0xEF9E, 0xEF9E, 0xE77E, 0xEF7E,
    0xEF9E, 0xEF9E, 0xEF9E, 0xEF7E, 0xEF9E, 0xEF9E, 0xEFBE, 0xEF9E, 0xEF9E, 0xEF9E, 0xEFBE, 0xF7BE,
    0xF7BE, 0xF7BE, 0xEFBE, 0xFFFF, 0xF7DF, 0x2236, 0x0154, 0x01B4, 0x01B4, 0x01F4, 0x0A35, 0x0A15,
    0x1235, 0x0A55, 0x0A35, 0x0A14, 0x01D4, 0x01B4, 0x0194, 0x0174, 0x0174, 0x0154, 0x0133, 0x0133,
    0x0133, 0x0133, 0x0133, 0x0133, 0x0113, 0x0134, 0x0974, 0xCE9C, 0xD71D, 0x7C10, 0xA000, 0xE020,
    0xD800, 0xD800, 0xD800, 0xD800, 0xD800, 0xE000, 0x68C3, 0xC6DB, 0xC69B, 0xBE7B, 0xBE7B, 0xB65B,
    0xBE5B, 0xC6DC, 0x9516, 0x6B60, 0xD6E0, 0xC640, 0xCE60, 0xCE80, 0xCE60, 0xC640, 0xD6C0, 0x5AC1,
    0xBDD7, 0xE71A, 0xDED9, 0xD6B8, 0xDEB9, 0xDED9, 0xDED9, 0xDEB9, 0xEF9E, 0xE77D, 0xEF7D, 0xE75D,
    0xE75D, 0xE75D, 0xE75D, 0xE75D, 0xE75D, 0xE75D, 0xE73D, 0xE75D, 0xE75D, 0xDF5D, 0xE75D, 0xE75D,
    0xE75D, 0xEF9E, 0xA555, 0x0800, 0xBD13, 0xCE99, 0xFFFF, 0xFFDF, 0xF7FF, 0xA228, 0x7000, 0x19E7,
    0x6000, 0xC3EF, 0xFFFF, 0xFFBE, 0xFFFF, 0xB249, 0xB1E7, 0xFFFF, 0xFFFF, 0xDEDB, 0x9BEF, 0xFFFF,
    0xFFDE, 0xFFFF, 0xDF1B, 0xB0A3, 0x2800, 0x2000, 0xB924, 0xEFBE, 0xFFDF, 0xEFDE, 0xA945, 0xA986,
    0xEFDF, 0xFFDE, 0xFFDF, 0xEFFF, 0xA9C6, 0xB249, 0xDF7D, 0xFFFF, 0xFFDE, 0xFFFF, 0xAB4C, 0x8800,
    0x0041, 0x7800, 0xCC71, 0xFFFF, 0xFFFF, 0xEF7D, 0xA821, 0xD555, 0xFFFF, 0xFFFF, 0xDF3C, 0x9861,
    0x2021, 0x0041, 0x9000, 0xCD75, 0xFFFF, 0xFFDF, 0xFFFF, 0xFFDF, 0xFFFF, 0xC3EF, 0x8000, 0x0882,
    0x1020, 0xC820, 0x6800, 0x5B6D, 0xF7DE, 0xFFFF, 0xFFFF, 0xFFFF, 0xEFFF, 0xEFDE, 0xEFFF, 0xFFFF,
    0xFFFF, 0xFFFF, 0xDF3C, 0x3A08, 0x9800, 0xA000, 0x0000, 0x6800, 0xBA69, 0xF7FF, 0xFFDF, 0xEFFF,
    0xA124, 0xC2CB, 0xFFFF, 0xFFFF, 0xDEFB, 0x9882, 0x1821, 0xA5B7, 0xE75D, 0xDF3D, 0xE75D, 0xDF3D,
    0xDF3D, 0xE75D, 0xE75D, 0xDF5D, 0xE75D, 0xE77D, 0xE75D, 0xE75D, 0xE77D, 0xE77E, 0xE77E, 0xE77E,
    0xE75D, 0xE75D, 0xE77E, 0xEF9E, 0xEF9E, 0xE77E, 0xE77E, 0xDF5D, 0xFFFF, 0x951A, 0x00D3, 0x0194,
    0x0154, 0x0194, 0x01D4, 0x01F4, 0x01D4, 0x01D4, 0x01B4, 0x0194, 0x0194, 0x0194, 0x0154, 0x0134,
    0x0133, 0x0133, 0x0133, 0x0113, 0x0133, 0x0133, 0x0113, 0x0113, 0x0134, 0x00B3, 0x63B8, 0xE77D,
    0xC6BC, 0x7C31, 0x8000, 0xB820, 0xB000, 0xB000, 0xB000, 0xB000, 0xA800, 0xB000, 0x58A3, 0x9535,
    0x9D56, 0x9536, 0x9516, 0x8CF6, 0x8CF5, 0x9D56, 0x6BD2, 0x52A0, 0xAD40, 0x9D00, 0x9D00, 0xA520,
    0xA540, 0xA520, 0xAD80, 0x4A41, 0x8C52, 0x8C4F, 0x840F, 0x9CB1, 0x9470, 0x8C70, 0x8C2F, 0x9470,
    0xE77D, 0xE77D, 0xE77D, 0xE75D, 0xE75D, 0xEF7D, 0xEF9E, 0xEF7E, 0xEF7E, 0xEF7E, 0xEF7E, 0xEF9E,
    0xEF7D, 0xEF7D, 0xEF7D, 0xEF9E, 0xE77D, 0xEF9E, 0xBE18, 0x1082, 0x8021, 0xCD34, 0xFFFF, 0xFFBE,
    0xFFFF, 0xC596, 0x9000, 0x20C3, 0x4800, 0xC3EF, 0xFFFF, 0xFFBE, 0xFFFF, 0xB269, 0xA9C7, 0xFFFF,
    0xF7FF, 0xAAAA, 0xB000, 0xBD75, 0xFFFF, 0xFFBE, 0xFFFF, 0xCD95, 0x9800, 0x4000, 0xB104, 0xEF9D,
    0xFFFF, 0xBBEF, 0x8000, 0x7000, 0xC3EF, 0xFFFF, 0xFFDE, 0xFFFF, 0xDF1B, 0x9000, 0xC4B2, 0xFFFF,
    0xFFDE, 0xFFFF, 0xCD95, 0xA000, 0x1821, 0x7000, 0xCC71, 0xFFFF, 0xFFFF, 0xEF9D, 0xA861, 0xD555,
    0xFFFF, 0xFFFF, 0xE75C, 0x9841, 0x40E4, 0x7430, 0x2000, 0xB0C3, 0xE71C, 0xFFFF, 0xFFDE, 0xFFFF,
    0xD638, 0xA820, 0x0800, 0xBE17, 0x94F3, 0x1000, 0xC821, 0x8800, 0x39A6, 0x9D96, 0xEFBE, 0xFFFF,
    0xFFFF, 0xFFFF, 0xFFFF, 0xFFFF, 0xE75D, 0x84B2, 0x30C3, 0xA800, 0xA000, 0x2104, 0x3A48, 0x5800,
    0xBA89, 0xF7FF, 0xFFFF, 0xB450, 0xB800, 0xBB2C, 0xFFFF, 0xEFFF, 0xB228, 0x3800, 0x7410, 0xFFFF,
    0xF7BE, 0xF7DF, 0xFFFF, 0xF7DF, 0xF7DF, 0xF7DE, 0xF7DF, 0xF7DF, 0xF7DF, 0xF7DF, 0xF7BE, 0xF7DF,
    0xF7DF, 0xF7DF, 0xF7DE, 0xF7BE, 0xF7BE, 0xF7BE, 0xF7BE, 0xF7DF, 0xF7DF, 0xF7BE, 0xF7BE, 0xEFBE,
    0xFFFF, 0xFFDF, 0x3276, 0x00D3, 0x0174, 0x0154, 0x0174, 0x0194, 0x0194, 0x0194, 0x0174, 0x0154,
    0x0154, 0x0154, 0x0133, 0x0113, 0x0113, 0x0133, 0x0113, 0x0113, 0x0113, 0x0113, 0x0113, 0x0113,
    0x0114, 0x0954, 0xDF1E, 0xD6FC, 0xCEFD, 0x8451, 0x3000, 0x4820, 0x4800, 0x4800, 0x4800, 0x4800,
    0x4800, 0x4800, 0x2041, 0x31E8, 0x3A08, 0x3A08, 0x3A08, 0x3A09, 0x3A09, 0x4249, 0x3187, 0x2920,
    0x4A40, 0x4A40, 0x4A60, 0x4A60, 0x4A60, 0x4A60, 0x52A0, 0x2100, 0x4208, 0x5ACA, 0x528A, 0x5ACB,
    0x5AAA, 0x528A, 0x4A69, 0x5289, 0xE75D, 0xDF3D, 0xDF3D, 0xDF1C, 0xDF1C, 0xDF3C, 0xD6FB, 0xD6DB,
    0xD6DB, 0xD6DB, 0xD6DB, 0xCEBB, 0xD6FB, 0xDF1C, 0xDF1C, 0xDF1C, 0xDF3D, 0xE73C, 0xF7DF, 0x9513,
    0x1000, 0xA082, 0xDEDA, 0xFFFF, 0xFFDE, 0xFFFF, 0xB3CE, 0x7000, 0x4000, 0xC3EF, 0xFFDF, 0xFF9E,
    0xFFDF, 0xB28A, 0xA9A6, 0xFFFF, 0xC4F3, 0x9000, 0x5000, 0xA8A3, 0xDF3C, 0xFFFF, 0xFFDE, 0xFFFF,
    0xB3CE, 0xA800, 0xB104, 0xF7FF, 0xD659, 0xA020, 0x1000, 0x0000, 0x9820, 0xD5F7, 0xFFFF, 0xFFDE,
    0xFFFF, 0xCD75, 0x9800, 0xDEBA, 0xFFFF, 0xFFDE, 0xFFFF, 0xBBEF, 0x8800, 0x7800, 0xCC71, 0xFFDF,
    0xFFDF, 0xF7BE, 0xB0A2, 0xD534, 0xFFDF, 0xFFDF, 0xE75C, 0x9861, 0x2862, 0xE73C, 0x42AA, 0x4800,
    0xBA49, 0xEFFF, 0xFFDE, 0xE7BE, 0xB965, 0x3000, 0x5B4D, 0xF7BE, 0xEF9E, 0x7C51, 0x1020, 0x9800,
    0xC000, 0x6800, 0x4945, 0x632C, 0x8471, 0x8CD3, 0x7C30, 0x5ACB, 0x48C3, 0x7800, 0xC800, 0x7000,
    0x10E3, 0xBE18, 0x63AE, 0x5000, 0xBA69, 0xFFFF, 0xDE58, 0x9041, 0x7000, 0xC30C, 0xFFFF, 0xBC50,
    0x6800, 0x29A6, 0xE75D, 0xDF1C, 0xDF3D, 0xE75D, 0xE75D, 0xE75D, 0xDF3D, 0xDF3D, 0xE75D, 0xEF7E,
    0xE77D, 0xE77D, 0xE75D, 0xE75D, 0xEF9E, 0xEF9E, 0xEF9E, 0xE77D, 0xE75D, 0xE75D, 0xE77E, 0xEF9E,
    0xEF9E, 0xEF9E, 0xE77E, 0xEF7E, 0xE75D, 0xF7BE, 0xD6BD, 0x0913, 0x0113, 0x0154, 0x0134, 0x0154,
    0x0154, 0x0153, 0x0133, 0x0133, 0x0133, 0x0133, 0x0113, 0x0113, 0x0113, 0x0113, 0x0113, 0x0113,
    0x00F3, 0x0113, 0x0113, 0x0134, 0x00B3, 0xA57B, 0xF7DE, 0xCEDB, 0xEFBE, 0x94B2, 0x9800, 0xE820,
    0xD800, 0xD800, 0xD800, 0xD800, 0xD800, 0xE000, 0x70A3, 0xAE5A, 0xC69B, 0xBE7B, 0xBE7B, 0xBE7B,
    0xBE7B, 0xCEDC, 0x9517, 0x6B60, 0xDEE0, 0xCE60, 0xCE80, 0xCE80, 0xCE80, 0xCE60, 0xDF00, 0x5AC0,
    0xC5F8, 0xFFDD, 0xF79D, 0xF79D, 0xF7BD, 0xF7BD, 0xF7BD, 0xF79D, 0xEF9E, 0xEF7D, 0xE77D, 0xEF7D,
    0xE77D, 0xEF9E, 0xB5B6, 0xBDF7, 0xC658, 0x9D13, 0xB5D6, 0xBDF7, 0xB595, 0xBE17, 0xBE17, 0xB5B6,
    0xBE17, 0xD6B9, 0xB595, 0xEF5D, 0x5B4C, 0x3000, 0xB186, 0xE79D, 0xFFDF, 0xFFDE, 0xEFFF, 0x9A08,
    0xA000, 0xB430, 0xFFFF, 0xFFFF, 0xFFFF, 0xAAAA, 0xB208, 0xDF3C, 0xB082, 0x4021, 0x0904, 0x6800,
    0xB249, 0xF7FF, 0xFFBE, 0xFFFF, 0xBD13, 0xB800, 0xB904, 0xD79D, 0xB9A6, 0x3800, 0x5B2C, 0x73CE,
    0x1800, 0xB104, 0xE77D, 0xFFDF, 0xFFFF, 0xC534, 0xA800, 0xA9C7, 0xEFDE, 0xFFDF, 0xFFDF, 0xEFDF,
    0xA9E7, 0xC000, 0xB4D2, 0xFFFF, 0xFFFF, 0xEFFF, 0xA082, 0xCD75, 0xFFFF, 0xFFFF, 0xE7DF, 0x9882,
    0x2841, 0xE75D, 0xEF7D, 0x1104, 0x8000, 0xCC30, 0xF7FF, 0xC34D, 0x6800, 0x2185, 0xF79E, 0xF7BE,
    0xF7BE, 0xFFFF, 0xBE17, 0x29A6, 0x3800, 0x9800, 0xB800, 0xA800, 0x9000, 0x8800, 0x9800, 0xA800,
    0xB800, 0x8800, 0x2800, 0x52EB, 0xE71C, 0xFFFF, 0x638E, 0x5000, 0xC2AA, 0xE7DF, 0xB145, 0x3000,
    0x4800, 0xD38E, 0xD71B, 0x9041, 0x1061, 0xCE99, 0xFFFF, 0xF7BE, 0xF7DF, 0xF7DE, 0xF7DE, 0xF7DF,
    0xF7DF, 0xF7DF, 0xFFDF, 0xFFDF, 0xF7DF, 0xF7DE, 0xF7DE, 0xF7DF, 0xF7DF, 0xFFDF, 0xFFDF, 0xF7DF,
    0xF7BE, 0xF7DE, 0xF7DE, 0xF7DF, 0xF7DF, 0xF7DF, 0xF7DF, 0xF7BE, 0xF7BE, 0xF7BF, 0xFFFF, 0xB5FC,
    0x0913, 0x0113, 0x0154, 0x0133, 0x0133, 0x0133, 0x0133, 0x0133, 0x0113, 0x0113, 0x0113, 0x0113,
    0x0113, 0x0113, 0x00F3, 0x0113, 0x0113, 0x0133, 0x0133, 0x0093, 0x8499, 0xFFFF, 0xC69B, 0xC6BB,
    0xDF5E, 0x8471, 0x9800, 0xD820, 0xD000, 0xD000, 0xD000, 0xD000, 0xD000, 0xD800, 0x68A3, 0xA5F9,
    0xB61A, 0xADFA, 0xAE1A, 0xAE1A, 0xADFA, 0xB65B, 0x84B6, 0x6320, 0xC660, 0xB5E0, 0xBE00, 0xBE00,
    0xBE00, 0xBDE0, 0xCE60, 0x52A0, 0xB576, 0xE71A, 0xD698, 0xDEB8, 0xDEB9, 0xDEB8, 0xDED9, 0xDEB9,
    0xDF1C, 0xDF1C, 0xDF1C, 0xDF1C, 0xDF1C, 0xDF1C, 0xDF1C, 0xDF1C, 0xC679, 0xCE9A, 0xBDF8, 0xCEBA,
    0xC679, 0xCE9A, 0xCE9A, 0xBE38, 0xCEBA, 0xCEBA, 0xCEBA, 0xCE9A, 0xD6DA, 0x2186, 0x6000, 0xBB8D,
    0xFFFF, 0xFFDE, 0xFFFF, 0xD6FB, 0xA8E3, 0xB1A6, 0xC3CE, 0xC38E, 0xC36D, 0xB104, 0x99E7, 0xB269,
    0x6800, 0x4AEB, 0xD6BA, 0x10A2, 0x9000, 0xBC30, 0xFFFF, 0xDEFB, 0xA882, 0x6000, 0x9944, 0xA34C,
    0x8000, 0x1104, 0xE75C, 0xFFDE, 0x29E7, 0x5000, 0xBA8A, 0xFFFF, 0xDEFB, 0xA862, 0x1800, 0x6800,
    0xC38E, 0xFFFF, 0xFFDE, 0xFFFF, 0xDEFB, 0xB0C3, 0xB9A6, 0xC2EB, 0xCAEB, 0xC2CB, 0xC841, 0xB9E7,
    0xC2CB, 0xC2CB, 0xBAAA, 0xB841, 0x2882, 0xCEBA, 0xF7BE, 0xA575, 0x1020, 0xA861, 0xABCF, 0xA000,
    0x0821, 0xADB7, 0xE77E, 0xDF3C, 0xDF3C, 0xDF1C, 0xE77D, 0xDF3C, 0x8CD3, 0x3A49, 0x30A2, 0x4800,
    0x5800, 0x5800, 0x5000, 0x4020, 0x30E4, 0x4ACB, 0xA576, 0xE77D, 0xDEFC, 0xE75D, 0x534D, 0x5800,
    0xBB0B, 0xB3EF, 0x7000, 0x0000, 0x6000, 0xAB0B, 0xAA49, 0x3000, 0x6BCF, 0xEF9E, 0xD6FC, 0xDF1C,
    0xDF1D, 0xDF3D, 0xDF3D, 0xE75D, 0xDF3D, 0xDF3D, 0xDF5D, 0xDF3D, 0xDF3D, 0xDF3D, 0xDF5D, 0xE75D,
    0xE75D, 0xE75D, 0xE75D, 0xDF3D, 0xDF5D, 0xDF5D, 0xDF5D, 0xE75D, 0xEF7E, 0xEF7E, 0xEF7E, 0xEF7E,
    0xEF9E, 0xEFBE, 0xEFBE, 0xFFFF, 0xB5FC, 0x1154, 0x00D3, 0x0154, 0x0154, 0x0133, 0x0133, 0x0133,
    0x0113, 0x0113, 0x0113, 0x0113, 0x0113, 0x0113, 0x0113, 0x0113, 0x0153, 0x0113, 0x00D3, 0x8CBA,
    0xFFFF, 0xB65B, 0xB65B, 0xB67B, 0xC6FD, 0x7C31, 0x9800, 0xD820, 0xD000, 0xD000, 0xD000, 0xD000,
    0xC800, 0xD800, 0x68A3, 0x9DB8, 0xADFA, 0xA5B9, 0x9D99, 0x9D99, 0x9579, 0xA5FA, 0x7C75, 0x6320,
    0xC620, 0xB5C0, 0xBDE0, 0xBDE0, 0xB5E0, 0xB5E0, 0xCE60, 0x52A0, 0xAD35, 0xB594, 0xAD53, 0xBDD5,
    0xBDD5, 0xC616, 0xBDB5, 0xB594, 0xEF9E, 0xE77D, 0xE77D, 0xE75D, 0xE75D, 0xE75D, 0xE75D, 0xDF3C,
    0xB5B6, 0xCE9A, 0xB5F7, 0xAD96, 0xB5D6, 0xBE17, 0xC659, 0xAD96, 0xB5D7, 0xB5B6, 0xBDF7, 0xA554,
    0xC658, 0xBE18, 0x0861, 0x9020, 0xD5B6, 0xFFFF, 0xFFBE, 0xFFFF, 0xAA8A, 0x8000, 0x4800, 0x4800,
    0x5000, 0x9000, 0xA820, 0x9000, 0x18C3, 0xD6DB, 0xF7DE, 0x9513, 0x1800, 0xA800, 0xB5F7, 0xC2AA,
    0x6000, 0x1800, 0xA820, 0x9800, 0x1000, 0xA555, 0xF7BE, 0xEF9E, 0xD6BA, 0x08A2, 0x8800, 0xB471,
    0xBA89, 0x4800, 0x1945, 0x1041, 0x9000, 0xD5D7, 0xFFFF, 0xFFDF, 0xE77D, 0xA904, 0x5000, 0x3000,
    0x3000, 0x3000, 0x3000, 0x3000, 0x3000, 0x3000, 0x3000, 0x2800, 0x0820, 0xDEFB, 0xEF7D, 0xF7DF,
    0x638D, 0x2800, 0xD000, 0x2000, 0x6BAE, 0xF7BE, 0xE75D, 0xE77D, 0xEF7D, 0xE77D, 0xE75D, 0xE77D,
    0xF7DF, 0xEF9E, 0xCEBA, 0xA596, 0x8492, 0x7C72, 0x8CF3, 0xB5F7, 0xDF3C, 0xFFFF, 0xF7DF, 0xE75D,
    0xE75D, 0xF7BE, 0x5B6D, 0x5800, 0xA0C3, 0x8820, 0x1861, 0x2986, 0x5800, 0xB041, 0x5800, 0x2186,
    0xEF9E, 0xEF7E, 0xEF7E, 0xEF7E, 0xEF9E, 0xEF9E, 0xEF7E, 0xEF9E, 0xEF7E, 0xEF9E, 0xEF9E, 0xEF9E,
    0xEF9E, 0xEF9E, 0xEF9E, 0xEF9E, 0xEF9E, 0xEFBE, 0xF7BE, 0xF7BE, 0xF7BE, 0xF7BE, 0xF7BE, 0xF7BE,
    0xF7BE, 0xF7BE, 0xF7BE, 0xF7BE, 0xF7BE, 0xF7BE, 0xF7BE, 0xEF9E, 0xFFFF, 0xCEBD, 0x3A96, 0x00B2,
    0x00F3, 0x0133, 0x0153, 0x0133, 0x0133, 0x0133, 0x0113, 0x0113, 0x0133, 0x0133, 0x0133, 0x0113,
    0x0093, 0x21D5, 0xB5DB, 0xF7DE, 0xB65B, 0xB67B, 0xC6BC, 0xC6DC, 0xDF7E, 0x8451, 0x3800, 0x5820,
    0x5000, 0x5000, 0x5000, 0x5000, 0x5000, 0x5800, 0x2041, 0x3A09, 0x4249, 0x424A, 0x4229, 0x424A,
    0x4229, 0x426A, 0x31A7, 0x2120, 0x4A80, 0x4A40, 0x4A60, 0x4A40, 0x4A40, 0x4A40, 0x52A0, 0x2100,
    0x39E8, 0x3186, 0x3186, 0x39C7, 0x39C6, 0x39A6, 0x2965, 0x2104, 0xEF7D, 0xE77D, 0xE77D, 0xE77D,
    0xE77D, 0xE77D, 0xE77D, 0xDF3C, 0xD6DA, 0xCE79, 0xCE79, 0xC659, 0xC638, 0xC659, 0xC638, 0xD6BA,
    0xC659, 0xD6DB, 0xEFBE, 0xEFBE, 0xEF7D, 0xFFDF, 0x8CB2, 0x1000, 0xA8E3, 0xE73C, 0xFFFF, 0xC575,
    0x9000, 0x2945, 0x84B2, 0x8CF3, 0x42EB, 0x3800, 0xE820, 0x2000, 0x9D54, 0xFFDF, 0xEF7D, 0xFFFF,
    0x5B2C, 0x4000, 0xB841, 0xA000, 0x0000, 0x1800, 0xE020, 0x3800, 0x5B2C, 0xFFFF, 0xF79E, 0xEF9E,
    0xFFFF, 0x9D34, 0x0800, 0xB800, 0x8000, 0x08A2, 0xEF5C, 0x638D, 0x2000, 0xB0E4, 0xE75C, 0xFFFF,
    0xBAAA, 0x5000, 0x3AAA, 0xADB6, 0x9D75, 0xA595, 0xA575, 0xA575, 0xA595, 0xA595, 0xA595, 0xA554,
    0xB595, 0xE75D, 0xE77D, 0xEF7D, 0xF79E, 0x39E7, 0x2800, 0x39E7, 0xEF7D, 0xEF7D, 0xE77D, 0xE77D,
    0xE77D, 0xE77D, 0xE77D, 0xE75D, 0xE73D, 0xE73D, 0xEF7E, 0xF7BE, 0xF7DF, 0xF7BF, 0xF7DF, 0xF7BE,
    0xE77D, 0xE73D, 0xE75D, 0xE75D, 0xE75D, 0xF7BE, 0x638E, 0x5000, 0xE020, 0x1800, 0x8451, 0x6BEF,
    0x5800, 0xC020, 0x0041, 0xB5F8, 0xEF9E, 0xE73D, 0xE75D, 0xE75D, 0xE75D, 0xE75D, 0xE75D, 0xE75D,
    0xE75D, 0xE75D, 0xE75D, 0xE75D, 0xE75D, 0xE75D, 0xE77D, 0xE77E, 0xE77E, 0xEF7E, 0xEF9E, 0xEF9E,
    0xEF9E, 0xEF9E, 0xEF9E, 0xEF9E, 0xEF9E, 0xEF9E, 0xEF9E, 0xEF9E, 0xEF9E, 0xEF9E, 0xEF9E, 0xEF9E,
    0xEF9E, 0xFFFF, 0xFFFF, 0x9D5A, 0x3235, 0x00B2, 0x0092, 0x00B2, 0x00F3, 0x0113, 0x0113, 0x00F3,
    0x00D3, 0x00B3, 0x00B3, 0x21B4, 0x8459, 0xE73D, 0xDF5D, 0xB65B, 0xD6FC, 0xD71D, 0xDF1C, 0xCEDB,
    0xD71D, 0x7C31, 0x9800, 0xD020, 0xC000, 0xC800, 0xC800, 0xC800, 0xC800, 0xD000, 0x60A3, 0xA5F8,
    0xB619, 0xADF9, 0xADF9, 0xADF9, 0xADF9, 0xBE5A, 0x8494, 0x6B40, 0xD680, 0xC620, 0xC640, 0xC620,
    0xBDE0, 0xBDE0, 0xCE40, 0x4A20, 0xB576, 0xE73B, 0xE6FA, 0xDEFA, 0xE6FA, 0xDEFA, 0xDEFA, 0xDEDA,
    0xDF3D, 0xDF3D, 0xD71C, 0xDF1C, 0xDF1C, 0xDF1C, 0xDF3D, 0xD6FB, 0xC638, 0xBE38, 0xBE18, 0xBE18,
    0xAD96, 0xB5F8, 0xC67A, 0xC638, 0xB5D7, 0xCE79, 0xD6FC, 0xDF1C, 0xDF1C, 0xD6DB, 0xE73D, 0x3A69,
    0x3800, 0xBA8A, 0xCF1B, 0xA8C3, 0x3000, 0x9D55, 0xEF9E, 0xF7DF, 0x8492, 0x4800, 0x6000, 0x428A,
    0xE73D, 0xCEBB, 0xCEDB, 0xD6DB, 0xDEFB, 0x1945, 0x7800, 0x3000, 0x29C7, 0x3041, 0x7000, 0x1104,
    0xCEBB, 0xD6FC, 0xD6FC, 0xD6FC, 0xCEBB, 0xE75D, 0x4AAA, 0x3000, 0x1800, 0x8CB2, 0xE75D, 0xD6BA,
    0x1125, 0x5800, 0xB2EB, 0xBD13, 0x8000, 0x10C3, 0xCE9A, 0xE75D, 0xE73D, 0xE75D, 0xE75D, 0xEF7E,
    0xE77E, 0xE75D, 0xE73D, 0xE75D, 0xE75D, 0xD6FC, 0xD6DC, 0xCEBB, 0xD71C, 0xB5D7, 0x10E3, 0xAD96,
    0xDF1C, 0xD6DB, 0xD6FC, 0xD6DC, 0xD71C, 0xDF5D, 0xD6DC, 0xD6FC, 0xD6FC, 0xD6DC, 0xD6DC, 0xD6DB,
    0xCE9B, 0xCE9B, 0xCEBB, 0xCEBB, 0xCEBB, 0xCEBB, 0xCEDC, 0xD71D, 0xCE9B, 0xDF3D, 0x534D, 0x6800,
    0x6800, 0x1945, 0xE75D, 0x532C, 0x4800, 0x2800, 0x638E, 0xDF1D, 0xC69B, 0xCEBC, 0xCEBC, 0xC6BC,
    0xC6BC, 0xC6BC, 0xC6BC, 0xC6BC, 0xCEBC, 0xCEBC, 0xCEBB, 0xCEBB, 0xCEDC, 0xD6FC, 0xCEDC, 0xCEBC,
    0xC6BC, 0xCEBC, 0xCEDC, 0xCEDC, 0xCEDC, 0xCEDC, 0xCEDC, 0xCEDC, 0xCEDC, 0xCEDC, 0xCEDC, 0xCEDC,
    0xCEDC, 0xCEDC, 0xCEDC, 0xD6DC, 0xCEDC, 0xCEBB, 0xCEBB, 0xE77D, 0xF7DE, 0xCE9D, 0x847A, 0x4AD6,
    0x21B4, 0x1994, 0x1194, 0x19B4, 0x3A76, 0x6BB8, 0xAD7B, 0xE75E, 0xEF9D, 0xBE7B, 0xC69B, 0xD71C,
    0xCEDB, 0xBE7B, 0xB65A, 0xBE5A, 0xCEFC, 0x7C10, 0xA800, 0xD820, 0xD000, 0xD000, 0xD000, 0xD000,
    0xD000, 0xD800, 0x68C3, 0xA5D9, 0xADFA, 0xA5DA, 0xA5DA, 0x9DDA, 0xA5DA, 0xB63B, 0x7C54, 0x6B60,
    0xD6C0, 0xCE80, 0xD6C0, 0xD6A0, 0xD6A0, 0xCE60, 0xCE80, 0x4220, 0xBDB7, 0xE6F9, 0xD698, 0xD698,
    0xD698, 0xD698, 0xDEB9, 0xDED9, 0xD6DC, 0xCEDB, 0xCEBB, 0xCEDB, 0xCEBB, 0xCEBB, 0xCEBB, 0xC69A,
    0xAD96, 0xB5B6, 0xAD96, 0xB5D8, 0xA555, 0xA596, 0xB5D7, 0xB5F8, 0xADB7, 0xC639, 0xB5D7, 0xA555,
    0xAD96, 0xCEBB, 0xCEBB, 0xC67A, 0x10E4, 0x7000, 0xB904, 0x5000, 0x5B4D, 0xE73D, 0xC65A, 0xDF1C,
    0x7C51, 0x1000, 0x2945, 0xCE9A, 0xCEBB, 0xC69B, 0xCEBB, 0xC69A, 0xD6FC, 0xAD76, 0x0000, 0x2965,
    0xAD76, 0x1021, 0x0000, 0x9D14, 0xD71C, 0xCE9B, 0xCEBB, 0xCEBB, 0xDF3D, 0xDF3C, 0xD6DB, 0x10C2,
    0x4249, 0xDF1C, 0xC679, 0xD6DB, 0xAD75, 0x0041, 0x8800, 0xB000, 0x2061, 0x9D34, 0xEF9E, 0xD6DB,
    0xDF1C, 0xC69B, 0xC67A, 0xC69B, 0xC67A, 0xCEBB, 0xCEBB, 0xC67A, 0xC67A, 0xC69B, 0xC67A, 0xC67A,
    0xC67A, 0xCEBB, 0xC639, 0xD6DB, 0xD71C, 0xCEDC, 0xBE7A, 0xCEDB, 0xBE39, 0x9D16, 0xCEFC, 0xBE5A,
    0xC67A, 0xBE5A, 0xBE5A, 0xC69B, 0xCEDC, 0xBE7B, 0xBE5A, 0xB63A, 0xB63A, 0xCEDC, 0xBE38, 0xADB6,
    0xC67B, 0xCEDC, 0x530C, 0x2000, 0x1041, 0x9D56, 0xCEFD, 0x5AEC, 0x0000, 0x31A7, 0xC67B, 0xB63A,
    0xB63A, 0xBE5A, 0xBE5A, 0xB65B, 0xB63B, 0xB65B, 0xB65B, 0xB63A, 0xBE3A, 0xBE5B, 0xC69C, 0xC6BC,
    0xADF9, 0xADF9, 0xBE5B, 0xB63B, 0xB63B, 0xB63B, 0xB65B, 0xBE5B, 0xB65B, 0xB65B, 0xB65B, 0xBE7B,
    0xBE5B, 0xBE5B, 0xBE5B, 0xBE7B, 0xBE7B, 0xBE7B, 0xBE7B, 0xBE5A, 0xBE7A, 0xC6BB, 0xCEDC, 0xB63B,
    0xA598, 0xA555, 0x7BED, 0xB575, 0xF79E, 0xE75D, 0xE75E, 0xEF7E, 0xFFDE, 0xFFFF, 0xEF9D, 0xCEBB,
    0xC67B, 0xD71D, 0xD71D, 0xD71D, 0xCEFD, 0xCEFD, 0xCEFD, 0xCEDC, 0xDF7F, 0x8431, 0xB000, 0xE820,
    0xE000, 0xE000, 0xE000, 0xE000, 0xE000, 0xE800, 0x68C4, 0xAE7B, 0xB67C, 0xB65C, 0xB65C, 0xB65C,
    0xAE3C, 0xBEDD, 0x7C95, 0x7380, 0xDEE0, 0xCE80, 0xDF00, 0xE720, 0xE720, 0xDEC0, 0xDEE0, 0x4A41,
    0xC639, 0xC616, 0xBDD5, 0xCE77, 0xDED9, 0xD698, 0xDEF9, 0xD678, 0xD6FC, 0xCEDC, 0xCEBB, 0xCEBB,
    0xCEBB, 0xD6FB, 0xE77D, 0xEF9E, 0xD6DC, 0xBE18, 0xC659, 0xCE9A, 0xD6DB, 0xBE3A, 0x7C11, 0x52AA,
    0x9D15, 0x8450, 0xB5B6, 0xC659, 0xCEBB, 0xDF3D, 0xCEBB, 0xDEFC, 0x9D14, 0x1021, 0x7800, 0x2966,
    0xCEBB, 0xCEBB, 0xCE9B, 0xDF1C, 0x8451, 0x0021, 0x73CF, 0x4228, 0x94F4, 0xDF1C, 0xC69B, 0xCEDB,
    0xD6DC, 0xEFBE, 0x73CF, 0xA534, 0xBE18, 0x0000, 0x630C, 0xDF3D, 0xC69A, 0xCE9B, 0xCEDB, 0xDF1C,
    0x9471, 0xA555, 0xCE9B, 0xB5F8, 0xCE9A, 0xDF1C, 0xDF1C, 0xDF1C, 0xEF9F, 0x73D0, 0x1800, 0x4000,
    0x1947, 0x9CF4, 0x8430, 0xAD96, 0x6B6D, 0xBE5A, 0xCEBB, 0xCEBB, 0xD6DC, 0xBE18, 0xB5F8, 0xDF3D,
    0xD6FC, 0xD6FC, 0xCEFC, 0xD71D, 0xD71D, 0xCE9B, 0xBE3A, 0xAD97, 0x94B3, 0x9D14, 0xD6FB, 0xCE9B,
    0x6309, 0x4A41, 0x94D5, 0xD6FC, 0xC69B, 0xCEFC, 0xC6BB, 0xAD97, 0x634E, 0x9515, 0xC69B, 0xC69C,
    0xC69B, 0x9492, 0x296A, 0x18E7, 0xB619, 0xD6FD, 0x5B0D, 0x0000, 0x73AF, 0xCEBC, 0xC6BC, 0x5B2C,
    0x0020, 0xAD97, 0xC67B, 0xB63A, 0xBE3A, 0xC67B, 0xC67B, 0xBE5B, 0xB65B, 0xB63A, 0xBE5B, 0xCEBC,
    0xC6BC, 0xB63A, 0x9515, 0x73CF, 0x730C, 0x62EC, 0xBE7B, 0xBE5B, 0xB65B, 0xB65B, 0xBE5B, 0xBE7B,
    0xBE5A, 0xC6BC, 0xC6DC, 0xBE7B, 0xBE7B, 0xBE7B, 0xBE7B, 0xBE7B, 0xBE7B, 0xBE7B, 0xBE7B, 0xCEDC,
    0xADDA, 0x94D5, 0x6BAE, 0x6327, 0x6B62, 0x8C80, 0x8C60, 0x52A9, 0xCEFC, 0xCEBB, 0xCEDB, 0xCEBB,
    0xC69B, 0xBE5A, 0xB65A, 0xBE7B, 0xB619, 0x6B6E, 0x6B6E, 0x6B8E, 0x636E, 0x6B6E, 0x6B8E, 0x634E,
    0x6B8F, 0x41E8, 0x5800, 0x7000, 0x7000, 0x7000, 0x7000, 0x7000, 0x6800, 0x7000, 0x3062, 0x4ACC,
    0x52ED, 0x52ED, 0x52ED, 0x52ED, 0x52ED, 0x5B0D, 0x39E9, 0x39A0, 0x6340, 0x5AE0, 0x6300, 0x6320,
    0x6B40, 0x6320, 0x6320, 0x2121, 0x4A49, 0x0861, 0x2104, 0x4228, 0x5ACA, 0x4A69, 0x5289, 0x39C7,
    0xD6FC, 0xCEDB, 0xDF3C, 0xEF9E, 0xEF7E, 0xD6BC, 0xAD97, 0x8C2F, 0x7B87, 0x5264, 0xC67B, 0xBE3A,
    0x7C10, 0x5AE6, 0x8C80, 0x8C60, 0x2125, 0x8BAD, 0x93CE, 0x7B8D, 0x9471, 0xA555, 0xC679, 0xDF1C,
    0xEFBF, 0x6B6D, 0x0020, 0xAD96, 0xD6FC, 0xC69A, 0xC67A, 0xDF5E, 0x8C92, 0x0841, 0x1082, 0x0000,
    0x2945, 0xCEBB, 0xD6FC, 0xADB7, 0x52A9, 0x7C31, 0xB5F9, 0xDF5E, 0x9D35, 0x2124, 0xCE9A, 0xCE9B,
    0xD6FC, 0xDF3D, 0xD6FB, 0x8C93, 0x72E0, 0xB4A0, 0x8BA3, 0x8C09, 0x9490, 0xAD97, 0xA535, 0x7BCD,
    0x7389, 0x7BA6, 0x2100, 0x0020, 0x8C40, 0xB580, 0x4200, 0x0868, 0x002B, 0x5B2D, 0xD6FC, 0xBE5A,
    0xCEDC, 0x62EB, 0x6AAA, 0x7BCF, 0x9D55, 0xAD96, 0x9D13, 0x840F, 0x734A, 0x7326, 0x7303, 0x8361,
    0x93A0, 0x62C7, 0xCEBC, 0x52A8, 0xBDC0, 0xFFE0, 0x7382, 0xA556, 0xADB7, 0x6B8E, 0x31A6, 0x0841,
    0x0000, 0x4A8A, 0xD71D, 0x94D2, 0x39EA, 0x006B, 0x0114, 0x006D, 0x634D, 0xDF7F, 0x4A49, 0x2966,
    0xCEBC, 0xB63A, 0xCEDC, 0x52AB, 0x632D, 0xD6FC, 0xBE19, 0xC67B, 0xCEDC, 0xB63A, 0xADD8, 0xBE7B,
    0xB65B, 0xC6BC, 0xAE1A, 0x8CD4, 0x738F, 0x730C, 0x9BAD, 0xC4B1, 0xFE16, 0x832C, 0x9536, 0xC69C,
    0xB65B, 0xBE5B, 0xB65B, 0xBE5B, 0xCEDD, 0x9536, 0x9515, 0xBE9C, 0xB63A, 0xB65B, 0xB65B, 0xB65B,
    0xB65B, 0xBE5B, 0xB63A, 0x52EB, 0x6324, 0x7C00, 0xA520, 0xC620, 0xD6A0, 0xD6A1, 0xD6A1, 0x52A4,
    0xB61A, 0xBE7A, 0xBE7B, 0xBE5B, 0xBE7B, 0xBE7B, 0xBE5A, 0xC6BC, 0x9D55, 0x0005, 0x006E, 0x004D,
    0x006D, 0x006D, 0x004D, 0x006D, 0x004D, 0x0006, 0x8000, 0x9800, 0x9000, 0x9000, 0x9000, 0x9000,
    0x9800, 0x9800, 0x4082, 0x7C52, 0x8493, 0x8493, 0x7C73, 0x7C73, 0x7C53, 0x8CB4, 0x5B0E, 0x4A80,
    0x94A0, 0x8C60, 0x9480, 0x94C0, 0x94A0, 0x94A0, 0x8C60, 0x2961, 0x9471, 0xAD53, 0xA4F2, 0xA4F2,
    0xA4F2, 0xAD33, 0xA4F2, 0x9CD1, 0xDF1C, 0xDF3C, 0xC639, 0x94B2, 0x83CA, 0x7B63, 0x9400, 0xBD00,
    0xEE60, 0x7340, 0x3A08, 0x6B63, 0x9CE0, 0xD6A0, 0xE741, 0xD6A1, 0x41C4, 0xF638, 0xF657, 0xE5F6,
    0xCD12, 0x9BEE, 0x7B2C, 0x736D, 0x8C72, 0xC67A, 0x9D14, 0xD6FC, 0xC69A, 0xCEBB, 0xDF3D, 0xB5D7,
    0x3186, 0x0000, 0x0000, 0x0821, 0x0000, 0x634D, 0xE77E, 0x73CF, 0x8C40, 0xA500, 0x5AE2, 0x6B8D,
    0xADB7, 0xA555, 0xE79E, 0xDF3C, 0xBE18, 0x9471, 0x93AE, 0x7269, 0xAC81, 0xF660, 0xE5E0, 0xD580,
    0xBCC0, 0xAC60, 0x41A0, 0xA520, 0xEF40, 0xF7A0, 0xCE40, 0xBDA0, 0xEF60, 0x6302, 0x08CC, 0x0113,
    0x0155, 0x08AB, 0x94D3, 0xD71D, 0x9D56, 0x72CA, 0xFE37, 0xC491, 0x7B0B, 0x30E3, 0x62A0, 0xB4C0,
    0xDDA0, 0xDDC0, 0xE600, 0xE620, 0xFEC0, 0x7344, 0x4228, 0xC600, 0xFFE0, 0xCE60, 0x73A0, 0x0861,
    0x0821, 0x0000, 0x0000, 0x0000, 0x0020, 0x1081, 0x422A, 0x008B, 0x00D2, 0x0134, 0x0132, 0x0134,
    0x10E9, 0xB618, 0x636E, 0x9D56, 0xC69B, 0xB63A, 0xBE7B, 0x94F4, 0xC639, 0xD6DC, 0xCEDC, 0x9DD8,
    0x73AF, 0x5904, 0x49E8, 0xBE9C, 0xBE5B, 0x73D0, 0x62CB, 0x936D, 0xCCD1, 0xED95, 0xF5D6, 0xED95,
    0xF5D6, 0xCCD1, 0x7BF0, 0xC6BC, 0xB63A, 0xBE5A, 0xCEDC, 0xB65A, 0x6BB0, 0x73AE, 0x528A, 0xA5B8,
    0xBE7B, 0xB65B, 0xBE5B, 0xB65B, 0xBE7B, 0xC6DC, 0xB65B, 0x3A04, 0xBE00, 0xD6C0, 0xCE81, 0xCE81,
    0xCE81, 0xD6A0, 0xDEE0, 0x5280, 0x8C94, 0xCEDC, 0xBE5A, 0xBE7A, 0xBE7B, 0xBE5A, 0xB63A, 0xC69C,
    0x9514, 0x0068, 0x0135, 0x0133, 0x0134, 0x0113, 0x0113, 0x0134, 0x0155, 0x0889, 0xC000, 0xE000,
    0xD800, 0xD800, 0xD800, 0xD800, 0xD800, 0xE000, 0x60E4, 0xB67B, 0xB65B, 0xAE3B, 0xAE1B, 0xAE3B,
    0xAE3B, 0xB69C, 0x7C54, 0x8400, 0xD6C0, 0xCE60, 0xD6A0, 0xD6A0, 0xCE80, 0xCE60, 0xCE60, 0x4222,
    0xD679, 0xDEF9, 0xDED9, 0xE71A, 0xEF3B, 0xE71A, 0xEF3A, 0xDED9, 0x634D, 0x8452, 0x62A1, 0xB4A0,
    0xCD60, 0xE600, 0xEE60, 0xE621, 0x6AE1, 0x7380, 0xB5A0, 0xDEE0, 0xDF01, 0xDF01, 0xE720, 0x8C40,
    0x8B4C, 0xFE98, 0xEE16, 0xEE16, 0xF637, 0xF637, 0xF616, 0xD533, 0x41E7, 0xCE9B, 0xD71C, 0xCE9B,
    0xD6FC, 0xCEBB, 0x6B6D, 0x0021, 0x0000, 0x0000, 0x0000, 0x0020, 0x0000, 0x18C3, 0xCE9B, 0x5AE8,
    0xC620, 0xEF81, 0xBDC0, 0x5B0A, 0xEFBF, 0xD6FB, 0xA555, 0x8BEF, 0x9BCE, 0xC491, 0xF5D6, 0x8B4A,
    0xC520, 0xF641, 0xE600, 0xE601, 0xE5E1, 0xF680, 0x93E0, 0xB581, 0xFFE1, 0xFFE1, 0xFFE0, 0xAD40,
    0x10A5, 0x0050, 0x0113, 0x0133, 0x0135, 0x002C, 0x5ACB, 0xDF5E, 0x6B4D, 0xCC91, 0xF5D6, 0xEDB5,
    0xF5F6, 0xE574, 0x9BCD, 0x6AC5, 0x93E1, 0xDDE1, 0xEE40, 0xEE40, 0xD580, 0x41C0, 0xBE00, 0xFFE0,
    0xFFC0, 0x4200, 0x0000, 0x0000, 0x0000, 0x0020, 0x0020, 0x0020, 0x0022, 0x006A, 0x00B1, 0x0134,
    0x0133, 0x0133, 0x0113, 0x008F, 0x0887, 0x94D3, 0xBE7B, 0xBE5B, 0xBE5A, 0xC69B, 0xC6BB, 0xD71D,
    0xB69B, 0x84B3, 0x624A, 0x7062, 0xA800, 0xE000, 0x6820, 0x8D56, 0xCEDD, 0x4229, 0xCCB1, 0xFE17,
    0xEDB5, 0xED95, 0xF5B5, 0xED95, 0xDD12, 0x9B8D, 0x630D, 0xBE7B, 0xBE7B, 0xC6DC, 0x84B4, 0x632C,
    0xAD54, 0xFFDD, 0xBDD5, 0x5B2D, 0xC6DD, 0xBE5B, 0xB63A, 0xC6BC, 0xADF9, 0x73D0, 0xCEFD, 0x636E,
    0x9CE1, 0xDF01, 0xD6A0, 0xC620, 0xA520, 0x73C0, 0x6304, 0x632B, 0xADB7, 0xD71C, 0xCEDB, 0xCEFC,
    0xCEFC, 0xCEDB, 0xC6BB, 0xD71D, 0xA554, 0x0049, 0x0135, 0x0113, 0x0113, 0x00F3, 0x0113, 0x0133,
    0x0135, 0x0869, 0xC000, 0xE000, 0xD800, 0xD800, 0xD800, 0xD800, 0xD800, 0xD800, 0x6125, 0xBE9B,
    0xB63B, 0xB65B, 0xAE3B, 0xAE3B, 0xAE3B, 0xC6DD, 0x7C32, 0x8C40, 0xD6C0, 0xC640, 0xCE80, 0xCE80,
    0xC660, 0xCE60, 0xC660, 0x4223, 0xD699, 0xDEB8, 0xD677, 0xDEB9, 0xDED9, 0xE73A, 0xE71A, 0xCE57,
    0xB5B6, 0x2987, 0x6AE0, 0xFEC1, 0xE601, 0xE620, 0xE620, 0xD580, 0x4200, 0xD6C0, 0xE721, 0xE721,
    0xDEE0, 0xA540, 0x6B22, 0x52AA, 0x732D, 0xA450, 0xBC71, 0xDD75, 0xF616, 0xF617, 0xFE58, 0xC513,
    0x6B6E, 0xD6FC, 0xC65A, 0xCEDC, 0xADB7, 0x2125, 0x0000, 0x0000, 0x0000, 0x0020, 0x0000, 0x0000,
    0x4229, 0xBE38, 0xB5F9, 0x6322, 0xDEC0, 0xDF00, 0x8400, 0x94F5, 0xA554, 0x7B4C, 0xB42F, 0xDD33,
    0xF5D6, 0xEDD5, 0xFDF6, 0xA3AD, 0x5A01, 0x7300, 0xA440, 0xC4E0, 0xDDA0, 0xF660, 0xB480, 0x9460,
    0xDF00, 0xBDE0, 0x52A1, 0x002B, 0x00F3, 0x0132, 0x0133, 0x00D2, 0x0069, 0x6B8E, 0xC67B, 0xBE5A,
    0x4A29, 0xAC2F, 0xE595, 0xF5D6, 0xEDB5, 0xEDB5, 0xF5D6, 0xED96, 0x51E8, 0x7300, 0xAC60, 0x8BA1,
    0x4A00, 0xC640, 0xFFE0, 0xF7A0, 0xF7A0, 0x31A0, 0x0020, 0x0820, 0x0020, 0x0000, 0x0000, 0x0000,
    0x0001, 0x0113, 0x0133, 0x0132, 0x0134, 0x00B1, 0x192B, 0x6B6D, 0xB5F7, 0xC67B, 0xBE5A, 0xB63A,
    0xC67B, 0x9D56, 0x8CD5, 0x6B2E, 0x7105, 0x9800, 0xC800, 0xD800, 0xD820, 0xD841, 0xC000, 0x5249,
    0xD73E, 0x6BD0, 0x936D, 0xFE57, 0xEDB5, 0xD512, 0xA3EE, 0x7B2C, 0x6B4D, 0x8493, 0xB619, 0xC6BC,
    0xA5B8, 0x634D, 0x8C30, 0xE73B, 0xF77C, 0xE71A, 0xF77B, 0x4A27, 0x8473, 0xBE9C, 0xC6BD, 0x9515,
    0x5B0D, 0x52CC, 0x8451, 0x9516, 0x5280, 0x9CC0, 0x6B62, 0x6327, 0x6BAF, 0x8CD5, 0xB61A, 0xC6BC,
    0xA597, 0x94F6, 0x94F6, 0x94F6, 0x94F6, 0x94F6, 0x8CD6, 0x9537, 0x6BB0, 0x0026, 0x00AE, 0x00AD,
    0x00AE, 0x00AE, 0x00AE, 0x00AD, 0x00AF, 0x0846, 0x9000, 0xA800, 0xA000, 0xA000, 0xA000, 0xA000,
    0xA000, 0xA000, 0x48E4, 0x8CD4, 0x8494, 0x8494, 0x8494, 0x8494, 0x8473, 0x8CF5, 0x4AAC, 0x5B00,
    0x9CE0, 0x94A0, 0x94C0, 0x94C0, 0x94A0, 0x9CE0, 0x9480, 0x3183, 0x7BCF, 0x5ACA, 0x632B, 0x5269,
    0x738D, 0x840F, 0x5AEA, 0x4207, 0xDF5D, 0xC67B, 0x5245, 0xDDE0, 0xCD60, 0x9C00, 0x83C2, 0x8C49,
    0x5289, 0x9480, 0xE720, 0x94A0, 0x6303, 0x6B6E, 0xB5B8, 0xEF9E, 0xBE59, 0x8CF3, 0x9CD3, 0x736E,
    0x8BAE, 0x9BCF, 0xA42F, 0x6AEA, 0x9D14, 0xE77E, 0xCE9B, 0xCEBB, 0xBE18, 0x18C3, 0x0020, 0x0020,
    0x0000, 0x0000, 0x18A3, 0x8451, 0xCEBB, 0xDF3D, 0x8452, 0x8420, 0xDF00, 0xDEC0, 0x6302, 0xC65B,
    0x8451, 0xABCE, 0xFE17, 0xED95, 0xF5D6, 0xE574, 0xB42F, 0x7AEC, 0x62ED, 0x94D4, 0x94D3, 0x736C,
    0x7326, 0x8BA2, 0x8B60, 0x2963, 0x632A, 0x6B6E, 0x1909, 0x00F2, 0x0933, 0x0114, 0x004D, 0x2969,
    0x9D34, 0xC6BC, 0xBE3A, 0xD6DC, 0xBE9A, 0x4249, 0x5904, 0x8B2C, 0xC491, 0xEDB5, 0xF5F6, 0xF5B5,
    0x5A69, 0x8451, 0x9D56, 0x2126, 0xBDC0, 0xFFE0, 0xF7A0, 0xEF60, 0x52A2, 0x6B6F, 0x0820, 0x0000,
    0x0000, 0x0000, 0x1082, 0x4249, 0x5AEB, 0x008A, 0x0135, 0x00B1, 0x00A9, 0x18C1, 0x5ACA, 0x9D37,
    0xADDA, 0xBE5B, 0xCEDC, 0xC69B, 0xBE7B, 0x4A67, 0x7B40, 0x5980, 0x8840, 0xB000, 0xC800, 0xD800,
    0xE000, 0xC000, 0x8800, 0x5208, 0xBE7B, 0x9D56, 0x49E7, 0xB42F, 0x72EB, 0x6B4D, 0x8CB3, 0x9D55,
    0xC6BC, 0xCEBC, 0xBE5B, 0x7C52, 0x6B4D, 0xC637, 0xF7BD, 0xE71A, 0xEF5B, 0xC616, 0x5268, 0x4A8A,
    0xADD8, 0xC6DC, 0x6BB0, 0x5AEC, 0xB619, 0xCEDD, 0x5AEC, 0x8CD3, 0x634D, 0x8452, 0xA598, 0xC69B,
    0xCEDC, 0xC6BB, 0xCEBB, 0xADD8, 0x18C1, 0x5AC0, 0x6300, 0x6300, 0x6320, 0x6300, 0x6300, 0x62E0,
    0x39E0, 0x0025, 0x0068, 0x0048, 0x0048, 0x0048, 0x0048, 0x0048, 0x0048, 0x0023, 0x5000, 0x6000,
    0x6000, 0x6000, 0x6000, 0x6000, 0x6000, 0x5800, 0x28A3, 0x5B2D, 0x5B0C, 0x52ED, 0x52ED, 0x5B0C,
    0x52EB, 0x5B2D, 0x31C8, 0x4200, 0x6320, 0x5AE0, 0x5B00, 0x5B00, 0x5AE0, 0x6300, 0x5AE0, 0x20E2,
    0x6B2D, 0x6B6D, 0x736D, 0x6B4C, 0x6B4D, 0x6B4C, 0x6B2C, 0x5289, 0xD6FC, 0xDF3D, 0x73AE, 0x5A84,
    0x39A4, 0x9D15, 0xBE3A, 0xD6FD, 0xC65A, 0x39C2, 0x6325, 0x7C11, 0xBE3A, 0xDF3D, 0xDF1C, 0xD73C,
    0x69A6, 0x80A2, 0xADB6, 0xDF5D, 0xC65A, 0x528A, 0x0009, 0x008A, 0x3A0A, 0x8451, 0xBE18, 0xD6DB,
    0xE79F, 0x9D14, 0x0000, 0x0000, 0x0000, 0x5AEB, 0xBE39, 0xCEDC, 0xBE5A, 0xD6FC, 0x630B, 0xB580,
    0xDEE1, 0xC600, 0x5AE8, 0xD6FD, 0xB618, 0x7B0C, 0xFDF6, 0xD4F2, 0x936D, 0x6AAB, 0x73CF, 0xB5D7,
    0xD6FB, 0xC6BA, 0xCF3C, 0xDF7E, 0xD6FD, 0xB5F9, 0x8C72, 0x9D35, 0xE79F, 0xADB7, 0x39E6, 0x0048,
    0x00F3, 0x0069, 0x6B8E, 0xCEDB, 0xCEBC, 0xCEBB, 0xCF1C, 0x94F3, 0x71C7, 0xA021, 0xD800, 0x5800,
    0x52EC, 0x730C, 0xAC30, 0x9BAD, 0x6B4D, 0xDF5E, 0xDF5D, 0x9D35, 0x6B43, 0xF7C0, 0xF7A0, 0x5AE4,
    0x9D17, 0xEFBE, 0x2125, 0x1082, 0x528A, 0x8C92, 0xB5F8, 0xCE9B, 0xDF3D, 0x39E9, 0x0028, 0x39A2,
    0xC600, 0xEF40, 0xBDE0, 0x8C40, 0x73A3, 0x6B68, 0x738D, 0x9D35, 0xA599, 0x62A2, 0xF660, 0xE600,
    0xC560, 0x93E0, 0x7A40, 0x78C0, 0x6800, 0x6A8A, 0x9556, 0xBE7B, 0xBE5A, 0xBE7B, 0x634E, 0x73F0,
    0xB619, 0xB5F8, 0x632E, 0x18E6, 0x9D56, 0xC69C, 0x9D56, 0x4A69, 0xFFDD, 0xE73A, 0xE73A, 0xEF5B,
    0x840E, 0x2966, 0x8452, 0xD71D, 0xB63A, 0x52CC, 0x73F0, 0xC6BC, 0xB65A, 0xCEDD, 0x9D36, 0x3A08,
    0xCF1D, 0xCEDC, 0xC6BB, 0xBE7A, 0xB65A, 0xB65A, 0xC69B, 0xA598, 0x39C1, 0xFFE0, 0xFFE0, 0xFFE0,
    0xFFE0, 0xFFE0, 0xFFE0, 0xFFE0, 0xC600, 0x004D, 0x0115, 0x00F3, 0x0114, 0x0114, 0x0114, 0x0134,
    0x0135, 0x0868, 0xC800, 0xE000, 0xE000, 0xE000, 0xE000, 0xE000, 0xE000, 0xD800, 0x59A7, 0xD71D,
    0xCEBC, 0xBE7C, 0xBE9C, 0xBE9C, 0xBE9B, 0xCF1D, 0x7411, 0x94A0, 0xDEE1, 0xCE80, 0xCEA0, 0xCE80,
    0xCE60, 0xD6C0, 0xC640, 0x4204, 0xEF5C, 0xF77C, 0xF77C, 0xEF7C, 0xEF5B, 0xEF5B, 0xF79C, 0xDEB9,
    0xADD8, 0xDF5D, 0xCE9A, 0xCEBB, 0x8C92, 0x73CF, 0xDF1C, 0xDEFB, 0xD6DB, 0xB5B7, 0xC67B, 0xE75D,
    0xD6FB, 0xCE9A, 0xE79D, 0x6AAA, 0xB800, 0xE000, 0x8800, 0x83EF, 0xE75C, 0x3A0B, 0x00F2, 0x0134,
    0x00B1, 0x006D, 0x110B, 0x4A8C, 0x8471, 0xCEBB, 0x4A8A, 0x18A3, 0x8C92, 0x8CB2, 0xC67A, 0xD6FC,
    0xCEBB, 0xBE5B, 0x5AE4, 0xCE60, 0xDEE1, 0x94A0, 0x738F, 0xDF1C, 0xDF3C, 0x738E, 0x6A8A, 0x734D,
    0x8CB3, 0xC67A, 0xEF9E, 0xE73D, 0xA596, 0x4082, 0x7986, 0x728A, 0x83CF, 0xAD96, 0xD6FC, 0xCEDB,
    0xA555, 0x5AEC, 0x9D14, 0x6B6E, 0x2947, 0x5289, 0x73F0, 0x8CB4, 0xB639, 0x9D55, 0x71E7, 0x9000,
    0xD000, 0xD800, 0xD841, 0xC800, 0x6AAB, 0xBE7A, 0x8451, 0x4A6A, 0xBE5A, 0xB5F8, 0x632D, 0x7C10,
    0x2968, 0x4A60, 0x4220, 0x422A, 0x8CB2, 0x7C10, 0x8C72, 0xBE18, 0xD6DB, 0xD6FC, 0xD71D, 0xB659,
    0xA596, 0xB5D7, 0x528B, 0xBDC0, 0xFFE1, 0xFFE0, 0xFFE0, 0xFFE0, 0xFFE0, 0xF780, 0xA520, 0x632C,
    0x8453, 0x9BE0, 0xF661, 0xDDA0, 0xE5A0, 0xE5E0, 0xE5E0, 0xD580, 0x7B40, 0x7410, 0xDF1D, 0xB63A,
    0xBE3A, 0xBE5B, 0xD71D, 0xC67A, 0x6B8E, 0x10C9, 0x008F, 0x006F, 0x52AC, 0xC6BC, 0xC69C, 0x6B8F,
    0xB574, 0xFFDD, 0xB574, 0x4207, 0x5AEC, 0xB619, 0xCEFD, 0x9D35, 0x4A8A, 0x9515, 0xC6DD, 0xB63A,
    0xC6BC, 0x9536, 0x4A8B, 0x9D56, 0xB63A, 0xBE3A, 0xBE5A, 0xBE5A, 0xBE5A, 0xB65A, 0xC69B, 0xA598,
    0x39C1, 0xF780, 0xF780, 0xF780, 0xF780, 0xF780, 0xEF60, 0xF7C0, 0xB560, 0x004C, 0x0113, 0x00F2,
    0x00F2, 0x0112, 0x0112, 0x0112, 0x0134, 0x1047, 0xC000, 0xD000, 0xD000, 0xD000, 0xD000, 0xD000,
    0xD000, 0xC000, 0x59A7, 0xC69B, 0xBE3A, 0xB63A, 0xADFA, 0xAE1A, 0xADFA, 0xBE7B, 0x6BB0, 0x9480,
    0xCE60, 0xC620, 0xBE00, 0xBE00, 0xB5E0, 0xC620, 0xB5A0, 0x39A4, 0xD699, 0xD698, 0xD678, 0xD677,
    0xD698, 0xD698, 0xDED9, 0xBDB5, 0x5ACB, 0x8C72, 0xE77E, 0xD6DB, 0xE75D, 0x9D14, 0x632D, 0xBE39,
    0xD6DB, 0xDF1C, 0xD6FB, 0xCEBB, 0xCE9A, 0xEF9E, 0x7BAE, 0xA000, 0xD820, 0xD821, 0xB800, 0x6A6A,
    0xA554, 0x0007, 0x0115, 0x0133, 0x0933, 0x0154, 0x0113, 0x00B1, 0x004C, 0x31C9, 0xBE38, 0xC67A,
    0x8C92, 0x630C, 0x634D, 0x8451, 0xD6FC, 0x8474, 0x6B40, 0xE720, 0xEF60, 0x7381, 0xB5D9, 0xE75E,
    0xBE19, 0xB5F7, 0xA576, 0xCEDB, 0xE75D, 0xE75E, 0x8C71, 0x5AA6, 0x5B2D, 0x8000, 0xD000, 0xC000,
    0x7800, 0x634D, 0xDF5E, 0x7C10, 0x4208, 0x4A8A, 0xD71D, 0xBE3A, 0xBE18, 0xC69B, 0xADB7, 0x632C,
    0x4882, 0x9800, 0xD000, 0xD800, 0xD020, 0xD800, 0xC800, 0x8000, 0x626A, 0xC69B, 0xDF5E, 0xD6FC,
    0x9CF4, 0x5AEC, 0x73AF, 0xA576, 0xA576, 0x9D36, 0x9D36, 0xA555, 0x9D35, 0x6B8E, 0x8431, 0xE79E,
    0xC69A, 0xA596, 0x7BAE, 0x8144, 0x4841, 0xC69B, 0x73AF, 0x6B40, 0xBDC0, 0xDEE0, 0xF7C0, 0xFFE0,
    0xFFE0, 0xFFE1, 0xB581, 0x8473, 0x7BF0, 0x62A1, 0xAC60, 0xCD00, 0xE5C0, 0xE5E0, 0xDDC0, 0xEE00,
    0xA400, 0x94D4, 0xC69B, 0xB63A, 0xC6BC, 0xBE39, 0x73AF, 0x1909, 0x006E, 0x0113, 0x0153, 0x0155,
    0x008A, 0x9D14, 0xC69C, 0xADD8, 0x5ACB, 0x840E, 0x4228, 0x9D56, 0xD71D, 0xBE9B, 0x9515, 0x39C8,
    0xB63A, 0xBE7B, 0xAE1A, 0xBEBC, 0x7C52, 0x52AB, 0xADF9, 0xC6DD, 0xC6BC, 0xCEDC, 0xC6DC, 0xC6DC,
    0xCEDC, 0xC6BC, 0xCEFD, 0xADD9, 0x4201, 0xFFE0, 0xFFE0, 0xFFE0, 0xFFE0, 0xFFE0, 0xFFE0, 0xFFE0,
    0xBDA0, 0x002C, 0x0113, 0x00F2, 0x00F2, 0x00F2, 0x0112, 0x0112, 0x0113, 0x1847, 0xC800, 0xD800,
    0xD000, 0xD000, 0xD000, 0xD000, 0xD800, 0xC800, 0x59A7, 0xC6DC, 0xC67B, 0xBE5B, 0xB63B, 0xB63B,
    0xB63A, 0xBEBC, 0x73D0, 0x9CC0, 0xCE80, 0xC640, 0xCE60, 0xC640, 0xC620, 0xC660, 0xB5A0, 0x41E5,
    0xBDF6, 0x94B1, 0xAD53, 0xBDD5, 0xA533, 0xC5F6, 0xC5F6, 0x8C50, 0xDF3D, 0x6B6E, 0x636E, 0xD71C,
    0xD6DB, 0xEFBF, 0x7BF0, 0x6B6E, 0xDF3D, 0xCE9B, 0xCEDB, 0xCE9A, 0xEF9E, 0x94D2, 0x8800, 0xE020,
    0xD020, 0xD000, 0x6165, 0xC6DC, 0xAD76, 0x528C, 0x192A, 0x006C, 0x0090, 0x00F3, 0x0134, 0x0975,
    0x00B0, 0x52CC, 0xDF3D, 0xC65A, 0x52AB, 0xD71C, 0xCEDC, 0x6BAF, 0x634D, 0xA556, 0x5AC7, 0x7BE4,
    0x8420, 0x39E4, 0x94B2, 0x8C09, 0x62A1, 0x94B3, 0xDF5D, 0xDF3C, 0xC63A, 0x630A, 0x9CC0, 0xE700,
    0x3140, 0xA000, 0xC820, 0xD021, 0x8000, 0x9D56, 0x8472, 0x7C10, 0x9CF4, 0x4A8A, 0xC69B, 0xC6BB,
    0xD6FD, 0xC69B, 0xD71D, 0x84D3, 0x8800, 0xE820, 0xD021, 0xD800, 0xD000, 0x9000, 0x6208, 0x9535,
    0xD73D, 0xD6DC, 0x9CF3, 0x738D, 0x7BEF, 0x0020, 0xA576, 0xDF3E, 0xCEBB, 0xCEDC, 0xCEFC, 0xC69B,
    0xE79F, 0x9D55, 0x638E, 0x9471, 0x71A6, 0x8820, 0xB000, 0xE000, 0x9800, 0x73F0, 0xD6FC, 0x9D16,
    0x7C11, 0x6329, 0x6B44, 0x8421, 0xA520, 0xD680, 0x6B40, 0x94D6, 0xD6FC, 0xB5FA, 0x8473, 0x734A,
    0x7324, 0x93E0, 0xBCC0, 0xE5C0, 0x7324, 0xADBA, 0xBE5A, 0xB63A, 0x7C11, 0x2129, 0x006D, 0x00F3,
    0x0133, 0x0153, 0x0134, 0x00B0, 0x0887, 0x8C92, 0xC6BB, 0xD71D, 0x9515, 0x6B8F, 0xB61B, 0x94D6,
    0x94F5, 0xBE7B, 0xB65A, 0x52CC, 0x9515, 0xC6DC, 0xBE7B, 0x636E, 0x5B0D, 0xBE5B, 0xCEDC, 0x7C52,
    0x52AB, 0x5AEC, 0x52EC, 0x52CC, 0x52CC, 0x52CC, 0x5AEC, 0x4A6A, 0x18C0, 0x6B40, 0x6B40, 0x6B40,
    0x6B60, 0x6B40, 0x6B40, 0x6B60, 0x4A40, 0x0004, 0x0046, 0x0026, 0x0046, 0x0026, 0x0046, 0x0046,
    0x0046, 0x0802, 0x4800, 0x5000, 0x5000, 0x5000, 0x5000, 0x5000, 0x5000, 0x4800, 0x20A3, 0x4A6A,
    0x4A6A, 0x4A6A, 0x424A, 0x424A, 0x4249, 0x4A6A, 0x2945, 0x39C0, 0x52A0, 0x4A80, 0x52A0, 0x52A0,
    0x5280, 0x5280, 0x4200, 0x18C2, 0x3186, 0x18C3, 0x2104, 0x2965, 0x18C3, 0x2965, 0x2104, 0x18A3,
    0xCEDC, 0xDF3D, 0x94B2, 0x5AEC, 0xD6DB, 0xBE18, 0x5AEC, 0xD6DB, 0xCEDB, 0xCEBB, 0xCEBB, 0xE75D,
    0xADF7, 0x7041, 0xE000, 0xD020, 0xD800, 0x6882, 0xAE18, 0xD6DC, 0xCEBB, 0xD6FC, 0xC638, 0x9492,
    0x52CD, 0x194A, 0x008C, 0x00B1, 0x002A, 0x94D2, 0xE77E, 0x7BF0, 0x8C93, 0xCEDC, 0xD71D, 0x7C10,
    0x94D3, 0xEFBF, 0xC65B, 0x738F, 0x3962, 0x7B40, 0xBCC0, 0xDDE0, 0xD580, 0x6B29, 0xE77E, 0x94B3,
    0x6303, 0xCE60, 0xFFE0, 0xFFE0, 0xDF20, 0x58A0, 0xC000, 0xC800, 0x8082, 0x5B6E, 0x6B4D, 0xD6DB,
    0xADB7, 0x73CF, 0x3186, 0x5B0C, 0x73AF, 0x9515, 0xB619, 0xCF1D, 0x6A29, 0xD000, 0xD800, 0x9000,
    0x61A7, 0x8CD3, 0xD71D, 0xDF3D, 0xA534, 0x738D, 0x94B2, 0xE75C, 0xFFFF, 0x5AEB, 0x8C93, 0xB5F8,
    0xB5D8, 0xB5F8, 0xB5F9, 0xBE5A, 0x94B3, 0x61E7, 0x7800, 0xB000, 0xD000, 0xD800, 0xD820, 0xD041,
    0xD820, 0x6166, 0xA5B7, 0xA555, 0x9D35, 0xBE7B, 0xB61A, 0x9D37, 0x8452, 0x634C, 0x5AEB, 0xCEDC,
    0xB619, 0x5AEC, 0x9D14, 0xD71D, 0xADD9, 0x94D5, 0x7BCE, 0x6AE5, 0x62EA, 0xC67B, 0xBE5A, 0xBE5A,
    0x18E6, 0x00B1, 0x0954, 0x0133, 0x0134, 0x00B0, 0x08AA, 0x5ACC, 0xB619, 0xC69C, 0xA578, 0x8474,
    0x73CF, 0x73CA, 0x73A3, 0x8400, 0x4A46, 0xBE5B, 0xC69B, 0xB5F9, 0x4A6A, 0x9D57, 0x52CC, 0x7C31,
    0xC6DC, 0xB63A, 0xCEDC, 0x52AB, 0x6B6E, 0xA597, 0x9515, 0x9D35, 0x9D36, 0x9D35, 0x9D56, 0x7C32,
    0x39A0, 0xCE60, 0xCE40, 0xCE60, 0xCE60, 0xCE60, 0xCE40, 0xD680, 0x8C40, 0x002B, 0x00F1, 0x00D0,
    0x00F1, 0x00F1, 0x00F1, 0x00F1, 0x00F2, 0x1846, 0xB800, 0xC000, 0xC000, 0xC000, 0xC000, 0xC000,
    0xC800, 0xB000, 0x5986, 0xB619, 0xA5B8, 0xADD8, 0xA598, 0x9D78, 0x9557, 0xA5B9, 0x5B2D, 0x8C60,
    0xB5C0, 0xAD80, 0xB580, 0xAD80, 0xAD60, 0xAD80, 0x94A0, 0x39C6, 0xDEBA, 0xDEBA, 0xDEBA, 0xD6B9,
    0xDEDA, 0xDEBA, 0xDEFA, 0xA513, 0xD6FC, 0xCE9B, 0xDF5D, 0xA576, 0x52CB, 0x52AA, 0xBE39, 0xD6FC,
    0xCEDB, 0xCEBB, 0xD6DB, 0xB618, 0x68C3, 0xD000, 0xD020, 0xE000, 0x7020, 0x84D4, 0xD6FC, 0xBE5A,
    0xC67A, 0xCEDB, 0xE77E, 0xE77E, 0xDF3C, 0xC679, 0x94D2, 0x5AED, 0x3A09, 0xC679, 0xC65A, 0x5AEC,
    0xC69B, 0xCEBB, 0xB5F8, 0x52CB, 0xBE5A, 0x7349, 0x8B82, 0xB4E0, 0xE620, 0xEE20, 0xE600, 0xDDE1,
    0xEE40, 0x8363, 0x5ACA, 0x9480, 0xF7C0, 0xFFE0, 0xFFE0, 0xE720, 0x7360, 0x6840, 0xC000, 0xD020,
    0x4800, 0x4AEC, 0xCEBB, 0xBE39, 0xD6FC, 0x7BEF, 0x73CF, 0xB619, 0x8C93, 0x6B8F, 0x632D, 0x73AF,
    0x428A, 0x5000, 0x7186, 0x8CD3, 0xC6BB, 0xDF1D, 0xB5B6, 0x736D, 0x8C50, 0xE71B, 0xFFFF, 0xFFFF,
    0xFFFF, 0xBDF7, 0x2145, 0x6BAF, 0x6B6E, 0x636E, 0x5B0C, 0x632D, 0x2986, 0x9800, 0xE800, 0xD020,
    0xD020, 0xD800, 0xD800, 0xC000, 0x9800, 0x40A3, 0x5B2D, 0x8431, 0x4249, 0x94F4, 0xCEDC, 0xC69A,
    0xCEBB, 0xD71D, 0xCEBC, 0x7C10, 0x6ACA, 0xB40E, 0x4A28, 0xBE39, 0xC67A, 0xCEBB, 0xD6FC, 0xC67B,
    0xC69B, 0xCEBB, 0xBE3A, 0xC6BC, 0x8451, 0x006B, 0x0155, 0x00B1, 0x008A, 0x424B, 0xA555, 0xCEDC,
    0x73F0, 0x6327, 0x7BE2, 0x9CC0, 0xC600, 0xE720, 0xFFE0, 0xFFE0, 0x6B43, 0xA599, 0xC67A, 0xCEBC,
    0x8CD3, 0x31A7, 0x9D56, 0xC6BC, 0xB61A, 0xB63A, 0xCEDC, 0x5AEC, 0x7C52, 0xC6BC, 0xB63A, 0xB65A,
    0xBE5A, 0xB63A, 0xBE9B, 0x8CD6, 0x4220, 0xFFE0, 0xFFE0, 0xFFE0, 0xFFE0, 0xFFE0, 0xFFE0, 0xFFE0,
    0xAD40, 0x002D, 0x0133, 0x00F2, 0x00F2, 0x0112, 0x0112, 0x0112, 0x0113, 0x2046, 0xD000, 0xD000,
    0xD000, 0xD000, 0xD000, 0xD000, 0xD800, 0xC000, 0x5987, 0xC69B, 0xB63A, 0xBE5A, 0xB63A, 0xAE1A,
    0xAE1A, 0xB67C, 0x638E, 0x9D00, 0xCE60, 0xBE20, 0xC620, 0xBE20, 0xBE00, 0xC640, 0x9D00, 0x4227,
    0xE71B, 0xD657, 0xDE98, 0xDEB9, 0xDEB8, 0xDED9, 0xE71A, 0xA4F2, 0xD6DC, 0xCEBB, 0xCE9B, 0xDF3D,
    0xBE38, 0xBDF7, 0xDF3D, 0xCE9B, 0xCEBB, 0xCEDC, 0xF7DF, 0x7BEF, 0x9000, 0xE821, 0xE020, 0x9000,
    0x7BEF, 0xDF1D, 0xD6DC, 0xDF5D, 0xD71C, 0xBE18, 0x9CF3, 0x6AEB, 0xADB7, 0xD6DC, 0xCEDC, 0xDF1C,
    0x9CF5, 0xD6FD, 0x8430, 0x8C92, 0xCEDC, 0xCEFD, 0x6BAF, 0x8CB3, 0xC69C, 0x6B03, 0xEDE0, 0xE601,
    0xDDC0, 0xE5C0, 0xEE00, 0xDDA0, 0xCD40, 0x6AC0, 0x94A0, 0xFFE0, 0xFFC0, 0xFFE0, 0xAD40, 0x3203,
    0x6000, 0xD000, 0xC800, 0xA000, 0x5209, 0xBE7B, 0xBE19, 0xC69B, 0x7BF0, 0x6B6D, 0xCEDC, 0xC69B,
    0xCEDC, 0xCEDC, 0xBE7B, 0xA597, 0x94D4, 0x84B3, 0xBE7A, 0xD6DC, 0xD6DC, 0x94B3, 0x5ACA, 0xDEFB,
    0xFFFF, 0xFFFF, 0xFFFF, 0xF7DE, 0xA534, 0x6B6D, 0x9D35, 0xCEDC, 0xBE7B, 0xC67B, 0xCEDC, 0xD6FD,
    0xAE19, 0x68A2, 0xE020, 0xD800, 0xD000, 0xA000, 0x6841, 0x6208, 0x7C51, 0xADF9, 0xC69B, 0xDF3E,
    0x94B3, 0x8452, 0xC6BC, 0xBE5A, 0xCEBB, 0x9514, 0x62CA, 0xA3CE, 0xEDB5, 0xFE58, 0x9BCD, 0x73CF,
    0xD71D, 0xB61A, 0xAD98, 0x94D5, 0x7BF0, 0x94B3, 0xC69B, 0xBE3A, 0xC67A, 0x2168, 0x0029, 0x422A,
    0x9D14, 0xC6BB, 0xC69B, 0xBE5B, 0x5286, 0xDEE0, 0xFFE0, 0xFFE0, 0xFFE1, 0xFFE1, 0xFFE1, 0xFFE0,
    0x8C40, 0x8474, 0xD6FC, 0xC69B, 0xCEFC, 0xCEDB, 0xD71C, 0xC69B, 0xCEDC, 0xC6BB, 0xDF5E, 0x632D,
    0x8CB3, 0xCEDC, 0xBE7B, 0xC69B, 0xBE7B, 0xBE7B, 0xC69B, 0x94F6, 0x4A40, 0xFFE0, 0xFFE0, 0xFFE0,
    0xFFE0, 0xFFE0, 0xFFE0, 0xFFE0, 0xAD40, 0x002E, 0x0135, 0x0113, 0x0114, 0x0114, 0x0134, 0x0134,
    0x0135, 0x2047, 0xE000, 0xE000, 0xE000, 0xE000, 0xE000, 0xE000, 0xE800, 0xD000, 0x69C7, 0xD73E,
    0xC6BC, 0xC6BC, 0xC6BC, 0xBEBC, 0xBE7C, 0xC6FE, 0x6B8D, 0xAD60, 0xD6E1, 0xCE80, 0xCE80, 0xCE80,
    0xCE80, 0xD6C0, 0xAD40, 0x4A68, 0xE6FA, 0xC5F6, 0xC5F6, 0xC5F6, 0xD678, 0xE6F9, 0xDED9, 0x9CF2,
    0xD6DC, 0xCEBB, 0xCEBB, 0xCEBB, 0xD6FC, 0xD6FC, 0xD6DB, 0xE77D, 0xEFBE, 0xD6DB, 0xAD54, 0x8430,
    0x5AAA, 0x9000, 0x9800, 0x6B2D, 0xEFDF, 0xDEFC, 0xBE17, 0x9CD2, 0x8BEE, 0x9BCE, 0xCD13, 0xAC0F,
    0x7C31, 0xCEDC, 0xCEDC, 0x8C72, 0x6B20, 0x7386, 0x4A6A, 0xC69B, 0xC69B, 0xB619, 0x52EC, 0xC69B,
    0xCEFC, 0x73CF, 0xBCC0, 0xF660, 0xDDC0, 0xBCA0, 0x93A0, 0x83A6, 0x6B4C, 0x4A41, 0xFFE1, 0xFFE0,
    0xE700, 0x6301, 0x73D0, 0x7C31, 0x9020, 0xC821, 0xA000, 0x51C7, 0xBE7B, 0xB5D8, 0xBE7B, 0x73F1,
    0x5B0C, 0xCEDC, 0xBE5B, 0xBE5B, 0xB63A, 0xBE3A, 0xBE5A, 0xC69B, 0xCEDC, 0xCEBB, 0xBE5A, 0xBE5A,
    0xC69B, 0xB5F8, 0x630C, 0xFFFF, 0xFFFF, 0xFFFF, 0xB5B6, 0x634D, 0x7C31, 0xBE3A, 0xCEDC, 0xC69B,
    0xC69B, 0xB618, 0x8CB3, 0x6B6E, 0xC6BB, 0x62AB, 0x9000, 0x8041, 0x48E3, 0x5B0C, 0xAE19, 0xCEFC,
    0xDF3D, 0xD6FC, 0xCEBC, 0xD71D, 0x94F4, 0x73CF, 0xCEDC, 0xADD8, 0x738E, 0x8B4C, 0xDD33, 0xF5F6,
    0xE574, 0xE554, 0xBC52, 0x3146, 0x5B2B, 0x5AE6, 0x5B02, 0x7BC0, 0x8420, 0x4A88, 0xC69C, 0xBE7A,
    0xD6FD, 0xA555, 0x94B2, 0xD6DB, 0xC69B, 0xBE39, 0xB619, 0xC6BC, 0x6B6D, 0xD681, 0xFFE1, 0xFFE0,
    0xFFC0, 0xE700, 0xBDE0, 0x9CE0, 0x5282, 0x7C32, 0xBE7A, 0x94D4, 0x8CB5, 0x8CB5, 0x8CB5, 0x8CB5,
    0x8CB4, 0x8C94, 0x9516, 0x3A29, 0x52CB, 0x8452, 0x73F1, 0x73F0, 0x73D0, 0x6BAF, 0x6BB0, 0x428C,
    0x2940, 0xA500, 0x9CE0, 0x9CE0, 0x9CE0, 0x9CE0, 0x9CE0, 0xA500, 0x6300, 0x0006, 0x0089, 0x0069,
    0x0069, 0x0069, 0x0069, 0x0069, 0x0069, 0x1023, 0x7000, 0x7800, 0x7800, 0x7800, 0x7800, 0x7800,
    0x7800, 0x6800, 0x38C3, 0x6B6E, 0x634E, 0x634E, 0x634E, 0x5B4E, 0x634E, 0x638F, 0x31A6, 0x5AC0,
    0x7380, 0x6B60, 0x6B80, 0x7380, 0x6B80, 0x73A0, 0x52A0, 0x2124, 0x4A28, 0x2945, 0x18A2, 0x18A2,
    0x3165, 0x4A48, 0x3165, 0x2104, 0xCEDC, 0xCEBB, 0xCEBB, 0xCEBB, 0xD6DB, 0xEF9E, 0xDF1C, 0xB5B6,
    0x8C50, 0x840F, 0xA513, 0xDEB9, 0xE73B, 0x39C6, 0x6B0C, 0xC69A, 0x8C50, 0x836D, 0x93CE, 0xC4D2,
    0xE5B5, 0xF617, 0xF616, 0xEDB5, 0x7B8E, 0xC6BB, 0xCEBC, 0x5AC6, 0xFFE0, 0x7BA0, 0x7C13, 0xE77E,
    0xD71D, 0x6BAF, 0x8C93, 0xCEBC, 0xC6BB, 0xA577, 0x72E0, 0x9C20, 0x7346, 0x7BEE, 0x9516, 0xBE3A,
    0xDF3D, 0x6B6E, 0xA500, 0xBDE0, 0x4A66, 0x94D5, 0xE77E, 0x528A, 0x9000, 0xD000, 0xB800, 0x4945,
    0x9535, 0xCEDC, 0x7C32, 0x52AB, 0xC69B, 0xBE5A, 0xBE5B, 0xC69B, 0xC6BC, 0xC6DC, 0xBE9B, 0xBE3A,
    0xBE5A, 0xC69B, 0xCEDC, 0xCEBB, 0xBE59, 0xCEFC, 0x6B8E, 0x9CF3, 0xC638, 0x6B8E, 0x7C11, 0xBE3A,
    0xDF5E, 0xC69B, 0xA576, 0x7C11, 0x4A8C, 0x194A, 0x008C, 0x0007, 0xA575, 0xA556, 0x5B2D, 0xA5F8,
    0x84B3, 0x7BF1, 0xC65A, 0x9D15, 0x8473, 0x7C31, 0x6BAF, 0x632D, 0x4229, 0x73F0, 0xB619, 0x62AA,
    0xCCD2, 0xF5D6, 0xE574, 0xE574, 0xF595, 0x5A46, 0x6B81, 0x94A0, 0xAD40, 0xC600, 0xCE80, 0xD6A0,
    0xD6A1, 0x5AC5, 0xBE5B, 0x73CF, 0x5ACA, 0x73F0, 0x94D5, 0xA558, 0xB5FA, 0xC67B, 0xCEBC, 0xDF3D,
    0x7C32, 0x7BC0, 0xB580, 0x8421, 0x6B64, 0x6B49, 0x73AF, 0x8C94, 0xAD98, 0xCEDC, 0x73F1, 0x3960,
    0x7B20, 0x6AC0, 0x72E0, 0x72E0, 0x72C0, 0x72E0, 0x8320, 0x3960, 0x4A8B, 0x6B8E, 0x6B6E, 0x6B8E,
    0x6BAF, 0x6BAF, 0x73F0, 0x52AC, 0x2120, 0x8C60, 0x8C40, 0x8C40, 0x8C60, 0x8C60, 0x8C40, 0x9480,
    0x5AA0, 0x0007, 0x00AB, 0x008A, 0x008B, 0x008B, 0x008B, 0x008B, 0x008B, 0x1044, 0x8000, 0x8000,
    0x8000, 0x8000, 0x8000, 0x8000, 0x8800, 0x7000, 0x3904, 0x8C51, 0x7C11, 0x7C11, 0x7C31, 0x7C11,
    0x73F1, 0x8473, 0x4208, 0x6B40, 0x8400, 0x7BE0, 0x7BE0, 0x7BE0, 0x7BE0, 0x7C00, 0x5AC0, 0x3185,
    0xB595, 0xB575, 0xB575, 0xB5B5, 0xAD54, 0xAD54, 0xB595, 0x7BCE, 0xCEDC, 0xCEBB, 0xCE9B, 0xCEBB,
    0xCEBB, 0x8C71, 0x83EF, 0x9CD2, 0xD678, 0xF77C, 0xFFBC, 0xF77C, 0xFFBD, 0x73AE, 0xB5D7, 0xB5F8,
    0x5A07, 0xF5F6, 0xF617, 0xF616, 0xEDD6, 0xF5D6, 0xEDB6, 0xDD34, 0x5A49, 0xBE39, 0x9D16, 0x8C40,
    0xFFE0, 0xAD60, 0x4226, 0x7C11, 0xAD96, 0x52AA, 0xCEDC, 0xD6FC, 0xC69B, 0xC69B, 0x8451, 0x9D15,
    0xBE3A, 0xBE18, 0xDF1C, 0xD6FC, 0xCE9B, 0xC67B, 0x4247, 0x5AEB, 0xC67B, 0xD6FB, 0xC69A, 0x73AF,
    0x6A29, 0x70E4, 0x9000, 0x4000, 0x3229, 0x6B6E, 0x5AEC, 0xC69B, 0xCEDC, 0xC6BC, 0xBE3A, 0xA598,
    0x8CD4, 0x7411, 0x6BAF, 0x52AB, 0x94D3, 0xADB7, 0x8432, 0xB5D9, 0xCEBC, 0xD71C, 0xC69A, 0x4A69,
    0x73CF, 0xB5F8, 0xD71D, 0xB5F8, 0x634E, 0x31CB, 0x08CA, 0x006D, 0x00B0, 0x00F3, 0x0955, 0x08AF,
    0x634E, 0xD6FD, 0xCEBB, 0xD6DC, 0xA576, 0x4A49, 0x52CC, 0x5B2D, 0x6B8F, 0x7BF0, 0x8452, 0x9D15,
    0xB5F8, 0xBE5A, 0x6BAF, 0x4186, 0xF5F6, 0xE574, 0xF5D6, 0xE553, 0x936D, 0x39C2, 0xCE80, 0xD6A1,
    0xD6A1, 0xD6A1, 0xD6A1, 0xD6A0, 0xD6A0, 0x52A0, 0x9D58, 0x5AA7, 0xB460, 0xA400, 0x8320, 0x72C1,
    0x62C5, 0x62C9, 0x6B6D, 0x8CB3, 0xAD97, 0x5B2D, 0x8432, 0x9517, 0xB5FA, 0xC69C, 0xCEDC, 0xCEDB,
    0xC67A, 0xCEDC, 0x73D1, 0x8340, 0xFE81, 0xEDE0, 0xEE20, 0xEE00, 0xEE20, 0xEE20, 0xFEA0, 0x7B21,
    0xAD98, 0xDF1C, 0xCEBB, 0xCEBB, 0xC69B, 0xC69B, 0xCEFC, 0x94F6, 0x4A40, 0xFFE0, 0xFFE0, 0xFFE0,
    0xFFE0, 0xFFE0, 0xFFE0, 0xFFE0, 0xA500, 0x000D, 0x0134, 0x00F3, 0x00F3, 0x0114, 0x0114, 0x0134,
    0x0114, 0x2067, 0xE000, 0xE000, 0xE000, 0xE000, 0xE000, 0xE000, 0xE820, 0xC800, 0x69C7, 0xDF3D,
    0xCEFC, 0xCEDC, 0xCEFD, 0xCEDB, 0xBE9C, 0xCF1E, 0x636D, 0xAD60, 0xD6C1, 0xCE80, 0xD680, 0xCE80,
    0xCE60, 0xD6C0, 0xA520, 0x4A49, 0xEF3B, 0xD696, 0xDED9, 0xDED9, 0xE6FA, 0xE6FA, 0xEF7B, 0xA4F2,
    0xD6DC, 0xCE9B, 0xC67A, 0xDEFC, 0xD6DB, 0x528A, 0xDEFA, 0xFFFD, 0xFFDD, 0xF79D, 0xD6BA, 0x9CF3,
    0x634D, 0x39E7, 0x8C92, 0xDF3D, 0x6B4D, 0xE574, 0xF616, 0xEDB6, 0xCCD3, 0xAC10, 0x834D, 0x736E,
    0x8CB3, 0xCEDC, 0x6329, 0xDEC0, 0xFFE1, 0xEF80, 0x5AC6, 0x94D4, 0x4A8A, 0xADB6, 0xCE9A, 0x6B4C,
    0x6B6E, 0xCEDC, 0xC69B, 0xDF3D, 0x8C92, 0x0046, 0x3A0B, 0x7BF0, 0xB5D6, 0xD6DB, 0xCEBC, 0xCEBC,
    0xC67A, 0xBE5A, 0xCE9B, 0xCF1D, 0x6C11, 0x8CF4, 0xA5B7, 0x8C72, 0xB619, 0x634E, 0xB61A, 0xC69B,
    0x8452, 0x636E, 0x634E, 0x73AF, 0x7C52, 0x94F5, 0xB619, 0xA576, 0x73B0, 0x6B8A, 0xA500, 0x8C63,
    0x73A9, 0x8C51, 0xAD98, 0xCE9B, 0xDF5E, 0xCEBB, 0xC69B, 0xB5B6, 0x0047, 0x00D2, 0x0113, 0x0134,
    0x0954, 0x0134, 0x0113, 0x0050, 0x2128, 0xC67A, 0xBE5A, 0xB63A, 0xC6BC, 0xADB8, 0xCEBC, 0xCEBC,
    0xCEBC, 0xD71D, 0xD71D, 0xB619, 0x73CF, 0x2125, 0x0000, 0x0000, 0x832C, 0xFE16, 0xAC0F, 0x6ACB,
    0x9D56, 0x632C, 0xAD40, 0xCE80, 0xB5A0, 0x9CE0, 0x8C40, 0x6B61, 0x5AE3, 0x4A67, 0x94F6, 0x6AE4,
    0xE5E1, 0xE5E1, 0xEDC0, 0xE5C0, 0xDD80, 0xCD00, 0xBCA0, 0x5241, 0xADB9, 0xD6FC, 0xCEBB, 0xCEBB,
    0xC67A, 0xC659, 0xBE39, 0xBE3A, 0xBE39, 0xCEBB, 0x6BD1, 0x72E0, 0xE5A0, 0xD540, 0xDD80, 0xDDA0,
    0xDDA0, 0xD5A0, 0xE600, 0x72E1, 0xA557, 0xCE9A, 0xBE59, 0xBE5A, 0xBE5A, 0xBE3A, 0xCE9B, 0x8C94,
    0x4200, 0xFFE0, 0xF7A0, 0xF7C0, 0xF7C0, 0xF7C0, 0xF7A0, 0xFFE0, 0x94A0, 0x000C, 0x0113, 0x00F2,
    0x00F2, 0x00F2, 0x0112, 0x0112, 0x0113, 0x2046, 0xD000, 0xD000, 0xD000, 0xD000, 0xD000, 0xD000,
    0xD800, 0xB800, 0x6986, 0xD6BB, 0xBE5A, 0xC67B, 0xBE7B, 0xBE5B, 0xB63A, 0xC69C, 0x634C, 0xA540,
    0xCE60, 0xC640, 0xC640, 0xC640, 0xC620, 0xCE80, 0x9CE0, 0x4A48, 0xEF1B, 0xDE98, 0xDED9, 0xDEB8,
    0xDEB9, 0xE6D9, 0xEF3B, 0x9CD1, 0xCE9B, 0xDEFC, 0xEFDF, 0xB618, 0xDEFC, 0x8C71, 0xA513, 0xF7BD,
    0xAD96, 0x73AF, 0x528A, 0x5AEC, 0x8C72, 0xCEDB, 0xDF3D, 0xD6FC, 0x8493, 0x8B2D, 0xAC31, 0x836D,
    0x7BD0, 0x94F4, 0xB5F8, 0xCEDC, 0xDF3D, 0xAD78, 0x7BA1, 0xFFE0, 0xFFE0, 0x94A0, 0x7BF2, 0xDF7E,
    0xC69B, 0x94B2, 0x736D, 0xCE57, 0x738D, 0x8C92, 0xCEBB, 0xCEBB, 0x4A6B, 0x0091, 0x00D2, 0x006D,
    0x08EA, 0x424B, 0x8451, 0xB5F8, 0xC69B, 0xC69B, 0x9556, 0x51C7, 0x8000, 0x6166, 0xC6BB, 0xCEBB,
    0xC67B, 0xCEDC, 0xBE7B, 0xB619, 0x4A6A, 0xA597, 0xB61A, 0xBE7B, 0xC69C, 0xCEDC, 0xCEDC, 0xCEDC,
    0x424B, 0x7382, 0xFFE1, 0xFFE0, 0xEF60, 0xBDE0, 0x9461, 0x73A7, 0x7BEF, 0xADB7, 0xBE3A, 0xADB7,
    0x31CB, 0x08F3, 0x0134, 0x00D2, 0x0090, 0x006C, 0x10EA, 0x39EB, 0x6B8F, 0xBE5A, 0xBE3A, 0xCEDC,
    0x94F4, 0x39E8, 0x6B6F, 0xC69B, 0xB639, 0x9515, 0x4A8A, 0x0862, 0x0000, 0x0000, 0x0020, 0x0020,
    0x1882, 0x628A, 0x8451, 0xBE5A, 0xD71D, 0x73F0, 0x4200, 0x6B45, 0x5AE8, 0x6B6D, 0x8452, 0x9D16,
    0xBE1A, 0xD71C, 0x9516, 0x6AA0, 0xF620, 0xE5C0, 0xE5C0, 0xE5A0, 0xDD81, 0xDD81, 0xE5C0, 0x7B66,
    0xBE3B, 0xC67A, 0xCEDC, 0xCEDC, 0xCEDC, 0xCEDC, 0xCEDC, 0xCEDC, 0xCEBB, 0xDF5E, 0x7412, 0x7B00,
    0xFE41, 0xE5C0, 0xE5E0, 0xE5C0, 0xE5C0, 0xE5A0, 0xF600, 0x72E1, 0x94F6, 0xC679, 0xB5F8, 0xB618,
    0xB5F8, 0xADD7, 0xBE18, 0x7C12, 0x4200, 0xEF60, 0xE720, 0xE740, 0xE740, 0xE720, 0xE700, 0xEF60,
    0x8C40, 0x000B, 0x0112, 0x00D0, 0x00D1, 0x00D1, 0x00F1, 0x00F1, 0x00D1, 0x2086, 0xC020, 0xC000,
    0xC000, 0xC000, 0xC000, 0xC000, 0xC800, 0xB000, 0x5946, 0xBE39, 0xB5F8, 0xB5F9, 0xB5F9, 0xB5F8,
    0xADB8, 0xB61A, 0x5AEB, 0x94C0, 0xBDE0, 0xB5A0, 0xB5A0, 0xB5A0, 0xAD80, 0xB5C0, 0x8420, 0x41E7,
    0x9491, 0x6B4C, 0x6B4C, 0x738D, 0x83EE, 0x7BEE, 0x7BEE, 0x4A48, 0xF7BF, 0xCEFB, 0x936D, 0x5020,
    0x8472, 0xCE7A, 0x39E7, 0x5B0C, 0x52CB, 0x7C31, 0xB5D7, 0xDF5D, 0xF7FF, 0xC619, 0x8431, 0xCEDC,
    0xB619, 0x6B8E, 0x9514, 0xB639, 0xCEDC, 0xD6FC, 0xC69B, 0xBE5A, 0xD71D, 0x738D, 0xC600, 0xFFE1,
    0xFFC0, 0x6303, 0xADD9, 0xCEBB, 0xA597, 0x4208, 0xEF3B, 0xE6F9, 0xDEB8, 0x528A, 0xBE3A, 0xB5D7,
    0x08A9, 0x0135, 0x0953, 0x0134, 0x0113, 0x00B1, 0x006C, 0x10C9, 0x6B8F, 0x8CF4, 0x5821, 0xC000,
    0xE041, 0x9800, 0x6B4E, 0xCEBC, 0xBE3A, 0xBE5A, 0xBE5A, 0xC6BC, 0x6BAF, 0xBE5B, 0xCEDD, 0xBE9B,
    0xBE5A, 0xADB8, 0x94F4, 0x8472, 0x1084, 0x9480, 0xFFE0, 0xFFE0, 0xFFE0, 0xFFE0, 0xFFE0, 0xF7A0,
    0xAD60, 0x2124, 0x6B8F, 0x52AB, 0x4A6A, 0x000B, 0x008B, 0x194A, 0x4A8C, 0x7C10, 0xAD96, 0xC69B,
    0xCEDC, 0xBE3A, 0xCEDD, 0x8CB4, 0x52AA, 0xBE5A, 0x6B6E, 0x73F1, 0x8CB4, 0x0000, 0x0000, 0x0000,
    0x0020, 0x0020, 0x0000, 0x0000, 0x0000, 0x2966, 0xD6DC, 0xBE5A, 0xC65A, 0xC69A, 0xAD98, 0xA579,
    0xC67B, 0xCEBB, 0xDEFC, 0xD71C, 0x9D34, 0x59C7, 0x6B6E, 0x62E8, 0x7304, 0x8361, 0x9BE0, 0xBC80,
    0xCD20, 0xE5A0, 0xDD40, 0x734A, 0xCEBD, 0xB619, 0x5ACC, 0x528A, 0x526A, 0x528A, 0x528A, 0x528A,
    0x526A, 0x5AAB, 0x3166, 0x2920, 0x6260, 0x5A20, 0x5A20, 0x5A20, 0x5220, 0x5220, 0x5220, 0x2100,
    0x2966, 0x39E7, 0x31A6, 0x31A7, 0x31A7, 0x3187, 0x31C7, 0x2125, 0x18C0, 0x4A40, 0x4A40, 0x4A40,
    0x4A40, 0x4A40, 0x4A20, 0x4A40, 0x2960, 0x0003, 0x0045, 0x0045, 0x0045, 0x0045, 0x0025, 0x0025,
    0x0025, 0x0822, 0x4000, 0x4000, 0x4800, 0x4800, 0x4800, 0x4800, 0x4800, 0x3800, 0x2082, 0x4208,
    0x39E8, 0x4208, 0x4208, 0x4228, 0x4228, 0x4229, 0x2104, 0x31A0, 0x4220, 0x4200, 0x4A40, 0x4A40,
    0x4A40, 0x4A40, 0x31A0, 0x18A2, 0x3185, 0x2124, 0x2124, 0x2924, 0x2924, 0x2104, 0x2924, 0x10A2,
    0x9451, 0x78A2, 0xB800, 0xD800, 0x4904, 0xCEDB, 0x9CD3, 0xA556, 0xCEBB, 0xE75D, 0xEFBF, 0xC65A,
    0x83ED, 0x9C01, 0x7B40, 0x9D36, 0xCEDC, 0xCEDC, 0xCEDC, 0xCE9B, 0xC67A, 0xC67B, 0xC67A, 0xCEBB,
    0xA578, 0x62E1, 0xFFE0, 0xFFE1, 0xC620, 0x630C, 0xCEFC, 0xBE3A, 0xD6FD, 0x7C10, 0x8C0F, 0xE71A,
    0xE71A, 0xAD32, 0x632D, 0xA556, 0x10C7, 0x008D, 0x00B1, 0x0113, 0x0133, 0x0133, 0x0954, 0x006F,
    0x3187, 0x94F3, 0x4841, 0xA000, 0x9000, 0xB800, 0x6841, 0x9576, 0xCE9B, 0xBE5A, 0xBE7B, 0xBE19,
    0x2965, 0x7C31, 0x94F4, 0x7C31, 0x634E, 0x634E, 0x7C11, 0x9D35, 0x8CB3, 0x6329, 0x73C2, 0xB560,
    0xEF60, 0xFFE0, 0xFFE0, 0xFFE1, 0xAD40, 0x73D1, 0xD71C, 0x94D4, 0x5AEC, 0x73AF, 0x9D34, 0xCE9A,
    0xDF3D, 0xD71D, 0xCEBC, 0xB619, 0xB5F9, 0xCEDC, 0x94D4, 0x52AB, 0xC67A, 0xBE3A, 0xCEFD, 0x4A8B,
    0x73AF, 0x2104, 0x0821, 0x0821, 0x0000, 0x0000, 0x0000, 0x2125, 0x6B8E, 0xA576, 0xC67A, 0xCEFC,
    0xC65B, 0x94F6, 0x6B8C, 0x4204, 0xAD76, 0xD6FC, 0xAE18, 0x6ACB, 0x9000, 0xD000, 0x6125, 0xB69B,
    0xB61A, 0x9D57, 0x8C93, 0x7C0F, 0x738A, 0x7B86, 0x6AA2, 0x7BAE, 0xD71D, 0x9D97, 0x4000, 0xA800,
    0xA000, 0xA000, 0xA000, 0xA000, 0xA000, 0xB000, 0x6800, 0x62A0, 0xCD00, 0xBCC0, 0xC4E0, 0xC520,
    0xC500, 0xBCE0, 0xCD40, 0x6281, 0x8CB4, 0xBE18, 0xB5D8, 0xB5F9, 0xBE19, 0xB619, 0xC67A, 0x8494,
    0x4A60, 0xF7A0, 0xEF60, 0xEF80, 0xF780, 0xF780, 0xEF60, 0xF7C0, 0x9480, 0x000C, 0x0112, 0x00D2,
    0x00F2, 0x00F2, 0x00F2, 0x00F2, 0x00F2, 0x20A8, 0xD041, 0xD000, 0xD000, 0xD000, 0xD000, 0xD000,
    0xD800, 0xB000, 0x5966, 0xCE9B, 0xBE3A, 0xBE5A, 0xBE5A, 0xBE5A, 0xBE5A, 0xC6BC, 0x636C, 0xAD60,
    0xCE60, 0xC640, 0xCE40, 0xC620, 0xBE00, 0xCE60, 0x94C0, 0x4A48, 0xE6F9, 0xD677, 0xDE98, 0xDEB8,
    0xDE98, 0xDEB8, 0xE6FA, 0x9CD1, 0xA800, 0xD800, 0xD020, 0xE020, 0x9800, 0x6B8E, 0xE75E, 0xD6DC,
    0xEF7E, 0xCE9B, 0x8C2F, 0x8BA2, 0xC540, 0xEE80, 0xDE00, 0x7369, 0xC6BC, 0xC67A, 0xC67A, 0xC67B,
    0xBE7A, 0xBE7A, 0xC67A, 0xCEDB, 0xB5D8, 0x5AC8, 0x73A1, 0xCE60, 0x73A0, 0x94D6, 0xC6BB, 0xBE5A,
    0xBE5A, 0xC67B, 0x4A6A, 0xC5F5, 0xDED9, 0xEF3A, 0x6B2B, 0x8CB3, 0xC69A, 0x8431, 0x424B, 0x10EA,
    0x008E, 0x00D2, 0x0114, 0x008B, 0x8B6C, 0xB471, 0xA42F, 0xA40F, 0x93CE, 0x68C3, 0xC000, 0x61A7,
    0xC69B, 0xBE3A, 0xC6BC, 0x73CF, 0xAD75, 0x94B2, 0x3185, 0x6B6E, 0xB619, 0xD71D, 0xC6DC, 0xBE7B,
    0xC6BC, 0xC67C, 0xA558, 0x6B8F, 0x39E3, 0x7BE2, 0xAD40, 0xE720, 0x62E2, 0xB5FA, 0xCEDC, 0xBE39,
    0x6B6E, 0xCEBB, 0xADB7, 0x94B3, 0x6BAF, 0x4A8A, 0x31C7, 0x18C3, 0x8CB3, 0x9D36, 0x528A, 0xB63A,
    0xB61A, 0xC6BB, 0x8CB4, 0x4A6A, 0xC69B, 0x5AEC, 0x0000, 0x0000, 0x0841, 0x4229, 0x8CB3, 0xBE5A,
    0xD71D, 0xCEDC, 0xA578, 0x7BF0, 0x6B26, 0x8C40, 0xD6A0, 0xBDC0, 0x636E, 0x8CB3, 0x70C3, 0xC000,
    0xD800, 0xD821, 0xB000, 0x6ACC, 0xCEDC, 0xCE9A, 0xCEDB, 0xD6DC, 0xC69B, 0xBE3B, 0xA598, 0xB5F8,
    0xCE9B, 0x9DB7, 0x5841, 0xD020, 0xC020, 0xC820, 0xC820, 0xC020, 0xC020, 0xD820, 0x7800, 0x7B00,
    0xF5E0, 0xDDA0, 0xE5E0, 0xE5C0, 0xE5A0, 0xDDA0, 0xEE00, 0x72E1, 0x9D37, 0xC69A, 0xBE5A, 0xC67A,
    0xBE5A, 0xBE3A, 0xCE9A, 0x8495, 0x5280, 0xFFE0, 0xF7A0, 0xF7A0, 0xF7A0, 0xF7A0, 0xF780, 0xFFE0,
    0x94A0, 0x000C, 0x0113, 0x00F2, 0x00F2, 0x0112, 0x0112, 0x0112, 0x00F2, 0x20A8, 0xD041, 0xD000,
    0xD000, 0xD000, 0xD000, 0xD000, 0xD800, 0xB800, 0x5966, 0xCE9B, 0xBE3A, 0xB63A, 0xB63A, 0xB63A,
    0xB61A, 0xBE7B, 0x634B, 0xAD60, 0xC640, 0xC620, 0xC620, 0xC620, 0xBDE0, 0xC640, 0x9480, 0x4A28,
    0xEF3B, 0xDEB9, 0xE6D9, 0xE6D9, 0xDEB9, 0xDE98, 0xE71A, 0x8C50, 0xD820, 0xD020, 0xD800, 0xC000,
    0x7062, 0x6B4D, 0xC67A, 0xD6BB, 0x9471, 0x7B83, 0xBD20, 0xEE40, 0xE5E0, 0xDDE1, 0xF6C0, 0x8360,
    0x8453, 0xCEDB, 0xBE5A, 0xCEBB, 0xCEDC, 0xCEFC, 0xC69C, 0xADD9, 0x9D15, 0xC65A, 0x9D37, 0x630B,
    0x52A9, 0xCE9B, 0xC67B, 0xBE3A, 0xD6DC, 0xDF3D, 0x9D15, 0x62EB, 0xEF1A, 0xDEB8, 0xD698, 0x5AAA,
    0xBE5A, 0xCEDC, 0xC6BB, 0xB5F7, 0x634D, 0x2106, 0x08AB, 0x18C6, 0xEE16, 0xF637, 0xF617, 0xF616,
    0xEE37, 0x7924, 0xC800, 0x9000, 0x73AF, 0xCEFD, 0xADD8, 0x840F, 0xFFFF, 0xFFFF, 0xF7BE, 0xAD54,
    0x738D, 0x8431, 0xB5F8, 0xC6BC, 0xB63A, 0xBE3A, 0xD6FC, 0xDF5E, 0x5B0D, 0x94F6, 0x7C11, 0x5B09,
    0x73CE, 0xD6FD, 0xADD8, 0x73F0, 0x18A3, 0x1082, 0x0000, 0x0000, 0x0000, 0x0000, 0x0000, 0x0000,
    0x31A7, 0x5B0C, 0xB619, 0xBE3A, 0xBE7B, 0x9D35, 0x3A29, 0xB5F9, 0xC6DC, 0x9D35, 0x2124, 0x634D,
    0xAD97, 0xC69B, 0xC69B, 0xB63A, 0x8C72, 0x6329, 0x7BC2, 0xB5A0, 0xEF80, 0xFFE0, 0xFFE0, 0xA580,
    0x3060, 0xA000, 0xD800, 0xD020, 0xD000, 0xE000, 0xA800, 0x4945, 0xB63A, 0xCE9B, 0xCEBC, 0xCEBB,
    0xCEBB, 0xCEDC, 0xD6FC, 0xCEDC, 0xDEFD, 0xAE39, 0x6041, 0xD800, 0xC800, 0xD000, 0xD000, 0xD000,
    0xC800, 0xD820, 0x8800, 0x7B20, 0xFE60, 0xE5E0, 0xEE00, 0xEE00, 0xEE00, 0xEE00, 0xFEA0, 0x7321,
    0xA578, 0xCEFC, 0xC69B, 0xC6BC, 0xC6BC, 0xC69B, 0xCEDC, 0x94F6, 0x5AA0, 0xFFE0, 0xFFE0, 0xFFE0,
    0xFFE0, 0xFFE0, 0xFFE0, 0xFFE0, 0xA500, 0x000C, 0x0134, 0x00F3, 0x00F3, 0x00F3, 0x00F3, 0x0113,
    0x00F3, 0x2068, 0xD800, 0xE000, 0xD800, 0xD800, 0xD800, 0xD800, 0xE000, 0xC000, 0x5186, 0xCEBC,
    0xBE7B, 0xBE7C, 0xC69C, 0xC69C, 0xBE7B, 0xC6DD, 0x6B6C, 0xB5A0, 0xD6C0, 0xCE60, 0xCE80, 0xCE80,
    0xCE60, 0xD6A0, 0x94A0, 0x4A49, 0x9CB1, 0x6B4C, 0x738D, 0x840F, 0xA512, 0xC5F6, 0xD678, 0x736C,
    0xD800, 0xD000, 0x8800, 0x6229, 0x9D76, 0xD6FC, 0x2946, 0x4A22, 0xBD20, 0xEE60, 0xEE61, 0xDE20,
    0xE620, 0xC540, 0x7B41, 0x738B, 0xB5F8, 0xD6FD, 0xC69B, 0xB5FA, 0x94D5, 0x73CF, 0x6329, 0x73A4,
    0x4A40, 0x8452, 0xDF5D, 0xCEDC, 0xC69B, 0xC67A, 0xBE3A, 0xE75D, 0xC699, 0x6185, 0x838E, 0x7C31,
    0x9470, 0xEF5B, 0xF79C, 0x9491, 0x52CB, 0xCEBC, 0xBE3A, 0xCEDC, 0x9D76, 0x93AD, 0xDD94, 0xBCD2,
    0xF658, 0xEE17, 0xEDF6, 0xF5F6, 0xE617, 0x8124, 0xC000, 0xC820, 0x6861, 0xA5B8, 0x8472, 0x6B6D,
    0xEF9D, 0xFFFF, 0xFFFF, 0xFFFF, 0xF7BE, 0xB595, 0x7BAE, 0x7C11, 0xBE7B, 0xC6BB, 0x7BCF, 0x9CD3,
    0x7C10, 0x94F3, 0xEFDF, 0xB5D8, 0x8C92, 0x6B6E, 0x6B8E, 0x6B6E, 0x0000, 0x0000, 0x0000, 0x0020,
    0x0821, 0x0821, 0x0841, 0x0020, 0x4229, 0xC67B, 0xB619, 0xBE7B, 0xADB7, 0x4229, 0xB5F9, 0xCEBC,
    0xBE5A, 0xC67A, 0xBE5A, 0xCEDC, 0xC67A, 0xB619, 0xC67A, 0xA598, 0x4A41, 0xE700, 0xFFE0, 0xFFE0,
    0xF780, 0xFFE0, 0xA560, 0x6000, 0xD800, 0xD800, 0xC800, 0xD820, 0xD000, 0x7800, 0x630C, 0xB639,
    0xC69B, 0xA576, 0x8472, 0x8C72, 0x8C72, 0x8C72, 0x8C72, 0x8C72, 0x8C92, 0x6BF0, 0x3021, 0x8000,
    0x7800, 0x7800, 0x8000, 0x8000, 0x8000, 0x8800, 0x5000, 0x41A0, 0x8340, 0x7B00, 0x7B00, 0x7B20,
    0x7B20, 0x7B00, 0x8340, 0x3940, 0x422A, 0x52CC, 0x52AB, 0x4AAB, 0x4AAB, 0x4A6A, 0x4A8A, 0x31C8,
    0x2100, 0x6300, 0x62E0, 0x6300, 0x62E0, 0x62E0, 0x5AC0, 0x62E0, 0x39C0, 0x0004, 0x0067, 0x0046,
    0x0046, 0x0046, 0x0047, 0x0046, 0x0026, 0x0822, 0x5000, 0x5800, 0x5800, 0x5800, 0x5800, 0x5800,
    0x5800, 0x4800, 0x1882, 0x4A8B, 0x4A6B, 0x4A8B, 0x4AAB, 0x4AAB, 0x4A8B, 0x52CC, 0x2145, 0x4A40,
    0x5AC0, 0x52A0, 0x52A0, 0x52C0, 0x52A0, 0x5AC0, 0x39E0, 0x18C3, 0x18E3, 0x1082, 0x1082, 0x1082,
    0x18C3, 0x39A6, 0x39E7, 0x18C3, 0xA000, 0x69A7, 0x8CB3, 0xCEDB, 0xE73D, 0x94F3, 0x0000, 0x2920,
    0xE621, 0xDE40, 0xE620, 0xDDE0, 0x9421, 0x6B29, 0x9D16, 0xD6FD, 0xADD8, 0x6BAE, 0x6349, 0x6B63,
    0x8420, 0xA520, 0xC600, 0xDF00, 0xAD40, 0x632D, 0xCEDC, 0xBE3A, 0xBE5A, 0xC67A, 0xE79E, 0x9D34,
    0x7082, 0xD800, 0x8841, 0x9D56, 0x5ACB, 0xB595, 0x8C92, 0x4A8A, 0x8C93, 0xC69B, 0xBE7B, 0xC6BB,
    0xAD97, 0x62CB, 0x9C31, 0x9BD0, 0x8BEF, 0x83AE, 0x832E, 0x834D, 0x736D, 0x5861, 0xD020, 0xC800,
    0x8800, 0x630D, 0xC6BC, 0x8472, 0x632D, 0x9CD3, 0xEF7D, 0xFFFF, 0xFFFF, 0xFFFF, 0xD6BA, 0x5B0D,
    0xD71D, 0xA576, 0x834C, 0xC4F2, 0x6B0B, 0x4208, 0x5B0C, 0x73CF, 0x8C92, 0xAD97, 0xCEDC, 0xBE5A,
    0x1082, 0x0020, 0x0000, 0x0000, 0x0000, 0x0000, 0x0000, 0x0000, 0x31A7, 0xADD8, 0xC6BC, 0xADD8,
    0x4A6A, 0xADB8, 0xCEDC, 0xBE5A, 0xC67A, 0xC69B, 0xCEBB, 0xCEBB, 0xCEDC, 0xCEDC, 0xC6BC, 0xCEBC,
    0x6329, 0xE700, 0xFFE1, 0xFFE0, 0xFFE0, 0xD6A0, 0x6BA0, 0x6000, 0xE020, 0xD020, 0xE000, 0xA800,
    0x6186, 0x9535, 0xCEDC, 0xBE5A, 0xCEDC, 0x634D, 0x7A89, 0xB42F, 0xABCE, 0xABAE, 0xABCE, 0xABCE,
    0xB3EE, 0x934C, 0x4020, 0x8800, 0x8000, 0x8000, 0x8000, 0x8800, 0x8800, 0x9000, 0x5800, 0x5200,
    0xAC00, 0x9BC0, 0xA400, 0xA400, 0x9C00, 0x9C00, 0xA420, 0x4160, 0x6BB0, 0x94D3, 0x8CB3, 0x94B3,
    0x8CB4, 0x8CB3, 0x9D14, 0x6B6F, 0x3180, 0xBDC0, 0xB5A0, 0xB5A0, 0xBDC0, 0xBDC0, 0xB5A0, 0xBDE0,
    0x7BC0, 0x0028, 0x00CF, 0x00AE, 0x00CE, 0x00CE, 0x00CF, 0x00CE, 0x00CF, 0x1865, 0xA800, 0xA800,
    0xB000, 0xB000, 0xB000, 0xB000, 0xB000, 0x9800, 0x4165, 0xAD97, 0xA556, 0xA577, 0xA577, 0xA597,
    0xA576, 0xADB8, 0x52CA, 0x8C60, 0xAD60, 0xA540, 0xA540, 0xA540, 0xA520, 0xAD60, 0x8420, 0x39E7,
    0xE71B, 0xDEFB, 0xDEFB, 0xDEDA, 0xDEBA, 0xD699, 0xD699, 0x8C70, 0x7C31, 0xC69A, 0xDEFC, 0xC65A,
    0xD6DC, 0x4229, 0x0020, 0x0000, 0x8340, 0xEE60, 0x9C00, 0x3960, 0x5B0D, 0xD6FD, 0xD6FC, 0xD6FC,
    0x6BF2, 0x5AC0, 0xD680, 0xD6A0, 0xDEC0, 0xD6A1, 0xD6A1, 0xD6C1, 0xD6A0, 0x52C5, 0xBE3B, 0xBE3A,
    0xD6DC, 0xDF5D, 0x7B6D, 0x8800, 0xD800, 0xD021, 0xD800, 0x70E3, 0x8CD4, 0x39C7, 0x634E, 0xB619,
    0xCEDC, 0xBE5A, 0xC67A, 0xBE5A, 0xBE5A, 0xBE39, 0xB5F8, 0xADD8, 0xADB8, 0xADD8, 0xB639, 0xADB7,
    0xB5F9, 0x528A, 0x8000, 0x8082, 0x8411, 0xBE7B, 0xBE5A, 0xDF3E, 0xD71D, 0x73AE, 0x39A6, 0x8C71,
    0xDEDB, 0xFFFF, 0x8430, 0x9515, 0xD73E, 0x83EF, 0xD533, 0xF657, 0xF617, 0xBCD2, 0x72EA, 0x9491,
    0xBE5A, 0xD6FD, 0xBE5A, 0xC65A, 0x18C3, 0x0000, 0x0000, 0x10A2, 0x2986, 0x52CB, 0x8430, 0x9CF4,
    0x8C92, 0x52AA, 0x9515, 0x4A8A, 0xA556, 0xCEBC, 0xBE5A, 0xCEBC, 0xBE5B, 0xADD9, 0x9D37, 0x8C94,
    0x73F1, 0x6B8D, 0x6309, 0x6B8D, 0x8474, 0x9CE0, 0xEF60, 0xA500, 0x7363, 0x6B4B, 0x9D15, 0x73CF,
    0xA000, 0xD800, 0x7041, 0x6B6E, 0xC69B, 0xD6DB, 0xBE5A, 0xBE5A, 0xD6FC, 0x6BAE, 0xBC70, 0xFE16,
    0xF595, 0xF5B5, 0xF5B6, 0xF5B5, 0xFDB5, 0xD533, 0x6841, 0xD800, 0xC800, 0xC800, 0xC800, 0xC800,
    0xC800, 0xD820, 0x8800, 0x72E0, 0xFE20, 0xE5C0, 0xE5C0, 0xE5C0, 0xEDE0, 0xE5C0, 0xFE40, 0x7321,
    0x9D57, 0xD6FC, 0xCE9B, 0xCEBB, 0xC69B, 0xC69B, 0xCEDC, 0x8CD5, 0x4A40, 0xFFE0, 0xFFE0, 0xFFE0,
    0xFFE0, 0xFFE0, 0xFFE0, 0xFFE0, 0xB560, 0x002B, 0x0114, 0x0113, 0x00F3, 0x0113, 0x0113, 0x0113,
    0x0114, 0x2067, 0xD800, 0xD800, 0xD800, 0xD800, 0xD800, 0xD800, 0xD800, 0xC000, 0x51A7, 0xCEDC,
    0xC69B, 0xC69B, 0xC69B, 0xBE7B, 0xBE7B, 0xCEDD, 0x6B6C, 0xAD60, 0xD6A0, 0xCE40, 0xCE60, 0xC640,
    0xC620, 0xCE80, 0x9CE0, 0x4A48, 0xE71A, 0xD677, 0xDEB9, 0xDED9, 0xDEB9, 0xE6FA, 0xEF3B, 0xAD53,
    0xDF1D, 0xCEBB, 0xC65A, 0xCEBB, 0xAD97, 0x0000, 0x0000, 0x0000, 0x20E0, 0x41C0, 0x0000, 0x0000,
    0x0841, 0x31A6, 0x9515, 0xD6FC, 0xA598, 0x6322, 0xDF01, 0xD681, 0xDEC0, 0xD6C0, 0xC620, 0xA520,
    0x8400, 0x4224, 0xADD8, 0xE77E, 0xBE99, 0x61C6, 0xB000, 0xE020, 0xD000, 0xD800, 0xB000, 0x5945,
    0xA5B7, 0xBE39, 0xC69B, 0xBE5A, 0xBE7A, 0xC69B, 0xCEDC, 0xCEDC, 0xCEBC, 0xC67B, 0xBE5A, 0xC69B,
    0xCEBC, 0xB5F8, 0x5B0C, 0xBE39, 0xD6FC, 0xB5D8, 0x5AAB, 0xA596, 0xD6FC, 0xCEDC, 0xD6DC, 0xA555,
    0x7BEF, 0x94B2, 0xCE78, 0xB574, 0x5289, 0x632D, 0x632D, 0xCEDC, 0xADB7, 0x5228, 0xE5B5, 0xF657,
    0xEE16, 0xF637, 0xFE78, 0xC4F2, 0x838D, 0x7BCF, 0xB619, 0xC69B, 0x8472, 0x8C92, 0xADB6, 0xD6DB,
    0xD6DC, 0xB5D9, 0x8410, 0x7C30, 0xD73D, 0xADB7, 0x4A49, 0xA576, 0xCEDC, 0xBE5A, 0xCEDC, 0x7C31,
    0x52A6, 0x6323, 0x7381, 0x7BE0, 0x94A0, 0xA500, 0x9CC0, 0x39C1, 0x94D5, 0x2961, 0x4225, 0x7390,
    0x9D37, 0xC67B, 0xCEDB, 0xC6BB, 0x5986, 0x6186, 0x9D97, 0xD6FC, 0xCE7A, 0xC67A, 0xC67B, 0xC67A,
    0xD71D, 0x6BAE, 0xABEE, 0xFDB5, 0xED54, 0xED54, 0xED54, 0xED54, 0xF574, 0xCCF2, 0x6041, 0xD000,
    0xC000, 0xC000, 0xC800, 0xC800, 0xC000, 0xD020, 0x8800, 0x72C0, 0xF5E0, 0xDD80, 0xE5A0, 0xE5A0,
    0xE5C0, 0xE5C0, 0xF640, 0x72E0, 0xA557, 0xDF1C, 0xCEBB, 0xD6DC, 0xCEDC, 0xCEBB, 0xD6FC, 0x9516,
    0x4A40, 0xFFE0, 0xFFE0, 0xFFE0, 0xFFE0, 0xFFE0, 0xFFE0, 0xFFE0, 0xB5A0, 0x002B, 0x0134, 0x0113,
    0x0113, 0x0113, 0x0113, 0x0113, 0x0114, 0x2047, 0xD800, 0xE000, 0xD800, 0xE000, 0xE000, 0xD800,
    0xE000, 0xD000, 0x59C7, 0xD71D, 0xCEDC, 0xCEFC, 0xCEDC, 0xC6BC, 0xC6BB, 0xD73E, 0x73AD, 0xB580,
    0xDEE1, 0xD680, 0xD6A0, 0xD680, 0xCE80, 0xD6C0, 0xAD60, 0x5288, 0xEF5B, 0xDE98, 0xDED9, 0xDE98,
    0xD698, 0xE6D9, 0xF75B, 0xA4F2, 0xC69B, 0xC69B, 0xC69B, 0xC69B, 0xC67A, 0x8CB3, 0x39C7, 0x0000,
    0x0000, 0x0000, 0x0020, 0x0020, 0x0000, 0x0000, 0x94B3, 0xCEDC, 0xC69B, 0x4A66, 0xB5A0, 0xB5A0,
    0x8400, 0x6B62, 0x6328, 0x73CF, 0x94D5, 0xBE1A, 0xCEBB, 0x94D3, 0x6882, 0xC800, 0xD820, 0xD020,
    0xD800, 0x9000, 0x732C, 0xBE9B, 0xC69B, 0xBE7B, 0xC69B, 0xCEDC, 0xBE5B, 0xA599, 0x8CD5, 0x73F0,
    0x6B6B, 0x5AE5, 0x52A9, 0xBE7B, 0xCEBB, 0x3A08, 0x0000, 0x2104, 0x9D15, 0xCEBC, 0xC69B, 0xC67B,
    0xBE39, 0xA534, 0x7BCE, 0x9CB2, 0xD698, 0xEF5B, 0xE71A, 0xFFFE, 0xBDD6, 0x2945, 0xADB7, 0xC69B,
    0xBE39, 0x8472, 0x630C, 0x93CE, 0xDD94, 0xF678, 0xEE37, 0xF658, 0xF657, 0x5249, 0xB619, 0xC67B,
    0xDF3D, 0xDF3D, 0xBE1A, 0x8451, 0x6B48, 0x7BC0, 0xB5A0, 0x5AE2, 0xAD99, 0xCEBB, 0xC69B, 0xC67B,
    0xBE5A, 0xBE3A, 0xCEDC, 0x6B6D, 0x9CE0, 0xDEE0, 0xD6A0, 0xD6A0, 0xE721, 0x94A1, 0x4A69, 0x6B8E,
    0x636E, 0x5AED, 0x6B6E, 0x73CE, 0x6B8D, 0x31C7, 0x9D35, 0xCEBB, 0xB5F8, 0xC67A, 0xD69A, 0xBE18,
    0xC639, 0xBE38, 0xBE39, 0xBE18, 0xC69A, 0x634D, 0x9B8D, 0xDD33, 0xCCD2, 0xD4D2, 0xD4D2, 0xD4B2,
    0xD4B2, 0xB430, 0x5041, 0xA800, 0xA000, 0xA800, 0xA800, 0xA000, 0xA000, 0xA800, 0x7000, 0x5A40,
    0xBC80, 0xAC40, 0xB460, 0xB460, 0xB460, 0xAC40, 0xBCA0, 0x5A20, 0x636F, 0x94D3, 0x8C92, 0x8C71,
    0x8C71, 0x8451, 0x8471, 0x632E, 0x3180, 0xAD40, 0xA500, 0xA520, 0xA520, 0xA500, 0xA500, 0xA520,
    0x6B60, 0x0006, 0x00AC, 0x008B, 0x008C, 0x008C, 0x008C, 0x008C, 0x00AC, 0x1024, 0x8800, 0x9000,
    0x9000, 0x9000, 0x9000, 0x8800, 0x9000, 0x8000, 0x3104, 0x7C32, 0x7C11, 0x7C31, 0x7C31, 0x7C31,
    0x7411, 0x7C32, 0x4228, 0x6B40, 0x8C40, 0x8400, 0x8420, 0x8420, 0x8400, 0x8440, 0x6B60, 0x2964,
    0x6B4C, 0x4A68, 0x630B, 0x4228, 0x39C6, 0x31A6, 0x4A48, 0x1082, 0xCEDB, 0xCE9B, 0xC69B, 0xC67A,
    0xC67A, 0xD6DC, 0xCEBB, 0x94D3, 0x4249, 0x0820, 0x0000, 0x0000, 0x0020, 0x31A7, 0xC6BC, 0xBE3A,
    0xC69B, 0x73EF, 0x5AC7, 0x630C, 0x8C94, 0xAD99, 0xC69C, 0xCEDC, 0xCEBB, 0xBE5A, 0xC6BC, 0x4A6A,
    0xA800, 0xE021, 0xD820, 0xC000, 0x70A2, 0x8C92, 0xCEBB, 0xBE5A, 0xBE9B, 0xBE7B, 0x8493, 0x632B,
    0x5B07, 0x6B62, 0x7BE0, 0x94A0, 0xA540, 0xC600, 0x4A83, 0xADFB, 0x6BAF, 0x0000, 0x0821, 0x0000,
    0x0020, 0x6B8F, 0xBE5A, 0xC69B, 0x8CF4, 0x5ACA, 0xEF5C, 0xF77C, 0xEF3B, 0xEF5B, 0xD698, 0x83EE,
    0x4228, 0x6B8E, 0xBE7B, 0xBE3A, 0xCEBC, 0xCEBC, 0xBE5A, 0x8CD3, 0x6B2D, 0x93AE, 0xD554, 0xFED9,
    0xB4D2, 0x73D0, 0xD6FC, 0xC659, 0x94B3, 0x6B49, 0x7BA2, 0xAD60, 0xE720, 0xFFE0, 0xFFE1, 0xB580,
    0x7C32, 0xCEBC, 0xB619, 0xBE3A, 0xC69B, 0xCEDC, 0xD6FC, 0x636E, 0x94A0, 0xE721, 0xD6A0, 0xD6A0,
    0xDF00, 0x8400, 0x7C33, 0xDF3D, 0xCE9B, 0xCEBB, 0xC69B, 0xBE5A, 0xD6FC, 0x5B0C, 0x94D4, 0xCEDC,
    0xBE59, 0x3187, 0x18E7, 0x1908, 0x1907, 0x18E7, 0x18E7, 0x18E7, 0x10C7, 0x0843, 0x51C6, 0x6A89,
    0x6A49, 0x6A69, 0x7AA9, 0x7289, 0x82AA, 0x6A89, 0x2821, 0x6000, 0x6000, 0x6000, 0x6000, 0x6000,
    0x6000, 0x6000, 0x4000, 0x2920, 0x7280, 0x6AA0, 0x6AA0, 0x6AA0, 0x6AA0, 0x6AA0, 0x72C0, 0x3960,
    0x4A6A, 0x6B4D, 0x634D, 0x634D, 0x634D, 0x6B4E, 0x6B6E, 0x5ACC, 0x2120, 0x7BA0, 0x7BC0, 0x7BE0,
    0x83E0, 0x7BE0, 0x7BC0, 0x8420, 0x6300, 0x0004, 0x0069, 0x0068, 0x0068, 0x0068, 0x0068, 0x0068,
    0x0069, 0x0823, 0x6800, 0x7000, 0x7000, 0x7000, 0x7000, 0x7000, 0x7000, 0x7000, 0x28C3, 0x6B8E,
    0x6B8E, 0x6B8E, 0x6B8F, 0x6B8F, 0x636E, 0x6BAF, 0x3A08, 0x52A0, 0x6B60, 0x6340, 0x6B60, 0x6B60,
    0x6B60, 0x7380, 0x6300, 0x20E3, 0x8C51, 0x8C71, 0x8C71, 0x8C71, 0x8C71, 0x8C50, 0x8C50, 0x738D,
    0xCEDB, 0xC69B, 0xCEBB, 0xD6FC, 0xCEDC, 0xC67B, 0xBE5A, 0xC69B, 0xC69B, 0x9D55, 0x52AB, 0x0861,
    0x0000, 0x8C92, 0xC6BB, 0xC67A, 0xE79E, 0xC63A, 0x6B4A, 0x4A45, 0xC65A, 0xD6FB, 0xC67A, 0xC67A,
    0xC6BB, 0xCEDC, 0xC67B, 0xBE9B, 0x5186, 0xC800, 0xA800, 0x69E8, 0xA5B7, 0xDF3D, 0x632D, 0x52AB,
    0x8493, 0xCEDC, 0x5B0D, 0x8420, 0xCE60, 0xCE80, 0xD6A0, 0xD6A1, 0xD6A1, 0xE740, 0x6B60, 0x94F6,
    0x39E7, 0x0000, 0x0000, 0x0000, 0x0000, 0x0000, 0x3A08, 0xB5D8, 0xCEFD, 0x6B6E, 0xD699, 0xF77C,
    0xD698, 0x7BEF, 0x31C7, 0x52CC, 0x9D56, 0xC67B, 0xBE7B, 0xC67B, 0x8C93, 0x2945, 0x636E, 0xD71E,
    0xBE7B, 0x9D35, 0x6B6E, 0x834D, 0x6269, 0xAD97, 0xD6FD, 0x73AF, 0x7BC0, 0xDF00, 0xFFE0, 0xFFE0,
    0xFFE1, 0xFFE0, 0xFFE0, 0xB560, 0x4A68, 0xC6BC, 0xCEDC, 0xCEDC, 0xB5D7, 0x8410, 0x730B, 0x6A8A,
    0x6B80, 0xAD60, 0x8420, 0x7BC1, 0x73C4, 0x39E3, 0x8493, 0xDF3D, 0xD6FC, 0xCEDC, 0xC6BC, 0xCEBC,
    0xDF3E, 0x6B8E, 0x94F4, 0xCEDC, 0xBE38, 0x10C7, 0x002D, 0x006D, 0x006D, 0x006D, 0x006D, 0x006D,
    0x006E, 0x0006, 0xBC2F, 0xFDD6, 0xED54, 0xF574, 0xF575, 0xF574, 0xFD74, 0xD513, 0x6862, 0xD800,
    0xC800, 0xC800, 0xC800, 0xD000, 0xC800, 0xD820, 0x9000, 0x6260, 0xFE00, 0xE580, 0xEDA0, 0xEDC0,
    0xEDE0, 0xE5C0, 0xFE40, 0x8340, 0xA557, 0xDF5D, 0xCEDC, 0xCEDC, 0xCEFC, 0xCEDC, 0xD71D, 0xA578,
    0x4A61, 0xFFE0, 0xFFE0, 0xFFE0, 0xFFE0, 0xFFE0, 0xFFE0, 0xFFE0, 0xCE20, 0x002A, 0x0135, 0x0113,
    0x0114, 0x0134, 0x0134, 0x0133, 0x0135, 0x1868, 0xD800, 0xE000, 0xE000, 0xE000, 0xE000, 0xE000,
    0xE000, 0xD800, 0x5166, 0xCEFD, 0xCEDC, 0xC6BC, 0xC6DD, 0xC6DC, 0xC6BC, 0xD73E, 0x7C31, 0xAD60,
    0xE720, 0xD6C0, 0xD6C0, 0xD6C0, 0xD6C0, 0xDEE0, 0xBE00, 0x39E5, 0xFFFF, 0xF79C, 0xF79D, 0xFFDD,
    0xFFBD, 0xFFDD, 0xFFDD, 0xD698, 0xD71D, 0x7C31, 0x39EA, 0x636F, 0x8472, 0xAD96, 0xC679, 0xCEBB,
    0xCEDC, 0xD71C, 0xD6FC, 0xADB7, 0x6B8E, 0xBE39, 0xDF5D, 0xDF1D, 0x8432, 0x6B43, 0xD6A0, 0xC600,
    0x52CB, 0xD6FC, 0xCEDC, 0x6B6E, 0x5AEC, 0x94F5, 0xC69B, 0xDF3D, 0xA5D7, 0x48C3, 0x732D, 0xBE9B,
    0xD6FC, 0xA556, 0x630D, 0xC67A, 0x7BF0, 0x6B6E, 0x424A, 0x94C1, 0xE741, 0xD680, 0xCE60, 0xC640,
    0x94A0, 0x73C0, 0x2180, 0x7C73, 0xCEFC, 0x52EC, 0x0841, 0x0000, 0x0000, 0x0020, 0x0000, 0x18C3,
    0x9D35, 0x94F5, 0x7BCE, 0x94B2, 0x39E8, 0x634E, 0xADB8, 0xCEDC, 0xD6FC, 0xC67B, 0x8CB3, 0x31C7,
    0x0000, 0x0000, 0x18C3, 0xBE39, 0xBE5A, 0xC69B, 0xCEDC, 0xAD97, 0x9D35, 0xD73D, 0xC6FB, 0x7C32,
    0x8400, 0xFFE0, 0xFFE0, 0xFFE0, 0xDEE0, 0x9CC0, 0x6324, 0x634D, 0xA576, 0xC659, 0x8C92, 0x736D,
    0x832C, 0xAC2F, 0xE594, 0xEDD6, 0xA3EE, 0x4A08, 0x94F5, 0xA577, 0xC67C, 0x7C32, 0x4249, 0x73F0,
    0x7C10, 0x7411, 0x7C11, 0x7C11, 0x8C92, 0x4228, 0x9515, 0xCEDC, 0xBE39, 0x1907, 0x004D, 0x008D,
    0x006D, 0x006C, 0x006D, 0x008C, 0x008E, 0x0006, 0xABEE, 0xED54, 0xDCF2, 0xE513, 0xE513, 0xE4F3,
    0xE513, 0xCCD2, 0x6082, 0xC000, 0xB800, 0xC000, 0xC000, 0xC000, 0xB800, 0xC820, 0x8800, 0x5220,
    0xE580, 0xD520, 0xD540, 0xD540, 0xD540, 0xD520, 0xE5A0, 0x7AE0, 0x8CB4, 0xC69B, 0xBE39, 0xBE3A,
    0xB63A, 0xBE3A, 0xC67A, 0x9D37, 0x4A21, 0xF7C0, 0xF780, 0xF780, 0xF780, 0xF780, 0xEF80, 0xF7C0,
    0xBDA0, 0x0029, 0x0113, 0x00F1, 0x0112, 0x0112, 0x0112, 0x0112, 0x0113, 0x1068, 0xB800, 0xD000,
    0xC800, 0xC800, 0xC800, 0xC800, 0xD000, 0xC800, 0x4904, 0xB63A, 0xBE3A, 0xB63A, 0xB63A, 0xBE3A,
    0xB619, 0xC69B, 0x7BF0, 0x94A0, 0xCE40, 0xBE00, 0xC620, 0xBE00, 0xBE00, 0xBE00, 0xB580, 0x39E4,
    0xDEBA, 0xD677, 0xDE98, 0xDED9, 0xDED9, 0xE6FA, 0xDEB9, 0xBDB5, 0xDF3D, 0x52ED, 0x002D, 0x00B0,
    0x006C, 0x08CB, 0x216B, 0x426C, 0x6B8F, 0x94F4, 0xBE5A, 0xCE9B, 0xDF3D, 0xE77E, 0xAD56, 0x6326,
    0xA520, 0xFFE0, 0xFFC0, 0xFFE1, 0x73A0, 0x8453, 0xB618, 0x52CB, 0xB5F8, 0x6BAF, 0x632D, 0x8452,
    0xCE9A, 0xC69B, 0xCEDC, 0xC65A, 0xCEDC, 0x73AF, 0xA556, 0xCEDC, 0xCEDC, 0xC69B, 0x6B6F, 0x5280,
    0x94C0, 0x7BE0, 0x7BC4, 0x6367, 0x3882, 0x7800, 0x6000, 0x68E3, 0x69C8, 0x7B2D, 0x3165, 0x0000,
    0x0000, 0x0000, 0x0020, 0x0000, 0x0000, 0xADF8, 0x6B6E, 0x636F, 0xB619, 0xCEDC, 0xCEDC, 0xC67B,
    0x8CB3, 0x31C7, 0x0000, 0x0000, 0x0000, 0x0821, 0x0000, 0x6B6E, 0xCEDC, 0xCEBB, 0xBE59, 0xAD96,
    0xA430, 0x8A49, 0x8903, 0xA000, 0x60E0, 0xDF60, 0xBDC0, 0x73A1, 0x6309, 0x7C33, 0xB5FA, 0xD6FD,
    0xADD8, 0x5A48, 0xA3EE, 0xDD33, 0xF5F6, 0xF5D6, 0xED95, 0xEDD5, 0xFE98, 0x832C, 0xA596, 0xD71C,
    0xCEBB, 0xBE5A, 0xA576, 0x9D35, 0x9D35, 0x9D35, 0x94D4, 0x8CB3, 0x8C72, 0x8C92, 0xBE39, 0xC69B,
    0xBE59, 0x1908, 0x004E, 0x006D, 0x006D, 0x006D, 0x006E, 0x006D, 0x006E, 0x0007, 0xBC4F, 0xFDF6,
    0xF574, 0xFD95, 0xFD75, 0xFD74, 0xFD95, 0xE554, 0x68A2, 0xD800, 0xD020, 0xD000, 0xD000, 0xD000,
    0xD000, 0xE020, 0x9800, 0x6240, 0xFE00, 0xE5C0, 0xEDC0, 0xEDC0, 0xEDC0, 0xE5A0, 0xFE41, 0x8B20,
    0x8CD5, 0xD6FC, 0xBE7B, 0xBE7B, 0xBE5B, 0xBE5A, 0xC6BB, 0x9D57, 0x4A41, 0xFFE0, 0xFFE0, 0xFFE0,
    0xFFE0, 0xFFE0, 0xFFE0, 0xFFE1, 0xC620, 0x0049, 0x0134, 0x0113, 0x0113, 0x0113, 0x0133, 0x0133,
    0x0134, 0x0889, 0xC820, 0xE021, 0xD820, 0xD820, 0xD820, 0xD820, 0xD821, 0xD820, 0x5104, 0xBE9B,
    0xCE9B, 0xC69B, 0xC69C, 0xC6BB, 0xC67B, 0xCEFD, 0x8431, 0xA520, 0xE721, 0xD6A0, 0xD6C0, 0xD6A0,
    0xD6A0, 0xD6C0, 0xC640, 0x4224, 0xE71C, 0xDEF9, 0xE6FA, 0xE71A, 0xEF3B, 0xEF5B, 0xE71A, 0xC616,
    0xD71C, 0x3A2B, 0x00B1, 0x0934, 0x0134, 0x0114, 0x00F3, 0x00B1, 0x004E, 0x1907, 0xBE59, 0xC69B,
    0xC659, 0x738B, 0x8C40, 0xEF60, 0xFFE0, 0xF7A0, 0xFFE0, 0xB5A0, 0x5283, 0x9D15, 0x7BF0, 0x8C93,
    0xD71D, 0xCEFD, 0xB619, 0x8452, 0x5B0C, 0x7C11, 0xADD8, 0xCEDC, 0xADD8, 0x39E8, 0xBE39, 0xCEDC,
    0xBE5A, 0xC69B, 0xBE5A, 0x6B8E, 0x6B6F, 0x2967, 0x94F5, 0xAE3B, 0x68A3, 0xD820, 0xD020, 0xC800,
    0xB800, 0xA800, 0xA800, 0x8800, 0x0800, 0x0000, 0x0000, 0x0000, 0x632D, 0xC6BC, 0xC69B, 0xCEDC,
    0xBE7B, 0xBE7B, 0x9535, 0x31A6, 0x0000, 0x0000, 0x0000, 0x0000, 0x0000, 0x0000, 0x0000, 0x4229,
    0xCEFD, 0x6B2D, 0x8041, 0xA800, 0xB800, 0xD000, 0xD800, 0xE800, 0xA000, 0x2920, 0x6B6E, 0xA557,
    0xCE9B, 0xD6DB, 0xC69A, 0xBE5A, 0xB61A, 0x6AEC, 0xF5B5, 0xED95, 0xE574, 0xF5B5, 0xED75, 0xBC70,
    0x832C, 0x62CB, 0xA576, 0xC69B, 0xBE7A, 0xC69B, 0xC6BB, 0xC6BC, 0xCEBC, 0xC6BC, 0xCEDC, 0xCEDC,
    0xCEDC, 0xCEBC, 0xC67B, 0xC67B, 0xBE5A, 0x18C5, 0x0006, 0x0006, 0x0006, 0x0006, 0x0006, 0x0006,
    0x0007, 0x0002, 0x59E7, 0x82CA, 0x7A89, 0x7AAA, 0x7AAA, 0x7AAA, 0x7AAA, 0x6A69, 0x2800, 0x6000,
    0x5800, 0x5800, 0x6000, 0x6000, 0x5800, 0x6000, 0x4000, 0x20C0, 0x72A0, 0x6AA0, 0x6260, 0x6260,
    0x6240, 0x6240, 0x6A60, 0x30E0, 0x2146, 0x4249, 0x3A29, 0x3A09, 0x3A09, 0x3A09, 0x3A09, 0x31A7,
    0x1060, 0x5AE0, 0x5AC0, 0x5AE0, 0x5AC0, 0x5AC0, 0x5AE0, 0x5AC0, 0x4200, 0x0001, 0x0006, 0x0006,
    0x0006, 0x0006, 0x0006, 0x0006, 0x0006, 0x0002, 0x4800, 0x5800, 0x5800, 0x5800, 0x5800, 0x5800,
    0x5800, 0x5000, 0x1000, 0x4249, 0x4A6A, 0x4A6A, 0x4A6A, 0x4A6A, 0x4249, 0x424A, 0x2125, 0x39C0,
    0x5AC0, 0x4A80, 0x5280, 0x52A0, 0x52A0, 0x5AC0, 0x52A0, 0x0860, 0x4208, 0x4207, 0x39C6, 0x41E7,
    0x41E7, 0x39E7, 0x3185, 0x2124, 0xEF9D, 0x2968, 0x00D1, 0x0133, 0x0112, 0x0112, 0x0132, 0x0953,
    0x00D2, 0x422A, 0xF7BE, 0xEF9E, 0x4228, 0xAD40, 0xFFE0, 0xF7C0, 0xF7A0, 0xF7C0, 0x8C40, 0x5AEB,
    0xD6BC, 0xF7DE, 0x4A49, 0xDF1C, 0xEF9E, 0xEF7D, 0xF7BE, 0xFFFF, 0xEF7D, 0xAD55, 0x5ACB, 0xA514,
    0xEF7D, 0xAD55, 0x5AEB, 0x94B3, 0xE75D, 0xE75D, 0xE77D, 0xF7DF, 0xFFFF, 0x7BEF, 0xC617, 0xBE79,
    0x7800, 0xD800, 0xC800, 0xC800, 0xD020, 0xD020, 0xD820, 0xB800, 0x730C, 0x8430, 0x0000, 0x39E7,
    0xE75D, 0xE75D, 0xDF3D, 0xDF3D, 0xDF1D, 0xE79E, 0xB596, 0x0000, 0x0021, 0x0021, 0x0001, 0x0021,
    0x0000, 0x39A6, 0xAD75, 0xE73D, 0xEFBE, 0x83EF, 0xB061, 0xE8C3, 0xD8E3, 0xD924, 0xD104, 0xD0E4,
    0xE104, 0x7083, 0xC6BA, 0xF7BE, 0xE73C, 0xE73D, 0xE75D, 0xDF3C, 0xEF9E, 0x8C71, 0xAC0F, 0xF658,
    0xEDF6, 0xA3EF, 0x628A, 0x8C30, 0xBE38, 0xEFBE, 0xEFBE, 0xE75D, 0xDF5D, 0xDF3D, 0xDF3C, 0xDF1C,
    0xDF1C, 0xDF1C, 0xDF3C, 0xDF3D, 0xDF3D, 0xDF3D, 0xE73D, 0xE73D, 0xDF3C, 0x3A0A, 0x192A, 0x110B,
    0x08EB, 0x10EB, 0x10EB, 0x190B, 0x110C, 0x18E7, 0x832B, 0xB471, 0xAC50, 0xAC50, 0xAC50, 0xAC50,
    0xAC50, 0xA450, 0x6207, 0x99A6, 0x99E7, 0x99E7, 0x9A07, 0xA1E7, 0x99E7, 0xA207, 0x89E7, 0x7309,
    0xB4AA, 0xB48A, 0xB4CB, 0xB4EB, 0xB4CC, 0xB4EC, 0xBD2D, 0x942C, 0x94D3, 0xBDF7, 0xB5D7, 0xB5F7,
    0xB5F8, 0xBDF8, 0xBE18, 0xB5F8, 0x8C6F, 0xD691, 0xD6B1, 0xD6B1, 0xD6B1, 0xD6B2, 0xD6B2, 0xD6D2,
    0xC611, 0x5AEF, 0x4AD3, 0x4AD2, 0x4AD2, 0x4AD2, 0x4AD2, 0x4AD2, 0x52F3, 0x5AEF, 0xB32C, 0xC30C,
    0xBB2C, 0xC32C, 0xC32C, 0xC32C, 0xC32C, 0xC34D, 0x836D, 0xADB7, 0xB5D8, 0xB5D7, 0xB5B7, 0xAD97,
    0xAD97, 0xB5D7, 0x8C72, 0x844F, 0xA552, 0x9CF1, 0x9D11, 0x9D32, 0x9D12, 0xA553, 0x9D31, 0x634D,
    0xBDB6, 0xCE38, 0xBDF7, 0xC617, 0xBDF7, 0xBDD6, 0xBDF7, 0xB596,
};
