// Star Wars — 179x104 RGB565, generated
#include "marquees.h"

const uint16_t marquee_starwars_data[18616] = {
    0x0000, 0x0000, 0x0000, 0x0000, 0x0000, 0x0000, 0x0000, 0x0000, 0x0000, 0x0000, 0x0000, 0x0000,
    0x0000, 0x0000, 0x0000, 0x0000, 0x0000, 0x0000, 0x0000, 0x0000, 0x0000, 0x0000, 0x0000, 0x0000,
    0x0000, 0x0000, 0x0000, 0x0000, 0x0000, 0x0000, 0x0000, 0x0000, 0x0000, 0x0000, 0x0000, 0x0000,
    0x0000, 0x0000, 0x0000, 0x0000, 0x0000, 0x0000, 0x0000, 0x0000, 0x0000, 0x0000, 0x0000, 0x0000,
    0x0000, 0x0000, 0x0000, 0x0000, 0x0000, 0x0000, 0x0000, 0x0000, 0x0000, 0x0000, 0x0000, 0x0000,
    0x0000, 0x0000, 0x0000, 0x0000, 0x0000, 0x0000, 0x0000, 0x0000, 0x0000, 0x0000, 0x0000, 0x0000,
    0x0000, 0x0000, 0x0000, 0x0000, 0x0000, 0x0000, 0x0000, 0x0000, 0x0000, 0x0000, 0x0000, 0x0000,
    0x0000, 0x0000, 0x0000, 0x0000, 0x0000, 0x0000, 0x0000, 0x0000, 0x0000, 0x0000, 0x0000, 0x0000,
    0x0000, 0x0000, 0x0000, 0x0000, 0x0000, 0x0000, 0x0000, 0x0000, 0x0000, 0x0000, 0x0000, 0x0000,
    0x0000, 0x0000, 0x0000, 0x0000, 0x0000, 0x0000, 0x0000, 0x0000, 0x0000, 0x0000, 0x0000, 0x0000,
    0x0000, 0x0000, 0x0000, 0x0000, 0x0000, 0x0000, 0x0000, 0x0000, 0x0000, 0x0000, 0x0000, 0x0000,
    0x0000, 0x0000, 0x0000, 0x0000, 0x0000, 0x0000, 0x0000, 0x0000, 0x0000, 0x0000, 0x0000, 0x0000,
    0x0000, 0x0000, 0x0000, 0x0000, 0x0000, 0x0000, 0x0000, 0x0000, 0x0000, 0x0000, 0x0000, 0x0000,
    0x0000, 0x0000, 0x0000, 0x0000, 0x0000, 0x0000, 0x0000, 0x0000, 0x0000, 0x0000, 0x0000, 0x0000,
    0x0000, 0x0000, 0x0000, 0x0000, 0x0000, 0x0000, 0x0000, 0x0000, 0x0000, 0x0000, 0x0000, 0x0000,
    0x0000, 0x0000, 0x0000, 0x0000, 0x0000, 0x0000, 0x0000, 0x0000, 0x0000, 0x0000, 0x0000, 0x0000,
    0x0000, 0x0000, 0x0000, 0x0000, 0x0000, 0x0000, 0x0000, 0x0000, 0x0000, 0x0000, 0x0000, 0x0000,
    0x0000, 0x0000, 0x0000, 0x0000, 0x0000, 0x0000, 0x0000, 0x0000, 0x0000, 0x0000, 0x0000, 0x0000,
    0x0000, 0x0000, 0x0000, 0x0000, 0x0000, 0x0000, 0x0000, 0x0000, 0x0000, 0x0000, 0x0000, 0x0000,
    0x0000, 0x0000, 0x0000, 0x0000, 0x0000, 0x0000, 0x0000, 0x0000, 0x0000, 0x0000, 0x0000, 0x0000,
    0x0000, 0x0000, 0x0000, 0x0000, 0x0000, 0x0000, 0x0000, 0x0000, 0x0000, 0x0000, 0x0000, 0x0000,
    0x0000, 0x0000, 0x0000, 0x0000, 0x0000, 0x0000, 0x0000, 0x0000, 0x0000, 0x0000, 0x0000, 0x0000,
    0x0000, 0x0000, 0x0000, 0x0000, 0x0000, 0x0000, 0x0000, 0x0000, 0x0000, 0x0000, 0x0000, 0x0000,
    0x0000, 0x0000, 0x0000, 0x0000, 0x0000, 0x0000, 0x0000, 0x0000, 0x0000, 0x0000, 0x0000, 0x0000,
    0x0000, 0x0000, 0x0000, 0x0000, 0x0000, 0x0000, 0x0000, 0x0000, 0x0000, 0x0000, 0x0000, 0x0000,
    0x0000, 0x0000, 0x0000, 0x0000, 0x0000, 0x0000, 0x0000, 0x0000, 0x0000, 0x0000, 0x0000, 0x0000,
    0x0000, 0x0000, 0x0000, 0x0000, 0x0000, 0x0000, 0x0000, 0x0000, 0x0000, 0x0000, 0x0000, 0x0000,
    0x0000, 0x0000, 0x0000, 0x0000, 0x0000, 0x0000, 0x0000, 0x0000, 0x0000, 0x0000, 0x0000, 0x0000,
    0x0000, 0x0000, 0x0000, 0x0000, 0x0000, 0x0000, 0x0000, 0x0000, 0x0000, 0x0000, 0x0000, 0x0000,
    0x0000, 0x0000, 0x0000, 0x0000, 0x0000, 0x0000, 0x0000, 0x0000, 0x0000, 0x0000, 0x0000, 0x0000,
    0x0000, 0x0000, 0x0000, 0x0000, 0x0000, 0x0000, 0x0000, 0x0000, 0x0000, 0x0000, 0x0000, 0x0000,
    0x0000, 0x0000, 0x0000, 0x0000, 0x0000, 0x0000, 0x0000, 0x0000, 0x0000, 0x0000, 0x0000, 0x0000,
    0x0000, 0x0000, 0x0000, 0x0000, 0x0000, 0x0000, 0x0000, 0x0000, 0x0000, 0x0000, 0x0000, 0x0000,
    0x0000, 0x0000, 0x0000, 0x0000, 0x0000, 0x0000, 0x0000, 0x0000, 0x0000, 0x0000, 0x0000, 0x0000,
    0x0000, 0x0000, 0x0000, 0x0000, 0x0000, 0x0000, 0x0000, 0x0000, 0x0000, 0x0000, 0x0000, 0x0000,
    0x0000, 0x0000, 0x0000, 0x0000, 0x0000, 0x0000, 0x0000, 0x0000, 0x0000, 0x0000, 0x0000, 0x0000,
    0x0000, 0x0000, 0x0000, 0x0000, 0x0000, 0x0000, 0x0000, 0x0000, 0x0000, 0x0000, 0x0000, 0x0000,
    0x0000, 0x0000, 0x0000, 0x0000, 0x0000, 0x0000, 0x0000, 0x0000, 0x0000, 0x0000, 0x0000, 0x0000,
    0x0000, 0x0000, 0x0000, 0x0000, 0x0000, 0x0000, 0x0000, 0x0000, 0x0000, 0x0000, 0x0000, 0x0000,
    0x0000, 0x0000, 0x0000, 0x0000, 0x0000, 0x0000, 0x0000, 0x0000, 0x0000, 0x0000, 0x0000, 0x0000,
    0x0000, 0x0000, 0x0000, 0x0000, 0x0000, 0x0000, 0x0000, 0x0000, 0x0000, 0x0000, 0x0000, 0x0000,
    0x0000, 0x0000, 0x0000, 0x0000, 0x0000, 0x0000, 0x0000, 0x0000, 0x0000, 0x0000, 0x0000, 0x0000,
    0x0000, 0x0000, 0x0000, 0x0000, 0x0000, 0x0000, 0x0000, 0x0000, 0x0000, 0x0000, 0x0000, 0x0000,
    0x0000, 0x0000, 0x0000, 0x0000, 0x0000, 0x0000, 0x0000, 0x0000, 0x0000, 0x0000, 0x0000, 0x0000,
    0x0000, 0x0000, 0x0000, 0x0000, 0x0000, 0x0000, 0x0000, 0x0000, 0x0000, 0x0000, 0x0000, 0x0000,
    0x0000, 0x0000, 0x0000, 0x0000, 0x0000, 0x0000, 0x0000, 0x0000, 0x0000, 0x0000, 0x0000, 0x0000,
    0x0000, 0x0000, 0x0000, 0x0000, 0x0000, 0x0000, 0x0000, 0x0000, 0x0000, 0x0000, 0x0000, 0x0000,
    0x0000, 0x0000, 0x0000, 0x0000, 0x0000, 0x0000, 0x0000, 0x0000, 0x0000, 0x0000, 0x0000, 0x0000,
    0x0000, 0x0000, 0x0000, 0x0000, 0x0000, 0x0000, 0x0000, 0x0000, 0x0000, 0x0000, 0x0000, 0x0000,
    0x0000, 0x0000, 0x0000, 0x0000, 0x0000, 0x0000, 0x0000, 0x0000, 0x0000, 0x0000, 0x0000, 0x0000,
    0x0000, 0x0000, 0x0000, 0x0000, 0x0000, 0x0000, 0x0000, 0x0000, 0x0000, 0x0000, 0x0000, 0x0000,
    0x0000, 0x0000, 0x0000, 0x0000, 0x0000, 0x0000, 0x0000, 0x0000, 0x0000, 0x0000, 0x0000, 0x0000,
    0x0000, 0x0000, 0x0000, 0x0000, 0x0000, 0x0000, 0x0000, 0x0000, 0x0000, 0x0000, 0x0000, 0x0000,
    0x0000, 0x0000, 0x0000, 0x0000, 0x0000, 0x0000, 0x0000, 0x0000, 0x0000, 0x0000, 0x0000, 0x0000,
    0x0000, 0x0000, 0x0000, 0x0000, 0x0000, 0x0000, 0x0000, 0x0000, 0x0000, 0x0000, 0x0000, 0x0000,
    0x0000, 0x0000, 0x0000, 0x0000, 0x0000, 0x0000, 0x0000, 0x0000, 0x0000, 0x0000, 0x0000, 0x0000,
    0x0000, 0x0000, 0x0000, 0x0000, 0x0000, 0x0000, 0x0000, 0x0000, 0x0000, 0x0000, 0x0000, 0x0000,
    0x0000, 0x0000, 0x0000, 0x0000, 0x0000, 0x0000, 0x0000, 0x0000, 0x0000, 0x0000, 0x0000, 0x0000,
    0x0000, 0x0000, 0x0000, 0x0000, 0x0000, 0x0000, 0x0000, 0x0000, 0x0000, 0x0000, 0x0000, 0x0000,
    0x0000, 0x0000, 0x0000, 0x0000, 0x0000, 0x0000, 0x0000, 0x0000, 0x0000, 0x0000, 0x0000, 0x0000,
    0x0000, 0x0000, 0x0000, 0x0000, 0x0000, 0x0000, 0x0000, 0x0000, 0x0000, 0x0000, 0x0000, 0x0000,
    0x0000, 0x0000, 0x0000, 0x0000, 0x0000, 0x0000, 0x0000, 0x0000, 0x0000, 0x0000, 0x0000, 0x0000,
    0x0000, 0x0000, 0x0000, 0x0000, 0x0000, 0x0000, 0x0000, 0x0000, 0x0000, 0x0000, 0x0000, 0x0000,
    0x0000, 0x0000, 0x0000, 0x0000, 0x0000, 0x0000, 0x0000, 0x0000, 0x0000, 0x0000, 0x0000, 0x0000,
    0x0000, 0x0000, 0x0000, 0x0000, 0x0000, 0x0000, 0x0000, 0x0000, 0x0000, 0x0000, 0x0000, 0x0000,
    0x0000, 0x0000, 0x0000, 0x0000, 0x0000, 0x0000, 0x0000, 0x0000, 0x0000, 0x0000, 0x0000, 0x0000,
    0x0000, 0x0000, 0x0000, 0x0000, 0x0000, 0x0000, 0x0000, 0x0000, 0x0000, 0x0000, 0x0000, 0x0000,
    0x0000, 0x0000, 0x0000, 0x0000, 0x0000, 0x0000, 0x0000, 0x0000, 0x0000, 0x0000, 0x0000, 0x0000,
    0x0000, 0x0000, 0x0000, 0x0000, 0x0000, 0x0000, 0x0000, 0x0000, 0x0000, 0x0000, 0x0000, 0x0000,
    0x0000, 0x0000, 0x0000, 0x0000, 0x0000, 0x0000, 0x0000, 0x0000, 0x0000, 0x0000, 0x0000, 0x0000,
    0x0000, 0x0000, 0x0000, 0x0000, 0x0000, 0x0000, 0x0000, 0x0000, 0x0000, 0x0000, 0x0000, 0x0000,
    0x0000, 0x0000, 0x0000, 0x0000, 0x0000, 0x0000, 0x0000, 0x0000, 0x0000, 0x0000, 0x0000, 0x0000,
    0x0000, 0x0000, 0x0000, 0x0000, 0x0000, 0x0000, 0x0000, 0x0000, 0x0000, 0x0000, 0x0000, 0x0000,
    0x0000, 0x0000, 0x0000, 0x0000, 0x0000, 0x0000, 0x0000, 0x0000, 0x0000, 0x0000, 0x0000, 0x0000,
    0x0000, 0x0000, 0x0000, 0x0000, 0x0000, 0x0000, 0x0000, 0x0000, 0x0000, 0x0000, 0x0000, 0x0000,
    0x0000, 0x0000, 0x0000, 0x0000, 0x0000, 0x0000, 0x0000, 0x0000, 0x0000, 0x0000, 0x0000, 0x0000,
    0x0000, 0x0000, 0x0000, 0x0000, 0x0000, 0x0000, 0x0000, 0x0000, 0x0000, 0x0000, 0x0000, 0x0000,
    0x0000, 0x0000, 0x0000, 0x0000, 0x0000, 0x0000, 0x0000, 0x0000, 0x0000, 0x0000, 0x0000, 0x0000,
    0x0000, 0x0000, 0x0000, 0x0000, 0x0000, 0x0000, 0x0000, 0x0000, 0x0000, 0x0000, 0x0000, 0x0000,
    0x0000, 0x0000, 0x0000, 0x0000, 0x0000, 0x0000, 0x0000, 0x0000, 0x0000, 0x0000, 0x0000, 0x0000,
    0x0000, 0x0000, 0x0000, 0x0000, 0x0000, 0x0000, 0x0000, 0x0000, 0x0000, 0x0000, 0x0000, 0x0000,
    0x0000, 0x0000, 0x0000, 0x0000, 0x0000, 0x0000, 0x0000, 0x0000, 0x0000, 0x0000, 0x0000, 0x0000,
    0x0000, 0x0000, 0x0000, 0x0000, 0x0000, 0x0000, 0x0000, 0x0000, 0x0000, 0x0000, 0x0000, 0x0000,
    0x0000, 0x0000, 0x0000, 0x0000, 0x0000, 0x0000, 0x0000, 0x0000, 0x0000, 0x0000, 0x0000, 0x0000,
    0x0000, 0x0000, 0x0000, 0x0000, 0x0000, 0x0000, 0x0000, 0x0000, 0x0000, 0x0000, 0x0000, 0x0000,
    0x0000, 0x0000, 0x0000, 0x0000, 0x0000, 0x0000, 0x0000, 0x0000, 0x0000, 0x0000, 0x0000, 0x0000,
    0x0000, 0x0000, 0x0000, 0x0000, 0x0000, 0x0000, 0x0000, 0x0000, 0x0000, 0x0000, 0x0000, 0x0000,
    0x0000, 0x0000, 0x0000, 0x0000, 0x0000, 0x0000, 0x0000, 0x0000, 0x0000, 0x0000, 0x0000, 0x0000,
    0x0000, 0x0000, 0x0000, 0x0000, 0x0000, 0x0000, 0x0000, 0x0000, 0x0000, 0x0000, 0x0000, 0x0000,
    0x0000, 0x0000, 0x0000, 0x0000, 0x0000, 0x0000, 0x0000, 0x0000, 0x0000, 0x0000, 0x0000, 0x0000,
    0x0000, 0x0000, 0x0000, 0x0000, 0x0000, 0x0000, 0x0000, 0x0000, 0x0000, 0x0000, 0x0000, 0x0000,
    0x0000, 0x0000, 0x0000, 0x0000, 0x0000, 0x0000, 0x0000, 0x0000, 0x0000, 0x0000, 0x0000, 0x0000,
    0x0000, 0x0000, 0x0000, 0x0000, 0x0000, 0x0000, 0x0000, 0x0000, 0x0000, 0x0000, 0x0000, 0x0000,
    0x0000, 0x0000, 0x0000, 0x0000, 0x0000, 0x0000, 0x0000, 0x0000, 0x0000, 0x0000, 0x0000, 0x0000,
    0x0000, 0x0000, 0x0000, 0x0000, 0x0000, 0x0000, 0x0000, 0x0000, 0x0000, 0x0000, 0x0000, 0x0000,
    0x0000, 0x0000, 0x0000, 0x0000, 0x0000, 0x0000, 0x0000, 0x0000, 0x0000, 0x0000, 0x0000, 0x0000,
    0x0000, 0x0000, 0x0000, 0x0000, 0x0000, 0x0000, 0x0000, 0x0000, 0x0000, 0x0000, 0x0000, 0x0000,
    0x0000, 0x0000, 0x0000, 0x0000, 0x0000, 0x0000, 0x0000, 0x0000, 0x0000, 0x0000, 0x0000, 0x0000,
    0x0000, 0x0000, 0x0000, 0x0000, 0x0000, 0x0000, 0x0000, 0x0000, 0x0000, 0x0000, 0x0000, 0x0000,
    0x0000, 0x0000, 0x0000, 0x0000, 0x0000, 0x0000, 0x0000, 0x0000, 0x0000, 0x0000, 0x0000, 0x0000,
    0x0000, 0x0000, 0x0000, 0x0000, 0x0000, 0x0000, 0x0000, 0x0000, 0x0000, 0x0000, 0x0000, 0x0000,
    0x0000, 0x0000, 0x0000, 0x0000, 0x0000, 0x0000, 0x0000, 0x0000, 0x0000, 0x0000, 0x0000, 0x0000,
    0x0000, 0x0000, 0x0000, 0x0000, 0x0000, 0x0000, 0x0000, 0x0000, 0x0000, 0x0000, 0x0000, 0x0000,
    0x0000, 0x0000, 0x0000, 0x0000, 0x0000, 0x0000, 0x0000, 0x0000, 0x0000, 0x0000, 0x0000, 0x0000,
    0x0000, 0x0000, 0x0000, 0x0000, 0x0000, 0x0000, 0x0000, 0x0000, 0x0000, 0x0000, 0x0000, 0x0000,
    0x0000, 0x0000, 0x0000, 0x0000, 0x0000, 0x0000, 0x0000, 0x0000, 0x0000, 0x0000, 0x0000, 0x0000,
    0x0001, 0x0021, 0x0001, 0x0001, 0x0000, 0x0000, 0x0000, 0x0000, 0x0000, 0x0000, 0x0000, 0x0000,
    0x0000, 0x0000, 0x0000, 0x0000, 0x0000, 0x0000, 0x0000, 0x0000, 0x0000, 0x0000, 0x0000, 0x0000,
    0x0000, 0x0000, 0x0000, 0x0000, 0x0000, 0x0000, 0x0000, 0x0000, 0x0000, 0x0000, 0x0000, 0x0000,
    0x0000, 0x0000, 0x0000, 0x0000, 0x0000, 0x0000, 0x0000, 0x0000, 0x0000, 0x0000, 0x0000, 0x0000,
    0x0000, 0x0000, 0x0000, 0x0000, 0x0000, 0x0000, 0x0000, 0x0000, 0x0000, 0x0000, 0x0000, 0x0000,
    0x0000, 0x0000, 0x0000, 0x0000, 0x0000, 0x0000, 0x0000, 0x0000, 0x0000, 0x0000, 0x0000, 0x0000,
    0x0000, 0x0000, 0x0000, 0x0000, 0x0000, 0x0000, 0x0000, 0x0000, 0x0000, 0x0000, 0x0000, 0x0000,
    0x0000, 0x0000, 0x0000, 0x0000, 0x0000, 0x0000, 0x0000, 0x0000, 0x0000, 0x0000, 0x0000, 0x0000,
    0x0000, 0x0000, 0x0000, 0x0000, 0x0000, 0x0000, 0x0000, 0x0000, 0x0000, 0x0000, 0x0000, 0x0000,
    0x0000, 0x0000, 0x0000, 0x0000, 0x0000, 0x0000, 0x0000, 0x0000, 0x0000, 0x0000, 0x0000, 0x0000,
    0x0000, 0x0000, 0x0000, 0x0000, 0x0000, 0x0000, 0x0000, 0x0000, 0x0000, 0x0000, 0x0000, 0x0000,
    0x0000, 0x0000, 0x0000, 0x0000, 0x0000, 0x0000, 0x0000, 0x0000, 0x0000, 0x0000, 0x0000, 0x0000,
    0x0000, 0x0000, 0x0000, 0x0000, 0x0000, 0x0000, 0x0000, 0x0000, 0x0000, 0x0000, 0x0000, 0x0000,
    0x0000, 0x0000, 0x0000, 0x0000, 0x0000, 0x0000, 0x0000, 0x0000, 0x0000, 0x0000, 0x0000, 0x0000,
    0x0000, 0x0000, 0x0000, 0x0000, 0x0000, 0x0000, 0x0000, 0x0000, 0x0000, 0x0863, 0x08E8, 0x08E7,
    0x08C7, 0x08C7, 0x08C7, 0x08C7, 0x08C7, 0x08C7, 0x08C7, 0x08C7, 0x08A7, 0x08C7, 0x08C7, 0x08C7,
    0x08C7, 0x08C7, 0x08C7, 0x08C7, 0x08C7, 0x08C7, 0x08C6, 0x08C7, 0x00C6, 0x08C7, 0x08C7, 0x08C6,
    0x08C7, 0x08C7, 0x08C7, 0x08C7, 0x08C7, 0x08C7, 0x08C7, 0x08A7, 0x08A7, 0x08A7, 0x08C7, 0x08C7,
    0x08C7, 0x08C7, 0x08C7, 0x08C6, 0x08A6, 0x08A6, 0x08A6, 0x08A6, 0x08A6, 0x08A6, 0x08A7, 0x08A7,
    0x08A7, 0x08A7, 0x08A7, 0x08A6, 0x08A6, 0x08A6, 0x08A6, 0x08A6, 0x08A6, 0x08A6, 0x08A6, 0x08A6,
    0x0886, 0x0886, 0x0886, 0x0886, 0x08A5, 0x08A5, 0x00A5, 0x0885, 0x08A5, 0x0885, 0x0885, 0x0885,
    0x0885, 0x0085, 0x0085, 0x0085, 0x0885, 0x0885, 0x0885, 0x0085, 0x0085, 0x0085, 0x0885, 0x0085,
    0x0885, 0x0885, 0x0884, 0x0064, 0x0864, 0x0864, 0x0864, 0x0064, 0x0864, 0x0064, 0x0064, 0x0064,
    0x0064, 0x0864, 0x0064, 0x0864, 0x0064, 0x0064, 0x0064, 0x0064, 0x0064, 0x0064, 0x0064, 0x0064,
    0x0063, 0x0063, 0x0063, 0x0063, 0x0063, 0x0063, 0x0063, 0x0063, 0x0063, 0x0063, 0x0064, 0x0064,
    0x0864, 0x0064, 0x0064, 0x0064, 0x0064, 0x0064, 0x0064, 0x0064, 0x0864, 0x0064, 0x0064, 0x0064,
    0x0064, 0x0064, 0x0884, 0x0884, 0x0884, 0x0885, 0x0885, 0x0863, 0x0000, 0x0000, 0x0000, 0x0000,
    0x0000, 0x0000, 0x0000, 0x0000, 0x0000, 0x0000, 0x0000, 0x0000, 0x0000, 0x0000, 0x0000, 0x0000,
    0x0000, 0x0000, 0x0000, 0x0000, 0x0000, 0x0000, 0x0000, 0x0000, 0x0000, 0x0000, 0x0000, 0x0000,
    0x0000, 0x0000, 0x0000, 0x0000, 0x0000, 0x0000, 0x0000, 0x0884, 0x0929, 0x0042, 0x0022, 0x0022,
    0x0042, 0x0022, 0x0042, 0x0022, 0x0001, 0x0001, 0x0022, 0x0022, 0x0022, 0x0021, 0x0022, 0x0022,
    0x0022, 0x0022, 0x0022, 0x0022, 0x0022, 0x0022, 0x0022, 0x0022, 0x0022, 0x0022, 0x0022, 0x0022,
    0x0022, 0x0022, 0x0022, 0x0022, 0x0022, 0x0022, 0x0022, 0x0022, 0x0022, 0x0022, 0x0042, 0x0001,
    0x0021, 0x0022, 0x0022, 0x0022, 0x0022, 0x0022, 0x0022, 0x0022, 0x0022, 0x0022, 0x0022, 0x0022,
    0x0042, 0x0042, 0x0042, 0x0042, 0x0042, 0x0042, 0x0043, 0x0042, 0x0043, 0x0043, 0x0002, 0x0043,
    0x0043, 0x0043, 0x0043, 0x0063, 0x0063, 0x0063, 0x0063, 0x0063, 0x0064, 0x0063, 0x0063, 0x0064,
    0x0063, 0x0063, 0x0064, 0x0064, 0x0064, 0x0064, 0x0064, 0x0064, 0x0084, 0x0084, 0x0084, 0x0085,
    0x0084, 0x0084, 0x0085, 0x0085, 0x0085, 0x0085, 0x0085, 0x0085, 0x0085, 0x0085, 0x0085, 0x0085,
    0x0085, 0x0085, 0x00A5, 0x00A5, 0x08A5, 0x08A5, 0x08A6, 0x08A5, 0x08A5, 0x08A6, 0x08A6, 0x08A6,
    0x08A6, 0x08A6, 0x08A6, 0x08A6, 0x08A6, 0x08A6, 0x08C6, 0x08C6, 0x08C6, 0x08C6, 0x08A6, 0x08A6,
    0x08A6, 0x08A5, 0x08A6, 0x08A6, 0x08A6, 0x0085, 0x0085, 0x0085, 0x0085, 0x0085, 0x0085, 0x0085,
    0x0085, 0x0085, 0x0085, 0x0085, 0x0085, 0x08A6, 0x08E8, 0x092A, 0x0021, 0x0000, 0x0000, 0x0000,
    0x0000, 0x0000, 0x0000, 0x0000, 0x0000, 0x0000, 0x0000, 0x0000, 0x0000, 0x0000, 0x0000, 0x0000,
    0x0000, 0x0000, 0x0000, 0x0000, 0x0000, 0x0000, 0x0000, 0x0000, 0x0000, 0x0000, 0x0000, 0x0000,
    0x0000, 0x0000, 0x0000, 0x0000, 0x0000, 0x0021, 0x0929, 0x0821, 0x08A7, 0x08A6, 0x0886, 0x08A6,
    0x0886, 0x10C8, 0x08C9, 0x2148, 0x2189, 0x0885, 0x0885, 0x08C8, 0x08C8, 0x0885, 0x08A6, 0x0886,
    0x0886, 0x08E9, 0x08A6, 0x0885, 0x08A6, 0x0886, 0x08A7, 0x08E9, 0x0885, 0x0886, 0x0886, 0x0886,
    0x0886, 0x08C8, 0x0885, 0x0886, 0x0886, 0x0886, 0x08A8, 0x08C8, 0x0885, 0x0885, 0x2169, 0x1907,
    0x08A8, 0x08A8, 0x0886, 0x0886, 0x0886, 0x0886, 0x08C8, 0x08A6, 0x10C7, 0x10C7, 0x10C7, 0x0885,
    0x08C8, 0x0885, 0x0885, 0x0885, 0x0885, 0x0865, 0x08A8, 0x0886, 0x0886, 0x2189, 0x08A6, 0x0865,
    0x0886, 0x0844, 0x0844, 0x0844, 0x0844, 0x0864, 0x0885, 0x0864, 0x0864, 0x0864, 0x0864, 0x0865,
    0x0886, 0x0864, 0x0864, 0x0044, 0x0044, 0x0864, 0x0865, 0x0843, 0x0843, 0x0043, 0x0043, 0x0844,
    0x0864, 0x0043, 0x0843, 0x0043, 0x0043, 0x0864, 0x0864, 0x0843, 0x0843, 0x0843, 0x0043, 0x0844,
    0x0864, 0x0843, 0x0044, 0x0843, 0x0002, 0x0043, 0x0864, 0x0043, 0x0043, 0x0043, 0x0023, 0x0023,
    0x0864, 0x0843, 0x0843, 0x0023, 0x0843, 0x0843, 0x0864, 0x0843, 0x0844, 0x0044, 0x0044, 0x0844,
    0x0885, 0x0843, 0x0844, 0x0003, 0x0043, 0x0843, 0x0885, 0x0843, 0x0843, 0x0843, 0x0043, 0x0864,
    0x0885, 0x0844, 0x0844, 0x0865, 0x08A7, 0x0864, 0x0885, 0x094B, 0x0021, 0x0000, 0x0000, 0x0000,
    0x0000, 0x0000, 0x0000, 0x0000, 0x0000, 0x0000, 0x0000, 0x0000, 0x0000, 0x0000, 0x0000, 0x0000,
    0x0000, 0x0000, 0x0000, 0x0000, 0x0000, 0x0000, 0x0000, 0x0000, 0x0000, 0x0000, 0x0000, 0x0000,
    0x0000, 0x0000, 0x0000, 0x0000, 0x0085, 0x0085, 0x0843, 0x10C8, 0x1085, 0x0842, 0x0842, 0x0843,
    0x1042, 0x0844, 0x3A2C, 0x4A29, 0x0001, 0x1063, 0x0842, 0x1086, 0x1064, 0x0842, 0x0843, 0x0842,
    0x1044, 0x1087, 0x0842, 0x0843, 0x0843, 0x0842, 0x0885, 0x0885, 0x0842, 0x0843, 0x0843, 0x0842,
    0x0886, 0x1064, 0x0822, 0x0842, 0x0842, 0x0843, 0x0886, 0x1063, 0x0001, 0x6B2D, 0x39C8, 0x0823,
    0x1086, 0x0822, 0x0842, 0x0842, 0x0842, 0x0886, 0x10A5, 0x2105, 0x1063, 0x1063, 0x0822, 0x1086,
    0x0844, 0x0843, 0x0002, 0x0001, 0x0843, 0x10A7, 0x0002, 0x39C9, 0xFFFF, 0x5ACC, 0x0002, 0x10C7,
    0x1063, 0x0843, 0x0843, 0x1063, 0x1064, 0x0887, 0x0843, 0x0843, 0x0843, 0x0843, 0x0865, 0x0886,
    0x1063, 0x0864, 0x0864, 0x0843, 0x0886, 0x0886, 0x1063, 0x0864, 0x0864, 0x0843, 0x08A7, 0x0886,
    0x0843, 0x0864, 0x0864, 0x0843, 0x0886, 0x0885, 0x0864, 0x0864, 0x0864, 0x0864, 0x08A7, 0x1086,
    0x0864, 0x0864, 0x0844, 0x39C9, 0x1908, 0x0887, 0x0864, 0x0864, 0x0864, 0x2106, 0x29AB, 0x0886,
    0x0864, 0x0844, 0x31A9, 0x1084, 0x08A7, 0x0886, 0x0864, 0x0864, 0x0844, 0x0844, 0x08A7, 0x08A6,
    0x0864, 0x0844, 0x31A9, 0x1064, 0x0887, 0x10A7, 0x0863, 0x0864, 0x0843, 0x1064, 0x10C8, 0x0885,
    0x0863, 0x0864, 0x0864, 0x0864, 0x110A, 0x0864, 0x08A6, 0x08A6, 0x0000, 0x0000, 0x0000, 0x0000,
    0x0000, 0x0000, 0x0000, 0x0000, 0x0000, 0x0000, 0x0000, 0x0000, 0x0000, 0x0000, 0x0000, 0x0000,
    0x0000, 0x0000, 0x0000, 0x0000, 0x0000, 0x0000, 0x0000, 0x0000, 0x0000, 0x0000, 0x0000, 0x0000,
    0x0000, 0x0000, 0x0000, 0x0085, 0x0063, 0x0865, 0x0844, 0x0864, 0x08A7, 0x0864, 0x0843, 0x0864,
    0x0843, 0x10C7, 0x08C7, 0x0843, 0x0844, 0x0843, 0x0843, 0x10A7, 0x1064, 0x0843, 0x0844, 0x0843,
    0x0865, 0x08A7, 0x0843, 0x0864, 0x0843, 0x0843, 0x10A7, 0x1085, 0x0843, 0x0843, 0x0843, 0x0864,
    0x10A7, 0x528B, 0x10A4, 0x0843, 0x0842, 0x0865, 0x0865, 0x0863, 0x10A5, 0x0843, 0x0864, 0x110B,
    0x08C7, 0x08A7, 0x08A7, 0x0864, 0x0843, 0x0886, 0x0822, 0x0822, 0x2106, 0x2126, 0x0844, 0x1086,
    0x0821, 0x31A8, 0x528B, 0x0821, 0x1086, 0x0823, 0x3167, 0x8431, 0x2926, 0x0822, 0x1908, 0x2946,
    0x0822, 0x0843, 0x0843, 0x1064, 0x0865, 0x0822, 0x0843, 0x0843, 0x0842, 0x0864, 0x0864, 0x1063,
    0x0843, 0x0843, 0x0842, 0x0885, 0x0864, 0x0001, 0x0843, 0x0843, 0x0842, 0x0886, 0x0843, 0x0843,
    0x0843, 0x0843, 0x0842, 0x0886, 0x0843, 0x0842, 0x0843, 0x0843, 0x0843, 0x0886, 0x0842, 0x0843,
    0x1083, 0x1083, 0x2126, 0x18E8, 0x0822, 0x0843, 0x1063, 0x4209, 0x0864, 0x29AA, 0x18C4, 0x0822,
    0x0843, 0x0842, 0x1085, 0x0886, 0x0822, 0x0822, 0x1063, 0x1883, 0x0865, 0x0886, 0x0842, 0x0843,
    0x0822, 0x4209, 0x2169, 0x18E7, 0x0822, 0x0843, 0x1083, 0x2106, 0x08A7, 0x0864, 0x0842, 0x0843,
    0x0842, 0x0843, 0x10A7, 0x1064, 0x0866, 0x0864, 0x08C7, 0x0000, 0x0000, 0x0000, 0x0000, 0x0000,
    0x0000, 0x0000, 0x0000, 0x0000, 0x0000, 0x0000, 0x0000, 0x0000, 0x0000, 0x0000, 0x0000, 0x0000,
    0x0000, 0x0000, 0x0000, 0x0000, 0x0000, 0x0000, 0x0000, 0x0000, 0x0000, 0x0000, 0x0000, 0x0000,
    0x0000, 0x0000, 0x0085, 0x0063, 0x0064, 0x0864, 0x0842, 0x0864, 0x08A7, 0x0864, 0x0842, 0x0843,
    0x18A4, 0x18C7, 0x08A6, 0x1042, 0x0843, 0x0843, 0x0843, 0x10A7, 0x0863, 0x0842, 0x0843, 0x0842,
    0x0885, 0x0886, 0x0842, 0x0843, 0x0843, 0x0843, 0x08A7, 0x0843, 0x0843, 0x0843, 0x0842, 0x0865,
    0x18E7, 0x18C4, 0x1063, 0x18A4, 0x1084, 0x110A, 0x0863, 0x0864, 0x10C8, 0x110C, 0x1191, 0x1170,
    0x1191, 0x11B3, 0x112D, 0x08A6, 0x0887, 0x0842, 0x0842, 0x1063, 0x18C4, 0x0842, 0x10A6, 0x0000,
    0x4A6B, 0x7BCF, 0x0000, 0x1084, 0x0864, 0x0842, 0x0001, 0x0822, 0x0843, 0x0885, 0x1083, 0x0843,
    0x0843, 0x0842, 0x0843, 0x18C7, 0x1083, 0x0842, 0x0843, 0x0842, 0x0865, 0x1084, 0x1063, 0x0843,
    0x0843, 0x0842, 0x0886, 0x1084, 0x630D, 0x1063, 0x0842, 0x0843, 0x0886, 0x0842, 0x0843, 0x0843,
    0x0842, 0x0864, 0x0865, 0x0842, 0x0843, 0x0843, 0x0842, 0x0865, 0x0865, 0x0842, 0x1083, 0x2947,
    0x0842, 0x0886, 0x0844, 0x0843, 0x0843, 0x0843, 0x0863, 0x08A7, 0x0843, 0x0843, 0x0843, 0x1083,
    0x18C5, 0x0887, 0x0843, 0x0843, 0x1063, 0x2126, 0x5B0F, 0x0866, 0x1042, 0x0843, 0x0843, 0x1063,
    0x320C, 0x1927, 0x1063, 0x0843, 0x0822, 0x10A5, 0x298A, 0x0843, 0x0842, 0x0843, 0x0842, 0x0864,
    0x08A7, 0x0864, 0x0842, 0x0886, 0x0864, 0x00C6, 0x0000, 0x0000, 0x0000, 0x0000, 0x0000, 0x0000,
    0x0000, 0x0000, 0x0000, 0x0000, 0x0000, 0x0000, 0x0000, 0x0000, 0x0000, 0x0000, 0x0000, 0x0000,
    0x0000, 0x0000, 0x0000, 0x0000, 0x0000, 0x0000, 0x0000, 0x0000, 0x0000, 0x0000, 0x0000, 0x0000,
    0x0000, 0x0085, 0x0063, 0x0844, 0x0864, 0x0863, 0x0843, 0x18C5, 0x1908, 0x08C8, 0x10A7, 0x0886,
    0x0886, 0x10E9, 0x110A, 0x10A7, 0x0886, 0x1087, 0x08A8, 0x110B, 0x10C8, 0x1086, 0x0887, 0x0886,
    0x10C9, 0x10C9, 0x0886, 0x1086, 0x1086, 0x10A7, 0x10EA, 0x1086, 0x0886, 0x0886, 0x0886, 0x08C9,
    0x10C7, 0x10A6, 0x10E8, 0x1107, 0x114B, 0x112B, 0x198D, 0x2A74, 0x1237, 0x1299, 0x12B9, 0x1279,
    0x1279, 0x114D, 0x11B1, 0x1256, 0x112B, 0x0864, 0x0866, 0x0865, 0x0865, 0x10C8, 0x0886, 0x0024,
    0x0003, 0x0864, 0x0885, 0x10A7, 0x0864, 0x1085, 0x0844, 0x2127, 0x2129, 0x0844, 0x0884, 0x1064,
    0x0864, 0x0844, 0x2149, 0x18E5, 0x0844, 0x0864, 0x0844, 0x08A7, 0x1085, 0x1064, 0x0864, 0x0844,
    0x0864, 0x08A7, 0x0844, 0x2147, 0x0864, 0x0843, 0x0886, 0x0886, 0x0843, 0x0864, 0x0864, 0x0843,
    0x1086, 0x0865, 0x0823, 0x0843, 0x0864, 0x0863, 0x10A7, 0x1063, 0x0863, 0x0844, 0x0823, 0x0884,
    0x10A7, 0x0843, 0x0864, 0x0863, 0x0842, 0x08A7, 0x0865, 0x0843, 0x0863, 0x0843, 0x1064, 0x10C8,
    0x0863, 0x1063, 0x0843, 0x18C4, 0x1085, 0x08A7, 0x1043, 0x0863, 0x0843, 0x0863, 0x10C8, 0x0885,
    0x0843, 0x0864, 0x0843, 0x1085, 0x10C8, 0x0843, 0x0863, 0x1084, 0x2105, 0x0865, 0x08A7, 0x0863,
    0x0843, 0x0843, 0x0885, 0x0844, 0x08A7, 0x0000, 0x0000, 0x0000, 0x0000, 0x0000, 0x0000, 0x0000,
    0x0000, 0x0000, 0x0000, 0x0000, 0x0000, 0x0000, 0x0000, 0x0000, 0x0000, 0x0000, 0x0000, 0x0000,
    0x0000, 0x0000, 0x0000, 0x0000, 0x0000, 0x0000, 0x0000, 0x0000, 0x0000, 0x0000, 0x0000, 0x0000,
    0x0085, 0x0063, 0x0885, 0x1086, 0x0842, 0x0843, 0x2106, 0x2127, 0x08C9, 0x10C8, 0x1085, 0x1064,
    0x0843, 0x1085, 0x10C8, 0x08A7, 0x0864, 0x0864, 0x0864, 0x10C8, 0x10A7, 0x1064, 0x0864, 0x0864,
    0x08C7, 0x10C8, 0x1064, 0x0864, 0x0864, 0x10A6, 0x10C9, 0x0865, 0x1064, 0x0864, 0x1064, 0x10E9,
    0x10A6, 0x0863, 0x0884, 0x0864, 0x11B0, 0x12BA, 0x12B9, 0x131B, 0x12BA, 0x12DB, 0x12FC, 0x12B9,
    0x10A6, 0x114E, 0x12DB, 0x131C, 0x11B0, 0x0864, 0x0885, 0x0885, 0x10A7, 0x08A8, 0x0885, 0x1085,
    0x0885, 0x0885, 0x08C9, 0x0886, 0x0885, 0x0885, 0x1085, 0x10A8, 0x0886, 0x0885, 0x0885, 0x0865,
    0x1086, 0x08A8, 0x0865, 0x1085, 0x0885, 0x10A6, 0x10C9, 0x10A6, 0x0886, 0x0886, 0x0885, 0x08A8,
    0x10E9, 0x2128, 0x0045, 0x0886, 0x0885, 0x10C9, 0x0886, 0x0886, 0x0886, 0x0886, 0x08A7, 0x10C9,
    0x0865, 0x2128, 0x10E7, 0x0865, 0x10EA, 0x10E9, 0x08A7, 0x10A7, 0x10A7, 0x10C8, 0x110A, 0x08A7,
    0x08A6, 0x08A6, 0x0886, 0x10EA, 0x08E9, 0x08A6, 0x08A7, 0x0886, 0x08C7, 0x090A, 0x08C8, 0x10C7,
    0x08C7, 0x10A6, 0x08C8, 0x110B, 0x10C7, 0x08A6, 0x0886, 0x10C8, 0x110B, 0x10C8, 0x08A6, 0x0886,
    0x10A7, 0x10EA, 0x10EA, 0x10A8, 0x08A6, 0x0886, 0x10A7, 0x112B, 0x10C8, 0x0842, 0x0843, 0x0843,
    0x0842, 0x0886, 0x0864, 0x00A7, 0x0000, 0x0000, 0x0000, 0x0000, 0x0000, 0x0000, 0x0000, 0x0000,
    0x0000, 0x0000, 0x0000, 0x0000, 0x0000, 0x0000, 0x0000, 0x0000, 0x0000, 0x0000, 0x0000, 0x0000,
    0x0000, 0x0000, 0x0000, 0x0000, 0x0000, 0x0000, 0x0000, 0x0000, 0x0000, 0x0000, 0x0000, 0x08A5,
    0x0063, 0x0864, 0x10A8, 0x1085, 0x0843, 0x0822, 0x0865, 0x0885, 0x1043, 0x1086, 0x1086, 0x0864,
    0x0842, 0x0842, 0x1085, 0x10A6, 0x0864, 0x0842, 0x0842, 0x0885, 0x10A7, 0x1064, 0x0842, 0x0842,
    0x1085, 0x10A7, 0x1064, 0x0842, 0x1063, 0x1064, 0x10A7, 0x1064, 0x0842, 0x0842, 0x0884, 0x10C7,
    0x1064, 0x0864, 0x1949, 0x11F3, 0x12DB, 0x131B, 0x137B, 0x133B, 0x0AFB, 0x0AFB, 0x0AFB, 0x0884,
    0x0821, 0x116F, 0x12DB, 0x12FB, 0x096C, 0x0842, 0x0842, 0x0842, 0x1086, 0x0843, 0x0842, 0x0843,
    0x0842, 0x0885, 0x0864, 0x0842, 0x1043, 0x0822, 0x0864, 0x1064, 0x0842, 0x0843, 0x0842, 0x0843,
    0x1085, 0x0842, 0x1063, 0x0842, 0x18E5, 0x10A6, 0x0821, 0x39C8, 0x2105, 0x0821, 0x1085, 0x1064,
    0x20C4, 0x18A4, 0x0842, 0x0864, 0x0885, 0x0842, 0x0843, 0x0843, 0x0842, 0x1086, 0x1064, 0x0821,
    0x39A8, 0x5AAB, 0x2127, 0x10A6, 0x0802, 0x2106, 0x0842, 0x0001, 0x0886, 0x0863, 0x1043, 0x0843,
    0x0842, 0x10A6, 0x1086, 0x0842, 0x0843, 0x0842, 0x1085, 0x10A7, 0x1064, 0x1043, 0x0843, 0x0843,
    0x10A7, 0x10A7, 0x0843, 0x0842, 0x0843, 0x10A6, 0x10A7, 0x0863, 0x0842, 0x0842, 0x1065, 0x10A7,
    0x1085, 0x0842, 0x0842, 0x0843, 0x0885, 0x0886, 0x0886, 0x1086, 0x0842, 0x0843, 0x0842, 0x1085,
    0x08C8, 0x0043, 0x08A7, 0x0000, 0x0000, 0x0000, 0x0000, 0x0000, 0x0000, 0x0000, 0x0000, 0x0000,
    0x0000, 0x0000, 0x0000, 0x0000, 0x0000, 0x0000, 0x0000, 0x0000, 0x0000, 0x0000, 0x0000, 0x0000,
    0x0000, 0x0000, 0x0000, 0x0000, 0x0000, 0x0000, 0x0000, 0x0000, 0x0000, 0x0000, 0x0085, 0x0043,
    0x0844, 0x1063, 0x0886, 0x0886, 0x0842, 0x0886, 0x0886, 0x0843, 0x0843, 0x1064, 0x1086, 0x0886,
    0x0863, 0x0843, 0x0864, 0x10A7, 0x10A7, 0x0864, 0x0842, 0x0864, 0x08A7, 0x1086, 0x0864, 0x0843,
    0x1064, 0x10A7, 0x1086, 0x0863, 0x0843, 0x0863, 0x08A7, 0x0885, 0x0863, 0x0862, 0x10A4, 0x1949,
    0x08A9, 0x2233, 0x131B, 0x135B, 0x1BBB, 0x347B, 0x3CDC, 0x2C7C, 0x23BB, 0x1B9D, 0x11AE, 0x0800,
    0x0841, 0x118F, 0x131C, 0x12B9, 0x10EA, 0x0842, 0x0843, 0x0865, 0x0885, 0x0842, 0x0843, 0x0842,
    0x0864, 0x0885, 0x1042, 0x0822, 0x2105, 0x18E6, 0x0864, 0x1042, 0x0843, 0x0842, 0x0843, 0x0885,
    0x1063, 0x1063, 0x0842, 0x0843, 0x0885, 0x0842, 0x1083, 0x1063, 0x0843, 0x0865, 0x0842, 0x0842,
    0x1063, 0x0822, 0x0886, 0x0843, 0x0842, 0x0843, 0x0842, 0x0864, 0x0865, 0x1083, 0x2967, 0x1063,
    0x0864, 0x0066, 0x0001, 0x20C1, 0x4A45, 0x73AF, 0xAD55, 0xBE38, 0x3186, 0x0002, 0x1063, 0x10A7,
    0x1085, 0x1042, 0x0843, 0x0842, 0x1086, 0x10A6, 0x0843, 0x0002, 0x0842, 0x18C4, 0x10E7, 0x0885,
    0x0822, 0x0842, 0x1064, 0x10C7, 0x0024, 0x0001, 0x0842, 0x0864, 0x1086, 0x0885, 0x0842, 0x0842,
    0x0843, 0x0885, 0x08A7, 0x0885, 0x0843, 0x1064, 0x0886, 0x0842, 0x0842, 0x10A6, 0x1086, 0x0864,
    0x0064, 0x00C7, 0x0000, 0x0000, 0x0000, 0x0000, 0x0000, 0x0000, 0x0000, 0x0000, 0x0000, 0x0000,
    0x0000, 0x0000, 0x0000, 0x0000, 0x0000, 0x0000, 0x0000, 0x0000, 0x0000, 0x0000, 0x0000, 0x0000,
    0x0000, 0x0000, 0x0000, 0x0000, 0x0000, 0x0000, 0x0000, 0x0000, 0x0000, 0x0085, 0x0043, 0x0844,
    0x0864, 0x0842, 0x1086, 0x1086, 0x0865, 0x0885, 0x0843, 0x1063, 0x1043, 0x0843, 0x0864, 0x10A8,
    0x08C9, 0x0886, 0x0865, 0x0887, 0x08C9, 0x08A9, 0x0865, 0x0865, 0x10A7, 0x10C9, 0x08A7, 0x0865,
    0x0865, 0x10A8, 0x10C9, 0x0886, 0x0865, 0x0865, 0x08C8, 0x110A, 0x0885, 0x1108, 0x3A8F, 0x11D2,
    0x12B9, 0x135B, 0x23FB, 0x3C9C, 0x34BC, 0x5D7C, 0x451C, 0x44FC, 0x2C3C, 0x135B, 0x116C, 0x0843,
    0x10C8, 0x1256, 0x131B, 0x11F4, 0x08EA, 0x0886, 0x0887, 0x08CA, 0x0886, 0x0886, 0x0885, 0x0886,
    0x08A8, 0x0886, 0x0865, 0x2149, 0x2129, 0x0888, 0x0885, 0x0885, 0x0865, 0x0886, 0x08A8, 0x1085,
    0x1086, 0x0885, 0x08A6, 0x08A7, 0x0865, 0x0865, 0x0865, 0x0886, 0x08A7, 0x0865, 0x0885, 0x0865,
    0x0887, 0x08A8, 0x0865, 0x0885, 0x0885, 0x0865, 0x08A9, 0x0845, 0x0024, 0x0024, 0x0865, 0x2149,
    0x4A4A, 0x73B0, 0xCE50, 0xC605, 0xE79D, 0xEFDF, 0xB617, 0x3A09, 0x1084, 0x0088, 0x0025, 0x0003,
    0x0865, 0x0885, 0x08A8, 0x0046, 0x0023, 0x1063, 0x52AB, 0xA534, 0xDF1B, 0x6B8E, 0x0023, 0x10A6,
    0x10E9, 0x08C8, 0x0004, 0x39E8, 0x4209, 0x0887, 0x10C9, 0x0886, 0x0865, 0x0886, 0x1085, 0x1086,
    0x1085, 0x0843, 0x0822, 0x3187, 0x10A5, 0x0865, 0x0842, 0x10A7, 0x1086, 0x0842, 0x0864, 0x0064,
    0x00C7, 0x0000, 0x0000, 0x0000, 0x0000, 0x0000, 0x0000, 0x0000, 0x0000, 0x0000, 0x0000, 0x0000,
    0x0000, 0x0000, 0x0000, 0x0000, 0x0000, 0x0000, 0x0000, 0x0000, 0x0000, 0x0000, 0x0000, 0x0000,
    0x0000, 0x0000, 0x0000, 0x0000, 0x0000, 0x0000, 0x0000, 0x0000, 0x00A6, 0x0063, 0x0844, 0x0864,
    0x0843, 0x0842, 0x0865, 0x08EA, 0x08A6, 0x0842, 0x0863, 0x0863, 0x0843, 0x0843, 0x0886, 0x0864,
    0x0886, 0x1085, 0x0842, 0x0842, 0x0865, 0x1086, 0x0864, 0x0842, 0x0843, 0x0886, 0x0885, 0x0843,
    0x0842, 0x0864, 0x1087, 0x0864, 0x0842, 0x0842, 0x0884, 0x1108, 0x2147, 0x1929, 0x0991, 0x1299,
    0x13BB, 0x34DC, 0x65DC, 0x8E9D, 0x8E1D, 0x96BD, 0x765C, 0x555C, 0x2CBC, 0x139B, 0x094B, 0x0820,
    0x10A7, 0x09B0, 0x1A55, 0x19F2, 0x0843, 0x0843, 0x0886, 0x0886, 0x0843, 0x0843, 0x0843, 0x0886,
    0x0864, 0x0863, 0x0843, 0x0864, 0x10A6, 0x0843, 0x0864, 0x0843, 0x0864, 0x1087, 0x1064, 0x0864,
    0x0843, 0x0886, 0x0865, 0x0843, 0x0864, 0x0863, 0x0886, 0x0865, 0x18E6, 0x1084, 0x0864, 0x08A8,
    0x0865, 0x0864, 0x0844, 0x0843, 0x0887, 0x0865, 0x18E6, 0x39E9, 0x4A6B, 0x73F0, 0x9D14, 0x8C51,
    0x630D, 0x52A7, 0x6B68, 0xC4D2, 0xEB4B, 0xEA88, 0xED75, 0xCD74, 0xA3AF, 0x73B0, 0x424B, 0x2107,
    0x10E9, 0x10A6, 0x4A4B, 0xA556, 0xD6DA, 0xBE58, 0xCE99, 0x94D3, 0x2967, 0x0025, 0x0088, 0x0024,
    0x10C4, 0x7C32, 0xE77D, 0xBE38, 0x1085, 0x0864, 0x0864, 0x0886, 0x08C9, 0x10EA, 0x0843, 0x0842,
    0x1063, 0x0843, 0x1084, 0x0863, 0x0886, 0x08A7, 0x0864, 0x0842, 0x0843, 0x0864, 0x0064, 0x00C7,
    0x0000, 0x0000, 0x0000, 0x0000, 0x0000, 0x0000, 0x0000, 0x0000, 0x0000, 0x0000, 0x0000, 0x0000,
    0x0000, 0x0000, 0x0000, 0x0000, 0x0000, 0x0000, 0x0000, 0x0000, 0x0000, 0x0000, 0x0000, 0x0000,
    0x0000, 0x0000, 0x0000, 0x0000, 0x0000, 0x0000, 0x0000, 0x08A6, 0x0043, 0x0865, 0x0844, 0x0843,
    0x1084, 0x0822, 0x08A7, 0x08EA, 0x0886, 0x0864, 0x0843, 0x0843, 0x0843, 0x0886, 0x0843, 0x0843,
    0x0885, 0x0887, 0x0885, 0x0843, 0x0864, 0x0886, 0x1087, 0x0864, 0x0842, 0x0865, 0x08A7, 0x0865,
    0x0843, 0x0843, 0x0886, 0x08A7, 0x0843, 0x0842, 0x2148, 0x092A, 0x08C9, 0x19F2, 0x1297, 0x139B,
    0x4D3C, 0xA6FD, 0xDF9D, 0xDF5D, 0xBEDD, 0xD79D, 0xA71E, 0x5DDD, 0x245C, 0x135D, 0x1276, 0x09B0,
    0x092E, 0x1A96, 0x2296, 0x0886, 0x0822, 0x0843, 0x0886, 0x0822, 0x0842, 0x0822, 0x0864, 0x0865,
    0x0842, 0x1063, 0x0842, 0x0865, 0x0842, 0x0842, 0x0842, 0x0843, 0x0865, 0x0842, 0x0842, 0x0822,
    0x0865, 0x0843, 0x0842, 0x0842, 0x0842, 0x0865, 0x0822, 0x41E9, 0x1083, 0x0843, 0x0865, 0x0822,
    0x0842, 0x1083, 0x39A7, 0x94D2, 0x632C, 0x5AEB, 0x5269, 0x31A9, 0x18C5, 0x0821, 0x0000, 0x0000,
    0x0025, 0x0024, 0x2062, 0x58A2, 0xA38D, 0xE6FB, 0xFFFE, 0xFFFF, 0xFFFF, 0xFFFF, 0xEF9D, 0x6B8E,
    0x73CE, 0xDEFB, 0xEF9D, 0xEF9E, 0xC659, 0x31A7, 0x2105, 0x39C8, 0x4AAC, 0x4A6A, 0x4A6A, 0xBE38,
    0xDEFB, 0xC638, 0x4229, 0x0822, 0x1084, 0x10A7, 0x10A6, 0x1063, 0x0886, 0x18E5, 0x18A4, 0x0823,
    0x10A4, 0x1083, 0x0886, 0x08C9, 0x2106, 0x31A7, 0x0822, 0x0842, 0x0864, 0x0864, 0x00C7, 0x0000,
    0x0000, 0x0000, 0x0000, 0x0000, 0x0000, 0x0000, 0x0000, 0x0000, 0x0000, 0x0000, 0x0000, 0x0000,
    0x0000, 0x0000, 0x0000, 0x0000, 0x0000, 0x0000, 0x0000, 0x0000, 0x0000, 0x0000, 0x0000, 0x0000,
    0x0000, 0x0000, 0x0000, 0x0000, 0x0000, 0x0000, 0x00A6, 0x0042, 0x0886, 0x10C8, 0x0822, 0x2126,
    0x3187, 0x0845, 0x0885, 0x0864, 0x08A7, 0x08A7, 0x0864, 0x0842, 0x0886, 0x0843, 0x0843, 0x0842,
    0x0843, 0x1086, 0x08EA, 0x08A8, 0x0885, 0x0887, 0x08C9, 0x08A9, 0x0886, 0x0886, 0x08A8, 0x08A9,
    0x0886, 0x0865, 0x08C8, 0x090A, 0x08A7, 0x0865, 0x10E9, 0x19D0, 0x1A76, 0x12B9, 0x13BC, 0x3CDC,
    0x75FC, 0xBF3E, 0xDF9F, 0xC73D, 0x961C, 0x8E3B, 0x4CB8, 0x2356, 0x12D6, 0x12D8, 0x0AB7, 0x0A77,
    0x1234, 0x1A76, 0x094D, 0x0885, 0x0886, 0x08C9, 0x08A8, 0x0886, 0x0886, 0x0886, 0x10C9, 0x0045,
    0x0004, 0x0885, 0x08A8, 0x0886, 0x0886, 0x0886, 0x0886, 0x08A8, 0x0886, 0x0886, 0x0886, 0x08A9,
    0x0886, 0x0865, 0x0865, 0x0886, 0x0887, 0x0865, 0x0045, 0x0864, 0x08A9, 0x0886, 0x0865, 0x0885,
    0x31CA, 0x424D, 0x73B0, 0x10C6, 0x0024, 0x0026, 0x0068, 0x0845, 0x0865, 0x1085, 0x10E9, 0x10A7,
    0x0885, 0x0865, 0x00A7, 0x00C9, 0x2168, 0x6B90, 0xAD97, 0xE75C, 0xCE79, 0x94D3, 0x4A6A, 0x4A49,
    0x7BEF, 0xDF1C, 0xC659, 0xAD95, 0x6B6D, 0xADB6, 0xC679, 0xCE99, 0xA555, 0xE75D, 0xEF7D, 0xE75D,
    0x7C10, 0x18A4, 0x10A5, 0x0045, 0x0002, 0x0001, 0x0001, 0x0045, 0x2126, 0x18A5, 0x18A1, 0xB5D4,
    0xAD76, 0x0046, 0x10A6, 0x1063, 0x1084, 0x0842, 0x0864, 0x08C8, 0x0864, 0x00C7, 0x0000, 0x0000,
    0x0000, 0x0000, 0x0000, 0x0000, 0x0000, 0x0000, 0x0000, 0x0000, 0x0000, 0x0000, 0x0000, 0x0000,
    0x0000, 0x0000, 0x0000, 0x0000, 0x0000, 0x0000, 0x0000, 0x0000, 0x0000, 0x0000, 0x0000, 0x0000,
    0x0000, 0x0000, 0x0000, 0x0000, 0x0000, 0x0886, 0x0043, 0x0844, 0x0865, 0x08A7, 0x0843, 0x31A8,
    0x298A, 0x0865, 0x0842, 0x0842, 0x0864, 0x0886, 0x0887, 0x08A8, 0x0843, 0x0842, 0x0843, 0x0843,
    0x0844, 0x10C7, 0x18E7, 0x0886, 0x0843, 0x0822, 0x0864, 0x1086, 0x0843, 0x0821, 0x0843, 0x0886,
    0x1064, 0x0820, 0x0842, 0x08A6, 0x10A5, 0x1084, 0x08EA, 0x0992, 0x12B9, 0x137B, 0x3D1C, 0x8E5C,
    0xB67C, 0xCE99, 0xC659, 0xBE39, 0x95B9, 0xA63A, 0x551A, 0x1B7A, 0x12B8, 0x0A77, 0x0A35, 0x0A14,
    0x09D3, 0x118F, 0x0842, 0x0843, 0x0844, 0x0886, 0x0842, 0x0843, 0x0843, 0x0845, 0x31A9, 0x7C11,
    0x0822, 0x0865, 0x0865, 0x0843, 0x0843, 0x0864, 0x0886, 0x0843, 0x0844, 0x0864, 0x0887, 0x0843,
    0x0844, 0x0843, 0x0886, 0x0865, 0x0844, 0x0864, 0x0865, 0x0887, 0x1084, 0x0864, 0x18C5, 0x0066,
    0x0045, 0x0002, 0x0844, 0x0885, 0x10C8, 0x0864, 0x0864, 0x0864, 0x08A8, 0x0886, 0x0864, 0x0864,
    0x08A7, 0x10C8, 0x1065, 0x0024, 0x0003, 0x0066, 0x2946, 0x0021, 0x39E7, 0x5ACB, 0x4A69, 0x73AE,
    0xBE38, 0xB5B6, 0xA555, 0xB5F7, 0xDEFB, 0xAD75, 0x39C7, 0x10A2, 0x4208, 0xCEBA, 0xC659, 0xCE79,
    0xC658, 0xA555, 0x632C, 0x4A8A, 0x52AB, 0x4A29, 0x522A, 0x4209, 0x1060, 0x94A6, 0xBDC8, 0x630B,
    0x0023, 0x0886, 0x0843, 0x0842, 0x0864, 0x08A7, 0x0865, 0x0064, 0x00C7, 0x0000, 0x0000, 0x0000,
    0x0000, 0x0000, 0x0000, 0x0000, 0x0000, 0x0000, 0x0000, 0x0000, 0x0000, 0x0000, 0x0000, 0x0000,
    0x0000, 0x0000, 0x0000, 0x0000, 0x0000, 0x0000, 0x0000, 0x0000, 0x0000, 0x0000, 0x0000, 0x0000,
    0x0000, 0x0000, 0x0000, 0x0000, 0x00A6, 0x0043, 0x0865, 0x0843, 0x0864, 0x08A7, 0x0843, 0x1907,
    0x0885, 0x0843, 0x0843, 0x0843, 0x0842, 0x0864, 0x08C9, 0x08A7, 0x0865, 0x0843, 0x1842, 0x2107,
    0x31CA, 0x2105, 0x0864, 0x0886, 0x0886, 0x0864, 0x0885, 0x08A8, 0x08A8, 0x0864, 0x18C5, 0x192A,
    0x08C8, 0x0863, 0x18E5, 0x194A, 0x08E9, 0x10C8, 0x10EB, 0x1235, 0x131A, 0x2376, 0x6CF7, 0xA63B,
    0xB69C, 0xE79E, 0xF7DF, 0xBF1E, 0x7E5D, 0x5DBC, 0x2C5C, 0x12FA, 0x12B9, 0x0A76, 0x11D2, 0x112D,
    0x11B1, 0x0885, 0x0843, 0x0843, 0x0887, 0x0864, 0x0843, 0x0843, 0x0845, 0x2989, 0x632D, 0x0822,
    0x0864, 0x0865, 0x0842, 0x0843, 0x0843, 0x0886, 0x0842, 0x0842, 0x0843, 0x0885, 0x0842, 0x0843,
    0x0842, 0x0865, 0x0843, 0x0842, 0x0822, 0x1086, 0x0843, 0x20E4, 0x1083, 0x2127, 0x1085, 0x1042,
    0x0843, 0x0842, 0x0886, 0x0843, 0x0842, 0x0842, 0x0886, 0x0864, 0x0822, 0x0822, 0x1085, 0x1086,
    0x1042, 0x1042, 0x1064, 0x10C7, 0x1064, 0x0822, 0x0844, 0x2128, 0x632D, 0x39E7, 0x4A49, 0x20E4,
    0x8C71, 0x94D2, 0xC638, 0xF7DE, 0x5ACB, 0x5AEC, 0x632D, 0x3186, 0xAD96, 0xC679, 0xF7BE, 0xF7BE,
    0xE75C, 0xFFFF, 0xFFFF, 0xFFFF, 0xFFBD, 0xF46F, 0x41C6, 0x4227, 0xEF9A, 0xA50B, 0x41E7, 0x0023,
    0x10A6, 0x0842, 0x0885, 0x08A7, 0x0843, 0x0864, 0x0064, 0x08C7, 0x0000, 0x0000, 0x0000, 0x0000,
    0x0000, 0x0000, 0x0000, 0x0000, 0x0000, 0x0000, 0x0000, 0x0000, 0x0000, 0x0000, 0x0000, 0x0000,
    0x0000, 0x0000, 0x0000, 0x0000, 0x0000, 0x0000, 0x0000, 0x0000, 0x0000, 0x0000, 0x0000, 0x0000,
    0x0000, 0x0000, 0x0000, 0x00A6, 0x0043, 0x0865, 0x0864, 0x0842, 0x0864, 0x10A7, 0x08A7, 0x1907,
    0x1063, 0x0843, 0x1063, 0x1063, 0x0863, 0x0886, 0x0863, 0x10A6, 0x10A7, 0x1064, 0x20E6, 0x10C6,
    0x39A8, 0x1063, 0x0842, 0x1085, 0x08EA, 0x08A8, 0x0885, 0x0885, 0x10C9, 0x08A8, 0x0865, 0x10A6,
    0x10E9, 0x10A6, 0x0863, 0x08A6, 0x112B, 0x116E, 0x114D, 0x1234, 0x133A, 0x44DC, 0xA6FE, 0xC71D,
    0xAEDD, 0xD75D, 0xBF3D, 0x761C, 0x349C, 0x1BBB, 0x131A, 0x12B8, 0x12B9, 0x1215, 0x094F, 0x114E,
    0x110B, 0x0885, 0x0866, 0x08A7, 0x10EA, 0x0886, 0x0886, 0x10A7, 0x08A9, 0x0024, 0x08A7, 0x08C8,
    0x08C9, 0x08A6, 0x08A6, 0x08A7, 0x08EA, 0x08A7, 0x08A7, 0x08A8, 0x08C9, 0x0886, 0x08A7, 0x08A8,
    0x08C9, 0x08A6, 0x08A6, 0x08A7, 0x08E9, 0x1086, 0x0886, 0x10A6, 0x08C9, 0x0886, 0x0886, 0x1086,
    0x08CA, 0x10A8, 0x0866, 0x0886, 0x10C9, 0x10C9, 0x0886, 0x1086, 0x10EA, 0x08C9, 0x0025, 0x0024,
    0x0066, 0x0888, 0x0045, 0x0045, 0x0843, 0x0884, 0x0002, 0x31A6, 0x2925, 0x0000, 0x39E7, 0x18C3,
    0x39A7, 0xE75D, 0xFFFF, 0x9CF3, 0x52AA, 0x31A7, 0x6B8E, 0xB5B6, 0x8C91, 0x7C0F, 0xA575, 0x9D34,
    0x9D13, 0x8CB3, 0x8472, 0x730C, 0x2822, 0x0862, 0xAD96, 0x5AEB, 0x3186, 0x10A4, 0x1084, 0x0885,
    0x1085, 0x10A7, 0x0843, 0x0842, 0x0865, 0x0864, 0x08C7, 0x0000, 0x0000, 0x0000, 0x0000, 0x0000,
    0x0000, 0x0000, 0x0000, 0x0000, 0x0000, 0x0000, 0x0000, 0x0000, 0x0000, 0x0000, 0x0000, 0x0000,
    0x0000, 0x0000, 0x0000, 0x0000, 0x0000, 0x0000, 0x0000, 0x0000, 0x0000, 0x0000, 0x0000, 0x0000,
    0x0000, 0x0000, 0x00A6, 0x0043, 0x0844, 0x1063, 0x0843, 0x0843, 0x1043, 0x110A, 0x10E9, 0x1064,
    0x0843, 0x0842, 0x1043, 0x0843, 0x08A6, 0x0842, 0x0822, 0x1063, 0x0885, 0x08A8, 0x08A8, 0x0822,
    0x0842, 0x1043, 0x0864, 0x10A6, 0x1064, 0x0886, 0x0864, 0x0842, 0x0864, 0x10A7, 0x0884, 0x1041,
    0x1085, 0x10C6, 0x0883, 0x0886, 0x092C, 0x112D, 0x19F2, 0x1AB7, 0x2BFB, 0x7E3C, 0xAEFD, 0xC73D,
    0xB6DD, 0x9EBD, 0x7E7C, 0x2C7B, 0x1AFA, 0x1299, 0x1236, 0x1236, 0x1235, 0x2232, 0x112B, 0x1085,
    0x0864, 0x20E4, 0x1042, 0x1085, 0x0843, 0x0842, 0x0842, 0x1086, 0x1063, 0x0842, 0x0843, 0x0865,
    0x0842, 0x0842, 0x0843, 0x0865, 0x0842, 0x0842, 0x0864, 0x0864, 0x0842, 0x0842, 0x1064, 0x0864,
    0x0842, 0x0842, 0x1086, 0x0864, 0x0822, 0x1063, 0x2968, 0x0823, 0x2125, 0x2926, 0x0865, 0x1085,
    0x0842, 0x2105, 0x1086, 0x0864, 0x0842, 0x0843, 0x10A7, 0x0885, 0x1084, 0x5AEC, 0x8410, 0x630D,
    0x31A6, 0x39E7, 0x39E7, 0x39C7, 0x31A6, 0x6B4C, 0x39C7, 0x18C3, 0xA534, 0x9CF3, 0x9D34, 0xCEDB,
    0xF71B, 0xDEFB, 0xD6FB, 0x2945, 0x2945, 0x2965, 0x10A2, 0x1082, 0x0841, 0x0864, 0x0844, 0x0066,
    0x0045, 0x0002, 0x0022, 0x52CC, 0x94B2, 0x39C8, 0x0001, 0x0802, 0x39C8, 0x2106, 0x08C9, 0x10A6,
    0x0842, 0x0843, 0x0842, 0x0864, 0x0864, 0x08E8, 0x0000, 0x0000, 0x0000, 0x0000, 0x0000, 0x0000,
    0x0000, 0x0000, 0x0000, 0x0000, 0x0000, 0x0000, 0x0000, 0x0000, 0x0000, 0x0000, 0x0000, 0x0000,
    0x0000, 0x0000, 0x0000, 0x0000, 0x0000, 0x0000, 0x0000, 0x0000, 0x0000, 0x0000, 0x0000, 0x0000,
    0x0000, 0x08C7, 0x0042, 0x0886, 0x1086, 0x0842, 0x0844, 0x0842, 0x0886, 0x10A7, 0x1086, 0x10A8,
    0x1086, 0x1064, 0x0843, 0x0865, 0x20E5, 0x2967, 0x0822, 0x1042, 0x1064, 0x10A7, 0x10A7, 0x0886,
    0x1064, 0x0843, 0x420B, 0x18A4, 0x0843, 0x1085, 0x10EA, 0x08A8, 0x0886, 0x08E9, 0x08E9, 0x0865,
    0x08C7, 0x090A, 0x112B, 0x21CE, 0x118F, 0x11F4, 0x1236, 0x12B9, 0x1B9B, 0x4CDB, 0x6DDC, 0x555C,
    0x34BC, 0x2C5C, 0x23FB, 0x0ADA, 0x12B8, 0x11F3, 0x11F3, 0x1215, 0x2252, 0x19D1, 0x08A7, 0x08C9,
    0x31AA, 0x10A6, 0x0887, 0x10C9, 0x0886, 0x10A6, 0x10C9, 0x08A7, 0x0886, 0x10A6, 0x10C9, 0x10A6,
    0x1086, 0x08A7, 0x08C9, 0x1086, 0x0886, 0x10A8, 0x08A7, 0x0886, 0x0886, 0x10C9, 0x0886, 0x0886,
    0x10A6, 0x10E9, 0x0885, 0x0885, 0x0886, 0x10A8, 0x0865, 0x18E6, 0x1908, 0x08A9, 0x0885, 0x0865,
    0x216B, 0x10C9, 0x0865, 0x10A6, 0x110A, 0x08A8, 0x0842, 0x39A6, 0x52CB, 0x39E7, 0x39A6, 0x31C9,
    0x322E, 0x18E7, 0x2946, 0xB596, 0xF7DF, 0xCEBA, 0xE75C, 0xFFFF, 0xFFFF, 0xFEFA, 0xEB8C, 0xEC90,
    0xD71C, 0xCE79, 0xC638, 0x6B6D, 0x18C3, 0x0000, 0x1081, 0x0000, 0x0000, 0x1083, 0x1083, 0x1083,
    0x1063, 0x1083, 0xCE78, 0x632D, 0x0000, 0x1083, 0x1064, 0x0865, 0x08C8, 0x10C8, 0x0822, 0x0843,
    0x0843, 0x0842, 0x08A6, 0x0885, 0x08E8, 0x0000, 0x0000, 0x0000, 0x0000, 0x0000, 0x0000, 0x0000,
    0x0000, 0x0000, 0x0000, 0x0000, 0x0000, 0x0000, 0x0000, 0x0000, 0x0000, 0x0000, 0x0000, 0x0000,
    0x0000, 0x0000, 0x0000, 0x0000, 0x0000, 0x0000, 0x0000, 0x0000, 0x0000, 0x0000, 0x0000, 0x0000,
    0x08C7, 0x0043, 0x0865, 0x10A8, 0x0885, 0x0843, 0x0843, 0x08A7, 0x0885, 0x0842, 0x0864, 0x1085,
    0x10A7, 0x0886, 0x1909, 0x3187, 0x20E5, 0x0842, 0x0843, 0x0865, 0x0865, 0x0842, 0x0864, 0x1086,
    0x10C8, 0x0886, 0x0842, 0x0842, 0x0844, 0x0887, 0x0885, 0x10A6, 0x18C4, 0x2146, 0x31EB, 0x1084,
    0x0862, 0x10C5, 0x1949, 0x0886, 0x110C, 0x1213, 0x2317, 0x235A, 0x1AD9, 0x1BFB, 0x3C7B, 0x2C3B,
    0x131A, 0x12B7, 0x1236, 0x1190, 0x116E, 0x110C, 0x10EA, 0x090A, 0x090B, 0x0843, 0x0864, 0x0865,
    0x0842, 0x0843, 0x10A7, 0x0864, 0x0002, 0x0864, 0x0886, 0x0822, 0x0822, 0x0866, 0x0844, 0x0822,
    0x0864, 0x0886, 0x0823, 0x1063, 0x0886, 0x0864, 0x0863, 0x0864, 0x0886, 0x1064, 0x0863, 0x0886,
    0x0865, 0x0843, 0x0863, 0x0886, 0x0864, 0x0863, 0x0864, 0x08A7, 0x0864, 0x0864, 0x08A7, 0x0866,
    0x0864, 0x1085, 0x0888, 0x0003, 0x18E6, 0x9CE8, 0xC5E4, 0x73CE, 0x0000, 0x0044, 0x0887, 0x0002,
    0x31C9, 0xC659, 0xDF1B, 0xC638, 0xEF9E, 0xDF3C, 0xEEFA, 0xEE36, 0xE329, 0xE4D1, 0xF7DE, 0xE75D,
    0xC679, 0x94B2, 0x8C51, 0xDEFB, 0x8430, 0xB5D6, 0xA534, 0x39E8, 0x0000, 0x0000, 0x0000, 0x0862,
    0x3187, 0x738F, 0x18A4, 0x1086, 0x10C7, 0x08A6, 0x0864, 0x0864, 0x0886, 0x0843, 0x0863, 0x0842,
    0x0886, 0x08A8, 0x0885, 0x08E8, 0x0000, 0x0000, 0x0000, 0x0000, 0x0000, 0x0000, 0x0000, 0x0000,
    0x0000, 0x0000, 0x0000, 0x0000, 0x0000, 0x0000, 0x0000, 0x0000, 0x0000, 0x0000, 0x0000, 0x0000,
    0x0000, 0x0000, 0x0000, 0x0000, 0x0000, 0x0000, 0x0000, 0x0000, 0x0000, 0x0000, 0x0000, 0x08A6,
    0x0063, 0x0864, 0x1043, 0x1086, 0x1086, 0x0822, 0x08A7, 0x0886, 0x0843, 0x0843, 0x0842, 0x0843,
    0x0864, 0x10C8, 0x0886, 0x0865, 0x1064, 0x0842, 0x0864, 0x0865, 0x0843, 0x0843, 0x0842, 0x0885,
    0x10C9, 0x1086, 0x0864, 0x10A5, 0x1908, 0x2105, 0x2147, 0x18E4, 0x2965, 0x6B6D, 0x10E8, 0x1109,
    0x08A7, 0x0886, 0x114C, 0x114E, 0x1A12, 0x1A54, 0x1277, 0x1298, 0x1B1A, 0x1B5B, 0x1AF9, 0x1A55,
    0x1235, 0x11B1, 0x112D, 0x118F, 0x114D, 0x110A, 0x112C, 0x116E, 0x0886, 0x0886, 0x10C9, 0x0887,
    0x0866, 0x08A8, 0x10C9, 0x3189, 0x0886, 0x10C8, 0x2128, 0x2128, 0x216A, 0x2148, 0x2107, 0x0886,
    0x10C9, 0x18E6, 0x0865, 0x10C8, 0x0865, 0x0865, 0x10C7, 0x10A7, 0x0024, 0x0886, 0x10C9, 0x10A6,
    0x1085, 0x0887, 0x08A7, 0x0864, 0x0865, 0x08C9, 0x0885, 0x0864, 0x10A7, 0x10C7, 0x1064, 0x0044,
    0x0067, 0x2966, 0x73AE, 0x94D4, 0x842C, 0x73A3, 0x1908, 0x110A, 0x08A8, 0x1063, 0x7BCF, 0x9CF3,
    0xD6BA, 0xDF5D, 0xEF9E, 0xEEFA, 0xDDB5, 0xEC6E, 0xEE98, 0xFFFF, 0xC6BB, 0x634E, 0x630C, 0x7BEF,
    0x4A8A, 0x2945, 0x632D, 0xEFBE, 0x8C92, 0xBE18, 0xE75D, 0x630C, 0x6B6D, 0x7C10, 0xA555, 0xD6DB,
    0x630D, 0x2969, 0x0024, 0x0002, 0x0842, 0x0842, 0x0864, 0x0886, 0x0842, 0x0843, 0x10A7, 0x1085,
    0x0864, 0x0085, 0x08E8, 0x0000, 0x0000, 0x0000, 0x0000, 0x0000, 0x0000, 0x0000, 0x0000, 0x0000,
    0x0000, 0x0000, 0x0000, 0x0000, 0x0000, 0x0000, 0x0000, 0x0000, 0x0000, 0x0000, 0x0000, 0x0000,
    0x0000, 0x0000, 0x0000, 0x0063, 0x00A5, 0x0085, 0x00A5, 0x00A5, 0x00A5, 0x00A6, 0x090A, 0x0021,
    0x0886, 0x0863, 0x0842, 0x0886, 0x0886, 0x08A7, 0x0885, 0x0843, 0x1063, 0x0843, 0x0843, 0x0843,
    0x0885, 0x0843, 0x1064, 0x0886, 0x0886, 0x0887, 0x0886, 0x0842, 0x0843, 0x0843, 0x0864, 0x0844,
    0x0843, 0x1086, 0x1909, 0x10E9, 0x20E5, 0x3186, 0x2104, 0x52AB, 0x2988, 0x0885, 0x0863, 0x08A7,
    0x08C7, 0x1929, 0x192A, 0x090D, 0x092D, 0x112C, 0x11D2, 0x11D3, 0x11F4, 0x0A15, 0x1190, 0x116F,
    0x11B0, 0x114D, 0x10A8, 0x116D, 0x110A, 0x10C9, 0x10EA, 0x10A7, 0x0844, 0x0864, 0x08A8, 0x1064,
    0x0022, 0x73B0, 0xFFDF, 0x630D, 0x3188, 0xFFFF, 0xF7DF, 0xEF9E, 0xFFFF, 0xF7FF, 0x2106, 0x94B4,
    0xEF5D, 0x39EA, 0x0046, 0x2127, 0xC63A, 0xE73D, 0xDF1D, 0x8C72, 0x0045, 0x73F2, 0xDF1D, 0x528D,
    0x0046, 0x1064, 0x0864, 0x10A8, 0x0885, 0x0843, 0x10A7, 0x0887, 0x0002, 0x0045, 0x29AC, 0x73D0,
    0x94B2, 0x52CE, 0x1064, 0x0001, 0x0867, 0x10E9, 0x0003, 0x31A9, 0xC639, 0xFFFF, 0xEFFF, 0xADF7,
    0xDE57, 0xECF1, 0xE40D, 0xE4F1, 0xA4D2, 0xA575, 0x8431, 0x18A4, 0x0025, 0x0002, 0x2967, 0x4A69,
    0x52AB, 0x5AEB, 0xEFBE, 0x528B, 0x1063, 0x2947, 0x422A, 0x8C73, 0xD6FB, 0xFFFF, 0xFFFF, 0xEFBE,
    0xCE79, 0xA534, 0x4209, 0x1063, 0x1043, 0x0864, 0x0885, 0x0843, 0x10C7, 0x1085, 0x1042, 0x0885,
    0x0864, 0x090A, 0x0000, 0x0001, 0x0001, 0x0021, 0x0021, 0x0021, 0x0021, 0x0000, 0x0000, 0x0000,
    0x0000, 0x0000, 0x0000, 0x0000, 0x0000, 0x0000, 0x0000, 0x0000, 0x0000, 0x0000, 0x0000, 0x0000,
    0x0021, 0x0949, 0x0908, 0x0885, 0x0884, 0x0884, 0x0864, 0x0064, 0x0884, 0x0022, 0x0864, 0x08A6,
    0x0842, 0x0863, 0x0842, 0x0864, 0x110B, 0x08A7, 0x0843, 0x0843, 0x0843, 0x0843, 0x0843, 0x0886,
    0x0843, 0x0843, 0x0842, 0x0843, 0x1086, 0x08C8, 0x0886, 0x0864, 0x0843, 0x0844, 0x18E7, 0x1083,
    0x0842, 0x0844, 0x08A9, 0x2945, 0x4A49, 0x39E7, 0x4228, 0x0821, 0x0884, 0x114C, 0x1109, 0x10C7,
    0x10E9, 0x21EE, 0x198C, 0x092C, 0x114C, 0x08EA, 0x114C, 0x19F2, 0x2A51, 0x1A32, 0x1190, 0x112C,
    0x116E, 0x094D, 0x10E8, 0x19AF, 0x116E, 0x08A6, 0x08E9, 0x08C9, 0x0886, 0x08A8, 0x10C8, 0x0844,
    0xC638, 0xFFFF, 0xC618, 0x2968, 0xA535, 0xD69A, 0xFFFF, 0xCE79, 0xB596, 0x31A8, 0xE73C, 0xFFFF,
    0x94B4, 0x0026, 0x5ACC, 0xFFFF, 0xE73B, 0xEF7C, 0xFFFF, 0x634F, 0x7C11, 0xFFFF, 0x5B0F, 0x0044,
    0x1085, 0x08C8, 0x08A7, 0x0864, 0x08A8, 0x08C9, 0x10C7, 0x39E9, 0x6B6D, 0x632D, 0x31CB, 0x0088,
    0x0005, 0x10A7, 0x110A, 0x08A9, 0x0045, 0x6B4D, 0xE73B, 0xEFDE, 0xE7BE, 0xEE17, 0xD2A8, 0xD984,
    0xE4D1, 0xD6DB, 0xB618, 0x634D, 0x1883, 0x0001, 0x0886, 0x110A, 0x1086, 0x10A4, 0x630C, 0x6B4D,
    0x7BCF, 0x4229, 0x0001, 0x0843, 0x0888, 0x0046, 0x0004, 0x0843, 0x39E8, 0x8431, 0xCE99, 0xF7FF,
    0xFFFF, 0xFFFF, 0x8C92, 0x0001, 0x1063, 0x08A7, 0x10C8, 0x0864, 0x0842, 0x0843, 0x0885, 0x0843,
    0x08A6, 0x08E8, 0x08C7, 0x08C7, 0x08C7, 0x08E7, 0x08C7, 0x08E7, 0x0909, 0x0863, 0x0000, 0x0000,
    0x0000, 0x0000, 0x0000, 0x0000, 0x0000, 0x0000, 0x0000, 0x0000, 0x0000, 0x0000, 0x0000, 0x094A,
    0x08A4, 0x0822, 0x0885, 0x0865, 0x0845, 0x0887, 0x0865, 0x0844, 0x0865, 0x10C7, 0x10A7, 0x0843,
    0x0843, 0x0843, 0x0822, 0x08A6, 0x10E9, 0x08A7, 0x0886, 0x0865, 0x0863, 0x0843, 0x0886, 0x0843,
    0x0863, 0x0863, 0x0842, 0x0864, 0x0865, 0x0863, 0x0885, 0x0886, 0x0866, 0x3A0C, 0x41E8, 0x0001,
    0x1084, 0x2105, 0x5B0C, 0x31A6, 0x39E8, 0x31C9, 0x0821, 0x0842, 0x10C6, 0x10C4, 0x08A6, 0x08E8,
    0x218B, 0x1109, 0x08C9, 0x110A, 0x114C, 0x194B, 0x196C, 0x116D, 0x110B, 0x116E, 0x114D, 0x08A7,
    0x112B, 0x08E8, 0x08C8, 0x116E, 0x08A7, 0x0865, 0x10C9, 0x0886, 0x1065, 0x0888, 0x2969, 0xF7BD,
    0xFFFF, 0xF7BE, 0x2968, 0x0004, 0x7BD0, 0xFFFF, 0x4A4A, 0x0002, 0x52AC, 0xFFFF, 0xFFFF, 0xCE9A,
    0x0044, 0x52AC, 0xFFFF, 0x5AED, 0x10A6, 0xF7DE, 0xBDD7, 0x8411, 0xFFFF, 0x5AED, 0x0024, 0x10C8,
    0x08C9, 0x0864, 0x10A8, 0x10C8, 0x630B, 0x8C92, 0x4A8C, 0x2106, 0x0046, 0x0867, 0x1085, 0x10C7,
    0x08EA, 0x10C6, 0x2946, 0xA535, 0xF7FF, 0xD75D, 0xE678, 0xEC2F, 0xD923, 0xEC90, 0xCE17, 0xBE38,
    0x6B6D, 0x18C4, 0x0045, 0x0866, 0x10C7, 0x10A6, 0x08A7, 0x0842, 0x0843, 0x0822, 0x2989, 0x10A5,
    0x0024, 0x10A7, 0x0886, 0x10A8, 0x1064, 0x1063, 0x0843, 0x0002, 0x0001, 0x10A6, 0x422A, 0x8452,
    0xC659, 0x9D34, 0x0843, 0x10A7, 0x090A, 0x0863, 0x0843, 0x0843, 0x0842, 0x0864, 0x08E9, 0x0843,
    0x0022, 0x0022, 0x0022, 0x0043, 0x0023, 0x0043, 0x0043, 0x0842, 0x094A, 0x0884, 0x0000, 0x0000,
    0x0000, 0x0000, 0x0000, 0x0000, 0x0000, 0x0000, 0x0000, 0x0000, 0x0000, 0x0885, 0x08E8, 0x0842,
    0x112B, 0x0864, 0x0864, 0x0864, 0x1086, 0x10C9, 0x1064, 0x0843, 0x0842, 0x0864, 0x10A7, 0x0864,
    0x0843, 0x0843, 0x0886, 0x0865, 0x0843, 0x0864, 0x0885, 0x0886, 0x10A7, 0x08A8, 0x0823, 0x0822,
    0x0822, 0x0842, 0x0864, 0x0886, 0x0843, 0x0843, 0x0842, 0x0886, 0x0888, 0x0866, 0x1085, 0x0021,
    0x52CB, 0x8451, 0x18C2, 0x3A09, 0x0005, 0x0045, 0x08C7, 0x08A6, 0x39A6, 0x2987, 0x2168, 0x08A7,
    0x196B, 0x19AC, 0x112B, 0x114C, 0x092C, 0x090A, 0x08C9, 0x114E, 0x110B, 0x112B, 0x114D, 0x10C8,
    0x116E, 0x116E, 0x08A7, 0x110B, 0x10C8, 0x08A7, 0x110B, 0x10A7, 0x0046, 0x6B92, 0xFFFF, 0x9CF4,
    0xFFFF, 0x634E, 0x0047, 0x8453, 0xFFFF, 0x52CE, 0x0045, 0x9CF4, 0xEF9D, 0xB5B6, 0xFFDF, 0x2128,
    0x4A6C, 0xFFFF, 0x52CD, 0x422B, 0xFFFF, 0x9492, 0x7BF0, 0xFFFF, 0x5AED, 0x0046, 0x110A, 0x0886,
    0x08A9, 0x214B, 0x31CA, 0x52EE, 0x39EA, 0x0004, 0x08C9, 0x10C9, 0x0886, 0x110B, 0x08A9, 0x2148,
    0x7C10, 0x9D13, 0xC699, 0xBD75, 0xE30A, 0xE1E6, 0xCD13, 0xCE58, 0x9514, 0x4A8B, 0x18C4, 0x0002,
    0x08A8, 0x10EA, 0x1064, 0x0843, 0x0843, 0x0886, 0x0822, 0x1084, 0x2106, 0x0088, 0x08A8, 0x1907,
    0x0864, 0x0842, 0x0885, 0x0864, 0x0843, 0x0843, 0x1063, 0x1062, 0x0887, 0x0003, 0x2921, 0xA510,
    0x73CF, 0x0044, 0x1086, 0x0885, 0x0842, 0x0863, 0x0842, 0x1064, 0x10C8, 0x0864, 0x1085, 0x0885,
    0x0886, 0x10E9, 0x0886, 0x0885, 0x0885, 0x10A7, 0x08C7, 0x0001, 0x094B, 0x0021, 0x0000, 0x0000,
    0x0000, 0x0000, 0x0000, 0x0000, 0x0000, 0x0000, 0x0000, 0x0000, 0x08C7, 0x0084, 0x0886, 0x10A6,
    0x10A7, 0x1043, 0x0843, 0x0843, 0x0864, 0x10C8, 0x0864, 0x0843, 0x0843, 0x0864, 0x10A7, 0x0865,
    0x0822, 0x08A6, 0x0885, 0x0843, 0x0843, 0x0842, 0x0843, 0x0843, 0x2969, 0x29AA, 0x2149, 0x2126,
    0x1064, 0x0864, 0x0865, 0x0842, 0x0843, 0x0843, 0x0864, 0x0864, 0x1063, 0x0023, 0x3186, 0x7BEF,
    0x31A6, 0x8451, 0x8C71, 0xA555, 0x52AA, 0x0864, 0x3A2B, 0x4208, 0x0000, 0x2103, 0x52CB, 0x1108,
    0x114C, 0x08E9, 0x090B, 0x08E9, 0x114D, 0x094D, 0x08EA, 0x114E, 0x198D, 0x112C, 0x116F, 0x116F,
    0x114E, 0x08EA, 0x08C9, 0x110C, 0x08C9, 0x08EA, 0x112C, 0x0067, 0xAD76, 0xFFDF, 0x7BCF, 0xFFDF,
    0xAD55, 0x0048, 0x8474, 0xFFFF, 0x4AD0, 0x0088, 0xDEFB, 0xD6DA, 0x8C51, 0xFFFF, 0x5AEF, 0x426D,
    0xFFFF, 0xBDF8, 0xFFDE, 0xD6BA, 0x192A, 0x8453, 0xFFFF, 0x5B10, 0x00AB, 0x10EA, 0x10EB, 0x110D,
    0x10C8, 0x08EB, 0x00AA, 0x08A9, 0x112D, 0x08EA, 0x08C9, 0x114D, 0x08EB, 0x1929, 0xC659, 0xD6BA,
    0xD6DB, 0xEF7D, 0xDEBA, 0xBB8D, 0xCDB6, 0xA5B6, 0x52CC, 0x0000, 0x0046, 0x08A9, 0x10A6, 0x1085,
    0x0885, 0x0842, 0x1042, 0x3188, 0x08A7, 0x0885, 0x10A7, 0x10A6, 0x10A7, 0x1064, 0x0842, 0x0843,
    0x0843, 0x0885, 0x0864, 0x0822, 0x0843, 0x0864, 0x0885, 0x08EA, 0x10C6, 0xA524, 0xB5A6, 0x18C4,
    0x0822, 0x1063, 0x0886, 0x0843, 0x0842, 0x0884, 0x10C8, 0x1043, 0x0842, 0x0842, 0x1064, 0x10A7,
    0x1043, 0x0842, 0x1042, 0x0842, 0x1086, 0x10C8, 0x0843, 0x08C6, 0x0864, 0x0000, 0x0000, 0x0000,
    0x0000, 0x0000, 0x0000, 0x0000, 0x0000, 0x0000, 0x0000, 0x08C6, 0x0063, 0x0886, 0x0843, 0x0886,
    0x10A7, 0x0843, 0x0843, 0x0843, 0x1064, 0x10A7, 0x1064, 0x0843, 0x0843, 0x0843, 0x10A7, 0x1064,
    0x1085, 0x0885, 0x0842, 0x0843, 0x1063, 0x0002, 0x31A7, 0x3185, 0x0861, 0x5ACB, 0x8C71, 0x0864,
    0x10A8, 0x10C9, 0x0865, 0x0864, 0x0843, 0x0864, 0x1085, 0x0002, 0x2925, 0x632D, 0x39C7, 0x18C3,
    0x7BEF, 0xDF3C, 0xC638, 0x8C71, 0x18A3, 0x3186, 0x1082, 0x1082, 0x4A49, 0x39E8, 0x0843, 0x08A7,
    0x0841, 0x0841, 0x0862, 0x0842, 0x0842, 0x0863, 0x0842, 0x0863, 0x0885, 0x08A7, 0x0885, 0x0842,
    0x0863, 0x0843, 0x0843, 0x0843, 0x0843, 0x0843, 0x18A5, 0xE71C, 0xFFFF, 0xFFFF, 0xFFFF, 0xE71C,
    0x0022, 0x8410, 0xFFFF, 0x422A, 0x2967, 0xFFDF, 0xFFFF, 0xFFFF, 0xFFFF, 0x9CD3, 0x4A4A, 0xFFFF,
    0xD69A, 0xFFFF, 0x5AED, 0x0001, 0x9492, 0xFFFF, 0x5AED, 0x0023, 0x1085, 0x1085, 0x0865, 0x0885,
    0x1085, 0x1085, 0x1085, 0x0885, 0x0864, 0x1086, 0x0865, 0x0885, 0xBE39, 0xFFFF, 0xEF7D, 0xFFFF,
    0xE73C, 0xDF5C, 0xD73B, 0x52CC, 0x18A5, 0x0067, 0x10A7, 0x10C8, 0x1085, 0x0801, 0x0844, 0x1085,
    0x0863, 0x1885, 0x18C8, 0x08C9, 0x1064, 0x1063, 0x1042, 0x10A6, 0x1064, 0x1063, 0x0843, 0x0842,
    0x0886, 0x0886, 0x18C7, 0x10A6, 0x0886, 0x1064, 0x0866, 0x20E5, 0xDF17, 0x5284, 0x0822, 0x1063,
    0x0864, 0x0886, 0x0842, 0x1085, 0x10C7, 0x0843, 0x0843, 0x0843, 0x1064, 0x10A8, 0x1064, 0x0843,
    0x1063, 0x1043, 0x10A7, 0x1085, 0x0863, 0x0864, 0x08A5, 0x0084, 0x0000, 0x0000, 0x0000, 0x0000,
    0x0000, 0x0000, 0x0000, 0x0000, 0x0000, 0x0000, 0x08C6, 0x0063, 0x0866, 0x0864, 0x0843, 0x08A6,
    0x08A7, 0x0843, 0x0864, 0x0843, 0x0864, 0x10C8, 0x0864, 0x0843, 0x0843, 0x0843, 0x10A6, 0x090A,
    0x0886, 0x0843, 0x0843, 0x0822, 0x2105, 0x4269, 0x0000, 0x39C7, 0x7BCF, 0x2946, 0x0001, 0x0864,
    0x0886, 0x0865, 0x0886, 0x0886, 0x08A7, 0x0866, 0x2105, 0x39E7, 0x39E7, 0x39C6, 0x3187, 0x18C4,
    0xBE38, 0x8471, 0x4A6A, 0x39C7, 0x2966, 0x2965, 0x2965, 0x2944, 0x1928, 0x08E9, 0x08EA, 0x0841,
    0x0841, 0x0842, 0x0842, 0x0842, 0x0842, 0x0862, 0x0863, 0x0884, 0x0843, 0x0842, 0x0843, 0x0843,
    0x0843, 0x0843, 0x0843, 0x1063, 0x0001, 0x4A29, 0xFFFF, 0xA514, 0x5ACB, 0xAD55, 0xFFDF, 0x2926,
    0x73AF, 0xFFDF, 0x39C8, 0x6B2D, 0xFFFF, 0x9492, 0x73AE, 0xDEFB, 0xD6BA, 0x52AB, 0xFFDF, 0x630D,
    0xD6BA, 0xDEDB, 0x0000, 0x8431, 0xFFDF, 0x5ACC, 0x0001, 0x1063, 0x0842, 0x0842, 0x0842, 0x0842,
    0x0843, 0x0842, 0x0842, 0x0842, 0x1043, 0x0822, 0x9CF3, 0xFFFF, 0xEFBE, 0xF7DE, 0xBE38, 0x8430,
    0x6B6F, 0x2948, 0x0088, 0x0887, 0x1929, 0x1063, 0x0844, 0x0864, 0x2947, 0x10A7, 0x08C9, 0x0886,
    0x0865, 0x0864, 0x0865, 0x1042, 0x0843, 0x0822, 0x18E7, 0x31A9, 0x0002, 0x1085, 0x0886, 0x110A,
    0x0886, 0x3188, 0x1063, 0x0842, 0x1062, 0x0005, 0x8C93, 0x7BD0, 0x0001, 0x1063, 0x0842, 0x0863,
    0x0885, 0x0885, 0x08A6, 0x1042, 0x0842, 0x0842, 0x0864, 0x10A7, 0x0843, 0x1042, 0x0843, 0x0842,
    0x08A7, 0x1085, 0x0842, 0x0864, 0x0864, 0x0885, 0x0085, 0x0000, 0x0000, 0x0000, 0x0000, 0x0000,
    0x0000, 0x0000, 0x0000, 0x0000, 0x0000, 0x08C6, 0x0063, 0x0865, 0x0864, 0x0843, 0x0842, 0x10A7,
    0x112C, 0x10EB, 0x08C9, 0x08A7, 0x08A7, 0x08E9, 0x090A, 0x08EA, 0x08A8, 0x08A7, 0x08C8, 0x0886,
    0x1086, 0x0886, 0x10A5, 0x4229, 0x18E3, 0x4228, 0x4A8A, 0x4A69, 0x0002, 0x1063, 0x0864, 0x0865,
    0x0842, 0x0843, 0x0843, 0x0886, 0x10C8, 0x31A6, 0x1082, 0x52AA, 0x39E8, 0x0822, 0x0842, 0x73AF,
    0x8451, 0x7C10, 0xBE17, 0xB5F7, 0x39E7, 0x0000, 0x2986, 0x08A5, 0x08A5, 0x08EA, 0x0842, 0x0842,
    0x0842, 0x0842, 0x0863, 0x0863, 0x0863, 0x0863, 0x0842, 0x0843, 0x0843, 0x0843, 0x0843, 0x0843,
    0x0843, 0x0843, 0x1063, 0x0001, 0x9CF3, 0xFFFF, 0x3187, 0x0000, 0x39E8, 0xFFFF, 0x73AF, 0x7BAF,
    0xFFFF, 0x4229, 0xC618, 0xF7DE, 0x0822, 0x0000, 0x8C51, 0xFFFF, 0x9492, 0xFFFF, 0x5ACC, 0x4229,
    0xFFFF, 0x7BD0, 0x8431, 0xFFFF, 0x62EC, 0x0001, 0x1063, 0x0843, 0x0843, 0x0843, 0x0843, 0x0843,
    0x0843, 0x0843, 0x1063, 0x0822, 0x2105, 0xCEBA, 0xEF7D, 0xCE79, 0x73CF, 0x3187, 0x1083, 0x0068,
    0x08A9, 0x1928, 0x20E5, 0x2128, 0x18C5, 0x0887, 0x10C8, 0x18E7, 0x0886, 0x0886, 0x0842, 0x0842,
    0x0863, 0x0886, 0x0842, 0x0864, 0x0864, 0x0887, 0x3A4D, 0x4A8D, 0x0844, 0x1063, 0x1086, 0x0864,
    0x0822, 0x0843, 0x0863, 0x0842, 0x18E6, 0x9CF3, 0x1083, 0x0843, 0x1063, 0x1064, 0x1085, 0x10EA,
    0x08C7, 0x0864, 0x0885, 0x0886, 0x08A7, 0x10C8, 0x0885, 0x0865, 0x10A6, 0x10A7, 0x10C7, 0x0885,
    0x0842, 0x0843, 0x0864, 0x0864, 0x0885, 0x0885, 0x0000, 0x0000, 0x0000, 0x0000, 0x0000, 0x0000,
    0x0000, 0x0000, 0x0000, 0x0000, 0x08C6, 0x0063, 0x0866, 0x0843, 0x0864, 0x0843, 0x0885, 0x10A6,
    0x0864, 0x0885, 0x0886, 0x0886, 0x0886, 0x0886, 0x08A6, 0x08EA, 0x08EB, 0x08CA, 0x10E9, 0x08A7,
    0x1907, 0x2125, 0x4228, 0x5AAB, 0x2124, 0x5ACB, 0x18A6, 0x0843, 0x0842, 0x0864, 0x0885, 0x0842,
    0x0863, 0x0842, 0x0864, 0x0865, 0x20E4, 0x4A49, 0x5AEC, 0x08C9, 0x10A7, 0x0886, 0x0044, 0x1906,
    0x18A2, 0x94D3, 0xC658, 0x2965, 0x2124, 0x2989, 0x08A9, 0x10C7, 0x08E9, 0x0884, 0x0864, 0x0864,
    0x0884, 0x0863, 0x0863, 0x1063, 0x1063, 0x1063, 0x1063, 0x1063, 0x1063, 0x1063, 0x1063, 0x1063,
    0x1064, 0x1063, 0x1063, 0x4229, 0x528B, 0x10A4, 0x1084, 0x18A4, 0x632D, 0x4229, 0x39C8, 0x6B6E,
    0x2946, 0x630D, 0x528B, 0x0843, 0x1063, 0x2946, 0x738E, 0x5AAC, 0x7BD0, 0x31A8, 0x0822, 0x73AF,
    0x738F, 0x4A4A, 0x8C51, 0x3187, 0x0822, 0x1063, 0x1063, 0x1063, 0x1063, 0x1063, 0x1063, 0x1063,
    0x1063, 0x1063, 0x1063, 0x0843, 0x18A4, 0x2966, 0x1083, 0x0002, 0x0822, 0x0842, 0x10C8, 0x1085,
    0x0865, 0x10A6, 0x216C, 0x18E8, 0x08A8, 0x0865, 0x0801, 0x0864, 0x0885, 0x0842, 0x0843, 0x0865,
    0x10A8, 0x0885, 0x0886, 0x1065, 0x0865, 0x31A9, 0x4A29, 0x0822, 0x1043, 0x0886, 0x0864, 0x0842,
    0x0842, 0x1063, 0x0001, 0x630C, 0x39EA, 0x0045, 0x10C7, 0x10A7, 0x08A7, 0x08A7, 0x08A7, 0x10C8,
    0x10E9, 0x10C9, 0x10C9, 0x10C8, 0x0886, 0x08A7, 0x08C8, 0x10C9, 0x1109, 0x10E9, 0x0843, 0x0863,
    0x1063, 0x0864, 0x0844, 0x0885, 0x0885, 0x0000, 0x0000, 0x0000, 0x0000, 0x0000, 0x0000, 0x0000,
    0x0000, 0x0000, 0x0000, 0x08C6, 0x0063, 0x08C8, 0x10C7, 0x0843, 0x0843, 0x0886, 0x0885, 0x0843,
    0x0843, 0x0843, 0x0843, 0x0864, 0x0843, 0x08A8, 0x10C8, 0x08A7, 0x08A8, 0x0887, 0x2169, 0x2145,
    0x5ACB, 0x7BEF, 0x1082, 0x4228, 0x3A2B, 0x0087, 0x10C9, 0x08A8, 0x10E9, 0x10A7, 0x0864, 0x1063,
    0x0842, 0x0865, 0x0865, 0x18C4, 0x6B8E, 0x10A5, 0x0866, 0x1063, 0x0865, 0x18E7, 0x2986, 0x31C7,
    0x5AEB, 0x18A3, 0x39C7, 0x5AEC, 0x0822, 0x10A7, 0x10E9, 0x08EB, 0x0843, 0x0843, 0x0843, 0x0843,
    0x0843, 0x1043, 0x0002, 0x0002, 0x0002, 0x0002, 0x0002, 0x0002, 0x0002, 0x0002, 0x0002, 0x0001,
    0x0001, 0x0001, 0x0000, 0x0000, 0x0002, 0x0001, 0x0001, 0x0000, 0x0000, 0x0001, 0x0000, 0x0001,
    0x0000, 0x0002, 0x1063, 0x0002, 0x0001, 0x0000, 0x0000, 0x0000, 0x0001, 0x0002, 0x0000, 0x0000,
    0x0802, 0x0001, 0x0822, 0x1063, 0x0843, 0x0002, 0x0001, 0x0001, 0x0001, 0x0001, 0x0002, 0x0002,
    0x0002, 0x0002, 0x0002, 0x0001, 0x0001, 0x0843, 0x1084, 0x1063, 0x0842, 0x08C8, 0x08EA, 0x10E9,
    0x0886, 0x0886, 0x0822, 0x0844, 0x18E6, 0x18C4, 0x0865, 0x10C8, 0x0885, 0x0885, 0x0886, 0x08A7,
    0x0843, 0x0843, 0x0842, 0x1086, 0x0023, 0x0002, 0x1063, 0x0842, 0x0886, 0x0885, 0x0864, 0x0885,
    0x0885, 0x3A0B, 0x6B6E, 0x08A8, 0x10EA, 0x08C9, 0x10EA, 0x10C8, 0x10C8, 0x10EA, 0x08EA, 0x10EA,
    0x10C9, 0x1085, 0x1085, 0x0885, 0x0864, 0x1064, 0x0822, 0x2946, 0x1908, 0x0843, 0x0863, 0x0842,
    0x10A6, 0x0886, 0x0884, 0x0885, 0x0000, 0x0000, 0x0000, 0x0000, 0x0000, 0x0000, 0x0000, 0x0000,
    0x0000, 0x0000, 0x00C6, 0x0063, 0x0865, 0x10A7, 0x10C8, 0x0842, 0x0885, 0x0885, 0x0843, 0x0863,
    0x0843, 0x0843, 0x0843, 0x0842, 0x0886, 0x0843, 0x0842, 0x0843, 0x0863, 0x2125, 0x7C0F, 0xBE58,
    0x0861, 0x18C3, 0x632E, 0x0087, 0x1109, 0x10EA, 0x110C, 0x08EA, 0x08A7, 0x10C8, 0x08A9, 0x08A8,
    0x10EA, 0x08A7, 0x0864, 0x1063, 0x0844, 0x08A6, 0x0842, 0x0842, 0x2125, 0x2124, 0x1082, 0x4208,
    0x0000, 0x31A7, 0x194A, 0x0844, 0x0885, 0x0864, 0x08A8, 0x0843, 0x0843, 0x0843, 0x0843, 0x0843,
    0x0822, 0x4209, 0x6B4D, 0x7BCF, 0x73AF, 0x73AF, 0x738F, 0x6B6E, 0x6B6E, 0x6B4E, 0x632D, 0x632D,
    0x632D, 0x6B4D, 0x6B4E, 0x6B4D, 0x6B4D, 0x6B4D, 0x6B4E, 0x6B2D, 0x632D, 0x62ED, 0x5AAC, 0x528B,
    0x1083, 0x0822, 0x4229, 0x5AAB, 0x52AB, 0x52AB, 0x5AAB, 0x52AB, 0x528B, 0x5AEC, 0x3187, 0x0842,
    0x1083, 0x1063, 0x0843, 0x0843, 0x422A, 0x528B, 0x4A6A, 0x4A4A, 0x4A4A, 0x422A, 0x4209, 0x4209,
    0x4209, 0x4209, 0x4209, 0x39E9, 0x1083, 0x0002, 0x1063, 0x0842, 0x08C8, 0x08A7, 0x0885, 0x0842,
    0x0885, 0x0863, 0x0866, 0x216A, 0x2148, 0x0866, 0x10A8, 0x0843, 0x0863, 0x0864, 0x0886, 0x0842,
    0x0843, 0x0842, 0x0886, 0x1085, 0x1064, 0x1085, 0x1086, 0x10A7, 0x10EA, 0x10EA, 0x08EA, 0x08A8,
    0x94D2, 0x632E, 0x00A9, 0x110B, 0x10E9, 0x1086, 0x0886, 0x0885, 0x0865, 0x0864, 0x0863, 0x08A7,
    0x0864, 0x0842, 0x0842, 0x0843, 0x1063, 0x0843, 0x1084, 0x10C7, 0x0863, 0x1043, 0x10A6, 0x10C7,
    0x0844, 0x0085, 0x0885, 0x0000, 0x0000, 0x0000, 0x0000, 0x0000, 0x0000, 0x0000, 0x0000, 0x0000,
    0x0000, 0x08C6, 0x0063, 0x0865, 0x0843, 0x1085, 0x10C8, 0x08A6, 0x0864, 0x0842, 0x0843, 0x0843,
    0x0843, 0x0843, 0x0842, 0x0887, 0x0864, 0x0843, 0x1063, 0x0821, 0x3186, 0xB5D7, 0x8471, 0x4A8A,
    0x5AEB, 0x18C5, 0x0023, 0x0004, 0x110A, 0x08A8, 0x08C9, 0x4A8C, 0x3A4B, 0x31EC, 0x198D, 0x00CB,
    0x08A7, 0x08C8, 0x08A8, 0x10E9, 0x08A7, 0x0844, 0x0863, 0x31A7, 0x0000, 0x2104, 0x2125, 0x3186,
    0x2106, 0x0087, 0x10A8, 0x08C9, 0x08C8, 0x08C9, 0x0843, 0x0843, 0x0843, 0x0843, 0x1083, 0x7BCF,
    0x9D13, 0xAD75, 0xAD95, 0xAD75, 0xAD75, 0xAD75, 0xA555, 0xA554, 0xA554, 0xAD55, 0xAD75, 0xAD75,
    0xAD75, 0xAD75, 0xAD75, 0xAD75, 0xAD55, 0xA554, 0xA554, 0xA534, 0xA554, 0x8C71, 0xB596, 0x18C4,
    0x18C4, 0xB5B6, 0x9CD3, 0xAD55, 0xAD54, 0xAD55, 0xA554, 0xA534, 0x9D13, 0x94B2, 0x0822, 0x1063,
    0x0843, 0x0822, 0x18A4, 0xC618, 0x94B2, 0xA534, 0xA514, 0xA534, 0xA534, 0xA534, 0xA534, 0xA534,
    0xA534, 0xA534, 0x9CD3, 0x8C72, 0x4A4A, 0x0002, 0x1063, 0x08A7, 0x0886, 0x08A7, 0x0886, 0x08C9,
    0x0885, 0x08A7, 0x0865, 0x0822, 0x0864, 0x0886, 0x1042, 0x1042, 0x0864, 0x10A7, 0x0843, 0x1085,
    0x08A6, 0x10C8, 0x110B, 0x10EB, 0x110B, 0x08E8, 0x08E9, 0x08EA, 0x110B, 0x08A8, 0x2148, 0x9CF3,
    0x2127, 0x0865, 0x1084, 0x08C8, 0x0864, 0x0843, 0x0843, 0x0843, 0x0843, 0x0842, 0x08A6, 0x0864,
    0x0843, 0x0843, 0x0843, 0x0843, 0x0843, 0x0842, 0x0886, 0x0863, 0x10A7, 0x1085, 0x1063, 0x0843,
    0x0085, 0x0885, 0x0000, 0x0000, 0x0000, 0x0000, 0x0000, 0x0000, 0x0000, 0x0000, 0x0000, 0x0000,
    0x08C6, 0x0063, 0x0865, 0x0844, 0x0842, 0x0863, 0x110A, 0x10C8, 0x0865, 0x0865, 0x0864, 0x0864,
    0x0864, 0x0843, 0x0886, 0x0843, 0x0843, 0x0842, 0x31A7, 0x8C71, 0x5B0C, 0x0000, 0x8CB2, 0xBE17,
    0xB5D6, 0xCE79, 0x6B8F, 0x0045, 0x1042, 0x31C7, 0x5289, 0x0000, 0x18C2, 0x2966, 0x4AAC, 0x1908,
    0x090B, 0x112E, 0x090C, 0x08C8, 0x08EA, 0x08CB, 0x196B, 0x3165, 0x3165, 0x3A08, 0x18E6, 0x0000,
    0x0885, 0x0843, 0x0885, 0x08A8, 0x08EA, 0x0843, 0x0843, 0x1063, 0x0002, 0x6B4D, 0xA534, 0xDF1C,
    0xF7DF, 0xF7DE, 0xF7DF, 0xF7BE, 0xF7BE, 0xF7BE, 0xEFBE, 0xEF9E, 0xEF9E, 0xEF9E, 0xEF9E, 0xEF9E,
    0xF7BE, 0xF7BE, 0xEF9E, 0xEF9D, 0xEF9E, 0xEF9D, 0xE77D, 0xF7DF, 0xB5D6, 0x8C71, 0x1084, 0x4A6A,
    0x94D2, 0xD6BA, 0xEF9D, 0xEF7D, 0xDF1B, 0xE75C, 0xF7BE, 0xBDF7, 0x8C71, 0x2946, 0x0822, 0x1063,
    0x0822, 0x20E5, 0xA514, 0xAD75, 0xEF9D, 0xE73C, 0xE73C, 0xE73C, 0xE75C, 0xE73C, 0xE73C, 0xE73C,
    0xDF1B, 0xD69A, 0xA514, 0x9D13, 0x5AAB, 0x0001, 0x10E9, 0x08C9, 0x08A8, 0x0864, 0x0886, 0x0822,
    0x0864, 0x0864, 0x0821, 0x0864, 0x08A8, 0x0865, 0x0886, 0x08A7, 0x08EA, 0x090D, 0x110D, 0x10EA,
    0x08E9, 0x08EB, 0x110D, 0x10E9, 0x0886, 0x0886, 0x0886, 0x0885, 0x08A8, 0x2105, 0x2105, 0x0822,
    0x0843, 0x0842, 0x0885, 0x0864, 0x0843, 0x0843, 0x0843, 0x0843, 0x0842, 0x0886, 0x0843, 0x0842,
    0x0842, 0x0001, 0x3187, 0x3187, 0x0822, 0x10C9, 0x10A7, 0x1064, 0x0842, 0x0864, 0x0843, 0x0084,
    0x0885, 0x0000, 0x0000, 0x0000, 0x0000, 0x0000, 0x0000, 0x0000, 0x0000, 0x0000, 0x0000, 0x08C6,
    0x0063, 0x0865, 0x0864, 0x0844, 0x0842, 0x0885, 0x08A6, 0x0864, 0x0865, 0x0865, 0x0885, 0x0886,
    0x0886, 0x08C9, 0x0887, 0x0844, 0x4A6A, 0x4A69, 0x5AEB, 0x0000, 0x3186, 0x6B4E, 0xD6FB, 0xEF9E,
    0xCE79, 0xC679, 0x3A09, 0x2105, 0x4A49, 0x2966, 0x0000, 0x0020, 0x4228, 0x7BEE, 0x10A5, 0x08A8,
    0x0865, 0x0886, 0x08A7, 0x090C, 0x110C, 0x08CA, 0x29AC, 0x632E, 0x198C, 0x08CA, 0x10EA, 0x090B,
    0x0886, 0x0887, 0x0865, 0x08A8, 0x0843, 0x0843, 0x0822, 0x2106, 0x9492, 0xD6D9, 0xFFFD, 0xEF9B,
    0xEF9C, 0xF7DC, 0xF7DC, 0xF7BC, 0xF7BC, 0xF7BC, 0xF7BC, 0xF7BC, 0xF7BC, 0xF7FD, 0xF7BD, 0xEF9D,
    0xEF9C, 0xF7DD, 0xFFFE, 0xF7DD, 0xF7DE, 0xF7DE, 0xFFFF, 0xC637, 0x94B2, 0x18A4, 0x7BAF, 0xA534,
    0xF7DE, 0xF7BD, 0xEF7D, 0x52AB, 0xE73C, 0xF7DF, 0xE75C, 0x9CD2, 0x528B, 0x0001, 0x1063, 0x0822,
    0x20E5, 0xA554, 0xBDF7, 0xFFFF, 0xEF9D, 0xF7BD, 0xEF7D, 0xDF1B, 0xDF1B, 0xDF1B, 0xE73C, 0xFFFF,
    0xF7DF, 0xFFFF, 0xAD75, 0x94B2, 0x2925, 0x0867, 0x0865, 0x0864, 0x0821, 0x0885, 0x0843, 0x0886,
    0x10E9, 0x08C9, 0x08C9, 0x110B, 0x092E, 0x092D, 0x08E9, 0x08E9, 0x08EB, 0x10EB, 0x08A8, 0x10C7,
    0x2148, 0x0844, 0x10C8, 0x0843, 0x0843, 0x0843, 0x0842, 0x08A6, 0x0823, 0x0822, 0x0843, 0x0843,
    0x0842, 0x0885, 0x0864, 0x0842, 0x0843, 0x0843, 0x0863, 0x0863, 0x08A8, 0x0886, 0x0865, 0x0886,
    0x0886, 0x10C8, 0x10C8, 0x10A7, 0x110A, 0x0864, 0x0842, 0x0843, 0x1064, 0x0844, 0x0064, 0x0885,
    0x0000, 0x0000, 0x0000, 0x0000, 0x0000, 0x0000, 0x0000, 0x0000, 0x0000, 0x0000, 0x08C6, 0x0063,
    0x0865, 0x0843, 0x0843, 0x0843, 0x0886, 0x0885, 0x0843, 0x0843, 0x0843, 0x0843, 0x0843, 0x0843,
    0x1086, 0x0023, 0x4229, 0x39E7, 0x2945, 0x39C7, 0x2965, 0x422A, 0x10C6, 0x94F3, 0xD6FB, 0x52AA,
    0x4A69, 0x4A8A, 0x0821, 0x52CB, 0x0000, 0x2945, 0x5ACB, 0x4A69, 0x3166, 0x0023, 0x1086, 0x0821,
    0x0822, 0x0864, 0x0885, 0x0822, 0x08A7, 0x08C8, 0x10E8, 0x090C, 0x1170, 0x11F4, 0x0990, 0x0971,
    0x114F, 0x112D, 0x10E9, 0x0843, 0x1063, 0x0002, 0x41E9, 0x9CF1, 0xEF73, 0xEF72, 0xEF72, 0xF7B5,
    0xCE4F, 0x9D10, 0xAD72, 0xA551, 0xAD52, 0xAD72, 0xAD52, 0xAD70, 0x9CF1, 0xCE94, 0xF7B6, 0xF7B7,
    0xB5D3, 0xA531, 0xB593, 0xAD73, 0xAD53, 0xB594, 0x8C6F, 0xA514, 0x2946, 0x9492, 0xB5D4, 0xFFDA,
    0xF7D8, 0xC615, 0x6B4D, 0xC616, 0xF7DC, 0xF7BA, 0xA533, 0x7BD0, 0x0002, 0x1063, 0x0822, 0x20E5,
    0xA513, 0xBDD4, 0xFFD8, 0xF798, 0xDF18, 0x7BCE, 0x9CF3, 0x9CD2, 0x9CD2, 0x9492, 0x94B2, 0xEF9A,
    0xEF57, 0xEF77, 0x9CD1, 0x630C, 0x0047, 0x110B, 0x110B, 0x092D, 0x0970, 0x0990, 0x094F, 0x094F,
    0x092E, 0x092D, 0x08C9, 0x08A7, 0x10A8, 0x08A8, 0x0844, 0x0843, 0x0864, 0x0887, 0x1042, 0x1084,
    0x0842, 0x0886, 0x0843, 0x0843, 0x0843, 0x0842, 0x0886, 0x0864, 0x1064, 0x0864, 0x0864, 0x0864,
    0x08A8, 0x0887, 0x0886, 0x0886, 0x0886, 0x0886, 0x0885, 0x08C9, 0x1086, 0x2148, 0x0864, 0x0864,
    0x0843, 0x0843, 0x1042, 0x10A7, 0x0863, 0x0843, 0x0843, 0x0864, 0x0843, 0x0064, 0x0085, 0x0000,
    0x0000, 0x0000, 0x0000, 0x0000, 0x0000, 0x0000, 0x0000, 0x0000, 0x0000, 0x08C7, 0x0063, 0x08A7,
    0x0886, 0x0843, 0x0842, 0x0886, 0x0885, 0x0843, 0x0863, 0x0843, 0x0843, 0x0843, 0x0843, 0x0845,
    0x2126, 0x31A6, 0x0000, 0x528A, 0x31A6, 0x4209, 0x0045, 0x0822, 0x8CB2, 0xDF1B, 0x8C92, 0x7C10,
    0x8C71, 0x3186, 0x5AEC, 0x4208, 0x5AEB, 0x1062, 0x4209, 0x10C7, 0x08A7, 0x08C9, 0x0864, 0x0864,
    0x0865, 0x0885, 0x0822, 0x0886, 0x0843, 0x0844, 0x0864, 0x08A8, 0x0886, 0x0842, 0x0843, 0x0843,
    0x0843, 0x0843, 0x1063, 0x1063, 0x0000, 0x41EA, 0x9D0E, 0xEF4C, 0xEF6A, 0xF78C, 0xEF4B, 0x8C4D,
    0x9CF5, 0x6B6E, 0x7BF0, 0x7BD0, 0x7BD0, 0x7BD0, 0x7BF0, 0x8432, 0xAD4A, 0xFFCE, 0xF7AE, 0x842B,
    0xA515, 0x8C51, 0x8C51, 0x8C51, 0x8C31, 0x8C72, 0x8C71, 0x4209, 0x94D2, 0xCE8F, 0xF791, 0xF7D2,
    0x9CCD, 0xCE7A, 0x9CD0, 0xF7B7, 0xFFD9, 0xBDD1, 0x9492, 0x18C5, 0x0822, 0x0822, 0x20E5, 0xA513,
    0xB5AF, 0xFFB2, 0xF792, 0xD6B1, 0x9CD2, 0x62ED, 0x39E8, 0x4209, 0x52AB, 0x8410, 0xB54C, 0xF750,
    0xF72F, 0xA50D, 0x6B6F, 0x0024, 0x10E9, 0x08C9, 0x08EA, 0x08C9, 0x110C, 0x08EA, 0x08C9, 0x0885,
    0x0865, 0x0866, 0x0821, 0x0843, 0x0865, 0x0842, 0x0842, 0x0843, 0x0886, 0x0843, 0x0843, 0x0864,
    0x08A8, 0x0865, 0x0885, 0x0885, 0x0886, 0x08C9, 0x0886, 0x0886, 0x0886, 0x0885, 0x0864, 0x08A7,
    0x0865, 0x0843, 0x0843, 0x0843, 0x0843, 0x0842, 0x0886, 0x0843, 0x1063, 0x0843, 0x0843, 0x0843,
    0x1043, 0x0843, 0x10A7, 0x1064, 0x0843, 0x0842, 0x1064, 0x0865, 0x0064, 0x0885, 0x0000, 0x0000,
    0x0000, 0x0000, 0x0000, 0x0000, 0x0000, 0x0000, 0x0000, 0x0000, 0x08C7, 0x0063, 0x0866, 0x10A7,
    0x08A7, 0x1064, 0x0865, 0x0885, 0x0842, 0x0843, 0x0843, 0x0843, 0x0843, 0x0842, 0x0845, 0x2126,
    0x1082, 0x20E4, 0x5AEC, 0x39E8, 0x0823, 0x10A6, 0x0822, 0x2126, 0x7BF0, 0x6B4D, 0x94D3, 0xD6BA,
    0xCEBA, 0xA575, 0x39C7, 0x0000, 0x2945, 0x39A8, 0x0003, 0x1086, 0x08A8, 0x0865, 0x0865, 0x08A7,
    0x08C8, 0x0865, 0x08C9, 0x10A7, 0x08A7, 0x08A7, 0x08C9, 0x0886, 0x0842, 0x1063, 0x0843, 0x0843,
    0x0822, 0x0001, 0x0843, 0x4209, 0x3167, 0x9491, 0xCE25, 0xFF85, 0xEF26, 0xF786, 0x9CC7, 0x94D4,
    0x2946, 0x0000, 0x0002, 0x0002, 0x0002, 0x0001, 0x738F, 0xBDA7, 0xF7A8, 0xF767, 0x9CEB, 0x7BD1,
    0x0000, 0x0843, 0x0822, 0x0822, 0x0843, 0x0000, 0x6B4F, 0x9CED, 0xEF28, 0xEF4B, 0xE6E8, 0x946E,
    0xA556, 0x8C6F, 0xE6EF, 0xF796, 0xDE6C, 0x946F, 0x4A2A, 0x0001, 0x0822, 0x2105, 0x9CF3, 0xB567,
    0xFF8B, 0xF74C, 0xD668, 0xA513, 0x39A8, 0x0822, 0x0843, 0x18C5, 0x8452, 0xACC6, 0xF70B, 0xF6C7,
    0xA4CA, 0x73B0, 0x0001, 0x1042, 0x0822, 0x0822, 0x0821, 0x0866, 0x0865, 0x0864, 0x0864, 0x0865,
    0x0886, 0x0844, 0x0886, 0x08A8, 0x0865, 0x1066, 0x1087, 0x08A9, 0x10A6, 0x10C7, 0x10A6, 0x10C9,
    0x0865, 0x0864, 0x0864, 0x0863, 0x0886, 0x0843, 0x0843, 0x0842, 0x0843, 0x0842, 0x0865, 0x0864,
    0x0843, 0x0843, 0x0843, 0x0843, 0x0843, 0x08A7, 0x0864, 0x0843, 0x0843, 0x0843, 0x0843, 0x0843,
    0x0843, 0x08A7, 0x1063, 0x1043, 0x0886, 0x10A8, 0x0865, 0x0064, 0x0885, 0x0000, 0x0000, 0x0000,
    0x0000, 0x0000, 0x0000, 0x0000, 0x0000, 0x0000, 0x0000, 0x08C7, 0x0063, 0x0865, 0x0844, 0x0864,
    0x1086, 0x10E9, 0x08C8, 0x0865, 0x0865, 0x0864, 0x0864, 0x0864, 0x0843, 0x0887, 0x1065, 0x2966,
    0x632C, 0x528B, 0x0822, 0x0864, 0x0885, 0x0842, 0x0802, 0x0843, 0x2104, 0x0000, 0x73EF, 0xF7DE,
    0x9CF3, 0x0000, 0x0020, 0x4A69, 0x0842, 0x0822, 0x0844, 0x0886, 0x0821, 0x0822, 0x0864, 0x0865,
    0x0842, 0x0886, 0x0865, 0x0886, 0x0886, 0x08CA, 0x0886, 0x0843, 0x0822, 0x0843, 0x0822, 0x2926,
    0x8C52, 0x1063, 0x5ACC, 0x1063, 0x7390, 0x9469, 0xE6C2, 0xEEA4, 0xEEE4, 0xF723, 0x9445, 0xA536,
    0x2946, 0x0843, 0x1083, 0x1063, 0x1063, 0x73AF, 0xBD45, 0xF745, 0xEF04, 0x9CA9, 0x7BD1, 0x0001,
    0x1063, 0x1063, 0x1063, 0x1063, 0x0842, 0x8C73, 0xAD07, 0xF724, 0xF745, 0xBD63, 0x94B2, 0x39C8,
    0x9492, 0xC5A7, 0xF74A, 0xEEE6, 0x9CAA, 0x73B0, 0x0001, 0x0843, 0x2105, 0x94D3, 0xB525, 0xF706,
    0xEEC6, 0xDE04, 0x6B4C, 0x8431, 0x7BCF, 0x7BF0, 0x7C10, 0x7B49, 0xDD64, 0xF625, 0xD543, 0x9C8F,
    0x5AAC, 0x0001, 0x1063, 0x0843, 0x0863, 0x0842, 0x08A8, 0x08EA, 0x08A9, 0x08A7, 0x08A8, 0x08A8,
    0x0865, 0x0886, 0x0887, 0x0864, 0x0843, 0x0864, 0x0866, 0x20E5, 0x2106, 0x1063, 0x10A6, 0x1083,
    0x0842, 0x0843, 0x0842, 0x0886, 0x0843, 0x0843, 0x0843, 0x0843, 0x0842, 0x0865, 0x0864, 0x0842,
    0x0843, 0x0843, 0x0843, 0x0842, 0x0886, 0x0843, 0x0842, 0x0842, 0x0842, 0x0842, 0x0842, 0x0842,
    0x08A7, 0x0845, 0x0887, 0x1086, 0x0863, 0x0864, 0x0064, 0x08A5, 0x0000, 0x0000, 0x0000, 0x0000,
    0x0000, 0x0000, 0x0000, 0x0000, 0x0000, 0x0000, 0x08C6, 0x0063, 0x0865, 0x1064, 0x0843, 0x0842,
    0x08A7, 0x08A8, 0x0865, 0x0885, 0x0865, 0x0865, 0x0885, 0x0865, 0x10C9, 0x0045, 0x424A, 0x6B6E,
    0x0045, 0x0886, 0x08A7, 0x08C9, 0x0885, 0x0886, 0x2146, 0x2124, 0x52AA, 0x7C10, 0x8430, 0x528A,
    0x52AA, 0x39C7, 0x3189, 0x0024, 0x1064, 0x0886, 0x08A8, 0x0844, 0x0844, 0x0885, 0x0886, 0x0842,
    0x0886, 0x0864, 0x0864, 0x10A5, 0x10A7, 0x1065, 0x0842, 0x20E5, 0x4A6B, 0x5AAC, 0x39C8, 0x9492,
    0x2105, 0x52AC, 0x2126, 0x2105, 0x94D4, 0x8BE5, 0xF6C2, 0xEE43, 0xEEE3, 0xEDE1, 0x8B89, 0x9CF5,
    0x0822, 0x1063, 0x0843, 0x0842, 0x73AF, 0xBD04, 0xF664, 0xEEA2, 0x9C88, 0x7BD1, 0x0001, 0x1063,
    0x0843, 0x1063, 0x0002, 0x2946, 0x9CD2, 0xC582, 0xF624, 0xF6E3, 0xAD08, 0x94B4, 0x1082, 0x94B4,
    0xB506, 0xF662, 0xF644, 0xACA4, 0x8C73, 0x18A4, 0x0022, 0x2105, 0x94B3, 0xB462, 0xF624, 0xEDC3,
    0xEE24, 0xCD42, 0xBCA2, 0xBCC2, 0xC543, 0xC543, 0xE5C5, 0xFE24, 0xDD63, 0x9C2A, 0xA515, 0x1083,
    0x1063, 0x1063, 0x1063, 0x1063, 0x1043, 0x0887, 0x0886, 0x0865, 0x0843, 0x0864, 0x0864, 0x0821,
    0x0843, 0x0865, 0x0801, 0x2125, 0x2967, 0x0844, 0x0842, 0x0822, 0x0843, 0x0886, 0x0843, 0x0843,
    0x0843, 0x0843, 0x0886, 0x0843, 0x0843, 0x0843, 0x0844, 0x0843, 0x0886, 0x0865, 0x0864, 0x0864,
    0x0865, 0x0865, 0x0864, 0x08C9, 0x0886, 0x0885, 0x0886, 0x0886, 0x0886, 0x08A7, 0x10A7, 0x08C9,
    0x3A2C, 0x2126, 0x0822, 0x1064, 0x0864, 0x0064, 0x08A6, 0x0000, 0x0000, 0x0000, 0x0000, 0x0000,
    0x0000, 0x0000, 0x0000, 0x0000, 0x0000, 0x08C6, 0x0063, 0x0865, 0x1064, 0x0843, 0x0843, 0x0885,
    0x0864, 0x0843, 0x0843, 0x0843, 0x0843, 0x0843, 0x0842, 0x0885, 0x0843, 0x1083, 0x0863, 0x0843,
    0x0843, 0x0844, 0x10A6, 0x0843, 0x10A4, 0x31A7, 0x4A69, 0x18C3, 0x4A69, 0x20E3, 0x0000, 0x52AA,
    0x6B90, 0x0045, 0x1085, 0x0865, 0x08A7, 0x08C9, 0x0885, 0x0865, 0x08A8, 0x08A8, 0x0865, 0x08A9,
    0x08A7, 0x0887, 0x192A, 0x112B, 0x0845, 0x0822, 0x31A8, 0x1083, 0x1063, 0x0822, 0x0000, 0x0822,
    0x18A4, 0x2926, 0x1083, 0x41E8, 0x7BF1, 0xA403, 0xF602, 0xE563, 0xFE03, 0xB440, 0xA514, 0x41E9,
    0x0002, 0x1063, 0x0842, 0x7390, 0xBCC4, 0xF623, 0xEE02, 0x9C28, 0x7BF1, 0x0001, 0x1063, 0x0843,
    0x1063, 0x0001, 0x5AED, 0x9C8E, 0xDDE1, 0xEE64, 0xE5C1, 0x6B28, 0x8C92, 0x7BEF, 0x94B4, 0x7308,
    0xED82, 0xF603, 0xCC61, 0x9450, 0x4209, 0x0001, 0x2105, 0x9493, 0xB462, 0xF643, 0xED03, 0xDD43,
    0x9BE2, 0xFDA3, 0xF603, 0xF5C3, 0xF543, 0xE583, 0x8B03, 0x946E, 0x94D4, 0x18A4, 0x0000, 0x0001,
    0x0001, 0x0001, 0x0001, 0x0000, 0x0887, 0x08A8, 0x0886, 0x0885, 0x0887, 0x08A7, 0x0864, 0x0886,
    0x08A8, 0x0864, 0x10A6, 0x10C7, 0x08A8, 0x0885, 0x0885, 0x0886, 0x08C9, 0x1086, 0x0886, 0x0886,
    0x0865, 0x08C9, 0x0886, 0x0866, 0x0885, 0x0886, 0x0865, 0x08A7, 0x10A7, 0x0865, 0x1085, 0x1085,
    0x1065, 0x0864, 0x08A8, 0x0865, 0x0843, 0x0864, 0x0864, 0x0864, 0x0864, 0x1063, 0x0886, 0x2126,
    0x18A4, 0x0843, 0x1064, 0x0865, 0x0064, 0x08A6, 0x0000, 0x0000, 0x0000, 0x0000, 0x0000, 0x0000,
    0x0000, 0x0000, 0x0000, 0x0000, 0x08C7, 0x0063, 0x0865, 0x0843, 0x0843, 0x0843, 0x0886, 0x0885,
    0x0843, 0x0843, 0x0843, 0x0843, 0x0843, 0x0843, 0x0886, 0x0864, 0x0843, 0x0843, 0x0843, 0x0843,
    0x0864, 0x0865, 0x0000, 0x3A08, 0x52CB, 0x3166, 0x4A69, 0x5ACB, 0x0000, 0x2124, 0x4A29, 0x0865,
    0x0865, 0x0842, 0x0842, 0x0864, 0x0886, 0x0821, 0x0842, 0x0864, 0x0865, 0x0821, 0x0844, 0x0844,
    0x0864, 0x0864, 0x0046, 0x2989, 0x9CF3, 0x8472, 0x8452, 0x8452, 0x8452, 0x8452, 0x7C11, 0x73F1,
    0x73D0, 0x73F0, 0x636F, 0x7C73, 0x9B65, 0xF562, 0xECC3, 0xEDA3, 0xD4A0, 0x9C8F, 0x634E, 0x0001,
    0x1063, 0x0842, 0x73B0, 0xBC44, 0xF563, 0xEE01, 0x9C28, 0x7BF1, 0x0001, 0x1063, 0x0843, 0x1063,
    0x0001, 0x8452, 0xA3C7, 0xF5C1, 0xEDA3, 0xE583, 0xBC62, 0xB401, 0xB382, 0xB3E1, 0xBC42, 0xE563,
    0xED63, 0xE481, 0x93C9, 0x6B8F, 0x0000, 0x2926, 0x94B3, 0xB3C1, 0xF5C3, 0xECA3, 0xD401, 0x5AEB,
    0x9324, 0xEC61, 0xE4A3, 0xE4E3, 0xEBA2, 0x69E4, 0xA597, 0x636E, 0x4AAC, 0x5ACD, 0x52CC, 0x52CC,
    0x52AC, 0x52CD, 0x52AA, 0x10E8, 0x08C9, 0x08A7, 0x0886, 0x0887, 0x08A7, 0x0864, 0x0886, 0x0887,
    0x0864, 0x0844, 0x0865, 0x0887, 0x0843, 0x0864, 0x0863, 0x0886, 0x0843, 0x0843, 0x0843, 0x0843,
    0x0885, 0x0823, 0x0843, 0x0842, 0x0843, 0x0842, 0x0865, 0x0823, 0x0842, 0x1043, 0x1083, 0x0842,
    0x0842, 0x0886, 0x0843, 0x2105, 0x1063, 0x0843, 0x0843, 0x0843, 0x0843, 0x08A7, 0x0843, 0x0843,
    0x1063, 0x1064, 0x0865, 0x0064, 0x08A6, 0x0000, 0x0000, 0x0000, 0x0000, 0x0000, 0x0000, 0x0000,
    0x0000, 0x0000, 0x0000, 0x08C7, 0x0063, 0x0886, 0x1085, 0x0843, 0x0822, 0x0865, 0x0864, 0x0842,
    0x0843, 0x0843, 0x0843, 0x0843, 0x0842, 0x0865, 0x0843, 0x0842, 0x1063, 0x1063, 0x0802, 0x0002,
    0x2127, 0x6B4D, 0x94B2, 0x630C, 0x2124, 0x4208, 0x3165, 0x2104, 0x4A4A, 0x0842, 0x0865, 0x0885,
    0x0843, 0x0843, 0x0864, 0x10A7, 0x18C5, 0x0843, 0x0865, 0x10A7, 0x20E6, 0x298A, 0x0865, 0x10A7,
    0x218A, 0x0027, 0x428D, 0x93ED, 0xAA63, 0xB305, 0xB305, 0xB2C5, 0xABA5, 0xAAE5, 0xAB85, 0xAAA5,
    0xAA65, 0xAB45, 0xA344, 0xDBC2, 0xEBC2, 0xEC42, 0xEC43, 0xDB60, 0xA46F, 0x632D, 0x0000, 0x1083,
    0x0843, 0x73D0, 0xBB03, 0xF3E2, 0xECC1, 0x9BC8, 0x7C11, 0x0001, 0x1063, 0x0843, 0x0822, 0x18C4,
    0x94D3, 0xB362, 0xF4E3, 0xE402, 0xF4A2, 0xFC42, 0xFCE2, 0xFD02, 0xFD02, 0xFCA2, 0xF482, 0xE442,
    0xF402, 0xA364, 0x8472, 0x0822, 0x2105, 0x94B2, 0xB2E1, 0xF442, 0xEC03, 0xCBA0, 0xB553, 0xBDF9,
    0x92A2, 0xF4C2, 0xE4C3, 0xEBC2, 0xEB22, 0x9AA2, 0x8AC9, 0x930A, 0x8B8A, 0x936A, 0x932A, 0x938B,
    0x8B6A, 0xA513, 0x29AA, 0x0024, 0x0864, 0x0843, 0x0844, 0x0864, 0x0821, 0x0843, 0x0864, 0x0822,
    0x0842, 0x0843, 0x0865, 0x0842, 0x0843, 0x0843, 0x0886, 0x0843, 0x0843, 0x0843, 0x0842, 0x10A6,
    0x18C5, 0x0843, 0x0843, 0x0843, 0x0843, 0x0845, 0x422B, 0x20E5, 0x2947, 0x18E5, 0x0843, 0x0843,
    0x08A7, 0x0864, 0x31A8, 0x1063, 0x0843, 0x0843, 0x0863, 0x0843, 0x08A7, 0x1064, 0x1063, 0x1042,
    0x1063, 0x0865, 0x0064, 0x08A6, 0x0000, 0x0000, 0x0000, 0x0000, 0x0000, 0x0000, 0x0000, 0x0000,
    0x0000, 0x0000, 0x08C7, 0x0063, 0x0886, 0x10A7, 0x08A7, 0x1086, 0x08A7, 0x0886, 0x0864, 0x0865,
    0x0864, 0x0864, 0x0865, 0x0864, 0x08A8, 0x0885, 0x0885, 0x0024, 0x0024, 0x2946, 0x632D, 0x8C91,
    0x634F, 0x2969, 0x2986, 0x0000, 0x4A49, 0x3165, 0x424A, 0x0865, 0x0865, 0x10A8, 0x10C8, 0x18C6,
    0x1085, 0x18E8, 0x08C9, 0x2969, 0x18E7, 0x0866, 0x1909, 0x18E7, 0x214A, 0x0887, 0x0067, 0x5311,
    0x192B, 0x3A2C, 0x934A, 0xE200, 0xEB02, 0xF3A2, 0xEAA2, 0xEAC1, 0xF261, 0xEAE1, 0xF281, 0xF2C1,
    0xEAA1, 0xF322, 0xEB62, 0xE282, 0xE262, 0xFA23, 0xB160, 0x9D13, 0x6B4E, 0x1063, 0x0822, 0x0843,
    0x73D0, 0xBA23, 0xEB22, 0xEA00, 0x9AC8, 0x7C32, 0x0001, 0x1063, 0x1063, 0x0001, 0x4A6A, 0x9C50,
    0xCB00, 0xEBE3, 0xEB82, 0xB242, 0xB324, 0xB384, 0xB304, 0xB304, 0xB2A3, 0xBA82, 0xEB02, 0xEB02,
    0xC340, 0x94B1, 0x2947, 0x18A4, 0x94B2, 0xB1C1, 0xF2A2, 0xEA42, 0xD2A1, 0x9430, 0x8411, 0xA575,
    0x9AC2, 0xF3E2, 0xE382, 0xE222, 0xF342, 0xE260, 0xE220, 0xE220, 0xE220, 0xE1C0, 0xE221, 0xC240,
    0x7B6C, 0x29CB, 0x0089, 0x10A7, 0x0886, 0x0887, 0x0887, 0x0864, 0x0886, 0x0887, 0x0864, 0x0864,
    0x0865, 0x0887, 0x0864, 0x0864, 0x0864, 0x08A7, 0x0843, 0x0843, 0x0863, 0x0843, 0x10A6, 0x18A5,
    0x0843, 0x0843, 0x0843, 0x1043, 0x0885, 0x2126, 0x3167, 0x2946, 0x1043, 0x0843, 0x0842, 0x0886,
    0x0843, 0x0801, 0x0842, 0x0842, 0x0842, 0x0843, 0x0842, 0x0886, 0x0843, 0x1064, 0x1085, 0x10A7,
    0x0887, 0x0063, 0x08A6, 0x0000, 0x0000, 0x0000, 0x0000, 0x0000, 0x0000, 0x0000, 0x0000, 0x0000,
    0x0000, 0x08C7, 0x0063, 0x0865, 0x1063, 0x0864, 0x0864, 0x10C9, 0x08C8, 0x0886, 0x0886, 0x0865,
    0x0885, 0x0865, 0x0864, 0x10A8, 0x0865, 0x0864, 0x422A, 0x8472, 0xAD95, 0x52AB, 0x18C6, 0x0002,
    0x0003, 0x2966, 0x4208, 0x634D, 0x31C8, 0x0002, 0x0843, 0x0842, 0x0864, 0x2148, 0x18A4, 0x10A4,
    0x1907, 0x10C7, 0x18A4, 0x18C4, 0x1084, 0x10A5, 0x0821, 0x0865, 0x1084, 0x1084, 0x2127, 0x0886,
    0x3A4C, 0x92EA, 0xE120, 0xE9C2, 0xEA21, 0xF241, 0xF1C2, 0xF202, 0xF202, 0xEA22, 0xF202, 0xF1A2,
    0xF1A2, 0xF1C2, 0xF141, 0xF182, 0xD0E0, 0x92CA, 0xADB6, 0x4A4A, 0x422A, 0x3187, 0x0843, 0x7BF0,
    0xC203, 0xFA22, 0xF1A1, 0x9AC8, 0x7C52, 0x0000, 0x0822, 0x1063, 0x0001, 0x7411, 0xA309, 0xEA01,
    0xF243, 0xC9A0, 0x8C51, 0x9D35, 0x94B3, 0x94B3, 0x8C93, 0x9D15, 0x83AE, 0xD141, 0xF1C3, 0xE1E0,
    0x9BAC, 0x5B0D, 0x1063, 0x94F3, 0xB181, 0xF9E3, 0xF1E3, 0xD1C1, 0xA4B2, 0x20E5, 0x52AB, 0xAD76,
    0x9981, 0xF201, 0xE982, 0xE9A2, 0xE9A3, 0xE983, 0xE922, 0xE983, 0xEA03, 0xF223, 0xD241, 0x8BAE,
    0x29AA, 0x0867, 0x0886, 0x0885, 0x0886, 0x0886, 0x0864, 0x0886, 0x0887, 0x0864, 0x0865, 0x0886,
    0x08A8, 0x0865, 0x0885, 0x0886, 0x08C9, 0x10A6, 0x18C7, 0x0886, 0x0886, 0x08C9, 0x0886, 0x0886,
    0x0886, 0x10A6, 0x10A6, 0x1109, 0x10E8, 0x18E7, 0x18E7, 0x0885, 0x1086, 0x0886, 0x08C9, 0x0886,
    0x0885, 0x0885, 0x0886, 0x0886, 0x0886, 0x0885, 0x10E9, 0x10E8, 0x10C7, 0x1085, 0x1064, 0x0865,
    0x0063, 0x08A6, 0x0000, 0x0000, 0x0000, 0x0000, 0x0000, 0x0000, 0x0000, 0x0000, 0x0000, 0x0000,
    0x08C7, 0x0063, 0x0865, 0x1064, 0x0843, 0x0842, 0x0865, 0x0864, 0x0842, 0x0843, 0x0842, 0x0843,
    0x0843, 0x0842, 0x0886, 0x0001, 0x8431, 0xB5D6, 0x94D2, 0xB5B6, 0x0823, 0x0865, 0x0842, 0x1063,
    0x0002, 0x52AB, 0x4A6B, 0x0004, 0x39A7, 0x18C4, 0x1063, 0x18C6, 0x0864, 0x18C4, 0x20E4, 0x18C5,
    0x52CE, 0x39C8, 0x31A8, 0x2989, 0x18E8, 0x18E5, 0x10C8, 0x2128, 0x1909, 0x218B, 0x194C, 0x426D,
    0x9BAD, 0xA8E3, 0xB9C4, 0xB1E4, 0xB1A4, 0xB143, 0xB143, 0xB122, 0xB122, 0xB162, 0xB9A3, 0xB9A3,
    0xB943, 0xB9C2, 0xA1A3, 0x93AD, 0xB5F8, 0x2946, 0x20E5, 0x31A8, 0x2946, 0x0002, 0x7C11, 0xA0A1,
    0xC8C0, 0xC080, 0x9288, 0x8452, 0x31A7, 0x422A, 0x0843, 0x1063, 0x94D3, 0x91C2, 0xD100, 0xD160,
    0x99E4, 0x9D35, 0x1042, 0x1063, 0x1063, 0x0843, 0x18C4, 0x9D34, 0xA0A1, 0xD8A0, 0xD880, 0x8963,
    0x7411, 0x20C4, 0x8CB2, 0x98A0, 0xD8E0, 0xD0A0, 0xB040, 0x9430, 0x39C8, 0x0000, 0x5AEC, 0xAD55,
    0x9964, 0xC8A0, 0xD0C0, 0xC880, 0xD060, 0xD040, 0xD040, 0xD0C0, 0xD8C0, 0xB040, 0x7B4C, 0x29CB,
    0x0045, 0x0864, 0x0843, 0x0843, 0x0864, 0x0821, 0x0843, 0x0864, 0x0822, 0x0842, 0x0843, 0x0865,
    0x0842, 0x0842, 0x1063, 0x0886, 0x1043, 0x1063, 0x0842, 0x0842, 0x0886, 0x0843, 0x0842, 0x0843,
    0x0843, 0x0843, 0x10C6, 0x0844, 0x0843, 0x0843, 0x1064, 0x0864, 0x0844, 0x08A7, 0x0864, 0x0864,
    0x0864, 0x0864, 0x0865, 0x0865, 0x0864, 0x08C9, 0x1085, 0x0842, 0x0842, 0x0863, 0x0864, 0x0063,
    0x08A6, 0x0000, 0x0000, 0x0000, 0x0000, 0x0000, 0x0000, 0x0000, 0x0000, 0x0000, 0x0000, 0x08E7,
    0x0063, 0x0865, 0x0844, 0x0843, 0x0843, 0x0886, 0x0044, 0x0843, 0x0863, 0x0843, 0x0823, 0x0843,
    0x0843, 0x18C5, 0x632D, 0xBE18, 0x3A08, 0xA575, 0x5AEC, 0x0002, 0x1908, 0x3187, 0x0821, 0x18C4,
    0x2105, 0x0023, 0x10C7, 0x4A8B, 0x1084, 0x2967, 0x424C, 0x29AB, 0x31CA, 0x2148, 0x0087, 0x21AC,
    0x298A, 0x1908, 0x0887, 0x3A4E, 0x3A2B, 0x10C8, 0x0885, 0x1929, 0x52EE, 0x218B, 0x2989, 0x8C92,
    0x8492, 0x8C93, 0x9D14, 0x9D14, 0xA575, 0x94F3, 0x9514, 0x8C92, 0x94B3, 0x8451, 0x8471, 0x8471,
    0x8C92, 0x9D56, 0x8C92, 0x39E8, 0x1084, 0x2946, 0x2106, 0x422A, 0x4209, 0x8411, 0x9CF3, 0x9492,
    0x9451, 0xA513, 0x8C51, 0x2947, 0x4209, 0x0843, 0x2926, 0xCE59, 0xA4F3, 0xAD34, 0xAD13, 0xBDD6,
    0x6B4D, 0x0001, 0x0843, 0x0822, 0x0843, 0x0000, 0x7BF0, 0xA4F3, 0x9C30, 0x9C51, 0x9C71, 0xBDF7,
    0x3167, 0xB5D7, 0xA492, 0xACB2, 0xACB2, 0xAC92, 0xC638, 0x2946, 0x0822, 0x0001, 0x4A6A, 0x9D55,
    0x9C91, 0xA470, 0x9C0F, 0x93EF, 0x93CF, 0x93CE, 0x93CE, 0x93EF, 0x93CE, 0xAD54, 0x298A, 0x0889,
    0x08A7, 0x0887, 0x08A7, 0x08A7, 0x0864, 0x0865, 0x0886, 0x0843, 0x0843, 0x0844, 0x0886, 0x0842,
    0x0822, 0x1083, 0x0886, 0x0842, 0x0842, 0x0843, 0x0842, 0x0886, 0x0843, 0x0843, 0x0843, 0x0843,
    0x0822, 0x0864, 0x0864, 0x0842, 0x0843, 0x0842, 0x0843, 0x0842, 0x0886, 0x0863, 0x0842, 0x0842,
    0x0842, 0x0842, 0x0842, 0x0842, 0x0886, 0x0864, 0x0843, 0x0843, 0x0843, 0x0864, 0x0043, 0x0886,
    0x0000, 0x0000, 0x0000, 0x0000, 0x0000, 0x0000, 0x0000, 0x0000, 0x0000, 0x0000, 0x08C7, 0x0043,
    0x10C7, 0x18C5, 0x1064, 0x1063, 0x0845, 0x2989, 0x1063, 0x1064, 0x0001, 0x8C52, 0x7BF0, 0x0002,
    0x4229, 0x9D14, 0x7C30, 0x6B6D, 0xBE17, 0x0842, 0x0843, 0x1907, 0x2127, 0x0885, 0x10C6, 0x3A0B,
    0x216A, 0x1109, 0x2148, 0x0866, 0x10A6, 0x10C8, 0x0086, 0x0024, 0x0844, 0x0865, 0x10C7, 0x424A,
    0x1063, 0x0844, 0x10A5, 0x20C4, 0x1085, 0x2926, 0x4A4B, 0x10A5, 0x08A8, 0x10C7, 0x4209, 0x52AC,
    0x4A6B, 0x52CC, 0x5AEC, 0x4A29, 0x2125, 0x39A8, 0x5AEC, 0x6B6E, 0x422A, 0x4A4A, 0x4A4A, 0x3187,
    0x2105, 0x2105, 0x39E8, 0x4A6B, 0x31A8, 0x31A8, 0x4A6B, 0x31A7, 0x2126, 0x31A8, 0x3187, 0x52AB,
    0x6B8F, 0x31A8, 0x2126, 0x3167, 0x4A6A, 0x2126, 0x2946, 0x422A, 0x2967, 0x2967, 0x3167, 0x1063,
    0x1084, 0x18C5, 0x18C5, 0x18C5, 0x18C4, 0x2106, 0x4229, 0x422A, 0x4209, 0x4209, 0x3187, 0x0843,
    0x18C4, 0x39E9, 0x39E9, 0x3A09, 0x424A, 0x39E8, 0x1063, 0x0843, 0x0843, 0x0000, 0x0802, 0x39C8,
    0x4A6A, 0x4A6A, 0x4A6A, 0x4A6A, 0x4A6A, 0x4A6A, 0x4A6A, 0x4A6B, 0x41E8, 0x08A7, 0x0865, 0x0844,
    0x0843, 0x0864, 0x0886, 0x0843, 0x0865, 0x0887, 0x0864, 0x0865, 0x0886, 0x08A8, 0x0864, 0x10C6,
    0x0845, 0x08C8, 0x0844, 0x0823, 0x0844, 0x0822, 0x0886, 0x0843, 0x0822, 0x0842, 0x0842, 0x0822,
    0x0864, 0x0843, 0x0822, 0x0842, 0x0842, 0x0843, 0x0842, 0x0886, 0x0843, 0x0843, 0x0843, 0x0843,
    0x0843, 0x0843, 0x0842, 0x0887, 0x0864, 0x0842, 0x0843, 0x0843, 0x0844, 0x0043, 0x0885, 0x0000,
    0x0000, 0x0000, 0x0000, 0x0000, 0x0000, 0x0000, 0x0000, 0x0000, 0x0000, 0x08C7, 0x0063, 0x0865,
    0x10A5, 0x31A9, 0x2926, 0x10C7, 0x2969, 0x1084, 0x0864, 0x0023, 0x422B, 0x39EA, 0x18C5, 0x5B0C,
    0xA534, 0x52CB, 0xB5F7, 0x5AEB, 0x0000, 0x1061, 0x0842, 0x0863, 0x0864, 0x1906, 0x2126, 0x1907,
    0x0865, 0x18A3, 0x2925, 0x4A29, 0x52AB, 0x39C8, 0x20E4, 0x0842, 0x0864, 0x0865, 0x0821, 0x0842,
    0x0865, 0x0024, 0x39CA, 0x426E, 0x10C8, 0x218C, 0x08A8, 0x08CA, 0x31AA, 0xB575, 0x832C, 0x938D,
    0x938D, 0x940F, 0xA534, 0x0842, 0x528B, 0xACF3, 0x93AE, 0x9C0F, 0x9BEF, 0x93EF, 0xAD96, 0x3187,
    0x3187, 0x9CF3, 0x8BCF, 0x9430, 0x9430, 0xA4D2, 0x94D3, 0x2106, 0x31A8, 0x8C72, 0x9471, 0x9471,
    0x9471, 0x8C31, 0x8410, 0x7BEF, 0x8430, 0x8451, 0x4209, 0x4229, 0x0822, 0x0002, 0x2946, 0xB5B6,
    0x94B2, 0x94D3, 0x94D3, 0x94D3, 0x94B2, 0x8C71, 0x8C51, 0x8451, 0x8431, 0x8451, 0x8472, 0x5AEC,
    0x0001, 0x0001, 0x0002, 0x0001, 0x0002, 0x0843, 0x0822, 0x1063, 0x73CF, 0x94F4, 0x8472, 0x8451,
    0x8451, 0x8451, 0x8451, 0x8451, 0x8451, 0x8451, 0x8451, 0x9491, 0x1929, 0x08C9, 0x0887, 0x0865,
    0x0864, 0x0864, 0x0821, 0x0843, 0x0865, 0x0821, 0x0842, 0x0843, 0x0866, 0x0823, 0x2126, 0x39EA,
    0x298B, 0x4A6C, 0x1907, 0x0865, 0x2107, 0x08A8, 0x0886, 0x0885, 0x0885, 0x0886, 0x0865, 0x08A7,
    0x0885, 0x0844, 0x0843, 0x0843, 0x0843, 0x0842, 0x0885, 0x0863, 0x0822, 0x0842, 0x0842, 0x0842,
    0x0843, 0x0842, 0x0886, 0x0864, 0x0842, 0x0842, 0x0843, 0x0844, 0x0043, 0x0886, 0x0000, 0x0000,
    0x0000, 0x0000, 0x0000, 0x0000, 0x0000, 0x0000, 0x0000, 0x0000, 0x08E7, 0x0063, 0x10C8, 0x216B,
    0x218B, 0x320C, 0x21CD, 0x0067, 0x10A7, 0x0887, 0x2129, 0x2148, 0x0865, 0x3A29, 0x9D34, 0x8450,
    0x6B8E, 0xB5F7, 0x0841, 0x0841, 0x0841, 0x0841, 0x0840, 0x0840, 0x0020, 0x0820, 0x0862, 0x0021,
    0x2986, 0xE75D, 0xE75D, 0xD6DA, 0xD6BA, 0xB5B6, 0x3187, 0x0044, 0x10E9, 0x10A6, 0x10A7, 0x10C9,
    0x08A8, 0x0024, 0x0046, 0x0003, 0x0003, 0x0844, 0x0886, 0x1086, 0x73CF, 0xA040, 0xE040, 0xE080,
    0xA800, 0x9D14, 0x2926, 0x638F, 0x9903, 0xE020, 0xD040, 0xD860, 0xB000, 0x9C51, 0x5ACC, 0x52EC,
    0x930B, 0xC000, 0xD080, 0xC000, 0x8ACA, 0x6B8F, 0x18A3, 0x41E9, 0x9471, 0xA000, 0xC860, 0xB840,
    0xC860, 0xC060, 0xC880, 0x9820, 0x8C51, 0x422A, 0x94B3, 0x18C4, 0x2967, 0x39C8, 0x9471, 0xA000,
    0xC8A1, 0xB881, 0xB881, 0xB8A1, 0xB8E2, 0xB8C1, 0xB8A1, 0xB8A1, 0xB8E2, 0xA144, 0x832C, 0x8CB3,
    0x18C4, 0x0843, 0x1063, 0x1063, 0x0842, 0x18C4, 0xA596, 0x9BAE, 0xA944, 0xB903, 0xB903, 0xB923,
    0xB903, 0xB103, 0xB103, 0xB103, 0xB923, 0xA0A2, 0x8BEE, 0x29EB, 0x0067, 0x08A7, 0x08A7, 0x08A8,
    0x08C9, 0x0865, 0x0887, 0x08A8, 0x0864, 0x0023, 0x1084, 0x18E7, 0x0842, 0x1084, 0x1063, 0x0865,
    0x18C4, 0x10A4, 0x0842, 0x2105, 0x0886, 0x0843, 0x0843, 0x0843, 0x0864, 0x0864, 0x0887, 0x0886,
    0x1085, 0x10A6, 0x0885, 0x0866, 0x0885, 0x10E9, 0x0886, 0x2969, 0x4A8D, 0x0865, 0x0864, 0x0864,
    0x0843, 0x10A7, 0x0885, 0x0844, 0x10A6, 0x10A7, 0x0886, 0x0043, 0x08A6, 0x0000, 0x0000, 0x0000,
    0x0000, 0x0000, 0x0000, 0x0000, 0x0000, 0x0000, 0x0000, 0x08E7, 0x0063, 0x18E7, 0x39E9, 0x2105,
    0x3187, 0x422D, 0x1907, 0x39E9, 0x18C5, 0x2967, 0x2946, 0x3A08, 0x636D, 0xBE38, 0x8C71, 0xBE38,
    0x52CA, 0x0000, 0x0861, 0x0841, 0x0841, 0x0841, 0x0841, 0x0841, 0x0861, 0x0020, 0x0861, 0xB596,
    0xF7DF, 0xEF9D, 0xF7DF, 0xF7DF, 0xD6FB, 0xBE17, 0x4ACE, 0x0047, 0x0003, 0x0002, 0x0024, 0x18C6,
    0x2945, 0x3A09, 0x52AB, 0x73CF, 0x4A8A, 0x08C9, 0x0024, 0x638E, 0x9A07, 0xF0A1, 0xF102, 0xD840,
    0x9BAE, 0x636E, 0x6B4D, 0xC8A1, 0xF8E1, 0xE8E1, 0xF101, 0xE860, 0xA30B, 0x6BCF, 0x636E, 0xAA06,
    0xF0A1, 0xF102, 0xC840, 0xA4B2, 0x39E9, 0x0800, 0x632D, 0x932C, 0xE040, 0xF102, 0xF0E1, 0xB081,
    0xE8C1, 0xF0E2, 0xE040, 0x936D, 0x52AB, 0x0002, 0x2926, 0x18C4, 0x39C8, 0x9450, 0xC840, 0xF8E1,
    0xF0C1, 0xF0C1, 0xF8C0, 0xF8A0, 0xF8A0, 0xF880, 0xF8A0, 0xF0C1, 0xF0A0, 0xD000, 0x8208, 0x8451,
    0x0822, 0x1063, 0x1063, 0x0001, 0x9514, 0x9B0B, 0xC800, 0xF0A0, 0xF0A1, 0xF0A0, 0xF0C1, 0xF0C1,
    0xF0C1, 0xF0C1, 0xF0C1, 0xF8E1, 0xD840, 0x836D, 0x29CB, 0x0045, 0x0864, 0x0843, 0x0864, 0x0865,
    0x18C5, 0x10C6, 0x08A7, 0x0865, 0x298A, 0x3A4D, 0x194B, 0x10A6, 0x29A9, 0x2947, 0x1929, 0x20E5,
    0x18A4, 0x18A4, 0x18A4, 0x0886, 0x1084, 0x1063, 0x0843, 0x0843, 0x0822, 0x1085, 0x0822, 0x39A7,
    0x4209, 0x0001, 0x18E5, 0x18A4, 0x10A6, 0x0024, 0x7390, 0xBE19, 0x2969, 0x10C6, 0x10C7, 0x2149,
    0x08EA, 0x298A, 0x3A0B, 0x0885, 0x1064, 0x0865, 0x0043, 0x08A6, 0x0000, 0x0000, 0x0000, 0x0000,
    0x0000, 0x0000, 0x0000, 0x0000, 0x0000, 0x0000, 0x08E7, 0x0063, 0x10A6, 0x1084, 0x2968, 0x31A7,
    0x10E7, 0x2128, 0x18A4, 0x2947, 0x39C9, 0x0002, 0x6B6E, 0xAD95, 0x94F3, 0xA554, 0x8C92, 0x10A3,
    0x0861, 0x0840, 0x0841, 0x0841, 0x0841, 0x0841, 0x0841, 0x0841, 0x18E3, 0xA534, 0xFFFF, 0xE77D,
    0xF7FF, 0xCE79, 0xBDF7, 0xA555, 0xDEFB, 0xD6BA, 0x2946, 0x4A8A, 0x73AF, 0x8C92, 0xA555, 0x8CB2,
    0x94B2, 0x6B6D, 0x4208, 0x8471, 0x218C, 0x0003, 0x4249, 0x8B2C, 0xD840, 0xE8E1, 0xF060, 0x91E7,
    0xB659, 0x7AAA, 0xE080, 0xE8C1, 0xE8C1, 0xE8C1, 0xF0A0, 0xA144, 0xA5B6, 0x8C51, 0xB8A1, 0xF0E1,
    0xF0A1, 0xA923, 0x9534, 0x1063, 0x0822, 0x84B3, 0xA1A5, 0xF080, 0xE8C1, 0xD8C1, 0x4986, 0xC8C1,
    0xE8C1, 0xE880, 0x99A6, 0x8CD3, 0x4A4A, 0x5ACC, 0x4A4A, 0x5ACC, 0x8C10, 0xC040, 0xE8E1, 0xE8C1,
    0xC8A1, 0x8103, 0x99A5, 0x99A5, 0x99A5, 0x9924, 0xD060, 0xE8C1, 0xF0E2, 0xC000, 0x83EF, 0x39E9,
    0x0002, 0x0002, 0x3187, 0xAD54, 0xB820, 0xF8E1, 0xE0C1, 0xE0C1, 0xE8C1, 0xE060, 0xD840, 0xD840,
    0xD840, 0xD840, 0xE060, 0xC000, 0x7B2C, 0x29CC, 0x0089, 0x08A8, 0x0886, 0x0885, 0x0865, 0x1083,
    0x1084, 0x0864, 0x1062, 0x5AEC, 0x8452, 0x2129, 0x20E6, 0x2948, 0x10C6, 0x110A, 0x3A0C, 0x1907,
    0x424C, 0x5B0E, 0x10C8, 0x2988, 0x20C4, 0x0822, 0x1063, 0x1083, 0x0865, 0x0844, 0x0822, 0x0863,
    0x0843, 0x10A4, 0x1063, 0x10A6, 0x1084, 0x18A4, 0x2946, 0x2967, 0x18C4, 0x18A4, 0xB5D6, 0x31CA,
    0x2106, 0x3187, 0x0822, 0x1043, 0x0844, 0x0043, 0x08A6, 0x0000, 0x0000, 0x0000, 0x0000, 0x0000,
    0x0000, 0x0000, 0x0000, 0x0000, 0x0000, 0x08E7, 0x0063, 0x10A7, 0x2968, 0x420A, 0x5ACC, 0x1929,
    0x3A4C, 0x18C4, 0x2948, 0x2947, 0x2946, 0x2987, 0x638D, 0xAD96, 0x73CF, 0x4A8A, 0x39C9, 0x31C9,
    0x0042, 0x0841, 0x0841, 0x0841, 0x0861, 0x0820, 0x2124, 0xC659, 0xFFFF, 0xEF9E, 0xE75C, 0x8410,
    0x4208, 0x0841, 0x73CF, 0x52AA, 0xE75D, 0xC658, 0x5ACB, 0x4228, 0x2124, 0x1062, 0x0000, 0x52CB,
    0x3186, 0x0000, 0x4A69, 0x632E, 0x0003, 0x2105, 0x8410, 0xC080, 0xF0E1, 0xF0C1, 0xA8A1, 0xB679,
    0x91A6, 0xF080, 0xE8C1, 0xE8C1, 0xE8C1, 0xF8E1, 0xB820, 0xB618, 0xA410, 0xD020, 0xE902, 0xE860,
    0x9AAA, 0x7C31, 0x0000, 0x2926, 0x94D3, 0xB060, 0xF0C1, 0xF0C1, 0xB0C2, 0xA5F7, 0xA924, 0xF0A0,
    0xF0C1, 0xB081, 0x9D14, 0x3167, 0x20E5, 0x18E5, 0x39C8, 0x9450, 0xC040, 0xE8E1, 0xF0E1, 0xA860,
    0x84F3, 0x8CD3, 0x7431, 0x7410, 0x7C92, 0x7A49, 0xD860, 0xE8E1, 0xE860, 0x8A69, 0x530D, 0x0842,
    0x0822, 0x52AC, 0xA430, 0xD020, 0xE8E1, 0xE8C1, 0xF0C1, 0xC8A1, 0x8248, 0x932C, 0x92EB, 0x930B,
    0x930B, 0x9B0B, 0x92EB, 0xA513, 0x298A, 0x10A7, 0x10C6, 0x0885, 0x0866, 0x0887, 0x10A6, 0x1908,
    0x0886, 0x1064, 0x0822, 0x18A4, 0x31AA, 0x4209, 0x528B, 0x2105, 0x1086, 0x39E9, 0x424B, 0x31CA,
    0x4A8C, 0x216B, 0x10C7, 0x1086, 0x0865, 0x2969, 0x39EA, 0x216A, 0x2969, 0x4A6A, 0x4A4A, 0x2105,
    0x0822, 0x20E5, 0x10C7, 0x18E6, 0x1084, 0x1064, 0x1064, 0x18A4, 0x18C5, 0x41E9, 0x1908, 0x31A9,
    0x52AC, 0x420A, 0x0843, 0x0864, 0x0043, 0x08A6, 0x0000, 0x0000, 0x0000, 0x0000, 0x0000, 0x0000,
    0x0000, 0x0000, 0x0000, 0x0000, 0x08E7, 0x0063, 0x0865, 0x1084, 0x2106, 0x18C4, 0x1908, 0x10A6,
    0x0822, 0x0822, 0x1084, 0x39EA, 0x3188, 0x634D, 0xA575, 0x7BEF, 0x5B0B, 0x1907, 0x0886, 0x1064,
    0x0841, 0x0840, 0x0841, 0x0841, 0x0861, 0x0020, 0x39E8, 0xD6BA, 0xBE38, 0x634C, 0x0000, 0x5AEB,
    0x4A69, 0x9CD3, 0x0861, 0x6B6E, 0xD6DA, 0x0000, 0x0000, 0x0000, 0x0000, 0x0000, 0x528A, 0x632C,
    0x0000, 0x1061, 0x8472, 0x10A6, 0x0801, 0x7410, 0xA964, 0xF0A0, 0xE8C1, 0xD0A0, 0x5AAA, 0xB0E2,
    0xF0C1, 0xE8C1, 0xE0C1, 0xE8C1, 0xE8E1, 0xE040, 0x7B2C, 0x9228, 0xF060, 0xE8E1, 0xD020, 0x9C50,
    0x4A8B, 0x0000, 0x52CC, 0x93AE, 0xD020, 0xE8E2, 0xE860, 0x9A07, 0xC71C, 0x9269, 0xE860, 0xF0E2,
    0xC820, 0x93EF, 0x4229, 0x0021, 0x2947, 0x4A8B, 0x8C30, 0xC020, 0xF0E1, 0xF0C1, 0xB080, 0x9CD3,
    0x2926, 0x0802, 0x1043, 0x2926, 0x8C92, 0xB840, 0xF0E1, 0xE860, 0x8A28, 0x530D, 0x18C4, 0x0822,
    0x39C8, 0xA491, 0xC820, 0xE8E1, 0xE8C1, 0xF8A0, 0x8903, 0x95B7, 0x52AC, 0x6B8F, 0x4ACC, 0x52ED,
    0x52ED, 0x4ACC, 0x4A6A, 0x10E8, 0x08C8, 0x1085, 0x2126, 0x2126, 0x2969, 0x738F, 0x2989, 0x0887,
    0x10C6, 0x1086, 0x10A6, 0x0887, 0x1084, 0x0843, 0x1063, 0x10A6, 0x2105, 0x20E5, 0x3167, 0x2946,
    0x18E7, 0x18C4, 0x6B6E, 0x18C5, 0x0844, 0x2968, 0x1929, 0x1929, 0x3A2C, 0x298A, 0x2128, 0x0864,
    0x39E9, 0x2129, 0x31A9, 0x630D, 0x20E5, 0x3187, 0x1063, 0x2947, 0x632E, 0x10A6, 0x18C6, 0x422A,
    0x2947, 0x0843, 0x0864, 0x0043, 0x08A6, 0x0000, 0x0000, 0x0000, 0x0000, 0x0000, 0x0000, 0x0000,
    0x0000, 0x0000, 0x0000, 0x08E7, 0x0063, 0x0865, 0x0843, 0x0823, 0x0843, 0x08A7, 0x08A7, 0x10A6,
    0x10A6, 0x0886, 0x0866, 0x10A5, 0x5B0C, 0x94F3, 0x94D2, 0x5B0C, 0x2925, 0x0822, 0x1063, 0x0863,
    0x0863, 0x0841, 0x0841, 0x0840, 0x10A2, 0xC638, 0xC659, 0x8C91, 0x4A69, 0x52AA, 0x4229, 0x2965,
    0x39C7, 0x39A6, 0x4A69, 0x8430, 0x4A69, 0x0000, 0x0821, 0x0020, 0x0000, 0x3186, 0x73CF, 0x0000,
    0x0000, 0x6B6D, 0x528A, 0x0000, 0x530D, 0x92A9, 0xE860, 0xE8C1, 0xF0C1, 0x4841, 0xC8A1, 0xF0C1,
    0xE8C1, 0x7041, 0xE0C1, 0xE8C1, 0xF8C1, 0x6082, 0x98A1, 0xF8C1, 0xF0C1, 0xB0A2, 0x9D34, 0x20C5,
    0x0001, 0x7431, 0x99E7, 0xE860, 0xE8E2, 0xD040, 0x9C0F, 0x6BCF, 0x8BEF, 0xC840, 0xE8E2, 0xE840,
    0x9289, 0x73F0, 0x0001, 0x0822, 0x39E9, 0x9451, 0xC020, 0xE8E1, 0xF8C1, 0xA860, 0x84D3, 0x73F0,
    0x7431, 0x6BD0, 0x84D3, 0x7AAA, 0xD860, 0xF102, 0xD820, 0x832C, 0x632D, 0x0022, 0x2946, 0x8410,
    0xA596, 0xA0E2, 0xF0A1, 0xE0C1, 0xF0C1, 0xD060, 0x728A, 0x636E, 0x1883, 0x18A4, 0x18A4, 0x0000,
    0x39A8, 0x39C8, 0x1086, 0x110A, 0x1109, 0x10C8, 0x2149, 0x18C7, 0x2125, 0x18C5, 0x1044, 0x3966,
    0x3A0A, 0x3189, 0x08A8, 0x0865, 0x18E7, 0x2969, 0x1909, 0x0823, 0x0823, 0x0802, 0x0822, 0x18E7,
    0x2126, 0x2106, 0x2126, 0x0822, 0x39C8, 0x18E6, 0x1084, 0x0842, 0x31A9, 0x0864, 0x0864, 0x31AA,
    0x194B, 0x1929, 0x3A2C, 0x0885, 0x10C6, 0x0864, 0x1084, 0x18A4, 0x0886, 0x0864, 0x1062, 0x1043,
    0x1063, 0x0864, 0x0043, 0x08A6, 0x0000, 0x0000, 0x0000, 0x0000, 0x0000, 0x0000, 0x0000, 0x0000,
    0x0000, 0x0000, 0x08C7, 0x0063, 0x08A7, 0x10C8, 0x10A7, 0x10A6, 0x10EA, 0x08C7, 0x0864, 0x0864,
    0x10A4, 0x1063, 0x0822, 0x4A8A, 0x8491, 0x8C91, 0x5B2C, 0x3187, 0x0823, 0x1063, 0x0864, 0x0885,
    0x0820, 0x1061, 0x0000, 0x528A, 0xFFFF, 0xEF9D, 0x39E7, 0x52AA, 0xC658, 0x52AA, 0x3186, 0x1062,
    0x39E7, 0x4228, 0x4A69, 0xCE79, 0x632C, 0x0000, 0x0020, 0x0000, 0x10A2, 0x94D2, 0x1082, 0x0000,
    0x2945, 0x8C51, 0x0001, 0x3187, 0x8BAE, 0xD040, 0xF0E1, 0xE8C1, 0xC0A1, 0xE0C1, 0xF0C1, 0xD0C1,
    0x49C7, 0xC8C1, 0xF0C1, 0xF0C1, 0xC0A1, 0xD0A1, 0xE8C1, 0xE880, 0x9A07, 0x8492, 0x0001, 0x18C4,
    0x8CB2, 0xB0A1, 0xF0C1, 0xF0C1, 0xB0C1, 0x94F3, 0x1063, 0x8472, 0xA8E3, 0xF0A1, 0xF0A0, 0xA103,
    0x8CB2, 0x1063, 0x0001, 0x39C8, 0x9451, 0xC020, 0xF0E1, 0xE8C1, 0xD0A1, 0x8103, 0x91C6, 0x91C6,
    0x9A07, 0x9185, 0xC860, 0xF8E1, 0xF080, 0x88E2, 0x8CB3, 0x18C4, 0x41E9, 0x5AED, 0x4A4A, 0x630D,
    0xAD54, 0xA840, 0xF8C1, 0xE0C1, 0xF8C1, 0xC020, 0x7B4C, 0x7C11, 0x39C8, 0x4A6B, 0x4229, 0x6B6E,
    0x528B, 0x1909, 0x2169, 0x3188, 0x0844, 0x0886, 0x08A7, 0x18E7, 0x0886, 0x1086, 0x1863, 0x1084,
    0x18C4, 0x1085, 0x0822, 0x2106, 0x18E5, 0x0887, 0x1086, 0x1086, 0x1086, 0x1907, 0x10E8, 0x0843,
    0x0842, 0x1063, 0x0843, 0x0001, 0x0865, 0x0864, 0x1043, 0x0822, 0x1063, 0x0842, 0x18C4, 0x10C6,
    0x0843, 0x0823, 0x1084, 0x0865, 0x10A6, 0x10C7, 0x10A6, 0x08E9, 0x10C8, 0x1086, 0x1086, 0x1085,
    0x0886, 0x0043, 0x08A6, 0x0000, 0x0000, 0x0000, 0x0000, 0x0000, 0x0000, 0x0000, 0x0000, 0x0000,
    0x0000, 0x08C7, 0x0063, 0x0886, 0x1064, 0x0843, 0x0842, 0x0865, 0x0864, 0x1043, 0x0843, 0x1063,
    0x1063, 0x0822, 0x31A7, 0x73EF, 0x7C30, 0x6B6D, 0x39C7, 0x0801, 0x1063, 0x0864, 0x10A7, 0x1085,
    0x1084, 0x0000, 0x4229, 0xDF3C, 0xCE79, 0x20E3, 0x73CE, 0x94B2, 0x94B2, 0x738E, 0x52AA, 0x7BCF,
    0x8C51, 0x2965, 0x9D34, 0xF7BE, 0x632C, 0x0000, 0x0020, 0x0000, 0x94D3, 0x3186, 0x0000, 0x0000,
    0x8471, 0x3167, 0x0822, 0x7C10, 0xB0C2, 0xF0C0, 0xE8C1, 0xF0C1, 0xE8C1, 0xF8A0, 0xB0C2, 0x9DD7,
    0xA123, 0xF8A0, 0xE8C1, 0xE8C1, 0xE8C1, 0xE8E1, 0xD820, 0x9BCE, 0x5AED, 0x0000, 0x424A, 0x940F,
    0xD020, 0xE8E1, 0xE840, 0xAAA9, 0x9D76, 0x2145, 0x8CF4, 0xA2CA, 0xE840, 0xF0E1, 0xC040, 0x9451,
    0x3187, 0x0000, 0x39E9, 0x9451, 0xC820, 0xF0C1, 0xE8A1, 0xD0A1, 0xE060, 0xF880, 0xE860, 0xE860,
    0xF080, 0xE8C1, 0xC080, 0x78E3, 0x8C92, 0x4209, 0x3187, 0x5ACC, 0x2126, 0x39E9, 0x1884, 0x8472,
    0x9450, 0xC020, 0xF0E1, 0xE0A1, 0xF8E1, 0xA020, 0x8451, 0x4209, 0x528B, 0x20C5, 0x52AC, 0x3187,
    0x1949, 0x08CA, 0x10E8, 0x0864, 0x1064, 0x0864, 0x3187, 0x10A6, 0x08A8, 0x0885, 0x0865, 0x0865,
    0x08A6, 0x0842, 0x0822, 0x0842, 0x1085, 0x0842, 0x0843, 0x0864, 0x0864, 0x10A8, 0x10A6, 0x0885,
    0x0865, 0x0864, 0x1063, 0x1085, 0x0864, 0x0842, 0x1063, 0x0843, 0x0843, 0x0822, 0x0885, 0x1064,
    0x1063, 0x1063, 0x1042, 0x0842, 0x1043, 0x0842, 0x08A6, 0x1085, 0x1064, 0x1084, 0x1085, 0x0886,
    0x0043, 0x08A6, 0x0000, 0x0000, 0x0000, 0x0000, 0x0000, 0x0000, 0x0000, 0x0000, 0x0000, 0x0000,
    0x08C7, 0x0063, 0x0865, 0x0863, 0x0843, 0x0843, 0x0886, 0x1085, 0x0843, 0x0843, 0x0843, 0x0843,
    0x0822, 0x2105, 0x6BCF, 0xAD96, 0x6B6C, 0x4229, 0x0866, 0x08A6, 0x0887, 0x194A, 0x18A5, 0x0843,
    0x0841, 0x0820, 0x3186, 0x2985, 0x1061, 0x4249, 0x8C92, 0x9492, 0x7C10, 0x7BEF, 0x39E7, 0x39C7,
    0x3186, 0xCEBA, 0xDF1B, 0xFFFF, 0x73AE, 0x0000, 0x0000, 0x5AEC, 0x52AA, 0x0841, 0x0000, 0x4A69,
    0x6B6E, 0x0000, 0x638E, 0x99E7, 0xF080, 0xE8C1, 0xE8C1, 0xE8C1, 0xF080, 0x91C6, 0xC6FB, 0x8A07,
    0xE860, 0xE8C1, 0xE8C1, 0xE8C1, 0xF0C1, 0xB881, 0x9D13, 0x2926, 0x0000, 0x6BD0, 0x9A89, 0xE840,
    0xE8E1, 0xD860, 0x7248, 0xA492, 0x9C50, 0x9C92, 0x6A69, 0xD060, 0xF0E2, 0xE040, 0x930C, 0x5B0D,
    0x0000, 0x39E9, 0x9471, 0xC820, 0xF0C1, 0xF8C1, 0xA8A1, 0x4904, 0xD880, 0xE8E2, 0xE0C1, 0xE8E1,
    0xD060, 0x49A6, 0xB679, 0x4A4A, 0x1083, 0x2967, 0x3187, 0x2126, 0x39C8, 0x39C8, 0x20C4, 0xA576,
    0x8AEB, 0xE040, 0xE8C1, 0xE8C1, 0xE860, 0x8248, 0x73F0, 0x0000, 0x0842, 0x2926, 0x1062, 0x0866,
    0x0887, 0x10A7, 0x1909, 0x08A7, 0x10A7, 0x0802, 0x0843, 0x0865, 0x0843, 0x0864, 0x1086, 0x08C9,
    0x0885, 0x1085, 0x0864, 0x0886, 0x0843, 0x0843, 0x0843, 0x0842, 0x0885, 0x0843, 0x0863, 0x0864,
    0x0885, 0x0885, 0x10C8, 0x10A7, 0x1064, 0x0864, 0x1063, 0x0843, 0x0842, 0x0885, 0x1064, 0x1063,
    0x1063, 0x1063, 0x0863, 0x0843, 0x0842, 0x0886, 0x0864, 0x0842, 0x0843, 0x0843, 0x0844, 0x0043,
    0x08A6, 0x0000, 0x0000, 0x0000, 0x0000, 0x0000, 0x0000, 0x0000, 0x0000, 0x0000, 0x0000, 0x08C7,
    0x0063, 0x0865, 0x0843, 0x0843, 0x0842, 0x0886, 0x0865, 0x0842, 0x0842, 0x0822, 0x0863, 0x0843,
    0x10A5, 0x6BEF, 0xA575, 0x7C0F, 0x426A, 0x0044, 0x18A4, 0x1064, 0x0885, 0x0842, 0x0843, 0x0862,
    0x10A2, 0x0000, 0x18C3, 0x6B4D, 0x18C3, 0x6B6D, 0x528A, 0x31A6, 0x52AA, 0x39C7, 0x18A2, 0x18A3,
    0xAD55, 0x6B6D, 0xB5D7, 0xFFFF, 0x7C10, 0x52CB, 0x9D34, 0x9CF3, 0x6B4D, 0x1062, 0x2104, 0xAD95,
    0x08CA, 0x428E, 0x8B2C, 0xD840, 0xE8C1, 0xE8A1, 0xF0C1, 0xD820, 0x938D, 0x7433, 0x7B2D, 0xD060,
    0xF0C1, 0xE8A1, 0xE8C1, 0xF080, 0x9985, 0x8CF5, 0x08CB, 0x10EA, 0x8CD3, 0xA903, 0xF0A0, 0xE8A1,
    0xE8C1, 0xD880, 0xD040, 0xD060, 0xD040, 0xD080, 0xE8C1, 0xE0C1, 0xF080, 0x9985, 0x7C52, 0x0067,
    0x428F, 0x9451, 0xC820, 0xF0C1, 0xF0C1, 0xA840, 0x9576, 0x8AAA, 0xD800, 0xE8E1, 0xE0A1, 0xF0A1,
    0xB0A1, 0x7AEB, 0x8C71, 0x94D3, 0x94B2, 0x9492, 0x94D2, 0x8C92, 0x94B2, 0x94B2, 0x8CD3, 0x8228,
    0xE060, 0xE8C1, 0xE8C1, 0xF0A0, 0x9144, 0x7411, 0x0066, 0x08A7, 0x08A7, 0x08A7, 0x08EA, 0x08A8,
    0x0885, 0x1084, 0x0865, 0x08A7, 0x0886, 0x0887, 0x0887, 0x0842, 0x0842, 0x0843, 0x0886, 0x0843,
    0x0865, 0x0886, 0x08C9, 0x0865, 0x0864, 0x0843, 0x0842, 0x0886, 0x0843, 0x0843, 0x0842, 0x0842,
    0x0842, 0x0885, 0x0865, 0x0865, 0x0886, 0x08A6, 0x0886, 0x0865, 0x08A7, 0x1084, 0x1063, 0x1063,
    0x1043, 0x0843, 0x0843, 0x0842, 0x0886, 0x0864, 0x0843, 0x0843, 0x0843, 0x0864, 0x0042, 0x08A6,
    0x0000, 0x0000, 0x0000, 0x0000, 0x0000, 0x0000, 0x0000, 0x0000, 0x0000, 0x0000, 0x08C7, 0x0063,
    0x0865, 0x0844, 0x0843, 0x0822, 0x0866, 0x0845, 0x0844, 0x0865, 0x0886, 0x0025, 0x0886, 0x0844,
    0x73D0, 0xBE38, 0x8C92, 0x4A49, 0x0001, 0x3167, 0x2106, 0x0845, 0x0842, 0x0843, 0x1064, 0x2966,
    0x2945, 0x18E4, 0x94AF, 0x2102, 0x4249, 0x39C6, 0x2145, 0x528A, 0x2945, 0x0820, 0x0840, 0x0000,
    0x4229, 0x39C7, 0x8451, 0xFFFF, 0xDF1B, 0xBE38, 0xCE99, 0xBE17, 0x9D13, 0x9CF3, 0xDEFA, 0x1949,
    0x192A, 0x8451, 0xB061, 0xF0C1, 0xE0A1, 0xF0C1, 0xB860, 0x9CF3, 0x298A, 0x73F0, 0xB8C2, 0xF0A1,
    0xE8A1, 0xE8C1, 0xD820, 0x9B4C, 0x63B1, 0x0047, 0x3A0C, 0x9C71, 0xC040, 0xF0C1, 0xE8C1, 0xD860,
    0xD040, 0xD060, 0xD040, 0xD060, 0xD020, 0xD860, 0xE8C1, 0xF0C1, 0xB081, 0x8CB2, 0x10C8, 0x3A6E,
    0x9C51, 0xC820, 0xF0C1, 0xF0A1, 0xB081, 0x8C72, 0xA596, 0x8A28, 0xE020, 0xE8E1, 0xE0A1, 0xF0A1,
    0xD840, 0xB880, 0xB881, 0xB881, 0xB881, 0xB881, 0xB081, 0xB081, 0xB081, 0xB060, 0xD880, 0xE8C1,
    0xE8A1, 0xE8A1, 0xF080, 0x9964, 0x6BF1, 0x08CB, 0x110B, 0x110C, 0x110D, 0x090C, 0x10EB, 0x090B,
    0x0865, 0x0865, 0x0865, 0x0822, 0x0885, 0x08A8, 0x0886, 0x0885, 0x0864, 0x0885, 0x0822, 0x0843,
    0x0843, 0x0887, 0x0864, 0x0885, 0x0886, 0x0865, 0x08A7, 0x0843, 0x0842, 0x0842, 0x0843, 0x0842,
    0x0865, 0x0864, 0x0842, 0x0843, 0x1063, 0x1084, 0x0885, 0x08A8, 0x08A7, 0x10A7, 0x10A6, 0x1085,
    0x0864, 0x0843, 0x0842, 0x0865, 0x0864, 0x1063, 0x1063, 0x1043, 0x0844, 0x0042, 0x08A6, 0x0000,
    0x0000, 0x0000, 0x0000, 0x0000, 0x0000, 0x0000, 0x0000, 0x0000, 0x0000, 0x08C7, 0x0063, 0x0865,
    0x0843, 0x0843, 0x0844, 0x08C9, 0x196B, 0x0886, 0x0886, 0x0844, 0x52CC, 0x18C4, 0x0001, 0x10A6,
    0x6B6E, 0x9D34, 0x6B4D, 0x1043, 0x0822, 0x0844, 0x08A7, 0x0865, 0x0886, 0x0866, 0x0821, 0x1061,
    0x18C3, 0x2965, 0x2965, 0x0861, 0x20E4, 0x39E6, 0x0000, 0x0000, 0x0841, 0x1061, 0x0841, 0x4228,
    0x73CF, 0x528A, 0xB5B6, 0xFFFF, 0xC638, 0xD6DB, 0xEF9D, 0xAD55, 0x9D14, 0x9CF2, 0x1085, 0x0068,
    0x7C52, 0xA1A5, 0xF0A1, 0xE8E2, 0xF0A1, 0xA985, 0x8CD3, 0x0003, 0x63D1, 0xA1E6, 0xF081, 0xE8E1,
    0xF8E1, 0xB840, 0x9CD3, 0x31A9, 0x0003, 0x6BB1, 0x9B0B, 0xE040, 0xE902, 0xD861, 0x828A, 0x9C50,
    0x8BCE, 0x8BAD, 0x8B8D, 0x93CF, 0x7A69, 0xD861, 0xF0E2, 0xD020, 0x93AE, 0x426B, 0x31EA, 0x9C71,
    0xC820, 0xE8E1, 0xF0C1, 0xB0C1, 0x7C10, 0x2106, 0x9D55, 0x81C7, 0xD800, 0xF0E2, 0xE0C1, 0xE8C1,
    0xE8C1, 0xE8C1, 0xE8C1, 0xE8C1, 0xF0C1, 0xF0C1, 0xF0C1, 0xF0C1, 0xF0C1, 0xE8C1, 0xE0A1, 0xE0C1,
    0xF0E2, 0xD800, 0x8AEA, 0x530E, 0x0046, 0x10A7, 0x08A8, 0x08A7, 0x08A7, 0x08C8, 0x08A8, 0x08C8,
    0x08EA, 0x08A7, 0x0843, 0x0843, 0x0865, 0x0843, 0x0865, 0x0887, 0x08C9, 0x0864, 0x0843, 0x0843,
    0x0865, 0x0842, 0x0842, 0x0843, 0x0844, 0x08C8, 0x0886, 0x0885, 0x0864, 0x0843, 0x0842, 0x0865,
    0x0864, 0x0843, 0x0823, 0x0002, 0x0002, 0x0801, 0x10A6, 0x18E6, 0x0843, 0x0864, 0x0885, 0x10A7,
    0x08A7, 0x10C6, 0x1909, 0x0865, 0x0842, 0x0842, 0x0842, 0x0844, 0x0043, 0x08A6, 0x0000, 0x0000,
    0x0000, 0x0000, 0x0000, 0x0000, 0x0000, 0x0000, 0x0000, 0x0000, 0x08E7, 0x0063, 0x0866, 0x08A7,
    0x08A7, 0x10C7, 0x192A, 0x2128, 0x0822, 0x0822, 0x18E4, 0x52AC, 0x3188, 0x1063, 0x0865, 0x0001,
    0x2946, 0x738E, 0x1085, 0x0885, 0x10A7, 0x08C8, 0x0864, 0x0843, 0x0842, 0x0843, 0x0841, 0x0820,
    0x2104, 0x39E7, 0x2145, 0x2124, 0x4A66, 0x0821, 0x0842, 0x0000, 0x0000, 0x0000, 0x0000, 0x0841,
    0x2104, 0x1061, 0x632C, 0xAD96, 0xB5D6, 0xBE38, 0xBE17, 0xE73C, 0x5B0D, 0x0088, 0x0045, 0x52EE,
    0x8AEB, 0xD000, 0xE060, 0xD000, 0x9ACA, 0x6BD2, 0x0025, 0x4A8D, 0x8B2B, 0xC800, 0xE040, 0xE800,
    0x9903, 0x9535, 0x0865, 0x0888, 0x8494, 0x98C2, 0xE800, 0xE840, 0xA820, 0xA555, 0x422B, 0x2989,
    0x31CB, 0x29CB, 0x424C, 0x9D55, 0xA820, 0xF060, 0xE800, 0x91C6, 0x636F, 0x3A0A, 0x9C51, 0xC800,
    0xE860, 0xF040, 0xB020, 0x8472, 0x0886, 0x2107, 0x9D96, 0x8A28, 0xC800, 0xE840, 0xE860, 0xE860,
    0xE860, 0xE860, 0xE860, 0xE860, 0xE860, 0xE880, 0xE860, 0xE860, 0xF080, 0xF080, 0xF060, 0xD800,
    0x9185, 0x84B3, 0x0845, 0x0887, 0x08A9, 0x08A7, 0x0887, 0x0887, 0x0886, 0x0887, 0x08A8, 0x0886,
    0x0886, 0x0887, 0x08CA, 0x08A7, 0x0842, 0x0842, 0x0843, 0x0886, 0x0865, 0x0886, 0x0886, 0x0887,
    0x0843, 0x0842, 0x0843, 0x0842, 0x0865, 0x0843, 0x0843, 0x0865, 0x0886, 0x0865, 0x0887, 0x0865,
    0x0822, 0x2105, 0x3188, 0x31A8, 0x2925, 0x0865, 0x1084, 0x0822, 0x18C4, 0x39E8, 0x0822, 0x1063,
    0x0864, 0x08A8, 0x08A8, 0x0866, 0x0865, 0x0864, 0x0864, 0x0042, 0x08A7, 0x0000, 0x0000, 0x0000,
    0x0000, 0x0000, 0x0000, 0x0000, 0x0000, 0x0000, 0x0000, 0x08E7, 0x0063, 0x0887, 0x1085, 0x0822,
    0x20E5, 0x298A, 0x0004, 0x0843, 0x0843, 0x1064, 0x0843, 0x1084, 0x1042, 0x0866, 0x1086, 0x0845,
    0x0045, 0x1086, 0x0864, 0x0864, 0x0865, 0x0822, 0x0843, 0x0843, 0x0842, 0x0843, 0x0864, 0x1906,
    0x0863, 0x1062, 0x10A4, 0x0023, 0x0842, 0x0002, 0x3187, 0x94B2, 0x73AE, 0x4228, 0x1061, 0x0000,
    0x0821, 0x0000, 0x738E, 0x6B8E, 0x52CB, 0x5B0C, 0x8C71, 0x31A8, 0x0023, 0x0887, 0x2128, 0xA513,
    0x936D, 0xA3AE, 0x9B6D, 0xB555, 0x31AA, 0x0002, 0x18C6, 0xA535, 0x9B6D, 0xA36D, 0x92EB, 0xACB2,
    0x738E, 0x0003, 0x2969, 0xBDD6, 0x8ACA, 0xA2EB, 0xA2CA, 0xA3EF, 0x8C92, 0x0000, 0x0803, 0x0025,
    0x0023, 0x0000, 0x8C71, 0x9B6D, 0x9A07, 0xA228, 0x8AA9, 0x9CF3, 0x4A4B, 0xB595, 0x9A07, 0xB269,
    0xAA48, 0x9268, 0xAD55, 0x18E8, 0x0002, 0x20E4, 0x9D54, 0x9C30, 0x9A07, 0xA985, 0xA9A5, 0xA985,
    0xA985, 0xA985, 0xA964, 0xA164, 0xA144, 0xA144, 0xA144, 0xA144, 0xA944, 0xA9C6, 0x932C, 0x8CB2,
    0x2947, 0x4A8E, 0x10C8, 0x0845, 0x0886, 0x0887, 0x0865, 0x0865, 0x0866, 0x0866, 0x0865, 0x0887,
    0x0867, 0x0886, 0x0865, 0x0866, 0x0864, 0x0843, 0x0865, 0x0822, 0x0843, 0x0844, 0x08A8, 0x0886,
    0x0865, 0x0843, 0x0822, 0x0866, 0x0843, 0x0842, 0x0842, 0x0822, 0x0843, 0x0887, 0x10A7, 0x0024,
    0x9CD3, 0xEF9D, 0xE73D, 0x94D3, 0x0004, 0x0864, 0x0822, 0x1084, 0x18C5, 0x0822, 0x0843, 0x0822,
    0x0865, 0x0844, 0x1063, 0x1085, 0x0866, 0x0886, 0x0042, 0x08A7, 0x0000, 0x0000, 0x0000, 0x0000,
    0x0000, 0x0000, 0x0000, 0x0000, 0x0000, 0x0000, 0x08C7, 0x0063, 0x0865, 0x0843, 0x0843, 0x0822,
    0x0846, 0x0865, 0x0822, 0x0823, 0x0843, 0x0844, 0x0845, 0x0866, 0x08A9, 0x0866, 0x1064, 0x1043,
    0x0843, 0x0842, 0x0864, 0x0886, 0x0842, 0x0842, 0x0842, 0x0843, 0x0886, 0x08A8, 0x0844, 0x0843,
    0x0822, 0x0865, 0x0864, 0x0843, 0x0864, 0xB5D7, 0xBDF7, 0x39E7, 0x2104, 0x0861, 0x1061, 0x0000,
    0x7BEF, 0xDF1B, 0x73AE, 0x630C, 0x94D3, 0x7BEF, 0x10C9, 0x08C9, 0x0886, 0x0866, 0x29CC, 0x3A2B,
    0x3A4C, 0x42B0, 0x31EB, 0x0844, 0x08A7, 0x08A8, 0x39CA, 0x4AAE, 0x42D0, 0x42AE, 0x4A8D, 0x18E9,
    0x0888, 0x10A6, 0x4A6C, 0x42CF, 0x42AD, 0x4AEF, 0x5B51, 0x2149, 0x0864, 0x0886, 0x08A9, 0x0865,
    0x0865, 0x296A, 0x5B2F, 0x530E, 0x532F, 0x5B50, 0x5AEE, 0x2108, 0x6BB2, 0x6BF2, 0x6BF2, 0x6C13,
    0x7413, 0x632F, 0x0887, 0x10A7, 0x0024, 0x0844, 0x5310, 0x6BD2, 0x5B90, 0x63B2, 0x63B1, 0x6390,
    0x6391, 0x63D2, 0x6BD2, 0x6BF2, 0x6C13, 0x6C13, 0x6C12, 0x7433, 0x6C34, 0x52EE, 0x1086, 0x08C9,
    0x52EF, 0x10A7, 0x08A8, 0x0886, 0x0865, 0x0887, 0x0887, 0x0865, 0x0866, 0x0887, 0x10A6, 0x0866,
    0x0887, 0x0887, 0x0886, 0x0887, 0x08EA, 0x08A8, 0x0843, 0x0842, 0x0842, 0x0865, 0x0843, 0x0864,
    0x0886, 0x0865, 0x08A8, 0x0843, 0x0842, 0x0842, 0x0843, 0x0822, 0x0865, 0x1064, 0x0001, 0x9CD3,
    0xEF7D, 0xE75D, 0x94B2, 0x0045, 0x1085, 0x0842, 0x0822, 0x0822, 0x0843, 0x0843, 0x0842, 0x0885,
    0x0844, 0x1083, 0x1063, 0x0822, 0x0844, 0x0043, 0x08A7, 0x0000, 0x0000, 0x0000, 0x0000, 0x0000,
    0x0000, 0x0000, 0x0000, 0x0000, 0x0000, 0x08E7, 0x0063, 0x0865, 0x0864, 0x0843, 0x0843, 0x0886,
    0x0865, 0x0864, 0x0885, 0x0886, 0x0886, 0x0865, 0x1084, 0x18E7, 0x1063, 0x0842, 0x0843, 0x0843,
    0x0843, 0x0843, 0x0865, 0x0843, 0x0865, 0x0886, 0x0845, 0x0865, 0x0885, 0x0842, 0x0843, 0x0822,
    0x0886, 0x10CA, 0x0866, 0x10A4, 0x39C7, 0x1061, 0x0841, 0x4208, 0x0841, 0x0000, 0x18E4, 0xADB6,
    0x94B2, 0x632C, 0x8430, 0xF7DE, 0x73D0, 0x0024, 0x1043, 0x0886, 0x08A7, 0x0023, 0x0002, 0x0046,
    0x0004, 0x0001, 0x0886, 0x0886, 0x0843, 0x0002, 0x0025, 0x0003, 0x0001, 0x0003, 0x0887, 0x0843,
    0x0822, 0x0025, 0x0004, 0x0001, 0x0001, 0x0004, 0x0823, 0x0843, 0x0865, 0x0865, 0x0843, 0x0843,
    0x0866, 0x0001, 0x0001, 0x0003, 0x0003, 0x0001, 0x0823, 0x0004, 0x0001, 0x0001, 0x0004, 0x0002,
    0x0001, 0x0844, 0x0887, 0x0843, 0x0843, 0x0004, 0x0004, 0x0001, 0x0002, 0x0026, 0x0002, 0x0001,
    0x0004, 0x0025, 0x0002, 0x0002, 0x0046, 0x0024, 0x0002, 0x0004, 0x0026, 0x0844, 0x0843, 0x0025,
    0x0886, 0x0864, 0x0886, 0x0887, 0x0864, 0x0864, 0x0887, 0x0866, 0x0864, 0x0865, 0x0886, 0x0865,
    0x0864, 0x0886, 0x0887, 0x0865, 0x0843, 0x0865, 0x0886, 0x0864, 0x0886, 0x0822, 0x0842, 0x0843,
    0x0843, 0x08A8, 0x0886, 0x0886, 0x0864, 0x0843, 0x0822, 0x0865, 0x1065, 0x0001, 0x9CF4, 0xEF7E,
    0xEF7D, 0x9CF3, 0x0066, 0x10C8, 0x0886, 0x10A6, 0x10A5, 0x0843, 0x0842, 0x0822, 0x0885, 0x0865,
    0x0822, 0x0843, 0x0843, 0x0864, 0x0043, 0x08A7, 0x0000, 0x0000, 0x0000, 0x0000, 0x0000, 0x0000,
    0x0000, 0x0000, 0x0000, 0x0000, 0x08E7, 0x0063, 0x0866, 0x1065, 0x0844, 0x0843, 0x08C9, 0x08E9,
    0x08A7, 0x0865, 0x1084, 0x18A4, 0x0822, 0x0822, 0x18E8, 0x52AC, 0x0843, 0x0843, 0x0842, 0x0842,
    0x0885, 0x08C9, 0x0885, 0x0885, 0x0843, 0x2946, 0x18A4, 0x0865, 0x0842, 0x0864, 0x1086, 0x0886,
    0x0886, 0x0841, 0x0820, 0x0000, 0x0841, 0x1062, 0x0000, 0x1082, 0x7C10, 0x9D14, 0x8C71, 0x6B6D,
    0xAD75, 0xB5D6, 0xA534, 0x1905, 0x0887, 0x08EA, 0x08C8, 0x0865, 0x10A8, 0x110A, 0x10A7, 0x0885,
    0x10C9, 0x10C9, 0x0865, 0x0866, 0x10EA, 0x10A8, 0x0886, 0x10A7, 0x10EA, 0x0887, 0x0886, 0x08A8,
    0x10EA, 0x0886, 0x10A6, 0x08C8, 0x10C8, 0x0886, 0x0866, 0x08C9, 0x0886, 0x0866, 0x0886, 0x08A9,
    0x1085, 0x1085, 0x08A7, 0x10A7, 0x1085, 0x0865, 0x10C9, 0x10A6, 0x1085, 0x10A7, 0x10C9, 0x10A6,
    0x10A6, 0x08A8, 0x0887, 0x0865, 0x0885, 0x10C9, 0x10A7, 0x1085, 0x10A7, 0x10C9, 0x1085, 0x1085,
    0x10C8, 0x10C8, 0x0885, 0x1086, 0x10E9, 0x10C8, 0x1085, 0x10A7, 0x08C9, 0x0887, 0x0865, 0x0887,
    0x08C9, 0x0886, 0x0865, 0x08A8, 0x0887, 0x0865, 0x0886, 0x08A8, 0x0886, 0x0865, 0x0887, 0x08A7,
    0x0886, 0x0865, 0x0887, 0x08A7, 0x0886, 0x0886, 0x08C9, 0x08C9, 0x0865, 0x0843, 0x0842, 0x0842,
    0x0886, 0x0843, 0x0864, 0x0885, 0x0886, 0x0865, 0x0886, 0x0864, 0x1063, 0xC618, 0xE75D, 0xEF7D,
    0xC617, 0x0886, 0x0864, 0x0843, 0x0885, 0x08A6, 0x08A7, 0x08A6, 0x0864, 0x0886, 0x0864, 0x0842,
    0x0843, 0x0843, 0x0864, 0x0043, 0x08C7, 0x0000, 0x0000, 0x0000, 0x0000, 0x0000, 0x0000, 0x0000,
    0x0000, 0x0000, 0x0000, 0x08E7, 0x0063, 0x0886, 0x1044, 0x0864, 0x08A7, 0x08E9, 0x0885, 0x0843,
    0x0843, 0x0843, 0x0843, 0x18C5, 0x18C4, 0x0865, 0x0843, 0x0843, 0x0843, 0x0865, 0x0886, 0x0887,
    0x08A7, 0x0842, 0x0843, 0x0843, 0x18A4, 0x1084, 0x08A8, 0x1086, 0x0886, 0x0844, 0x0821, 0x0820,
    0x0841, 0x0841, 0x0841, 0x0841, 0x0000, 0x31A6, 0xAD95, 0xC679, 0xBE38, 0xB5F7, 0x94D2, 0x6B8D,
    0x8430, 0x2104, 0x0844, 0x10A7, 0x0843, 0x0821, 0x1085, 0x08A7, 0x0842, 0x0821, 0x1085, 0x0865,
    0x0822, 0x0842, 0x0886, 0x0844, 0x0822, 0x0842, 0x0886, 0x0843, 0x0842, 0x0842, 0x0886, 0x0843,
    0x0842, 0x0842, 0x1086, 0x0843, 0x0842, 0x0843, 0x0865, 0x0842, 0x0842, 0x0844, 0x0865, 0x0842,
    0x0842, 0x0844, 0x0864, 0x0842, 0x0842, 0x0865, 0x0843, 0x0842, 0x0843, 0x0886, 0x1084, 0x2126,
    0x0823, 0x0886, 0x0843, 0x0843, 0x0864, 0x0887, 0x0843, 0x0843, 0x0865, 0x0886, 0x0843, 0x0843,
    0x0885, 0x0886, 0x1064, 0x1064, 0x10A7, 0x0886, 0x0843, 0x0864, 0x10A7, 0x0886, 0x0843, 0x0864,
    0x08A7, 0x10A7, 0x1084, 0x0865, 0x0887, 0x0864, 0x0843, 0x0865, 0x0886, 0x0864, 0x0843, 0x1086,
    0x0886, 0x0864, 0x0864, 0x0886, 0x0887, 0x0865, 0x0843, 0x0865, 0x0886, 0x0865, 0x0842, 0x0886,
    0x0843, 0x0843, 0x0842, 0x0843, 0x0864, 0x10E9, 0x0046, 0x4209, 0xE73C, 0xDEDB, 0xD69A, 0xE71B,
    0x4A4B, 0x0002, 0x1083, 0x0842, 0x0842, 0x0843, 0x0865, 0x0885, 0x10C9, 0x08C8, 0x0863, 0x0843,
    0x0843, 0x0864, 0x0043, 0x08C7, 0x0000, 0x0000, 0x0000, 0x0000, 0x0000, 0x0000, 0x0000, 0x0000,
    0x0000, 0x0000, 0x08E7, 0x0063, 0x0866, 0x10A7, 0x08A8, 0x0844, 0x0866, 0x0865, 0x0843, 0x0844,
    0x0843, 0x0823, 0x18E5, 0x20C4, 0x0865, 0x0865, 0x0866, 0x0886, 0x0865, 0x0843, 0x0843, 0x0886,
    0x0842, 0x0843, 0x0843, 0x0865, 0x08A7, 0x10C9, 0x0887, 0x0886, 0x18E4, 0x1061, 0x0000, 0x0000,
    0x0841, 0x0841, 0x0841, 0x6B4D, 0xBE18, 0xC658, 0xCEBA, 0xC658, 0x9D34, 0x738E, 0x31A9, 0x0025,
    0x08A9, 0x10C9, 0x0866, 0x0865, 0x08C9, 0x08A8, 0x0865, 0x0865, 0x08C9, 0x08A8, 0x0865, 0x0865,
    0x08C9, 0x08A8, 0x0865, 0x0865, 0x08A9, 0x08A7, 0x0865, 0x0865, 0x08A7, 0x08A7, 0x0865, 0x0865,
    0x0887, 0x08A7, 0x0865, 0x0865, 0x0887, 0x10C8, 0x0865, 0x0864, 0x0886, 0x0886, 0x0844, 0x0864,
    0x0886, 0x0886, 0x0844, 0x0864, 0x0887, 0x0885, 0x0864, 0x0864, 0x0887, 0x0865, 0x0844, 0x1064,
    0x0887, 0x0885, 0x0864, 0x0843, 0x0887, 0x0886, 0x0844, 0x0844, 0x0886, 0x0865, 0x0844, 0x0844,
    0x0887, 0x10C7, 0x1064, 0x0844, 0x0887, 0x1086, 0x0843, 0x0844, 0x0887, 0x08A7, 0x1064, 0x0843,
    0x1086, 0x0887, 0x0023, 0x0843, 0x18E8, 0x10C8, 0x0843, 0x0864, 0x0886, 0x0886, 0x0864, 0x0843,
    0x0886, 0x0887, 0x0864, 0x0864, 0x0886, 0x08A7, 0x0865, 0x0864, 0x0886, 0x08C9, 0x10EA, 0x0864,
    0x0842, 0x0843, 0x0843, 0x1042, 0x0845, 0x0024, 0xCE59, 0xB5B6, 0xBDD7, 0xBDF7, 0xAD55, 0xDEDB,
    0x0842, 0x0002, 0x0843, 0x0843, 0x0843, 0x0843, 0x0842, 0x0865, 0x0886, 0x08A7, 0x10A7, 0x1064,
    0x0864, 0x0043, 0x08C7, 0x0000, 0x0000, 0x0000, 0x0000, 0x0000, 0x0000, 0x0000, 0x0000, 0x0000,
    0x0000, 0x08E7, 0x0063, 0x08A8, 0x10A7, 0x0843, 0x0843, 0x0887, 0x0865, 0x0843, 0x0843, 0x0843,
    0x0843, 0x0843, 0x0865, 0x10EA, 0x1086, 0x0864, 0x0843, 0x0843, 0x0843, 0x0864, 0x0886, 0x0842,
    0x0885, 0x0887, 0x0885, 0x0843, 0x0842, 0x0885, 0x0886, 0x20E4, 0x2145, 0x2966, 0x20E3, 0x0840,
    0x0000, 0x632C, 0xC679, 0xC659, 0xC679, 0xAD75, 0x7BCF, 0x3187, 0x0802, 0x0824, 0x10C7, 0x1085,
    0x0822, 0x0864, 0x08A7, 0x0865, 0x0842, 0x0843, 0x10A7, 0x1085, 0x0843, 0x0843, 0x08A7, 0x0885,
    0x0843, 0x0843, 0x1086, 0x10A7, 0x0002, 0x0843, 0x0864, 0x08A7, 0x0843, 0x0864, 0x0844, 0x0887,
    0x0864, 0x0864, 0x0844, 0x0887, 0x31CA, 0x10A5, 0x0844, 0x0887, 0x0865, 0x2863, 0x1064, 0x0866,
    0x10A6, 0x1084, 0x0844, 0x0887, 0x0886, 0x0864, 0x0864, 0x0886, 0x0886, 0x0864, 0x18E6, 0x0865,
    0x10A8, 0x0864, 0x0865, 0x0864, 0x10C9, 0x0885, 0x0865, 0x0865, 0x08A8, 0x0886, 0x0865, 0x1065,
    0x10E9, 0x10C8, 0x0865, 0x0865, 0x08A8, 0x08C8, 0x0865, 0x0865, 0x10A7, 0x0888, 0x0865, 0x0864,
    0x426D, 0x3A4E, 0x10C9, 0x18E7, 0x18E8, 0x190A, 0x18C8, 0x20A5, 0x2128, 0x212A, 0x298C, 0x18E7,
    0x18C6, 0x18E9, 0x10C9, 0x0886, 0x0885, 0x08A7, 0x08C9, 0x08A7, 0x0886, 0x1065, 0x0886, 0x08A7,
    0x0864, 0x1043, 0x0002, 0x18A5, 0xAD76, 0xFFFF, 0x3167, 0xB597, 0xC638, 0x2105, 0xF7BE, 0xCE79,
    0x39A8, 0x0842, 0x1063, 0x0843, 0x0843, 0x0843, 0x0885, 0x0864, 0x0842, 0x0865, 0x10A7, 0x08A7,
    0x0042, 0x08C7, 0x0000, 0x0000, 0x0000, 0x0000, 0x0000, 0x0000, 0x0000, 0x0000, 0x0000, 0x0000,
    0x08E7, 0x0063, 0x0866, 0x1044, 0x0844, 0x0843, 0x0887, 0x0865, 0x0822, 0x0843, 0x0865, 0x0887,
    0x08A7, 0x0885, 0x0886, 0x1063, 0x0843, 0x0843, 0x0843, 0x0842, 0x0864, 0x10EA, 0x08C9, 0x08A7,
    0x0864, 0x0864, 0x08A7, 0x08C9, 0x0886, 0x0864, 0x0887, 0x08A9, 0x18C6, 0x3188, 0x31C9, 0x5B0C,
    0xCE99, 0xA554, 0xAD96, 0x6BAF, 0x31C9, 0x0843, 0x0823, 0x10A7, 0x10C8, 0x0864, 0x0843, 0x0886,
    0x08A8, 0x0864, 0x0843, 0x0863, 0x08A7, 0x1085, 0x1084, 0x0843, 0x0886, 0x0865, 0x0843, 0x0843,
    0x0864, 0x10A7, 0x0822, 0x31A8, 0x20E5, 0x0866, 0x0864, 0x0843, 0x0842, 0x0864, 0x0865, 0x0842,
    0x0842, 0x0843, 0x0885, 0x0821, 0x0842, 0x0842, 0x0865, 0x0842, 0x1842, 0x0822, 0x0844, 0x1085,
    0x1062, 0x0822, 0x0844, 0x0865, 0x0842, 0x0822, 0x18C5, 0x18C7, 0x0821, 0x0822, 0x0842, 0x0865,
    0x0843, 0x0842, 0x0822, 0x0863, 0x0886, 0x0821, 0x0842, 0x0842, 0x0886, 0x0822, 0x1043, 0x1063,
    0x1085, 0x0864, 0x0842, 0x0822, 0x0864, 0x0885, 0x1042, 0x0821, 0x39E9, 0x426D, 0x39C9, 0x5A8A,
    0x62EC, 0x2927, 0x18A6, 0x50C3, 0x2083, 0x20A5, 0x18A6, 0x2083, 0x3146, 0x2126, 0x18C6, 0x20E6,
    0x20E4, 0x18A4, 0x10A6, 0x0865, 0x0843, 0x0822, 0x0864, 0x0865, 0x0864, 0x0842, 0x0843, 0x10A6,
    0x0025, 0x630D, 0xFFDE, 0xFFFF, 0x632D, 0x0000, 0xC639, 0xDEFB, 0x0000, 0x4A4A, 0xE75C, 0xFFFF,
    0x94D3, 0x0000, 0x0843, 0x0843, 0x0843, 0x0886, 0x0865, 0x0843, 0x0843, 0x0843, 0x0865, 0x0043,
    0x08C7, 0x0000, 0x0000, 0x0000, 0x0000, 0x0000, 0x0000, 0x0000, 0x0000, 0x0000, 0x0000, 0x08E7,
    0x0063, 0x0886, 0x1064, 0x0844, 0x0843, 0x0886, 0x0887, 0x1086, 0x10C8, 0x0886, 0x0864, 0x0843,
    0x0842, 0x10A6, 0x1064, 0x0843, 0x0843, 0x0864, 0x0886, 0x08A7, 0x0886, 0x0885, 0x0885, 0x08C9,
    0x08C9, 0x0886, 0x0865, 0x08A8, 0x08EA, 0x10A8, 0x0885, 0x0866, 0x08A9, 0x08C8, 0x2947, 0x630D,
    0x94D4, 0x39A8, 0x0865, 0x0044, 0x10A7, 0x10E9, 0x10A7, 0x0885, 0x0866, 0x10CA, 0x10EA, 0x0886,
    0x0865, 0x0887, 0x10EA, 0x08A7, 0x0886, 0x0886, 0x08C9, 0x08C9, 0x0886, 0x0886, 0x0887, 0x10CA,
    0x0886, 0x0886, 0x1928, 0x192A, 0x08A8, 0x0885, 0x0886, 0x0886, 0x08C9, 0x0887, 0x0886, 0x0885,
    0x08A8, 0x08A8, 0x0886, 0x0886, 0x0886, 0x08C9, 0x0886, 0x0886, 0x0886, 0x08A8, 0x08A8, 0x0886,
    0x0886, 0x0886, 0x08C9, 0x0865, 0x0866, 0x10A6, 0x110A, 0x0886, 0x0886, 0x0865, 0x0887, 0x08C9,
    0x0865, 0x0885, 0x0864, 0x08C8, 0x08A7, 0x0885, 0x0865, 0x0886, 0x08A8, 0x10A6, 0x10A6, 0x0865,
    0x10C9, 0x0886, 0x0865, 0x0865, 0x0046, 0x10EA, 0x10C7, 0x4A6D, 0x39EB, 0x08A9, 0x216B, 0x20A6,
    0x1885, 0x2045, 0x190A, 0x218A, 0x0864, 0x0886, 0x10A8, 0x10C8, 0x0844, 0x0864, 0x0887, 0x08C9,
    0x0887, 0x0885, 0x0886, 0x08C9, 0x08A8, 0x0885, 0x0865, 0x0887, 0x08C9, 0x10A6, 0x1086, 0x0044,
    0x738F, 0x9CD3, 0x2126, 0x0000, 0x0000, 0x7BD0, 0x8411, 0x0822, 0x0001, 0x0022, 0x6B4E, 0x738F,
    0x5B0D, 0x2948, 0x0865, 0x1043, 0x0865, 0x0865, 0x0843, 0x0863, 0x0843, 0x0865, 0x0043, 0x08C7,
    0x0000, 0x0000, 0x0000, 0x0000, 0x0000, 0x0000, 0x0000, 0x0000, 0x0000, 0x0000, 0x08E7, 0x0063,
    0x0886, 0x1085, 0x0843, 0x0843, 0x110A, 0x110A, 0x0885, 0x0864, 0x0843, 0x0843, 0x0864, 0x0863,
    0x10A6, 0x0843, 0x1064, 0x0886, 0x08A7, 0x1064, 0x0842, 0x1043, 0x0886, 0x0886, 0x0864, 0x0842,
    0x1064, 0x10A6, 0x1085, 0x0842, 0x0842, 0x08A6, 0x10A7, 0x1063, 0x0821, 0x0823, 0x0045, 0x0024,
    0x0822, 0x1042, 0x1085, 0x10A6, 0x0863, 0x0842, 0x0843, 0x10A6, 0x1085, 0x0842, 0x0842, 0x0864,
    0x10A6, 0x0843, 0x0843, 0x0842, 0x1085, 0x1085, 0x0842, 0x0843, 0x0842, 0x1087, 0x0864, 0x0843,
    0x0843, 0x0843, 0x0886, 0x0843, 0x0843, 0x0843, 0x0864, 0x0886, 0x0822, 0x0843, 0x0843, 0x0886,
    0x0864, 0x0863, 0x0863, 0x0864, 0x0886, 0x0843, 0x0864, 0x0843, 0x0866, 0x0885, 0x0843, 0x0864,
    0x1084, 0x10A7, 0x0864, 0x0864, 0x0843, 0x0886, 0x0886, 0x0843, 0x0864, 0x0843, 0x08A7, 0x0865,
    0x0864, 0x0864, 0x0864, 0x10C8, 0x1084, 0x0864, 0x0864, 0x0886, 0x10A7, 0x0864, 0x1065, 0x0864,
    0x1909, 0x1086, 0x0844, 0x5AEE, 0x73B1, 0x298C, 0x2149, 0x0003, 0x1085, 0x10A7, 0x0888, 0x1085,
    0x3147, 0x420B, 0x298A, 0x0888, 0x0885, 0x0864, 0x0886, 0x08A8, 0x1087, 0x0864, 0x0865, 0x10A7,
    0x10C9, 0x1086, 0x0864, 0x0885, 0x10A8, 0x10A8, 0x0885, 0x0864, 0x1086, 0x08C8, 0x10C7, 0x0002,
    0x39A8, 0x31A8, 0x736E, 0x8411, 0x31A8, 0x5ACC, 0x1063, 0x6B4E, 0x9492, 0x2105, 0x632D, 0x6B8F,
    0x2967, 0x0865, 0x10A7, 0x10E9, 0x1086, 0x0842, 0x0863, 0x0843, 0x0865, 0x0043, 0x08C8, 0x0000,
    0x0000, 0x0000, 0x0000, 0x0000, 0x0000, 0x0000, 0x0000, 0x0000, 0x0000, 0x08E7, 0x0063, 0x0886,
    0x1064, 0x0864, 0x10C7, 0x10C9, 0x0865, 0x0843, 0x0863, 0x0864, 0x0864, 0x0843, 0x0843, 0x10C8,
    0x10E9, 0x08C8, 0x0886, 0x0864, 0x1085, 0x10C8, 0x08C9, 0x0885, 0x0864, 0x0885, 0x10C8, 0x10A8,
    0x0865, 0x0864, 0x10A6, 0x10E9, 0x10A7, 0x0864, 0x0864, 0x10A7, 0x10C9, 0x10A6, 0x1084, 0x1084,
    0x10C8, 0x10A7, 0x0864, 0x0864, 0x0885, 0x10E9, 0x0886, 0x0864, 0x0864, 0x1086, 0x10C8, 0x0864,
    0x0864, 0x0863, 0x10A6, 0x08A7, 0x0843, 0x0864, 0x0843, 0x08A7, 0x0885, 0x0843, 0x0864, 0x0843,
    0x10A7, 0x0864, 0x0843, 0x0843, 0x0843, 0x0886, 0x0843, 0x2105, 0x1084, 0x0843, 0x0886, 0x0843,
    0x0863, 0x0843, 0x0864, 0x0865, 0x0842, 0x0843, 0x0842, 0x0865, 0x0864, 0x0842, 0x0843, 0x1063,
    0x0886, 0x0842, 0x0843, 0x0842, 0x0863, 0x0885, 0x0842, 0x0843, 0x0842, 0x0864, 0x0885, 0x0842,
    0x0843, 0x0842, 0x0864, 0x0886, 0x0842, 0x0843, 0x0842, 0x1085, 0x1064, 0x0842, 0x0822, 0x39A8,
    0x10A7, 0x18C5, 0x62ED, 0x8C92, 0x40E4, 0x1885, 0x1084, 0x0822, 0x1842, 0x30A4, 0x3128, 0x4A2A,
    0x3167, 0x4209, 0x0844, 0x0886, 0x0864, 0x0842, 0x0842, 0x0864, 0x10C7, 0x2967, 0x0821, 0x0843,
    0x1086, 0x1086, 0x0843, 0x0822, 0x1063, 0x0885, 0x0885, 0x0843, 0x0842, 0x1084, 0x0024, 0xCE59,
    0x94D3, 0x6B6E, 0xBDD7, 0x4229, 0xF7BE, 0x4229, 0xA535, 0x94B2, 0xBDF7, 0xA534, 0x0002, 0x0843,
    0x1063, 0x0843, 0x10A7, 0x10EA, 0x1085, 0x0843, 0x0843, 0x0865, 0x0043, 0x08E8, 0x0000, 0x0000,
    0x0000, 0x0000, 0x0000, 0x0000, 0x0000, 0x0000, 0x0000, 0x0000, 0x08E7, 0x0063, 0x0865, 0x10A6,
    0x10C8, 0x0864, 0x1086, 0x0886, 0x0864, 0x0844, 0x0843, 0x0843, 0x0885, 0x10A7, 0x10A7, 0x08A6,
    0x1085, 0x08A6, 0x10C9, 0x10E9, 0x10A6, 0x0885, 0x0886, 0x08EA, 0x08C8, 0x08A6, 0x0865, 0x08A7,
    0x10EA, 0x10C9, 0x08A7, 0x0885, 0x10C8, 0x110B, 0x10C9, 0x08A6, 0x0885, 0x10C8, 0x110B, 0x10C7,
    0x0886, 0x0886, 0x08C9, 0x08EA, 0x08A7, 0x08A7, 0x08A7, 0x10EA, 0x110B, 0x10A8, 0x08A8, 0x08A7,
    0x10C9, 0x110A, 0x10A7, 0x08A7, 0x08A6, 0x10E9, 0x08E9, 0x0887, 0x08A7, 0x0886, 0x10C9, 0x08CA,
    0x0886, 0x0886, 0x0886, 0x08A8, 0x10C9, 0x0865, 0x2149, 0x18E7, 0x08A8, 0x08C9, 0x0886, 0x0866,
    0x0886, 0x08C8, 0x08A8, 0x0886, 0x0886, 0x0885, 0x08A8, 0x08A8, 0x0885, 0x0886, 0x1086, 0x10EA,
    0x08A7, 0x1086, 0x0886, 0x0866, 0x10C9, 0x0886, 0x0885, 0x0885, 0x0865, 0x08C9, 0x0886, 0x0885,
    0x0886, 0x0885, 0x10E9, 0x08A7, 0x0885, 0x0886, 0x0886, 0x10C9, 0x08A6, 0x10A6, 0x0866, 0x0866,
    0x216C, 0x2169, 0x320B, 0x2107, 0x1065, 0x18C9, 0x08C7, 0x2864, 0x4189, 0x30E7, 0x190A, 0x29CB,
    0x10C6, 0x0865, 0x0885, 0x10A8, 0x10C8, 0x0885, 0x0864, 0x1086, 0x1109, 0x08C7, 0x0886, 0x0884,
    0x08A6, 0x10C9, 0x10C8, 0x0886, 0x0865, 0x08A7, 0x08C9, 0x10C8, 0x0866, 0x2147, 0xCE58, 0xAD76,
    0x4209, 0x73AF, 0x5AEC, 0xDEDB, 0x8431, 0x9CD3, 0xBDF7, 0x5ACC, 0x9CF3, 0x39E9, 0x18C5, 0x0843,
    0x0843, 0x0885, 0x0885, 0x10A6, 0x10C7, 0x0843, 0x0865, 0x0043, 0x08E8, 0x0000, 0x0000, 0x0000,
    0x0000, 0x0000, 0x0000, 0x0000, 0x0000, 0x0000, 0x0000, 0x08E7, 0x0063, 0x08A7, 0x10C8, 0x0843,
    0x0843, 0x08A7, 0x0886, 0x1043, 0x0864, 0x0886, 0x08A8, 0x08A6, 0x0864, 0x0842, 0x0864, 0x1086,
    0x10A6, 0x0864, 0x0842, 0x0843, 0x10A6, 0x08A6, 0x0864, 0x0842, 0x0843, 0x1086, 0x08A6, 0x0864,
    0x0842, 0x0842, 0x08A6, 0x08A7, 0x0864, 0x0842, 0x0842, 0x10A6, 0x08C7, 0x0843, 0x0842, 0x0842,
    0x0886, 0x1908, 0x18E5, 0x0822, 0x0842, 0x0885, 0x10A6, 0x0842, 0x0843, 0x0842, 0x0884, 0x10E7,
    0x0822, 0x0843, 0x0843, 0x1064, 0x10A7, 0x0843, 0x0843, 0x0843, 0x0844, 0x08A7, 0x0843, 0x0843,
    0x0843, 0x0842, 0x0886, 0x0843, 0x18C5, 0x31A8, 0x0022, 0x10A7, 0x0844, 0x1084, 0x2106, 0x0843,
    0x0886, 0x0864, 0x0843, 0x0864, 0x0843, 0x0865, 0x0865, 0x0843, 0x0864, 0x0863, 0x10A7, 0x0886,
    0x0843, 0x10C5, 0x2126, 0x0886, 0x0885, 0x0843, 0x0864, 0x0843, 0x0885, 0x0886, 0x0843, 0x0864,
    0x0864, 0x0864, 0x10C8, 0x0864, 0x0864, 0x1064, 0x1085, 0x08A8, 0x1084, 0x1085, 0x0844, 0x1906,
    0x42AF, 0x632F, 0x38C5, 0x30E6, 0x38A4, 0x28A7, 0x0865, 0x424B, 0x422B, 0x31A9, 0x3A2D, 0x0887,
    0x0864, 0x0864, 0x0864, 0x0885, 0x08C8, 0x0886, 0x0864, 0x0864, 0x08A6, 0x10A8, 0x0886, 0x0864,
    0x0864, 0x0886, 0x10C9, 0x08A7, 0x0864, 0x0864, 0x10A6, 0x0046, 0x6B4F, 0xAD55, 0xAD55, 0x8451,
    0x8431, 0xA534, 0x8431, 0xB5D7, 0xAD75, 0x9CF4, 0x738E, 0xA534, 0x1084, 0x1063, 0x0843, 0x0843,
    0x0886, 0x0885, 0x0842, 0x0885, 0x08A7, 0x0887, 0x0042, 0x08E8, 0x0000, 0x0000, 0x0000, 0x0000,
    0x0000, 0x0000, 0x0000, 0x0000, 0x0000, 0x0000, 0x08C7, 0x0063, 0x0865, 0x0844, 0x0864, 0x0843,
    0x0886, 0x1086, 0x10A6, 0x10C8, 0x0885, 0x0843, 0x0822, 0x1063, 0x0886, 0x1086, 0x0864, 0x0822,
    0x0843, 0x0886, 0x10A6, 0x0864, 0x0842, 0x0842, 0x0885, 0x10A7, 0x0864, 0x0842, 0x0822, 0x0864,
    0x10A7, 0x1085, 0x0842, 0x0842, 0x0864, 0x10C7, 0x1085, 0x0842, 0x0842, 0x0843, 0x10C8, 0x0885,
    0x3187, 0x18C4, 0x0822, 0x10A6, 0x0886, 0x0842, 0x0843, 0x0842, 0x0864, 0x1908, 0x31A7, 0x4209,
    0x31A7, 0x0002, 0x18E8, 0x2106, 0x0822, 0x0843, 0x0842, 0x08A6, 0x0843, 0x20E5, 0x4A4A, 0x0822,
    0x0864, 0x0885, 0x0822, 0x1084, 0x18C5, 0x0843, 0x1086, 0x0822, 0x1084, 0x2947, 0x0822, 0x0886,
    0x0843, 0x0843, 0x0843, 0x0842, 0x0864, 0x0864, 0x0842, 0x0843, 0x1042, 0x1085, 0x1085, 0x0001,
    0x39C8, 0x8431, 0x0003, 0x1086, 0x0842, 0x0843, 0x0843, 0x0843, 0x0886, 0x0843, 0x0843, 0x0843,
    0x0842, 0x1065, 0x0886, 0x0822, 0x18A4, 0x31A7, 0x0844, 0x0886, 0x0822, 0x18A4, 0x2926, 0x526B,
    0x30A7, 0x48C4, 0x3105, 0x3146, 0x5966, 0x3169, 0x31EB, 0x20A4, 0x20E5, 0x18C4, 0x0865, 0x0886,
    0x0843, 0x0843, 0x0843, 0x0843, 0x0886, 0x1085, 0x1043, 0x0842, 0x0843, 0x1065, 0x0886, 0x0843,
    0x0842, 0x0843, 0x1085, 0x10A7, 0x0864, 0x1042, 0x0822, 0x4209, 0x18A4, 0x2107, 0x4A4A, 0x39C8,
    0x4209, 0x0001, 0x3A0A, 0x3A0A, 0x18A4, 0x41E8, 0x3167, 0x0865, 0x1086, 0x1085, 0x1042, 0x1065,
    0x0886, 0x0843, 0x0843, 0x0843, 0x08A7, 0x0022, 0x08C8, 0x0000, 0x0000, 0x0000, 0x0000, 0x0000,
    0x0000, 0x0000, 0x0000, 0x0000, 0x0000, 0x08E7, 0x0063, 0x0865, 0x1064, 0x0844, 0x18A4, 0x3A2D,
    0x092C, 0x1109, 0x08C7, 0x10A6, 0x10A6, 0x08EA, 0x112B, 0x10C8, 0x08A6, 0x10A6, 0x10E9, 0x090B,
    0x10C8, 0x08A6, 0x08A6, 0x08A6, 0x110A, 0x10E9, 0x0886, 0x0885, 0x0886, 0x10C8, 0x110A, 0x08A6,
    0x0885, 0x0885, 0x10A7, 0x110A, 0x08A7, 0x0885, 0x0886, 0x1086, 0x110A, 0x08A7, 0x0865, 0x10A6,
    0x0885, 0x10E9, 0x10E9, 0x0865, 0x0886, 0x0885, 0x08A6, 0x10E9, 0x0865, 0x0864, 0x18E6, 0x10A5,
    0x10C9, 0x10A7, 0x1065, 0x0865, 0x10A6, 0x10C7, 0x08C8, 0x0864, 0x1085, 0x10A5, 0x0864, 0x08A8,
    0x0885, 0x0864, 0x0864, 0x0823, 0x0865, 0x0866, 0x0843, 0x0844, 0x0823, 0x0844, 0x0886, 0x0843,
    0x0844, 0x0864, 0x0843, 0x0865, 0x0865, 0x0843, 0x0844, 0x0843, 0x0865, 0x08A7, 0x0843, 0x0844,
    0x0843, 0x0864, 0x08A7, 0x0864, 0x0844, 0x0864, 0x0843, 0x0885, 0x1086, 0x0843, 0x0864, 0x0864,
    0x0843, 0x10A7, 0x1064, 0x1063, 0x0843, 0x2126, 0x1928, 0x2148, 0x18A4, 0x3106, 0x4125, 0x3106,
    0x296A, 0x4A4B, 0x2906, 0x3A4B, 0x3187, 0x0024, 0x08A6, 0x0822, 0x0843, 0x0843, 0x0864, 0x08A7,
    0x0864, 0x0843, 0x1063, 0x1043, 0x1085, 0x1087, 0x0864, 0x0843, 0x0843, 0x0864, 0x0886, 0x0885,
    0x0843, 0x0843, 0x0864, 0x08A6, 0x10A7, 0x1064, 0x0002, 0x0864, 0x0865, 0x0066, 0x0066, 0x0002,
    0x1064, 0x0003, 0x0066, 0x08A7, 0x0044, 0x0823, 0x1064, 0x1085, 0x10A7, 0x10C8, 0x10EA, 0x1065,
    0x0843, 0x0864, 0x1043, 0x0864, 0x0042, 0x08C8, 0x0000, 0x0000, 0x0000, 0x0000, 0x0000, 0x0000,
    0x0000, 0x0000, 0x0000, 0x0000, 0x08E7, 0x0063, 0x0865, 0x1064, 0x0843, 0x10A6, 0x1108, 0x1064,
    0x1086, 0x10A6, 0x1085, 0x10E9, 0x10A7, 0x1084, 0x0885, 0x0884, 0x08A7, 0x10E9, 0x0864, 0x0884,
    0x1085, 0x0885, 0x10C9, 0x0885, 0x0864, 0x0885, 0x0864, 0x08A7, 0x08C7, 0x0864, 0x0884, 0x0864,
    0x0864, 0x10C8, 0x0884, 0x0864, 0x1085, 0x1064, 0x08A8, 0x0865, 0x1064, 0x0885, 0x0864, 0x10A6,
    0x08A8, 0x0844, 0x0885, 0x0885, 0x0864, 0x10C9, 0x0885, 0x0864, 0x0885, 0x0864, 0x0886, 0x10C8,
    0x1084, 0x0845, 0x0865, 0x1085, 0x10C9, 0x0886, 0x1085, 0x0885, 0x0885, 0x1085, 0x0886, 0x1085,
    0x0865, 0x0865, 0x2128, 0x2129, 0x2149, 0x1908, 0x10A6, 0x18C7, 0x1908, 0x1908, 0x10A6, 0x18C7,
    0x10C6, 0x18E6, 0x18E7, 0x18C7, 0x10C6, 0x10A6, 0x10A6, 0x1908, 0x10E7, 0x10C7, 0x10C6, 0x10A6,
    0x10A6, 0x10C7, 0x10A6, 0x10A6, 0x1086, 0x1086, 0x0886, 0x08A7, 0x0886, 0x0886, 0x0886, 0x0886,
    0x10A7, 0x08CA, 0x0866, 0x0886, 0x1949, 0x20E8, 0x192C, 0x216B, 0x426D, 0x29AB, 0x1949, 0x194A,
    0x218D, 0x10A7, 0x0066, 0x0886, 0x10A7, 0x10E9, 0x10EA, 0x08A6, 0x08A7, 0x08A6, 0x08A7, 0x10EA,
    0x10A7, 0x0865, 0x0886, 0x1085, 0x08A7, 0x10EA, 0x10A7, 0x0886, 0x0886, 0x08A6, 0x08E9, 0x10EA,
    0x10A7, 0x08A6, 0x0886, 0x08A8, 0x10EA, 0x10C8, 0x10A6, 0x10A7, 0x10A6, 0x10C9, 0x110A, 0x10C7,
    0x2128, 0x1086, 0x08A7, 0x10E9, 0x110A, 0x10A7, 0x10A6, 0x10A7, 0x10C8, 0x10E9, 0x10E8, 0x1063,
    0x0863, 0x1043, 0x0865, 0x0042, 0x08E8, 0x0000, 0x0000, 0x0000, 0x0000, 0x0000, 0x0000, 0x0000,
    0x0000, 0x0000, 0x0000, 0x08E7, 0x0063, 0x0866, 0x0844, 0x1085, 0x10E8, 0x0843, 0x1064, 0x1044,
    0x1043, 0x1086, 0x1086, 0x0842, 0x1063, 0x0843, 0x1063, 0x1909, 0x18C4, 0x0843, 0x1063, 0x1043,
    0x0044, 0x6370, 0x39A7, 0x0022, 0x1063, 0x1063, 0x10A7, 0x1043, 0x1043, 0x1063, 0x1042, 0x1086,
    0x1065, 0x0843, 0x1063, 0x1063, 0x0844, 0x2149, 0x20E5, 0x0843, 0x1063, 0x1043, 0x0845, 0x2106,
    0x18A4, 0x1042, 0x1842, 0x0864, 0x1086, 0x0822, 0x20E5, 0x20E5, 0x0822, 0x1085, 0x0865, 0x0822,
    0x2946, 0x1083, 0x0843, 0x0886, 0x1042, 0x0843, 0x0843, 0x0843, 0x0843, 0x0822, 0x0843, 0x1084,
    0x1063, 0x528C, 0x5AED, 0x6B8F, 0x4A8B, 0x528B, 0x632E, 0x634F, 0x52ED, 0x4A4A, 0x5B0D, 0x420A,
    0x4A8B, 0x632E, 0x52AC, 0x420A, 0x528C, 0x422A, 0x5B0D, 0x52AC, 0x73D1, 0x52CC, 0x4A8B, 0x632E,
    0x52AC, 0x634E, 0x4209, 0x0001, 0x0822, 0x1063, 0x1043, 0x1063, 0x1063, 0x1063, 0x1063, 0x1063,
    0x1908, 0x18C5, 0x41E9, 0x526B, 0x28C4, 0x39C9, 0x214A, 0x2967, 0x18C5, 0x0823, 0x1043, 0x0865,
    0x1086, 0x1063, 0x1063, 0x0864, 0x0843, 0x1086, 0x1065, 0x0843, 0x0864, 0x0843, 0x1063, 0x0866,
    0x2947, 0x18C5, 0x0843, 0x1063, 0x0823, 0x0866, 0x1063, 0x1043, 0x0843, 0x0843, 0x0885, 0x0886,
    0x0843, 0x1043, 0x0843, 0x0843, 0x10A7, 0x0864, 0x1043, 0x1063, 0x0842, 0x0843, 0x18E8, 0x39C9,
    0x0822, 0x1043, 0x1042, 0x1064, 0x10A7, 0x0843, 0x1063, 0x1063, 0x0842, 0x1085, 0x10C8, 0x1063,
    0x1063, 0x1085, 0x0042, 0x08C7, 0x0000, 0x0000, 0x0000, 0x0000, 0x0000, 0x0000, 0x0000, 0x0000,
    0x0000, 0x0000, 0x08E7, 0x0063, 0x0865, 0x1086, 0x1109, 0x1044, 0x1064, 0x1064, 0x0843, 0x08A6,
    0x10A7, 0x1043, 0x1044, 0x1063, 0x0843, 0x18E9, 0x31A9, 0x0843, 0x1064, 0x0843, 0x1084, 0x08A7,
    0x18C4, 0x1084, 0x0843, 0x1043, 0x10A7, 0x1085, 0x1043, 0x1043, 0x0843, 0x1064, 0x10A7, 0x0843,
    0x1064, 0x1064, 0x1043, 0x0887, 0x18E7, 0x2126, 0x1084, 0x1043, 0x0843, 0x1929, 0x2947, 0x1084,
    0x0843, 0x1043, 0x1086, 0x0865, 0x0843, 0x1064, 0x1064, 0x0843, 0x1087, 0x0864, 0x0843, 0x2947,
    0x1884, 0x0865, 0x1086, 0x0843, 0x18A4, 0x1064, 0x1064, 0x1084, 0x1084, 0x18C5, 0x424B, 0x634F,
    0x6B4F, 0x52CD, 0x5B2E, 0x4A8B, 0x52AC, 0x4A4B, 0x4A8B, 0x632F, 0x6370, 0x4A6C, 0x4A6C, 0x4A6B,
    0x39C9, 0x632F, 0x5AED, 0x52AC, 0x4A8B, 0x634F, 0x422A, 0x4AAC, 0x41E9, 0x39EA, 0x634E, 0x52AC,
    0x4A6C, 0x52AD, 0x4A8C, 0x4A4B, 0x0802, 0x0002, 0x0002, 0x0002, 0x0002, 0x0002, 0x1063, 0x39EA,
    0x2149, 0x18A4, 0x1043, 0x0843, 0x0843, 0x0886, 0x0024, 0x0822, 0x1064, 0x0843, 0x1043, 0x10A7,
    0x1064, 0x0843, 0x1063, 0x1043, 0x1063, 0x10A7, 0x1064, 0x1063, 0x0863, 0x0843, 0x0844, 0x31CC,
    0x18A4, 0x0843, 0x0823, 0x3167, 0x2947, 0x0866, 0x1043, 0x0843, 0x0843, 0x1063, 0x10C7, 0x0865,
    0x0843, 0x0864, 0x0843, 0x0843, 0x10A7, 0x1064, 0x0843, 0x0864, 0x0843, 0x0844, 0x0867, 0x0864,
    0x0843, 0x0844, 0x0843, 0x1085, 0x214A, 0x1064, 0x0863, 0x1064, 0x1043, 0x1064, 0x10C8, 0x1063,
    0x1085, 0x0043, 0x08C7, 0x0000, 0x0000, 0x0000, 0x0000, 0x0000, 0x0000, 0x0000, 0x0000, 0x0000,
    0x0000, 0x08E8, 0x0043, 0x0864, 0x112B, 0x1044, 0x1044, 0x1064, 0x1043, 0x10A6, 0x10C8, 0x1063,
    0x1063, 0x1044, 0x1043, 0x10A7, 0x1085, 0x0843, 0x1064, 0x1043, 0x1063, 0x10A7, 0x1064, 0x0843,
    0x0843, 0x1043, 0x1085, 0x10A6, 0x1043, 0x1063, 0x1063, 0x1043, 0x10A7, 0x1064, 0x1043, 0x1043,
    0x1043, 0x1064, 0x10C7, 0x0842, 0x0843, 0x1043, 0x1043, 0x0886, 0x10C6, 0x1043, 0x0843, 0x1043,
    0x1043, 0x1087, 0x1043, 0x1043, 0x1043, 0x0843, 0x0863, 0x0886, 0x1042, 0x1043, 0x0822, 0x0842,
    0x1086, 0x1064, 0x0822, 0x5B0D, 0x6B6F, 0x630E, 0x52CD, 0x52AC, 0x634E, 0x422A, 0x73D1, 0x632E,
    0x5B0E, 0x6B6F, 0x6B6F, 0x630E, 0x6B70, 0x6B6E, 0x5AED, 0x6B4F, 0x6B90, 0x6BB0, 0x6B8F, 0x632D,
    0x634E, 0x632D, 0x4A8B, 0x632E, 0x6B6F, 0x73D0, 0x632E, 0x634E, 0x6B4F, 0x6B6F, 0x634F, 0x4209,
    0x6B6F, 0x52CC, 0x73D1, 0x52AC, 0x3A09, 0x52CD, 0x4A6B, 0x528C, 0x420A, 0x0843, 0x0842, 0x0865,
    0x0843, 0x0843, 0x1043, 0x0843, 0x1084, 0x1908, 0x18C5, 0x0843, 0x0843, 0x0843, 0x0864, 0x0886,
    0x0843, 0x1043, 0x1043, 0x1063, 0x1085, 0x1086, 0x0843, 0x0843, 0x0843, 0x1063, 0x1064, 0x0866,
    0x1043, 0x0842, 0x2106, 0x18C4, 0x0844, 0x1085, 0x0842, 0x0843, 0x1084, 0x1083, 0x0886, 0x0865,
    0x0842, 0x0843, 0x0843, 0x0843, 0x0886, 0x0864, 0x0842, 0x1043, 0x0842, 0x18A4, 0x18E8, 0x0844,
    0x0843, 0x0843, 0x1884, 0x2126, 0x0886, 0x1063, 0x1043, 0x1063, 0x0842, 0x1063, 0x10E9, 0x08A7,
    0x0021, 0x08E8, 0x0000, 0x0000, 0x0000, 0x0000, 0x0000, 0x0000, 0x0000, 0x0000, 0x0000, 0x0000,
    0x08E8, 0x0064, 0x0000, 0x08A5, 0x10C8, 0x10A7, 0x10A7, 0x10C7, 0x112A, 0x10A6, 0x0886, 0x08A6,
    0x08A6, 0x10A7, 0x10E8, 0x0885, 0x08A6, 0x0886, 0x0885, 0x10A7, 0x10C7, 0x1085, 0x10A6, 0x10A5,
    0x0885, 0x10C8, 0x10A6, 0x10A6, 0x08A6, 0x10A6, 0x10A7, 0x10C9, 0x0886, 0x10A6, 0x10A7, 0x10A6,
    0x10C8, 0x10C8, 0x10A6, 0x10A6, 0x10A6, 0x10A6, 0x10E9, 0x1086, 0x10A6, 0x1086, 0x0885, 0x10A6,
    0x10C8, 0x1086, 0x1086, 0x10A6, 0x10A5, 0x08A7, 0x10C8, 0x1086, 0x10A6, 0x10A6, 0x10A6, 0x10C8,
    0x10A6, 0x10A6, 0x10A6, 0x18C7, 0x18C6, 0x10C6, 0x10A6, 0x10A6, 0x0885, 0x18C7, 0x18C7, 0x18E7,
    0x18C7, 0x1907, 0x1907, 0x18E7, 0x2108, 0x10A6, 0x2107, 0x2128, 0x2127, 0x2128, 0x2989, 0x18E6,
    0x2948, 0x2107, 0x2148, 0x2107, 0x2969, 0x2128, 0x2148, 0x2148, 0x2969, 0x2989, 0x2127, 0x2148,
    0x2148, 0x3A0A, 0x2989, 0x2948, 0x39EA, 0x3189, 0x31A9, 0x2989, 0x1065, 0x1084, 0x10A7, 0x10A7,
    0x1064, 0x1065, 0x0844, 0x2107, 0x424D, 0x0887, 0x1064, 0x1065, 0x1065, 0x1064, 0x10A7, 0x1086,
    0x0864, 0x1085, 0x1085, 0x1085, 0x10A7, 0x1086, 0x1064, 0x1064, 0x0865, 0x1044, 0x10A7, 0x10A7,
    0x0864, 0x0844, 0x0844, 0x1064, 0x10A8, 0x1086, 0x1064, 0x0865, 0x0864, 0x0864, 0x10C8, 0x1086,
    0x1064, 0x0865, 0x0865, 0x1085, 0x10C9, 0x1085, 0x1065, 0x0865, 0x1085, 0x1085, 0x10C9, 0x1085,
    0x1085, 0x0885, 0x0864, 0x10A6, 0x10E9, 0x1086, 0x0885, 0x0886, 0x1086, 0x10C7, 0x0842, 0x0001,
    0x08E8, 0x0000, 0x0000, 0x0000, 0x0000, 0x0000, 0x0000, 0x0000, 0x0000, 0x0000, 0x0000, 0x08E8,
    0x0064, 0x0000, 0x0000, 0x0000, 0x0000, 0x0000, 0x0000, 0x0000, 0x0000, 0x0000, 0x0000, 0x0000,
    0x0000, 0x0000, 0x0000, 0x0000, 0x0000, 0x0000, 0x0000, 0x0000, 0x0000, 0x0000, 0x0000, 0x0000,
    0x0000, 0x0000, 0x0000, 0x0000, 0x0000, 0x0000, 0x0000, 0x0000, 0x0000, 0x0000, 0x0000, 0x0000,
    0x0000, 0x0000, 0x0000, 0x0000, 0x0000, 0x0000, 0x0000, 0x0000, 0x0000, 0x0000, 0x0000, 0x0000,
    0x0000, 0x0000, 0x0000, 0x0000, 0x0001, 0x0000, 0x0000, 0x0000, 0x0000, 0x0000, 0x0000, 0x0000,
    0x0000, 0x0000, 0x0000, 0x0000, 0x0000, 0x0000, 0x0000, 0x0001, 0x0000, 0x0000, 0x0000, 0x0000,
    0x0000, 0x0000, 0x0002, 0x0000, 0x0000, 0x0000, 0x0000, 0x0000, 0x0000, 0x0000, 0x0000, 0x0000,
    0x0000, 0x0000, 0x0001, 0x0001, 0x0001, 0x0002, 0x0001, 0x0001, 0x0001, 0x0001, 0x0001, 0x0001,
    0x0001, 0x0001, 0x0001, 0x0001, 0x0001, 0x0001, 0x0002, 0x0023, 0x0023, 0x0043, 0x0044, 0x0023,
    0x0043, 0x0044, 0x0023, 0x0023, 0x0864, 0x0043, 0x0844, 0x0044, 0x0844, 0x0844, 0x0864, 0x0844,
    0x0864, 0x0864, 0x0844, 0x0844, 0x0864, 0x0844, 0x0844, 0x0844, 0x0844, 0x0844, 0x0864, 0x0844,
    0x0864, 0x0844, 0x0844, 0x0844, 0x0864, 0x0844, 0x0843, 0x0043, 0x0023, 0x0043, 0x0043, 0x0022,
    0x0023, 0x0023, 0x0023, 0x0023, 0x0023, 0x0023, 0x0022, 0x0022, 0x0002, 0x0002, 0x0022, 0x0001,
    0x0002, 0x0022, 0x0002, 0x0002, 0x0001, 0x0001, 0x0000, 0x0000, 0x0000, 0x0000, 0x0021, 0x08C8,
    0x0000, 0x0000, 0x0000, 0x0000, 0x0000, 0x0000, 0x0000, 0x0000, 0x0000, 0x0000, 0x08E8, 0x0084,
    0x0000, 0x39E8, 0x8410, 0x8410, 0x8430, 0x8410, 0x8450, 0x634D, 0x1082, 0x8430, 0x8430, 0x8430,
    0x8430, 0x8430, 0x8430, 0x8C92, 0x8430, 0x7C10, 0x7C0F, 0x7BEF, 0x7BEF, 0x7BEF, 0x2104, 0x5B0C,
    0x73CF, 0x738E, 0x738E, 0x738E, 0x73AE, 0x18C3, 0x4A49, 0x7BCF, 0x738E, 0x73AE, 0x73AE, 0x73AE,
    0x7BEF, 0x7BEF, 0x738E, 0x738E, 0x6B8E, 0x6B6D, 0x6B6D, 0x4A49, 0x18C3, 0x6B2C, 0x630C, 0x630C,
    0x630C, 0x632C, 0x52AA, 0x0841, 0x5ACB, 0x5ACB, 0x5ACA, 0x52AA, 0x52AA, 0x52AA, 0x62EB, 0x52AA,
    0x4A69, 0x4A69, 0x4A69, 0x4A69, 0x5289, 0x2965, 0x1082, 0x4A69, 0x4228, 0x4208, 0x41E7, 0x39E7,
    0x39A6, 0x0841, 0x3186, 0x39A6, 0x39A6, 0x39A6, 0x31A6, 0x31A6, 0x39C6, 0x31A6, 0x2965, 0x2945,
    0x2924, 0x2124, 0x2924, 0x18C3, 0x0820, 0x2124, 0x2104, 0x2104, 0x2104, 0x20E3, 0x18E3, 0x0841,
    0x1082, 0x18A2, 0x10A2, 0x10A2, 0x10A2, 0x1082, 0x1082, 0x1082, 0x1082, 0x1081, 0x1082, 0x1061,
    0x1061, 0x1061, 0x0820, 0x0820, 0x0841, 0x0841, 0x0820, 0x0820, 0x0820, 0x0820, 0x0000, 0x0000,
    0x0020, 0x0000, 0x0000, 0x0000, 0x0000, 0x0020, 0x0000, 0x0000, 0x0000, 0x0000, 0x0000, 0x0000,
    0x0020, 0x0000, 0x0000, 0x0020, 0x0000, 0x0000, 0x0020, 0x0820, 0x0820, 0x0000, 0x0820, 0x0820,
    0x0840, 0x0840, 0x0840, 0x0841, 0x0841, 0x0861, 0x1061, 0x1081, 0x1082, 0x1082, 0x1082, 0x1082,
    0x0820, 0x1082, 0x10A2, 0x18A2, 0x18E3, 0x2104, 0x2124, 0x2925, 0x1082, 0x0021, 0x08E8, 0x0000,
    0x0000, 0x0000, 0x0000, 0x0000, 0x0000, 0x0000, 0x0000, 0x0000, 0x0000, 0x08E8, 0x0884, 0x0000,
    0x4208, 0x9D14, 0x9CF3, 0x9CF3, 0x9CF3, 0x9CF3, 0x94B2, 0x8410, 0x94B2, 0x94B3, 0x94D2, 0x94D3,
    0x94D3, 0x94B2, 0x3186, 0x8430, 0x9CF3, 0x94D3, 0x9CF3, 0x9CF3, 0x9CF3, 0x2125, 0x73CF, 0x9CF3,
    0x94D2, 0x94D2, 0x94B2, 0x94B2, 0x7BEF, 0x8451, 0x94D2, 0x94B2, 0x94B2, 0x94B2, 0x9CF3, 0x632C,
    0x5B0C, 0xA514, 0x9CF3, 0x9D14, 0x9D13, 0xAD55, 0x6B6D, 0x2945, 0x9D13, 0x9CD3, 0x9CD3, 0x9CF3,
    0x9D14, 0x94D3, 0x632D, 0x9D14, 0xA554, 0xA555, 0xA534, 0xA534, 0x9D13, 0x62EC, 0x9492, 0xA534,
    0x9D34, 0xA534, 0x9D14, 0xAD75, 0x634D, 0x3166, 0xB596, 0xAD75, 0xAD75, 0xAD75, 0xAD55, 0xA534,
    0x52AA, 0x9D14, 0xA555, 0xA534, 0xA534, 0xA534, 0xA555, 0x94B2, 0x9CF3, 0xA555, 0xA534, 0xA514,
    0x9D14, 0xA534, 0x73CF, 0x3186, 0x9CF3, 0x9CF3, 0x9CF3, 0x9CF3, 0x94D3, 0x9CF3, 0x2945, 0x73AE,
    0xA514, 0x94D3, 0x9CD3, 0x94D3, 0x94B2, 0x94B2, 0x94B2, 0x94B2, 0x94B2, 0x94B2, 0x94B2, 0x94B2,
    0x9D14, 0x31A6, 0x4A69, 0x9D13, 0x9492, 0x94B2, 0x9492, 0x9492, 0x8C51, 0x2104, 0x8410, 0x8C71,
    0x8C71, 0x8C71, 0x8C71, 0x8C71, 0x8C51, 0x9492, 0x8C71, 0x8C51, 0x8C51, 0x8C71, 0x8C51, 0x9492,
    0x31C7, 0x39E8, 0x9492, 0x8C51, 0x8C71, 0x8C71, 0x9492, 0x7BEF, 0x2124, 0x8C92, 0x9492, 0x9492,
    0x94B2, 0x9492, 0x94B2, 0x94B2, 0x94D2, 0x94B2, 0x9492, 0x9492, 0x9492, 0x94B2, 0x9492, 0x2945,
    0x8431, 0x9CF3, 0x94F3, 0x94D3, 0x94D3, 0x94D3, 0x9D13, 0x39E7, 0x0000, 0x08E9, 0x0000, 0x0000,
    0x0000, 0x0000, 0x0000, 0x0000, 0x0000, 0x0000, 0x0000, 0x0000, 0x08E8, 0x0084, 0x0000, 0x39E8,
    0x9D14, 0x94D3, 0x9CF3, 0x9CF3, 0x9D14, 0x8C71, 0x4A8A, 0x94B2, 0x94B2, 0x94B2, 0x94B2, 0x94B2,
    0x94B2, 0x632D, 0x8C51, 0x94D3, 0x94D3, 0x94D3, 0x94D3, 0x9CF3, 0x2925, 0x73CF, 0x9D14, 0x94D3,
    0x94D3, 0x94B2, 0x94B2, 0x632D, 0x7BF0, 0x94B2, 0x8C92, 0x8C92, 0x8C72, 0x94B2, 0x6B4D, 0x632C,
    0x94D3, 0x94B2, 0x94D2, 0x94D2, 0x9D14, 0x6B4D, 0x2945, 0x94B2, 0x8C71, 0x8C71, 0x8C71, 0x8C71,
    0x8C51, 0x738E, 0x8C71, 0x8C92, 0x8C71, 0x8C71, 0x8C71, 0x8430, 0x2124, 0x6B6E, 0x8C92, 0x8451,
    0x8451, 0x8450, 0x8C71, 0x52AA, 0x3186, 0x8C71, 0x8C51, 0x8C71, 0x8C71, 0x8C92, 0x8C92, 0x8C71,
    0x8C71, 0x8C71, 0x8C51, 0x8451, 0x8430, 0x8C51, 0x39E8, 0x5ACB, 0x8C71, 0x8450, 0x8451, 0x8451,
    0x8450, 0x8C51, 0x8C92, 0x8430, 0x8430, 0x8430, 0x8430, 0x8430, 0x8C51, 0x2124, 0x632C, 0x8C51,
    0x8430, 0x8451, 0x8451, 0x9492, 0x5ACB, 0x10A2, 0x8C51, 0x8430, 0x8430, 0x8430, 0x8451, 0x8451,
    0x8C92, 0x8C92, 0x8C71, 0x8C71, 0x8C71, 0x8C71, 0x8C92, 0x8430, 0x2104, 0x7BEF, 0x8C71, 0x8451,
    0x8C51, 0x8C51, 0x8C51, 0x8451, 0x18C3, 0x6B6D, 0x8C71, 0x8451, 0x8C51, 0x8C71, 0x8C51, 0x8C71,
    0x8C71, 0x8C71, 0x8C71, 0x8C71, 0x8C91, 0x94B2, 0x7BCF, 0x2945, 0x8C91, 0x8C92, 0x8C92, 0x8C91,
    0x8C71, 0x9492, 0x6B4D, 0x18C3, 0x8C71, 0x8430, 0x8430, 0x8430, 0x8430, 0x8450, 0x9492, 0x8C51,
    0x8C51, 0x8C71, 0x8C51, 0x8430, 0x8410, 0x8C71, 0x31A6, 0x0000, 0x08E9, 0x0000, 0x0000, 0x0000,
    0x0000, 0x0000, 0x0000, 0x0000, 0x0000, 0x0000, 0x0000, 0x08C7, 0x0043, 0x0000, 0x2104, 0x62EB,
    0x5ACA, 0x62EB, 0x5ACB, 0x62EB, 0x4A68, 0x0820, 0x4A69, 0x5269, 0x4A69, 0x4A69, 0x4A69, 0x5269,
    0x5AAA, 0x5289, 0x4A69, 0x5269, 0x5289, 0x52A9, 0x5ACA, 0x1881, 0x4207, 0x5ACA, 0x5AAA, 0x5ACA,
    0x5ACA, 0x62EB, 0x1081, 0x39C6, 0x62EB, 0x5ACA, 0x5ACA, 0x5ACA, 0x5ACA, 0x632C, 0x6B2C, 0x5AEB,
    0x630C, 0x632C, 0x632C, 0x6B6D, 0x4A69, 0x2103, 0x736D, 0x6B6D, 0x738D, 0x738D, 0x738E, 0x632C,
    0x1082, 0x73AE, 0x7BCE, 0x7BCE, 0x7BCE, 0x7BCE, 0x7BEF, 0x8C91, 0x8430, 0x7C0F, 0x840F, 0x840F,
    0x7BEF, 0x8430, 0x4208, 0x20E3, 0x8430, 0x7C0F, 0x8430, 0x8451, 0x8C91, 0x8430, 0x18C3, 0x8410,
    0x8C91, 0x8C71, 0x8C51, 0x8C51, 0x8C51, 0x94B2, 0x94B2, 0x94B2, 0x9492, 0x94B2, 0x94B2, 0x94D3,
    0x6B4D, 0x2125, 0x94D3, 0x94B2, 0x94B2, 0x94B2, 0x94B2, 0x9CF3, 0x2945, 0x73AE, 0x9CF3, 0x94B2,
    0x94D3, 0x94B2, 0x94B2, 0x9492, 0x8C71, 0x94D3, 0x94D3, 0x94D3, 0x94D2, 0x94B2, 0x9CF3, 0x4228,
    0x5AEB, 0xA554, 0x9CF3, 0x9CF3, 0x9CF3, 0x9D13, 0x94D3, 0x2104, 0x8451, 0x9D14, 0x9CF3, 0x9CF3,
    0x94D3, 0x9CF3, 0x9CF3, 0x7C10, 0x94B2, 0x9CF3, 0x94D3, 0x94D3, 0x94D3, 0x9CF3, 0x52AA, 0x5ACB,
    0x9D14, 0x9CF3, 0x9CF3, 0x9CF3, 0xA534, 0x8451, 0x2945, 0x9D14, 0xA534, 0xA534, 0x9D34, 0x9D14,
    0x9D14, 0x94D3, 0x8C72, 0x9CF3, 0x9CF3, 0x94D3, 0x94D3, 0x94D3, 0x94B2, 0x31A7, 0x8C72, 0x9CF3,
    0x94D3, 0x94D3, 0x94D2, 0x94B2, 0x9CD3, 0x39C6, 0x0000, 0x08E9, 0x0000, 0x0000, 0x0000, 0x0000,
    0x0000, 0x0000, 0x0000, 0x0000, 0x0000, 0x0000, 0x08A5, 0x0929, 0x08A5, 0x0085, 0x0023, 0x0023,
    0x0023, 0x0023, 0x0024, 0x0024, 0x0085, 0x0024, 0x0024, 0x0024, 0x0024, 0x0024, 0x0024, 0x0024,
    0x0024, 0x0024, 0x0044, 0x0024, 0x0024, 0x0024, 0x0085, 0x0044, 0x0004, 0x0023, 0x0003, 0x0003,
    0x0003, 0x0065, 0x0044, 0x0003, 0x0003, 0x0003, 0x0003, 0x0003, 0x0002, 0x0002, 0x0002, 0x0002,
    0x0002, 0x0002, 0x0002, 0x0022, 0x0043, 0x0001, 0x0001, 0x0001, 0x0001, 0x0001, 0x0001, 0x0043,
    0x0001, 0x0001, 0x0001, 0x0001, 0x0001, 0x0001, 0x0000, 0x0001, 0x0001, 0x0001, 0x0001, 0x0001,
    0x0001, 0x0021, 0x0021, 0x0001, 0x0001, 0x0001, 0x0001, 0x0001, 0x0021, 0x0021, 0x0021, 0x0021,
    0x0021, 0x0021, 0x0021, 0x0821, 0x0821, 0x0841, 0x0841, 0x0841, 0x0841, 0x0861, 0x1061, 0x0841,
    0x0020, 0x1081, 0x1081, 0x1082, 0x1082, 0x1082, 0x18A2, 0x0820, 0x1081, 0x18C2, 0x18A2, 0x18C2,
    0x18A2, 0x18C2, 0x20E3, 0x2103, 0x20E3, 0x20E3, 0x20E3, 0x2103, 0x2103, 0x2104, 0x0820, 0x1081,
    0x3165, 0x2965, 0x3165, 0x2965, 0x3165, 0x3165, 0x0820, 0x2944, 0x3185, 0x3185, 0x3185, 0x3185,
    0x3185, 0x3186, 0x39C6, 0x39A6, 0x3185, 0x3185, 0x3185, 0x3185, 0x39A6, 0x1081, 0x1082, 0x39A6,
    0x3185, 0x3185, 0x3165, 0x3165, 0x2924, 0x0840, 0x3185, 0x3185, 0x3185, 0x3185, 0x3165, 0x2965,
    0x2945, 0x2945, 0x2924, 0x2124, 0x2104, 0x2104, 0x2103, 0x2103, 0x0820, 0x20E3, 0x2104, 0x18C3,
    0x18A2, 0x18A2, 0x1082, 0x1082, 0x0821, 0x0042, 0x0909, 0x0000, 0x0000, 0x0000, 0x0000, 0x0000,
    0x0000, 0x0000, 0x0000, 0x0000, 0x0000, 0x0000, 0x0085, 0x08E7, 0x08E7, 0x0908, 0x0908, 0x0908,
    0x0908, 0x0908, 0x08E7, 0x08A6, 0x08C6, 0x08C7, 0x08C7, 0x08E7, 0x08E7, 0x08E7, 0x08E7, 0x08E7,
    0x08E7, 0x08E8, 0x08E8, 0x08E8, 0x08E8, 0x08C8, 0x08E8, 0x08E8, 0x08E8, 0x08E8, 0x08E8, 0x08E8,
    0x08C8, 0x08E8, 0x08E8, 0x08E8, 0x08E8, 0x08E8, 0x08E8, 0x08E8, 0x08E8, 0x08E8, 0x08E8, 0x08E8,
    0x08E8, 0x0908, 0x08E8, 0x08E8, 0x0908, 0x0908, 0x0909, 0x0909, 0x0909, 0x0909, 0x08E9, 0x0909,
    0x0908, 0x08E8, 0x08E8, 0x08E8, 0x08E8, 0x08E8, 0x08E8, 0x0908, 0x0909, 0x0909, 0x0909, 0x0909,
    0x090A, 0x0909, 0x0909, 0x0909, 0x0909, 0x0909, 0x0909, 0x0909, 0x0909, 0x0909, 0x0909, 0x0909,
    0x0909, 0x0909, 0x08E9, 0x08E9, 0x00E9, 0x08E9, 0x00E9, 0x00E8, 0x08E8, 0x00E8, 0x08E8, 0x08E9,
    0x00C8, 0x00C8, 0x00C8, 0x00C8, 0x00C8, 0x00C8, 0x08C8, 0x00A7, 0x00A7, 0x0086, 0x00A6, 0x00A6,
    0x00A6, 0x00A6, 0x0086, 0x0086, 0x0086, 0x0086, 0x0086, 0x0086, 0x0086, 0x00A7, 0x00A6, 0x0066,
    0x0065, 0x0065, 0x0065, 0x0065, 0x0065, 0x00A6, 0x0065, 0x0045, 0x0065, 0x0045, 0x0045, 0x0045,
    0x0045, 0x0044, 0x0045, 0x0045, 0x0045, 0x0045, 0x0045, 0x0045, 0x0086, 0x0086, 0x0065, 0x0065,
    0x0066, 0x0066, 0x0066, 0x0086, 0x00A7, 0x0066, 0x0066, 0x0066, 0x0066, 0x0066, 0x0066, 0x0066,
    0x0066, 0x0086, 0x0086, 0x0086, 0x0086, 0x0086, 0x00A6, 0x00C7, 0x00A6, 0x00A7, 0x00A7, 0x00C7,
    0x00A7, 0x00C8, 0x00E8, 0x08E9, 0x0909, 0x0863, 0x0000, 0x0000, 0x0000, 0x0000, 0x0000, 0x0000,
    0x0000, 0x0000, 0x0000, 0x0000, 0x0000, 0x0000, 0x0000, 0x0000, 0x0000, 0x0000, 0x0000, 0x0000,
    0x0000, 0x0000, 0x0000, 0x0000, 0x0000, 0x0000, 0x0000, 0x0000, 0x0000, 0x0000, 0x0000, 0x0000,
    0x0000, 0x0000, 0x0000, 0x0000, 0x0000, 0x0000, 0x0000, 0x0000, 0x0000, 0x0000, 0x0000, 0x0000,
    0x0000, 0x0000, 0x0000, 0x0000, 0x0000, 0x0000, 0x0000, 0x0000, 0x0000, 0x0000, 0x0000, 0x0000,
    0x0000, 0x0000, 0x0000, 0x0000, 0x0000, 0x0000, 0x0000, 0x0000, 0x0000, 0x0000, 0x0000, 0x0000,
    0x0000, 0x0000, 0x0000, 0x0000, 0x0000, 0x0000, 0x0000, 0x0000, 0x0000, 0x0000, 0x0000, 0x0000,
    0x0000, 0x0000, 0x0000, 0x0000, 0x0000, 0x0000, 0x0000, 0x0000, 0x0000, 0x0000, 0x0000, 0x0000,
    0x0000, 0x0000, 0x0000, 0x0001, 0x0001, 0x0021, 0x0021, 0x0021, 0x0021, 0x0021, 0x0021, 0x0021,
    0x0021, 0x0021, 0x0021, 0x0021, 0x0022, 0x0022, 0x0022, 0x0022, 0x0022, 0x0042, 0x0042, 0x0042,
    0x0042, 0x0042, 0x0042, 0x0042, 0x0042, 0x0042, 0x0042, 0x0043, 0x0043, 0x0043, 0x0063, 0x0063,
    0x0063, 0x0063, 0x0863, 0x0863, 0x0063, 0x0063, 0x0863, 0x0063, 0x0063, 0x0063, 0x0863, 0x0063,
    0x0063, 0x0063, 0x0063, 0x0063, 0x0863, 0x0063, 0x0863, 0x0063, 0x0063, 0x0063, 0x0063, 0x0063,
    0x0863, 0x0863, 0x0063, 0x0043, 0x0863, 0x0063, 0x0843, 0x0843, 0x0043, 0x0043, 0x0042, 0x0042,
    0x0042, 0x0042, 0x0042, 0x0042, 0x0042, 0x0042, 0x0022, 0x0042, 0x0022, 0x0021, 0x0021, 0x0021,
    0x0001, 0x0000, 0x0000, 0x0000, 0x0000, 0x0000, 0x0000, 0x0000, 0x0000, 0x0000, 0x0000, 0x0000,
    0x0000, 0x0000, 0x0000, 0x0000, 0x0000, 0x0000, 0x0000, 0x0000, 0x0000, 0x0000, 0x0000, 0x0000,
    0x0000, 0x0000, 0x0000, 0x0000, 0x0000, 0x0000, 0x0000, 0x0000, 0x0000, 0x0000, 0x0000, 0x0000,
    0x0000, 0x0000, 0x0000, 0x0000, 0x0000, 0x0000, 0x0000, 0x0000, 0x0000, 0x0000, 0x0000, 0x0000,
    0x0000, 0x0000, 0x0000, 0x0000, 0x0000, 0x0000, 0x0000, 0x0000, 0x0000, 0x0000, 0x0000, 0x0000,
    0x0000, 0x0000, 0x0000, 0x0000, 0x0000, 0x0000, 0x0000, 0x0000, 0x0000, 0x0000, 0x0000, 0x0000,
    0x0000, 0x0000, 0x0000, 0x0000, 0x0000, 0x0000, 0x0000, 0x0000, 0x0000, 0x0000, 0x0000, 0x0000,
    0x0000, 0x0000, 0x0000, 0x0000, 0x0000, 0x0000, 0x0000, 0x0000, 0x0000, 0x0000, 0x0000, 0x0000,
    0x0000, 0x0000, 0x0000, 0x0000, 0x0000, 0x0000, 0x0000, 0x0000, 0x0000, 0x0000, 0x0000, 0x0000,
    0x0000, 0x0000, 0x0000, 0x0000, 0x0000, 0x0000, 0x0000, 0x0000, 0x0000, 0x0000, 0x0000, 0x0000,
    0x0000, 0x0000, 0x0000, 0x0000, 0x0000, 0x0000, 0x0000, 0x0000, 0x0000, 0x0000, 0x0000, 0x0000,
    0x0000, 0x0000, 0x0000, 0x0000, 0x0000, 0x0000, 0x0000, 0x0000, 0x0000, 0x0000, 0x0000, 0x0000,
    0x0000, 0x0000, 0x0000, 0x0000, 0x0000, 0x0000, 0x0000, 0x0000, 0x0000, 0x0000, 0x0000, 0x0000,
    0x0000, 0x0000, 0x0000, 0x0000, 0x0000, 0x0000, 0x0000, 0x0000, 0x0000, 0x0000, 0x0000, 0x0000,
    0x0000, 0x0000, 0x0000, 0x0000, 0x0000, 0x0000, 0x0000, 0x0000, 0x0000, 0x0000, 0x0000, 0x0000,
    0x0000, 0x0000, 0x0000, 0x0000, 0x0000, 0x0000, 0x0000, 0x0000, 0x0000, 0x0000, 0x0000, 0x0000,
    0x0000, 0x0000, 0x0000, 0x0000, 0x0000, 0x0000, 0x0000, 0x0000, 0x0000, 0x0000, 0x0000, 0x0000,
    0x0000, 0x0000, 0x0000, 0x0000, 0x0000, 0x0000, 0x0000, 0x0000, 0x0000, 0x0000, 0x0000, 0x0000,
    0x0000, 0x0000, 0x0000, 0x0000, 0x0000, 0x0000, 0x0000, 0x0000, 0x0000, 0x0000, 0x0000, 0x0000,
    0x0000, 0x0000, 0x0000, 0x0000, 0x0000, 0x0000, 0x0000, 0x0000, 0x0000, 0x0000, 0x0000, 0x0000,
    0x0000, 0x0000, 0x0000, 0x0000, 0x0000, 0x0000, 0x0000, 0x0000, 0x0000, 0x0000, 0x0000, 0x0000,
    0x0000, 0x0000, 0x0000, 0x0000, 0x0000, 0x0000, 0x0000, 0x0000, 0x0000, 0x0000, 0x0000, 0x0000,
    0x0000, 0x0000, 0x0000, 0x0000, 0x0000, 0x0000, 0x0000, 0x0000, 0x0000, 0x0000, 0x0000, 0x0000,
    0x0000, 0x0000, 0x0000, 0x0000, 0x0000, 0x0000, 0x0000, 0x0000, 0x0000, 0x0000, 0x0000, 0x0000,
    0x0000, 0x0000, 0x0000, 0x0000, 0x0000, 0x0000, 0x0000, 0x0000, 0x0000, 0x0000, 0x0000, 0x0000,
    0x0000, 0x0000, 0x0000, 0x0000, 0x0000, 0x0000, 0x0000, 0x0000, 0x0000, 0x0000, 0x0000, 0x0000,
    0x0000, 0x0000, 0x0000, 0x0000, 0x0000, 0x0000, 0x0000, 0x0000, 0x0000, 0x0000, 0x0000, 0x0000,
    0x0000, 0x0000, 0x0000, 0x0000, 0x0000, 0x0000, 0x0000, 0x0000, 0x0000, 0x0000, 0x0000, 0x0000,
    0x0000, 0x0000, 0x0000, 0x0000, 0x0000, 0x0000, 0x0000, 0x0000, 0x0000, 0x0000, 0x0000, 0x0000,
    0x0000, 0x0000, 0x0000, 0x0000, 0x0000, 0x0000, 0x0000, 0x0000, 0x0000, 0x0000, 0x0000, 0x0000,
    0x0000, 0x0000, 0x0000, 0x0000, 0x0000, 0x0000, 0x0000, 0x0000, 0x0000, 0x0000, 0x0000, 0x0000,
    0x0000, 0x0000, 0x0000, 0x0000, 0x0000, 0x0000, 0x0000, 0x0000, 0x0000, 0x0000, 0x0000, 0x0000,
    0x0000, 0x0000, 0x0000, 0x0000, 0x0000, 0x0000, 0x0000, 0x0000, 0x0000, 0x0000, 0x0000, 0x0000,
    0x0000, 0x0000, 0x0000, 0x0000, 0x0000, 0x0000, 0x0000, 0x0000, 0x0000, 0x0000, 0x0000, 0x0000,
    0x0000, 0x0000, 0x0000, 0x0000, 0x0000, 0x0000, 0x0000, 0x0000, 0x0000, 0x0000, 0x0000, 0x0000,
    0x0000, 0x0000, 0x0000, 0x0000, 0x0000, 0x0000, 0x0000, 0x0000, 0x0000, 0x0000, 0x0000, 0x0000,
    0x0000, 0x0000, 0x0000, 0x0000, 0x0000, 0x0000, 0x0000, 0x0000, 0x0000, 0x0000, 0x0000, 0x0000,
    0x0000, 0x0000, 0x0000, 0x0000, 0x0000, 0x0000, 0x0000, 0x0000, 0x0000, 0x0000, 0x0000, 0x0000,
    0x0000, 0x0000, 0x0000, 0x0000, 0x0000, 0x0000, 0x0000, 0x0000, 0x0000, 0x0000, 0x0000, 0x0000,
    0x0000, 0x0000, 0x0000, 0x0000, 0x0000, 0x0000, 0x0000, 0x0000, 0x0000, 0x0000, 0x0000, 0x0000,
    0x0000, 0x0000, 0x0000, 0x0000, 0x0000, 0x0000, 0x0000, 0x0000, 0x0000, 0x0000, 0x0000, 0x0000,
    0x0000, 0x0000, 0x0000, 0x0000, 0x0000, 0x0000, 0x0000, 0x0000, 0x0000, 0x0000, 0x0000, 0x0000,
    0x0000, 0x0000, 0x0000, 0x0000, 0x0000, 0x0000, 0x0000, 0x0000, 0x0000, 0x0000, 0x0000, 0x0000,
    0x0000, 0x0000, 0x0000, 0x0000, 0x0000, 0x0000, 0x0000, 0x0000, 0x0000, 0x0000, 0x0000, 0x0000,
    0x0000, 0x0000, 0x0000, 0x0000, 0x0000, 0x0000, 0x0000, 0x0000, 0x0000, 0x0000, 0x0000, 0x0000,
    0x0000, 0x0000, 0x0000, 0x0000, 0x0000, 0x0000, 0x0000, 0x0000, 0x0000, 0x0000, 0x0000, 0x0000,
    0x0000, 0x0000, 0x0000, 0x0000, 0x0000, 0x0000, 0x0000, 0x0000, 0x0000, 0x0000, 0x0000, 0x0000,
    0x0000, 0x0000, 0x0000, 0x0000, 0x0000, 0x0000, 0x0000, 0x0000, 0x0000, 0x0000, 0x0000, 0x0000,
    0x0000, 0x0000, 0x0000, 0x0000, 0x0000, 0x0000, 0x0000, 0x0000, 0x0000, 0x0000, 0x0000, 0x0000,
    0x0000, 0x0000, 0x0000, 0x0000, 0x0000, 0x0000, 0x0000, 0x0000, 0x0000, 0x0000, 0x0000, 0x0000,
    0x0000, 0x0000, 0x0000, 0x0000, 0x0000, 0x0000, 0x0000, 0x0000, 0x0000, 0x0000, 0x0000, 0x0000,
    0x0000, 0x0000, 0x0000, 0x0000, 0x0000, 0x0000, 0x0000, 0x0000, 0x0000, 0x0000, 0x0000, 0x0000,
    0x0000, 0x0000, 0x0000, 0x0000, 0x0000, 0x0000, 0x0000, 0x0000, 0x0000, 0x0000, 0x0000, 0x0000,
    0x0000, 0x0000, 0x0000, 0x0000, 0x0000, 0x0000, 0x0000, 0x0000, 0x0000, 0x0000, 0x0000, 0x0000,
    0x0000, 0x0000, 0x0000, 0x0000, 0x0000, 0x0000, 0x0000, 0x0000, 0x0000, 0x0000, 0x0000, 0x0000,
    0x0000, 0x0000, 0x0000, 0x0000, 0x0000, 0x0000, 0x0000, 0x0000, 0x0000, 0x0000, 0x0000, 0x0000,
    0x0000, 0x0000, 0x0000, 0x0000, 0x0000, 0x0000, 0x0000, 0x0000, 0x0000, 0x0000, 0x0000, 0x0000,
    0x0000, 0x0000, 0x0000, 0x0000, 0x0000, 0x0000, 0x0000, 0x0000, 0x0000, 0x0000, 0x0000, 0x0000,
    0x0000, 0x0000, 0x0000, 0x0000, 0x0000, 0x0000, 0x0000, 0x0000, 0x0000, 0x0000, 0x0000, 0x0000,
    0x0000, 0x0000, 0x0000, 0x0000, 0x0000, 0x0000, 0x0000, 0x0000, 0x0000, 0x0000, 0x0000, 0x0000,
    0x0000, 0x0000, 0x0000, 0x0000, 0x0000, 0x0000, 0x0000, 0x0000, 0x0000, 0x0000, 0x0000, 0x0000,
    0x0000, 0x0000, 0x0000, 0x0000, 0x0000, 0x0000, 0x0000, 0x0000, 0x0000, 0x0000, 0x0000, 0x0000,
    0x0000, 0x0000, 0x0000, 0x0000, 0x0000, 0x0000, 0x0000, 0x0000, 0x0000, 0x0000, 0x0000, 0x0000,
    0x0000, 0x0000, 0x0000, 0x0000, 0x0000, 0x0000, 0x0000, 0x0000, 0x0000, 0x0000, 0x0000, 0x0000,
    0x0000, 0x0000, 0x0000, 0x0000, 0x0000, 0x0000, 0x0000, 0x0000, 0x0000, 0x0000, 0x0000, 0x0000,
    0x0000, 0x0000, 0x0000, 0x0000, 0x0000, 0x0000, 0x0000, 0x0000, 0x0000, 0x0000, 0x0000, 0x0000,
    0x0000, 0x0000, 0x0000, 0x0000, 0x0000, 0x0000, 0x0000, 0x0000, 0x0000, 0x0000, 0x0000, 0x0000,
    0x0000, 0x0000, 0x0000, 0x0000, 0x0000, 0x0000, 0x0000, 0x0000, 0x0000, 0x0000, 0x0000, 0x0000,
    0x0000, 0x0000, 0x0000, 0x0000, 0x0000, 0x0000, 0x0000, 0x0000, 0x0000, 0x0000, 0x0000, 0x0000,
    0x0000, 0x0000, 0x0000, 0x0000, 0x0000, 0x0000, 0x0000, 0x0000, 0x0000, 0x0000, 0x0000, 0x0000,
    0x0000, 0x0000, 0x0000, 0x0000, 0x0000, 0x0000, 0x0000, 0x0000, 0x0000, 0x0000, 0x0000, 0x0000,
    0x0000, 0x0000, 0x0000, 0x0000, 0x0000, 0x0000, 0x0000, 0x0000, 0x0000, 0x0000, 0x0000, 0x0000,
    0x0000, 0x0000, 0x0000, 0x0000, 0x0000, 0x0000, 0x0000, 0x0000, 0x0000, 0x0000, 0x0000, 0x0000,
    0x0000, 0x0000, 0x0000, 0x0000, 0x0000, 0x0000, 0x0000, 0x0000, 0x0000, 0x0000, 0x2966, 0x39E8,
    0x41E8, 0x39E7, 0x4229, 0x2945, 0x3186, 0x4208, 0x2124, 0x4A69, 0x4228, 0x3186, 0x2945, 0x0000,
    0x0000, 0x0000, 0x0000, 0x0000, 0x0000, 0x0000, 0x0000, 0x0000, 0x0000, 0x0000, 0x0000, 0x0000,
    0x0000, 0x0000, 0x0000, 0x0000, 0x0000, 0x0000, 0x0000, 0x0000, 0x0000, 0x0000, 0x0000, 0x0000,
    0x0000, 0x0000, 0x0000, 0x0000, 0x0000, 0x0000, 0x0000, 0x0000, 0x0000, 0x0000, 0x0000, 0x0000,
    0x0000, 0x0000, 0x0000, 0x0000, 0x0000, 0x0000, 0x0000, 0x0000, 0x0000, 0x0000, 0x0000, 0x0000,
    0x0000, 0x0000, 0x0000, 0x0000, 0x0000, 0x0000, 0x0000, 0x0000, 0x0000, 0x0000, 0x0000, 0x0000,
    0x0000, 0x0000, 0x0000, 0x0000, 0x0000, 0x0000, 0x0000, 0x0000, 0x0000, 0x0000, 0x0000, 0x0000,
    0x0000, 0x0000, 0x0000, 0x0000, 0x0000, 0x0000, 0x0000, 0x0000, 0x0000, 0x0000, 0x0000, 0x0000,
    0x0000, 0x0000, 0x0000, 0x0000, 0x0000, 0x0000, 0x0000, 0x0000, 0x0000, 0x0000, 0x0000, 0x0000,
    0x0000, 0x0000, 0x0000, 0x0000, 0x0000, 0x0000, 0x0000, 0x0000, 0x0000, 0x0000, 0x0000, 0x0000,
    0x0000, 0x0000, 0x0000, 0x0000, 0x0000, 0x0000, 0x0000, 0x0000, 0x0000, 0x0000, 0x0000, 0x0000,
    0x0000, 0x0000, 0x0000, 0x0000, 0x0000, 0x0000, 0x0000, 0x0000, 0x0000, 0x0000, 0x0000, 0x0000,
    0x0000, 0x0000, 0x0000, 0x0000, 0x0000, 0x0000, 0x0000, 0x0000, 0x0000, 0x0000, 0x0000, 0x0000,
    0x0000, 0x0000, 0x0000, 0x0000, 0x0000, 0x0000, 0x0000, 0x0000, 0x0000, 0x0000, 0x0000, 0x0000,
    0x0000, 0x0000, 0x0000, 0x0000, 0x0000, 0x0000, 0x0000, 0x0000, 0x0000, 0x4A49, 0x630C, 0x5ACB,
    0x5ACB, 0x6B6D, 0x39C7, 0x39E7, 0x4208, 0x2945, 0x528A, 0x4208, 0x2965, 0x2145, 0x0000, 0x0000,
    0x0000, 0x0000, 0x0000, 0x0000,
};
