// Tempest — 208x71 RGB565, generated
#include "marquees.h"

const uint16_t marquee_tempest_data[14768] = {
    0x0000, 0x0000, 0x0020, 0x0000, 0x0000, 0x39E8, 0x73F0, 0x84B3, 0x8D15, 0x8D15, 0x8D35, 0x9555,
    0x9D76, 0xA596, 0xA5B7, 0xA5D8, 0xA618, 0xAE38, 0xB659, 0xB69A, 0xBEBA, 0xBEBA, 0xC6DB, 0xBEDB,
    0xBEDB, 0xADF7, 0x73CF, 0x18A3, 0x0000, 0x0020, 0x0000, 0x0020, 0x0000, 0x1083, 0x6BD0, 0xB659,
    0xD77E, 0xE7DE, 0xEFDF, 0xEFFF, 0xF7FF, 0xF7FF, 0xF7FF, 0xF7FF, 0xF7FF, 0xF7DF, 0xF7DE, 0xF7DE,
    0xF7DE, 0xF7BE, 0xF7BE, 0xF7BE, 0xF7BE, 0xF79D, 0xF79D, 0xF79D, 0xF79D, 0xF77D, 0xF77D, 0xF77D,
    0xF75D, 0xF75C, 0xFF5C, 0xF75C, 0xF73C, 0xF73C, 0xF73C, 0xF73B, 0xF71B, 0xF71B, 0xF71B, 0xFF1B,
    0xF6FB, 0xF6FB, 0xF6DB, 0xF6DA, 0xF6DB, 0xF6DB, 0xF6DA, 0xF6BA, 0xF6BA, 0xF6BA, 0xF6BA, 0xF6BA,
    0xF6BA, 0xF69A, 0xF69A, 0xF69A, 0xF69A, 0xF69A, 0xF69A, 0xF699, 0xF699, 0xF699, 0xF699, 0xF699,
    0xF699, 0xF679, 0xF679, 0xF679, 0xF699, 0xF699, 0xF69A, 0xF69A, 0xF679, 0xF679, 0xF679, 0xF679,
    0xF69A, 0xF69A, 0xF69A, 0xF679, 0xF679, 0xF69A, 0xF69A, 0xF6BA, 0xF6BA, 0xF69A, 0xF69A, 0xF6BA,
    0xF6BA, 0xF6BA, 0xF6BA, 0xF6BA, 0xF6BA, 0xF6BA, 0xF6DA, 0xF6DA, 0xF6FB, 0xF6FB, 0xF6FA, 0xF6DA,
    0xF6FB, 0xF6FB, 0xF71B, 0xF71C, 0xF71C, 0xF71B, 0xF71B, 0xF73B, 0xF73C, 0xF73C, 0xF73C, 0xF73C,
    0xF73C, 0xF73C, 0xFF5C, 0xF75D, 0xF75D, 0xF75D, 0xF77D, 0xFF7D, 0xFF9D, 0xF79D, 0xF79D, 0xF7BD,
    0xF7BE, 0xF7BE, 0xF7DE, 0xF7DE, 0xF7FF, 0xF7FF, 0xF7FF, 0xF7DF, 0xEFDF, 0xEFFF, 0xEFFF, 0xEFFF,
    0xE7DE, 0xE7DE, 0xE7BE, 0xE7BE, 0xE7BE, 0xDFBE, 0xDF9E, 0xD77E, 0xCF5E, 0xCF3D, 0xCF3D, 0xC71D,
    0xC6FC, 0xC6DB, 0xC6BB, 0xC6BB, 0xC6BA, 0xBEBA, 0xB67A, 0xAE39, 0xA618, 0xA5F8, 0xA5B7, 0x9D96,
    0x9D96, 0x9575, 0x8D35, 0x84F5, 0x84D4, 0x7C93, 0x7452, 0x7431, 0x6C10, 0x6BF0, 0x5B2D, 0x31A7,
    0x0000, 0x0000, 0x0020, 0x0000, 0x0000, 0x0020, 0x0000, 0x31A7, 0xB639, 0xF77D, 0xFE99, 0xFDD6,
    0xFDB6, 0xFD96, 0xFD75, 0xFD55, 0xF534, 0xF4F3, 0xFCD2, 0xFCB2, 0xFCB2, 0xFC92, 0xFC72, 0xF451,
    0xF430, 0xF410, 0xFC10, 0xFBF0, 0xFC10, 0xFD14, 0xFF1C, 0xDF5C, 0x52AA, 0x0000, 0x0841, 0x0000,
    0x4A6A, 0xD73D, 0xFEDB, 0xFC93, 0xFB2E, 0xFAAC, 0xFAAC, 0xFA8C, 0xFA6B, 0xFA4B, 0xFA4B, 0xFA2B,
    0xFA2B, 0xFA0B, 0xFA0A, 0xFA0A, 0xF9EA, 0xF9CA, 0xF9EA, 0xF9E9, 0xF9C9, 0xF9CA, 0xF9CA, 0xF9A9,
    0xF9A9, 0xF9C9, 0xF9AA, 0xF989, 0xF989, 0xF989, 0xF989, 0xF989, 0xF168, 0xF188, 0xF188, 0xF188,
    0xF168, 0xF168, 0xF168, 0xF168, 0xF168, 0xF147, 0xF127, 0xF127, 0xF147, 0xF127, 0xF127, 0xE927,
    0xE927, 0xE926, 0xE927, 0xF127, 0xE907, 0xE907, 0xE8E6, 0xE8E7, 0xE907, 0xE906, 0xE907, 0xE8E6,
    0xE8E6, 0xE8E6, 0xE906, 0xE906, 0xE8E6, 0xE8E6, 0xE8E6, 0xE906, 0xE906, 0xE906, 0xE8E6, 0xE8E6,
    0xE8E6, 0xE8E6, 0xE8E6, 0xE8E6, 0xE8E6, 0xE8E6, 0xE8E6, 0xE8E6, 0xE8C6, 0xE8E6, 0xE8E6, 0xE8E6,
    0xE8E6, 0xE8E6, 0xE8E6, 0xE8E6, 0xE8E5, 0xE8C5, 0xE8E5, 0xE8E5, 0xE8E6, 0xE8C6, 0xE8C6, 0xE8E6,
    0xE8E6, 0xE8E5, 0xE8E5, 0xF0E5, 0xF0E6, 0xE8E5, 0xE8E6, 0xF106, 0xF106, 0xF106, 0xF106, 0xF106,
    0xF0E6, 0xF106, 0xF106, 0xF106, 0xF106, 0xF106, 0xF126, 0xF126, 0xF127, 0xF127, 0xF146, 0xF146,
    0xF146, 0xF147, 0xF167, 0xF167, 0xF167, 0xF967, 0xF987, 0xF187, 0xF1A8, 0xF1A8, 0xF9A8, 0xF9C9,
    0xF9E9, 0xFA2A, 0xFA2A, 0xFA4A, 0xFA6A, 0xFA6A, 0xFA8B, 0xFAAB, 0xFAAB, 0xFACC, 0xFACC, 0xFAEC,
    0xFB0C, 0xFB2D, 0xFB4D, 0xFB6D, 0xFB6E, 0xFB8E, 0xFBAF, 0xFBEF, 0xFC0F, 0xFC10, 0xFC30, 0xFC31,
    0xFC51, 0xFC92, 0xFCB2, 0xFCD2, 0xF4F3, 0xFCF3, 0xFD34, 0xFD75, 0xFD95, 0xFDB6, 0xFDD6, 0xFDF7,
    0xF5F7, 0xFE38, 0xFEFB, 0xF7DE, 0xBE39, 0x31A7, 0x0000, 0x0020, 0x0000, 0x0000, 0x4A8B, 0xF7BE,
    0xEC50, 0xC0E3, 0xA800, 0x9800, 0x9800, 0x9800, 0x9000, 0x9000, 0x9000, 0x9000, 0x9000, 0x8800,
    0x8800, 0x8800, 0x8800, 0x8800, 0x8800, 0x8800, 0x8800, 0x7800, 0x8000, 0x9800, 0xD043, 0xF3F1,
    0xFFFF, 0x5AEB, 0x0000, 0x52AB, 0xFFFF, 0xF3CF, 0xF023, 0xB801, 0x8001, 0x7001, 0x7801, 0x7801,
    0x7001, 0x7001, 0x6801, 0x6801, 0x6801, 0x6802, 0x6002, 0x6022, 0x6001, 0x6022, 0x5822, 0x5822,
    0x5822, 0x5822, 0x5022, 0x5022, 0x5042, 0x4842, 0x4842, 0x4842, 0x4862, 0x4862, 0x4842, 0x4842,
    0x4042, 0x4063, 0x4063, 0x4063, 0x3862, 0x3862, 0x3862, 0x3862, 0x3863, 0x3842, 0x3862, 0x3843,
    0x3842, 0x3042, 0x3042, 0x3062, 0x3042, 0x3042, 0x3022, 0x3042, 0x3042, 0x3042, 0x3042, 0x3042,
    0x3042, 0x3042, 0x3041, 0x3041, 0x3042, 0x2822, 0x3042, 0x3042, 0x2842, 0x3042, 0x3042, 0x3042,
    0x2842, 0x2842, 0x2822, 0x2822, 0x2842, 0x2842, 0x2842, 0x2842, 0x2841, 0x2822, 0x3021, 0x3042,
    0x3041, 0x2821, 0x2821, 0x2821, 0x3021, 0x3021, 0x3021, 0x3021, 0x3021, 0x3021, 0x3021, 0x3021,
    0x3021, 0x3021, 0x3021, 0x3021, 0x3021, 0x3001, 0x3021, 0x3821, 0x3821, 0x3021, 0x3821, 0x3821,
    0x3821, 0x3821, 0x3821, 0x3821, 0x3801, 0x3821, 0x4021, 0x4021, 0x4021, 0x4021, 0x4021, 0x4001,
    0x4021, 0x4821, 0x4801, 0x4801, 0x4800, 0x4800, 0x4800, 0x5001, 0x5001, 0x5001, 0x5800, 0x5800,
    0x5800, 0x5800, 0x6000, 0x6000, 0x6000, 0x6000, 0x6000, 0x6800, 0x6800, 0x6800, 0x6800, 0x7000,
    0x7000, 0x7000, 0x7000, 0x7000, 0x7000, 0x7000, 0x7000, 0x7800, 0x7800, 0x8000, 0x8000, 0x8000,
    0x8000, 0x8000, 0x8800, 0x8800, 0x8800, 0x8800, 0x8800, 0x9000, 0x8800, 0x9000, 0x9000, 0x9000,
    0x9000, 0x9000, 0x9800, 0x9800, 0xA000, 0xA000, 0xA041, 0xC1C6, 0xF5B6, 0xF7FF, 0x4A6A, 0x0000,
    0x0000, 0x2146, 0xEFDE, 0xDA69, 0x9000, 0x3800, 0x0000, 0x0842, 0x0821, 0x0000, 0x0021, 0x0020,
    0x0021, 0x0021, 0x0000, 0x10C3, 0x10C3, 0x0000, 0x0020, 0x0020, 0x0020, 0x0020, 0x0000, 0x1924,
    0x2186, 0x0000, 0x2000, 0x9800, 0xF370, 0xEFDF, 0x39E8, 0xE79E, 0xEBF0, 0xE801, 0x6842, 0x0841,
    0x0000, 0x0000, 0x0000, 0x0000, 0x0000, 0x0000, 0x0000, 0x0000, 0x0000, 0x0000, 0x0000, 0x0000,
    0x0000, 0x0000, 0x0000, 0x0000, 0x0000, 0x0000, 0x0000, 0x0000, 0x0000, 0x0000, 0x0000, 0x0000,
    0x0000, 0x0000, 0x0000, 0x0000, 0x0000, 0x0000, 0x0000, 0x0000, 0x0000, 0x0000, 0x0000, 0x0000,
    0x0000, 0x0000, 0x0000, 0x0000, 0x0000, 0x0000, 0x0000, 0x0000, 0x0000, 0x0000, 0x0000, 0x0000,
    0x0000, 0x0000, 0x0000, 0x0000, 0x0000, 0x0000, 0x0000, 0x0000, 0x0000, 0x0000, 0x0000, 0x0000,
    0x0000, 0x0000, 0x0000, 0x0000, 0x0000, 0x0000, 0x0000, 0x0000, 0x0000, 0x0000, 0x0000, 0x0000,
    0x0000, 0x0000, 0x0000, 0x0000, 0x0000, 0x0000, 0x0000, 0x0000, 0x0000, 0x0000, 0x0000, 0x0000,
    0x0000, 0x0000, 0x0000, 0x0000, 0x0000, 0x0000, 0x0000, 0x0000, 0x0000, 0x0000, 0x0000, 0x0000,
    0x0000, 0x0000, 0x0000, 0x0000, 0x0000, 0x0000, 0x0000, 0x0000, 0x0000, 0x0000, 0x0000, 0x0000,
    0x0000, 0x0000, 0x0000, 0x0000, 0x0000, 0x0000, 0x0000, 0x0000, 0x0000, 0x0000, 0x0000, 0x0000,
    0x0000, 0x0000, 0x0000, 0x0000, 0x0000, 0x0000, 0x0000, 0x0000, 0x0000, 0x0000, 0x0000, 0x0000,
    0x0000, 0x0000, 0x0000, 0x0000, 0x0000, 0x0000, 0x0000, 0x0000, 0x0000, 0x0000, 0x0000, 0x0000,
    0x0000, 0x0000, 0x0000, 0x0000, 0x0000, 0x0000, 0x0000, 0x0000, 0x0000, 0x0000, 0x0000, 0x0000,
    0x0000, 0x0000, 0x0000, 0x0000, 0x0000, 0x0020, 0x0820, 0x0820, 0x0821, 0x1020, 0x1020, 0x3000,
    0x8000, 0xDC0F, 0xF7DF, 0x2946, 0x0000, 0xA597, 0xF4D2, 0x8800, 0x1041, 0x0000, 0x6B8F, 0xCEBB,
    0xC679, 0x4A49, 0x0000, 0x0020, 0x0000, 0x0000, 0x8431, 0xEF7D, 0xE75C, 0x73AE, 0x0000, 0x0000,
    0x0000, 0x0000, 0x7BF0, 0xF79E, 0xFFDF, 0xB575, 0x0882, 0x1020, 0xB002, 0xFDF9, 0xEF9E, 0xF699,
    0xF042, 0x6022, 0x0020, 0x0000, 0x2105, 0x4A4A, 0x4A6A, 0x528A, 0x528A, 0x52AB, 0x52AC, 0x52CC,
    0x5ACC, 0x5AEC, 0x632D, 0x6B4E, 0x6B4E, 0x6B6E, 0x6B8E, 0x738E, 0x73AF, 0x73AF, 0x7BCF, 0x7BEF,
    0x7BF0, 0x7BD0, 0x7BF1, 0x7BF1, 0x8412, 0x8452, 0x8452, 0x8C72, 0x8C92, 0x8C92, 0x94B3, 0x94D4,
    0x94D4, 0x94D4, 0x94F4, 0x9CD4, 0x9CF4, 0x9D14, 0xA514, 0xA534, 0x9D34, 0xA514, 0xA514, 0xA534,
    0xA534, 0xA534, 0xA534, 0xA534, 0xA535, 0xA535, 0xA534, 0xA535, 0xA555, 0xA535, 0xA535, 0xA535,
    0xAD35, 0xA535, 0xA535, 0xAD55, 0xA555, 0xAD55, 0xA535, 0xA555, 0xA535, 0xAD55, 0xAD55, 0xAD55,
    0xAD55, 0xAD55, 0xA555, 0xA555, 0xAD55, 0xA555, 0xAD55, 0xAD35, 0xAD35, 0xA534, 0xA534, 0xA555,
    0xA555, 0xA535, 0xA534, 0xA534, 0xA534, 0xA534, 0xA534, 0xA534, 0xA514, 0xA534, 0xA534, 0xA534,
    0xA534, 0xA514, 0xA514, 0xA514, 0xA514, 0xA514, 0xA514, 0xA514, 0x9CF4, 0x94D4, 0x94D3, 0x94D3,
    0x9CD4, 0x94D3, 0x94B3, 0x9493, 0x8C92, 0x8472, 0x8452, 0x8C52, 0x8452, 0x8431, 0x8411, 0x7BF0,
    0x7BF0, 0x7BEF, 0x7BEF, 0x7BEF, 0x7BCF, 0x73AF, 0x738E, 0x738E, 0x738E, 0x6B6E, 0x6B4D, 0x632D,
    0x630D, 0x5AEC, 0x5ACC, 0x5AAB, 0x52AB, 0x528B, 0x528B, 0x4A6A, 0x4A6A, 0x4A4A, 0x4A4A, 0x4A29,
    0x4209, 0x39E9, 0x39C8, 0x31A8, 0x3188, 0x3188, 0x2967, 0x2946, 0x2945, 0x2125, 0x2125, 0x2104,
    0x20E4, 0x18E4, 0x18C4, 0x1083, 0x0863, 0x0862, 0x0842, 0x0822, 0x0021, 0x0001, 0x0001, 0x0000,
    0x0000, 0x0000, 0x0000, 0x0020, 0x0821, 0x8000, 0xF617, 0xB618, 0x2105, 0xEF7D, 0xC165, 0x3000,
    0x0000, 0x528B, 0xFFFF, 0xFFFF, 0xFFFF, 0xEF7D, 0x18A3, 0x0000, 0x0000, 0x4A6A, 0xFFFF, 0xFFFF,
    0xFFFF, 0xFFFF, 0x2965, 0x0000, 0x0000, 0x39C8, 0xFFFF, 0xFFFF, 0xFFDF, 0xFFFF, 0x6B0C, 0x0000,
    0x4800, 0xEAEF, 0xFFFF, 0xF431, 0xC001, 0x0021, 0x0000, 0x6B4E, 0xEF7D, 0xDEDA, 0xDEDB, 0xDEDA,
    0xD6BA, 0xD69A, 0xD699, 0xCE99, 0xD699, 0xCE79, 0xCE58, 0xC638, 0xC638, 0xC638, 0xB5F7, 0xBE17,
    0xC638, 0xC638, 0xC617, 0xBDF7, 0xB5D6, 0xBDD7, 0xBDF7, 0xBDD6, 0xAD96, 0xB5B6, 0xB596, 0xAD96,
    0xB596, 0xAD75, 0xAD75, 0xA554, 0xA534, 0xA534, 0xA533, 0x9D34, 0x9D14, 0xA514, 0x9D14, 0x9CF3,
    0x9CD3, 0x9CD3, 0x9CD3, 0x9CD3, 0x9CD3, 0x9CF3, 0x94D2, 0x94B2, 0x94B2, 0x94B2, 0x94B2, 0x94B2,
    0x94B2, 0x94B2, 0x94B2, 0x94B2, 0x9492, 0x94B2, 0x94B2, 0x94B2, 0x94B2, 0x8C92, 0x94B2, 0x94B2,
    0x94B2, 0x8C92, 0x94B2, 0x9492, 0x8C92, 0x8C91, 0x8C92, 0x8C92, 0x94B2, 0x94D2, 0x8C71, 0x9492,
    0x8C71, 0x9CD3, 0x94B2, 0x9492, 0x8C91, 0x9492, 0x94B2, 0x94B2, 0x8CB2, 0x94D3, 0x9CF3, 0x9492,
    0x9CF3, 0x9CD2, 0x9CD3, 0x8C92, 0x94D3, 0x9CF3, 0x94B2, 0x94D2, 0x94B2, 0x9D14, 0x9D13, 0x9D14,
    0x9CF3, 0x9CF3, 0x94F3, 0x9D13, 0xA513, 0xA514, 0x9D14, 0xA554, 0xA554, 0xA555, 0xA554, 0x9D34,
    0xAD75, 0xB575, 0xAD75, 0xB595, 0xB595, 0xB596, 0xB5B6, 0xB5B6, 0xBDB6, 0xB5D6, 0xB5F7, 0xB617,
    0xBE18, 0xB638, 0xBE37, 0xBE17, 0xB637, 0xB637, 0xBE17, 0xBE58, 0xC658, 0xCE58, 0xCE78, 0xD699,
    0xD6BA, 0xD6DA, 0xCEB9, 0xCEB9, 0xD6BA, 0xD6BA, 0xD6BA, 0xD6BA, 0xD6BA, 0xD699, 0xD699, 0xD6B9,
    0xDEB9, 0xDEDA, 0xDEFB, 0xDEFA, 0xDEFA, 0xDEDA, 0xD6DA, 0xD6BA, 0xD6BA, 0xD6BB, 0xD6BA, 0xD6BA,
    0xCEBA, 0xD69A, 0xCE9A, 0xCE9A, 0xCE7A, 0xBE38, 0x8C72, 0x0841, 0x0020, 0x2000, 0xC269, 0xFFFF,
    0x4ACC, 0xFF1B, 0x9021, 0x0820, 0x0000, 0x94B4, 0xFFFF, 0xF7BE, 0xFFFF, 0xFFDE, 0x2945, 0x0000,
    0x0000, 0x8C73, 0xFFFF, 0xF7DE, 0xFFDF, 0xFFFF, 0x4228, 0x0000, 0x0000, 0x6B4E, 0xFFFF, 0xF7DE,
    0xF7DE, 0xFFDF, 0x73AE, 0x0000, 0x2000, 0xD98A, 0xFFFF, 0xF30D, 0x8800, 0x0000, 0x2925, 0xFFFF,
    0x52CB, 0x0062, 0x08C4, 0x08A4, 0x08A3, 0x0883, 0x00A4, 0x00A5, 0x00C6, 0x00C5, 0x00A5, 0x00A5,
    0x0084, 0x00E7, 0x726F, 0x1865, 0x00A4, 0x0084, 0x0084, 0x00C5, 0x1127, 0x00A5, 0x00A6, 0x41ED,
    0x71EE, 0x0045, 0x0108, 0x00A6, 0x00A7, 0x00C8, 0x00C8, 0x00C9, 0x00C8, 0x00A6, 0x08E9, 0x718E,
    0x0086, 0x00C8, 0x00C9, 0x00C9, 0x00E8, 0x00C7, 0x00A6, 0x00A6, 0x00A5, 0x00A5, 0x00A5, 0x00C5,
    0x00A5, 0x00A4, 0x0084, 0x0084, 0x0063, 0x0083, 0x0084, 0x0083, 0x0084, 0x00A5, 0x00A5, 0x00A6,
    0x00A7, 0x116D, 0x6250, 0x00E8, 0x00C7, 0x1929, 0x41EC, 0x0086, 0x00E7, 0x00C6, 0x0107, 0x09AA,
    0x0127, 0x0927, 0x00C5, 0x0023, 0x39CD, 0x6A2E, 0x0064, 0x0064, 0x00A6, 0x0129, 0x0168, 0x0148,
    0x292B, 0x92D2, 0x4149, 0x0188, 0x2ACF, 0x224F, 0x01CF, 0x3B33, 0x31F1, 0x3951, 0x30AE, 0x288D,
    0x62D1, 0x616F, 0x706D, 0x788C, 0x6828, 0x6005, 0x5005, 0x4804, 0x4804, 0x4804, 0x3804, 0x50A6,
    0x38A5, 0x0003, 0x0807, 0x58CF, 0x696F, 0x1068, 0x008A, 0x00CD, 0x008C, 0x014F, 0x3270, 0x116F,
    0x0111, 0x39F1, 0x812C, 0x7869, 0x790D, 0x7970, 0x708C, 0x708C, 0x682B, 0x606C, 0x6A52, 0x7AB3,
    0x5A52, 0x29F1, 0x092C, 0x0087, 0x0044, 0x0025, 0x48EB, 0x7A10, 0x416B, 0x0864, 0x0065, 0x0885,
    0x08C8, 0x092D, 0x11AE, 0x11EF, 0x11CD, 0x116A, 0x1928, 0x1969, 0x196A, 0x198B, 0x21AA, 0x2188,
    0x2167, 0x2967, 0x2987, 0x3186, 0x39C7, 0x39E7, 0x39E6, 0x39E7, 0x4A29, 0x5A8B, 0xB5B6, 0x8C72,
    0x0000, 0x0000, 0x9104, 0xFF7D, 0x5B4F, 0xFE99, 0x8000, 0x0021, 0x0000, 0x94B5, 0xFFFF, 0xF7DF,
    0xFFFF, 0xF7BE, 0x2124, 0x0000, 0x0000, 0x8C73, 0xFFFF, 0xFFDF, 0xFFFF, 0xFFFF, 0x39C7, 0x0000,
    0x0000, 0x6B4D, 0xFFFF, 0xFFDF, 0xFFDF, 0xFFFF, 0x6B4D, 0x0000, 0x2000, 0xD149, 0xFFFF, 0xF2AB,
    0x7801, 0x0000, 0x52AB, 0xFFFF, 0x10E4, 0x0906, 0x1126, 0x1146, 0x1166, 0x1146, 0x1168, 0x118A,
    0x09AB, 0x09AB, 0x11AA, 0x11CA, 0x19AB, 0x0969, 0x6AD2, 0xBB35, 0x1127, 0x220B, 0x4A2E, 0x21CB,
    0x32AF, 0x09AB, 0x09AB, 0x19CD, 0xC3D8, 0x69AD, 0x098A, 0x1A2E, 0x3334, 0x11AE, 0x11ED, 0x11EE,
    0x11EE, 0x11CD, 0x116D, 0xAAD5, 0x49AC, 0x124E, 0x1A10, 0x11D0, 0x11CD, 0x19CD, 0x11CB, 0x11AA,
    0x19CA, 0x19CA, 0x19CA, 0x21CA, 0x19C9, 0x21C8, 0x1987, 0x21A8, 0x21A8, 0x2188, 0x21A8, 0x19A7,
    0x19A8, 0x19C9, 0x19AA, 0x11AA, 0x118A, 0x4270, 0x6395, 0x0A4F, 0x11CD, 0x6B52, 0x29CC, 0x11EB,
    0x19EC, 0x120B, 0x1A2B, 0x1A4C, 0x120A, 0x11A9, 0x0968, 0x4270, 0xB395, 0x3189, 0x11EB, 0x224D,
    0x120B, 0x126D, 0x0A0B, 0x3A2F, 0xCBD9, 0x92B0, 0x2A6B, 0x2310, 0x4C56, 0x7539, 0x22F8, 0x649C,
    0xAD1B, 0x5996, 0x51B6, 0x71D7, 0x9276, 0xB1B4, 0xD933, 0xD151, 0xB0CD, 0xA0AA, 0x98CA, 0x80C9,
    0x78E9, 0x78C9, 0x70E8, 0x6888, 0x50C9, 0x59AF, 0xAA76, 0x89F0, 0x312C, 0x0992, 0x09F5, 0x01D5,
    0x0A35, 0x2B18, 0x1ABA, 0x131B, 0x4258, 0xB970, 0xD06A, 0xD86A, 0xE0EE, 0xE0F1, 0xD8D0, 0xC8B1,
    0xC955, 0xDB9D, 0xDC7F, 0xD3DE, 0xA3DE, 0x3257, 0x00CE, 0x10AC, 0x4951, 0xA236, 0x99F3, 0x494E,
    0x08CA, 0x08E9, 0x00A8, 0x00C8, 0x0192, 0x0ADC, 0x0B9E, 0x035D, 0x02D9, 0x01F2, 0x012D, 0x016F,
    0x01B1, 0x01B0, 0x014E, 0x012C, 0x00C9, 0x0087, 0x0065, 0x0022, 0x0000, 0x0002, 0x2046, 0x4068,
    0x58CB, 0x38A8, 0x3167, 0xCE9A, 0x0821, 0x0000, 0x7082, 0xFEDA, 0x638F, 0xFE78, 0x7800, 0x0021,
    0x0000, 0x9CF5, 0xFFFF, 0xF7DE, 0xFFFF, 0xF7BD, 0x2103, 0x0000, 0x0000, 0x9493, 0xFFFF, 0xFFDF,
    0xFFFF, 0xFFFF, 0x3186, 0x0000, 0x0000, 0x6B4E, 0xFFFF, 0xFFDF, 0xFFDF, 0xFFFF, 0x630C, 0x0000,
    0x2000, 0xD149, 0xFFFF, 0xF28B, 0x7800, 0x0000, 0x5AAB, 0xFFDE, 0x1924, 0x0926, 0x1126, 0x1126,
    0x1126, 0x1126, 0x1146, 0x094A, 0x09CC, 0x116B, 0x0989, 0x11A9, 0x118A, 0x1189, 0x0108, 0x7B13,
    0x9AB2, 0x0928, 0x3A0D, 0x2A0C, 0x096B, 0x5C96, 0x2AB0, 0x012A, 0x420F, 0xC336, 0x18E7, 0x120E,
    0x2AF4, 0x118E, 0x09AC, 0x098C, 0x11AD, 0x11AD, 0x014B, 0x7251, 0x6A0F, 0x01AD, 0x1211, 0x11D1,
    0x11D0, 0x11AE, 0x11AC, 0x198B, 0x118A, 0x1189, 0x1989, 0x1188, 0x1988, 0x1946, 0x1946, 0x1967,
    0x1967, 0x1988, 0x2188, 0x1967, 0x1967, 0x1988, 0x19A9, 0x1968, 0x19A9, 0x39EC, 0x19CA, 0x1A4F,
    0x4AD2, 0x422D, 0x09AA, 0x120B, 0x1A2B, 0x11EA, 0x11A8, 0x1189, 0x19A9, 0x0948, 0x31CD, 0xABB5,
    0x3169, 0x09A9, 0x11CD, 0x43B3, 0x1A0B, 0x09AA, 0x41EE, 0xC397, 0x61CB, 0x11C9, 0x33B1, 0x6416,
    0x5BD8, 0x8DBB, 0x5BBA, 0x5AB8, 0x943A, 0x69B6, 0x71D6, 0x99D5, 0xB953, 0xD132, 0xD8F0, 0xC0EE,
    0xA8AC, 0xA0CB, 0x9089, 0x8088, 0x70C8, 0x6887, 0x7868, 0x912E, 0xA1F3, 0xB171, 0x906A, 0x30A8,
    0x0972, 0x01D5, 0x09D5, 0x01B5, 0x09F5, 0x22B8, 0x0A38, 0x7295, 0xD10D, 0xC028, 0xC06A, 0xC84A,
    0xD0EF, 0xD9F6, 0xDA76, 0xCA56, 0xCB3A, 0xCBBC, 0xBB5C, 0x9B9C, 0x4277, 0x10CE, 0x61D0, 0xAAB6,
    0x8A52, 0x28EA, 0x196A, 0x0089, 0x112B, 0x08C8, 0x196A, 0x00EB, 0x0A98, 0x0B7C, 0x0BDD, 0x0B7B,
    0x02B7, 0x0233, 0x0232, 0x0A54, 0x01B0, 0x092B, 0x00E9, 0x00C7, 0x0085, 0x0044, 0x1003, 0x3046,
    0x50EB, 0x518D, 0x498B, 0x3908, 0x1884, 0x0000, 0x2965, 0xD69A, 0x0841, 0x0000, 0x7041, 0xF699,
    0x6BB0, 0xFE58, 0x7800, 0x0021, 0x0000, 0xA515, 0xFFFF, 0xF7DE, 0xFFFF, 0xEF9D, 0x18C3, 0x0000,
    0x0000, 0x9494, 0xFFFF, 0xFFDF, 0xFFFF, 0xFFFF, 0x3186, 0x0000, 0x0000, 0x6B6E, 0xFFFF, 0xFFDF,
    0xFFDF, 0xFFFF, 0x5AAA, 0x0000, 0x2000, 0xD96A, 0xFFFF, 0xF26A, 0x7000, 0x0000, 0x5ACD, 0xF7DE,
    0x10E4, 0x0907, 0x1147, 0x0926, 0x1126, 0x1126, 0x1126, 0x096A, 0x09AC, 0x116B, 0x096A, 0x0969,
    0x0969, 0x0989, 0x118A, 0x0109, 0x9BB6, 0x7A4F, 0x0106, 0x19CB, 0x118B, 0x22B1, 0x1A0F, 0x09AC,
    0x014B, 0x9314, 0x8A10, 0x014A, 0x096C, 0x09AD, 0x09AD, 0x11AD, 0x118C, 0x118B, 0x092C, 0x39CF,
    0x8A72, 0x096E, 0x09D3, 0x11B2, 0x19F3, 0x11B1, 0x2251, 0x11AB, 0x118B, 0x19AB, 0x19A9, 0x1189,
    0x1968, 0x1147, 0x1967, 0x1967, 0x1987, 0x1987, 0x19A8, 0x1967, 0x1947, 0x1967, 0x1988, 0x1988,
    0x1189, 0x42D3, 0x3A6E, 0x1968, 0x4B52, 0x1A6E, 0x11CA, 0x1A0A, 0x1A4B, 0x19EA, 0x1188, 0x1988,
    0x0947, 0x298C, 0xAB96, 0x398A, 0x01AA, 0x22B0, 0x32B0, 0x11C9, 0x0988, 0x4A0E, 0xC396, 0x598A,
    0x11E8, 0x22EE, 0x3BD6, 0x6C9B, 0x7C9A, 0x343C, 0xA59D, 0xA39B, 0x79D7, 0xA1D7, 0xB1D6, 0xD154,
    0xE132, 0xD912, 0xD8F1, 0xB8CD, 0xA8CB, 0x908A, 0x8889, 0x9069, 0x9048, 0xA0CC, 0xC214, 0xA9F3,
    0x988D, 0x88CD, 0x9AB6, 0x6B59, 0x2237, 0x09B5, 0x09F6, 0x01B6, 0x01B6, 0x1259, 0x8256, 0xD8CD,
    0xD86B, 0xC86B, 0xC88D, 0xD993, 0xE2DA, 0xDB3B, 0xD37B, 0xCB9C, 0xC39C, 0xC37B, 0xBADA, 0xAA57,
    0x9215, 0x8AD5, 0x5211, 0x2129, 0x322B, 0x114A, 0x114C, 0x090C, 0x092B, 0x322C, 0x00A9, 0x01D1,
    0x0B3B, 0x13FE, 0x13FE, 0x0B7C, 0x02D7, 0x0276, 0x0AD8, 0x02B6, 0x016E, 0x0085, 0x0043, 0x1824,
    0x4868, 0x70EC, 0x9230, 0x92D2, 0x49AB, 0x1063, 0x10C4, 0x10E4, 0x0001, 0x0002, 0x31A8, 0xD6BA,
    0x0841, 0x0000, 0x7061, 0xF699, 0x6BD0, 0xFE37, 0x7000, 0x0021, 0x0000, 0xA535, 0xFFFF, 0xF7DE,
    0xFFFF, 0xEF7D, 0x18A3, 0x0000, 0x0000, 0x94B4, 0xFFFF, 0xFFDF, 0xFFFF, 0xFFFF, 0x3186, 0x0000,
    0x0000, 0x6B6E, 0xFFFF, 0xFFDF, 0xFFDF, 0xFFFF, 0x526A, 0x0000, 0x2800, 0xD98A, 0xFFFF, 0xF249,
    0x7000, 0x0000, 0x5AED, 0xF7BE, 0x10C4, 0x0927, 0x0927, 0x0947, 0x0926, 0x1126, 0x1146, 0x094A,
    0x094A, 0x0949, 0x094A, 0x0989, 0x0969, 0x0969, 0x1169, 0x1189, 0x096A, 0xABB6, 0x59AD, 0x0128,
    0x11AB, 0x094B, 0x11CD, 0x21CC, 0x096B, 0x11AC, 0xC356, 0x414C, 0x01AC, 0x118C, 0x098C, 0x118D,
    0x116C, 0x118B, 0x116D, 0x11B0, 0x8AB4, 0x1950, 0x1A54, 0x2A76, 0x3AB6, 0x21B1, 0x2212, 0x11AC,
    0x19AB, 0x118A, 0x1989, 0x21A9, 0x1968, 0x1988, 0x1967, 0x2188, 0x1988, 0x1988, 0x1988, 0x21E9,
    0x21A8, 0x1967, 0x1988, 0x1988, 0x21EB, 0x2A70, 0x21ED, 0x424C, 0x0926, 0x2AEE, 0x224C, 0x11E9,
    0x1A2A, 0x11C9, 0x19A9, 0x0967, 0x1969, 0xAB75, 0x51AB, 0x098A, 0x11CB, 0x1AAF, 0x2AEF, 0x0969,
    0x522F, 0xC356, 0x4949, 0x19E9, 0x32ED, 0x3374, 0x8439, 0x5CBC, 0x553D, 0x7D7E, 0x9C1C, 0x9279,
    0xA1F7, 0xB9D6, 0xC954, 0xE133, 0xE913, 0xE132, 0xD911, 0xB8CD, 0xA0CC, 0x90AA, 0xA88A, 0xC08C,
    0xD9D2, 0xAA73, 0x694D, 0x90AD, 0xA1D5, 0xA41C, 0xB59F, 0xB59F, 0x73FC, 0x1259, 0x0218, 0x01F7,
    0x1259, 0x839C, 0xD296, 0xC910, 0xC0F0, 0xC193, 0xD257, 0xE2F9, 0xE3BB, 0xDB9A, 0xC37A, 0xC37C,
    0xCADA, 0xDA37, 0xE1D6, 0xB153, 0x492F, 0x00EC, 0x00AB, 0x08C9, 0x3A2C, 0x21AD, 0x00CB, 0x114C,
    0x090B, 0x090A, 0x00EC, 0x0A55, 0x0B7C, 0x141E, 0x13FE, 0x0B1B, 0x0319, 0x033A, 0x0319, 0x0214,
    0x190B, 0x38A7, 0x610A, 0x798D, 0x718D, 0x38C7, 0xA535, 0xEFBE, 0x636F, 0x0001, 0x0884, 0x0062,
    0x1024, 0x502A, 0x51AB, 0xCEBA, 0x0841, 0x0000, 0x6861, 0xF699, 0x6BF0, 0xFE17, 0x7000, 0x0021,
    0x0000, 0xA555, 0xFFFF, 0xF7DE, 0xFFFF, 0xEF7D, 0x10A3, 0x0000, 0x0000, 0x9CD5, 0xFFFF, 0xFFDF,
    0xFFFF, 0xFFFF, 0x2965, 0x0000, 0x0000, 0x738F, 0xFFFF, 0xFFDF, 0xFFDF, 0xFFFF, 0x5269, 0x0000,
    0x2800, 0xD9CB, 0xFFFF, 0xF229, 0x6800, 0x0000, 0x630E, 0xF7BE, 0x10A5, 0x00E7, 0x0948, 0x0928,
    0x0107, 0x0927, 0x0949, 0x094B, 0x094A, 0x094A, 0x118A, 0x1189, 0x1169, 0x0968, 0x0949, 0x0969,
    0x0969, 0x326F, 0xB3F7, 0x396A, 0x0969, 0x118B, 0x11AC, 0x31EE, 0x31CE, 0x014C, 0x5251, 0xAA73,
    0x092A, 0x098A, 0x09AC, 0x2293, 0x096C, 0x096B, 0x11AF, 0x016F, 0x6A52, 0x4213, 0x43B9, 0x6BFB,
    0x743B, 0x2A35, 0x2A77, 0x29EF, 0x2189, 0x29CA, 0x198A, 0x216A, 0x1988, 0x2189, 0x21A9, 0x29AA,
    0x19A9, 0x21CA, 0x21CA, 0x21EA, 0x1988, 0x1988, 0x19A9, 0x19A9, 0x328E, 0x19AA, 0x3A8E, 0x52D0,
    0x29A9, 0x0905, 0x3B0F, 0x2AAC, 0x11C9, 0x19E9, 0x11A8, 0x1129, 0x8B13, 0x59CB, 0x0127, 0x11CB,
    0x19CB, 0x11EA, 0x0148, 0x5A10, 0xB2D5, 0x4169, 0x222A, 0x53D1, 0x6C95, 0x4C99, 0x7C9B, 0x3B5B,
    0x545B, 0xB4BC, 0xB2BA, 0xBA18, 0xB217, 0xB155, 0xD154, 0xE134, 0xE934, 0xE112, 0xE111, 0xC8EF,
    0xA8AD, 0xB0AD, 0xD971, 0xEA15, 0x716E, 0x4089, 0x888D, 0xDB5A, 0xE51F, 0xD57E, 0xCD7E, 0xCCFE,
    0xABFC, 0x6B5B, 0x6AFA, 0x9B5C, 0xA39C, 0xB39D, 0xB31A, 0xB2F9, 0xAA99, 0xB31A, 0xD35A, 0xDB5B,
    0xE39B, 0xDB3A, 0xCA98, 0xD1D6, 0xD9B5, 0xD1D6, 0x6194, 0x092D, 0x092D, 0x090D, 0x116D, 0x29ED,
    0x426F, 0x00AA, 0x010B, 0x00C9, 0x00A9, 0x00EB, 0x010E, 0x0A96, 0x13DE, 0x1C1E, 0x0BFE, 0x035C,
    0x02B9, 0x1A16, 0x4172, 0x8170, 0x998F, 0x896E, 0x792D, 0x38A8, 0x0844, 0x0001, 0xA555, 0xFFFF,
    0x8452, 0x0002, 0x2066, 0x3847, 0x688C, 0x782E, 0x4189, 0xCE99, 0x0842, 0x0000, 0x6841, 0xF679,
    0x7411, 0xFDF6, 0x6800, 0x0021, 0x0000, 0xAD56, 0xFFFF, 0xF7DE, 0xFFFF, 0xE75C, 0x1082, 0x0000,
    0x0000, 0x9CF5, 0xFFFF, 0xFFDF, 0xFFFF, 0xFFFE, 0x2945, 0x0000, 0x0000, 0x73AF, 0xFFFF, 0xFFDF,
    0xFFFF, 0xFFFF, 0x4A49, 0x0000, 0x2800, 0xE1EC, 0xFFFF, 0xE9E8, 0x6000, 0x0000, 0x6B4F, 0xEF7D,
    0x4A0C, 0x5210, 0x00A7, 0x0149, 0x0929, 0x0929, 0x0129, 0x092A, 0x114A, 0x0949, 0x096A, 0x118A,
    0x1169, 0x0948, 0x0949, 0x0969, 0x1189, 0x2A8E, 0x2A2E, 0xABB6, 0x2128, 0x19EA, 0x098B, 0x098B,
    0x118D, 0x11CF, 0x014C, 0x9AF4, 0x61AE, 0x016A, 0x09AB, 0x09AF, 0x098E, 0x096D, 0x096F, 0x016D,
    0x41F0, 0x7AB6, 0x1237, 0x95FD, 0x9DDC, 0x3B3C, 0x747C, 0x31CA, 0x31AA, 0x21A9, 0x2A2F, 0x4AB2,
    0x1128, 0x1968, 0x21A9, 0x21A9, 0x19A9, 0x21AA, 0x2189, 0x1168, 0x1147, 0x1989, 0x21AA, 0x19CA,
    0x220C, 0x21EC, 0x5AEF, 0x0989, 0x42B0, 0x1925, 0x1968, 0x4390, 0x11C9, 0x11E9, 0x0949, 0x72B3,
    0x61ED, 0x0126, 0x1189, 0x1189, 0x11CA, 0x01AA, 0x6251, 0xC317, 0x8BB2, 0x11E9, 0x5431, 0x5CB6,
    0x3C19, 0x63BB, 0x8C5C, 0x7B59, 0x7238, 0xBA78, 0xD1B7, 0xE259, 0xDC3A, 0xC1B6, 0xD955, 0xF176,
    0xF996, 0xF133, 0xE8B0, 0xC88E, 0xC971, 0xE234, 0xF214, 0xD0F1, 0x8910, 0xC195, 0xE258, 0xF4DE,
    0xDCFE, 0xCD3D, 0xD55E, 0xBC5D, 0xC3FC, 0xCC3D, 0xD47D, 0xC37C, 0xAB7B, 0xA35B, 0xAB7C, 0xB35B,
    0xAAD9, 0xCB5A, 0xDB5A, 0xE31A, 0xEA57, 0xE955, 0xE954, 0xD1D6, 0xAAD8, 0xC4FC, 0x943B, 0x2A10,
    0x196D, 0x094C, 0x00CC, 0x112B, 0x21AC, 0x00AA, 0x00CA, 0x00EB, 0x012E, 0x0970, 0x0192, 0x035B,
    0x147F, 0x243E, 0x4B9B, 0x6A77, 0x81D3, 0x9991, 0xA950, 0x990D, 0x686A, 0x5029, 0x3008, 0x1828,
    0x1847, 0x30C9, 0xD65B, 0xEF7E, 0xB557, 0x580A, 0x906F, 0x604D, 0x382B, 0x402C, 0x49AA, 0xCE99,
    0x0842, 0x0000, 0x6841, 0xF679, 0x7432, 0xFDD6, 0x6800, 0x0021, 0x0000, 0xAD76, 0xFFFF, 0xF7DE,
    0xFFFF, 0xE75C, 0x1082, 0x0000, 0x0000, 0xA536, 0xFFFF, 0xFFDF, 0xFFFF, 0xF7DE, 0x2124, 0x0000,
    0x0000, 0x7BD0, 0xFFFF, 0xFFDF, 0xFFFF, 0xFFFF, 0x4208, 0x0000, 0x2800, 0xE1EC, 0xF7FF, 0xF1A8,
    0x6000, 0x0000, 0x736F, 0xF79D, 0x18E7, 0x8335, 0x8334, 0x1909, 0x00E9, 0x094B, 0x094A, 0x114A,
    0x21CC, 0x0949, 0x098A, 0x016A, 0x29ED, 0x21CB, 0x096A, 0x096A, 0x118A, 0x096A, 0x0148, 0x4290,
    0x9B54, 0x1969, 0x11AA, 0x11CB, 0x09AD, 0x11EE, 0x098E, 0x29AF, 0xB2D4, 0x214A, 0x01AD, 0x1A33,
    0x1235, 0x32B4, 0x19F1, 0x09B1, 0x21F2, 0x8AB6, 0x4B9A, 0xBE9E, 0x84FC, 0x541D, 0x5B50, 0x1946,
    0x424D, 0x1989, 0x21AC, 0xC65C, 0x9CD8, 0x318B, 0x1127, 0x1167, 0x1968, 0x1127, 0x1107, 0x19A9,
    0x52CD, 0x3A2B, 0x1988, 0x326D, 0x2A0C, 0x62B0, 0x29CA, 0x09A9, 0x32F0, 0x426D, 0x08C4, 0x2A2A,
    0x3AEE, 0x0127, 0x5AF2, 0x624E, 0x0946, 0x1189, 0x0969, 0x1189, 0x0108, 0x6231, 0xB2B4, 0x29EC,
    0x33D0, 0x33B0, 0x5CD6, 0x5C39, 0x737A, 0x82BB, 0xCC7C, 0xBA78, 0xC1B7, 0xD9D8, 0xE1B7, 0xE1D8,
    0xD9F7, 0xE9B7, 0xF1B6, 0xF9D6, 0xF974, 0xF8F1, 0xE931, 0xE234, 0xDA34, 0xE111, 0xF132, 0xF1F6,
    0xFAFB, 0xFAFC, 0xF3BC, 0xE4BD, 0xC4BE, 0xBD1E, 0xBC9D, 0xABDC, 0xABBC, 0xB3FD, 0xABBC, 0xA31B,
    0x9B5C, 0xABBD, 0xB3FC, 0xBBFB, 0xDBDB, 0xDA98, 0xE216, 0xE174, 0xD994, 0xDA16, 0xDBBB, 0xCCFD,
    0xBCDC, 0xD5BD, 0x93BA, 0x1992, 0x090D, 0x112E, 0x114E, 0x010C, 0x196B, 0x00A9, 0x012E, 0x0A15,
    0x135C, 0x13DE, 0x1B7C, 0x3B5B, 0x6AF8, 0x9276, 0xB212, 0xA1AF, 0x812C, 0x788C, 0x700B, 0x602B,
    0x504A, 0x406A, 0x2069, 0x30EC, 0x1807, 0x7B12, 0xDEBC, 0xD5FA, 0xEE9D, 0x91D2, 0x480B, 0x1829,
    0x282B, 0x482C, 0x49CA, 0xCEBA, 0x0842, 0x0000, 0x7041, 0xF679, 0x7433, 0xFDB6, 0x6800, 0x0021,
    0x0000, 0xB596, 0xFFFF, 0xF7DE, 0xFFFF, 0xE71B, 0x0861, 0x0000, 0x0000, 0xAD56, 0xFFFF, 0xFFDF,
    0xFFFF, 0xF7BE, 0x2104, 0x0000, 0x0000, 0x7BF0, 0xFFFF, 0xFFDF, 0xFFFF, 0xFFFF, 0x41E7, 0x0000,
    0x3000, 0xE22D, 0xFFFF, 0xE987, 0x6001, 0x0000, 0x738F, 0xF7BD, 0x08C6, 0x00CB, 0x4A52, 0x9C17,
    0x4A0E, 0x00AA, 0x19CD, 0x096B, 0x0929, 0x094A, 0x098D, 0x09AE, 0x19CF, 0x2A70, 0x2A70, 0x098D,
    0x19ED, 0x118A, 0x1189, 0x0148, 0x322E, 0x21AB, 0x1189, 0x11AA, 0x118B, 0x11CC, 0x11CE, 0x014D,
    0x92B4, 0x9252, 0x098E, 0x22B8, 0x1237, 0x4BB8, 0x2295, 0x1216, 0x32D7, 0x8AB6, 0xCE3D, 0xE6BF,
    0xA4DD, 0x8D1A, 0x1966, 0x31EB, 0x5290, 0x1969, 0x1149, 0x326C, 0xDF3C, 0xE6BD, 0x7373, 0x296A,
    0x1128, 0x3A6D, 0x7C35, 0xA559, 0x6370, 0x1968, 0x19CA, 0x32F0, 0x528F, 0x6A70, 0x11C9, 0x1A6C,
    0x126D, 0x42CF, 0x1926, 0x1967, 0x42CF, 0x5250, 0x6AB0, 0x1127, 0x11A9, 0x2AB0, 0x1189, 0x0108,
    0x6211, 0xAAB3, 0x19EB, 0x134E, 0x1B8F, 0x3416, 0x3399, 0x82DB, 0xC4BD, 0xC41D, 0xD2D8, 0xD1B7,
    0xE1D8, 0xE197, 0xE197, 0xE1B7, 0xD177, 0xE996, 0xF1B6, 0xF174, 0xF112, 0xEA14, 0xEA34, 0xE9B4,
    0xE9D6, 0xE996, 0xF1F7, 0xFAFA, 0xFB1B, 0xEB1B, 0xE3DB, 0xD4BE, 0xB4DE, 0xACBE, 0xA3DC, 0xABDC,
    0xB3BC, 0xAB5C, 0xA31C, 0x9AFB, 0x9B7C, 0xB4FD, 0xCD9E, 0xDBFB, 0xE1F5, 0xE954, 0xD9B6, 0xCA79,
    0xC35B, 0xCB3A, 0xDBFC, 0xC49C, 0xA35B, 0xB47C, 0x933B, 0x2995, 0x42D5, 0x63B8, 0x116F, 0x00CB,
    0x0049, 0x01B0, 0x139C, 0x139D, 0x2B3B, 0x5A97, 0x9215, 0xB213, 0x9A34, 0x7190, 0x58AA, 0x5049,
    0x584A, 0x786C, 0x788D, 0x588C, 0x304A, 0x304B, 0x388D, 0x518F, 0x93F4, 0xEF1D, 0x9B74, 0xDE3B,
    0xA394, 0xEF5D, 0x5A51, 0x306C, 0x58AD, 0x584D, 0x418A, 0xCE99, 0x0821, 0x0000, 0x7041, 0xF679,
    0x7453, 0xFD95, 0x6000, 0x0021, 0x0000, 0xB5B7, 0xFFFF, 0xF7DE, 0xFFFF, 0xDF1B, 0x0841, 0x0000,
    0x0000, 0xB576, 0xFFFF, 0xFFDF, 0xFFFF, 0xF7BE, 0x20E3, 0x0000, 0x0000, 0x8411, 0xFFFF, 0xFFDF,
    0xFFFF, 0xFFFF, 0x39A6, 0x0000, 0x3000, 0xEA4D, 0xFFFF, 0xF167, 0x6001, 0x0000, 0x738F, 0xF79D,
    0x08C7, 0x014D, 0x00EB, 0x198E, 0x8BB6, 0x8333, 0x112B, 0x010B, 0x098C, 0x096E, 0x01B2, 0x09F3,
    0x0190, 0x2271, 0x3271, 0x09CE, 0x11AB, 0x1169, 0x1189, 0x1189, 0x116B, 0x11AC, 0x1169, 0x118A,
    0x118A, 0x118A, 0x11AC, 0x09AD, 0x198D, 0xB2F5, 0x6A74, 0x1237, 0x1A58, 0x2297, 0x22D9, 0x53F9,
    0x643A, 0xC41B, 0xFF3E, 0xF77E, 0xF77F, 0x9C94, 0x00A3, 0x4AD0, 0x4A71, 0x0948, 0x1989, 0x1148,
    0x19C9, 0x8CD4, 0xE71D, 0xAC79, 0xACD9, 0xD67B, 0x94B4, 0x3A4A, 0x1148, 0x1189, 0x3B71, 0x42B0,
    0x626F, 0x1968, 0x124B, 0x1A6D, 0x122E, 0x32B0, 0x2146, 0x0904, 0x3A4D, 0x7B34, 0x1127, 0x1189,
    0x1189, 0x222C, 0x0128, 0x6A32, 0x9A73, 0x19EB, 0x232F, 0x5C52, 0x4C14, 0x5BF9, 0x8B58, 0xAA19,
    0xD4FD, 0xCBFB, 0xD9D7, 0xD997, 0xD977, 0xD956, 0xE176, 0xE176, 0xC935, 0xD935, 0xF175, 0xF1B4,
    0xF1F4, 0xF172, 0xF175, 0xEA18, 0xEA38, 0xF37A, 0xFAFA, 0xFAFA, 0xF33B, 0xEBBC, 0xD41D, 0xC4BE,
    0xB51E, 0xACDD, 0xB45D, 0xBC9E, 0xAB7C, 0xAB1B, 0xABBC, 0xC53E, 0xCD1D, 0xCBBB, 0xE257, 0xE934,
    0xE195, 0xE278, 0xD35B, 0xC35B, 0xC35B, 0xD3FC, 0xD43B, 0xCC9C, 0xA39B, 0xB4BC, 0xA35C, 0xAC7C,
    0xD65E, 0x839B, 0x3239, 0x11F3, 0x6416, 0x73F9, 0x5AB8, 0x7214, 0x81F2, 0x89F4, 0x6236, 0x4A98,
    0x4152, 0x488B, 0x486A, 0x408A, 0x408A, 0x508C, 0x486B, 0x386B, 0x488D, 0x50CE, 0x380D, 0x7AD3,
    0xD61B, 0x7991, 0x68CF, 0xCDBA, 0x480C, 0x82D2, 0xD65C, 0x6A73, 0x288D, 0x202D, 0x318A, 0xCE99,
    0x0821, 0x0000, 0x7041, 0xF679, 0x7C94, 0xF595, 0x6000, 0x0021, 0x0000, 0xB5B7, 0xFFFF, 0xF7DE,
    0xFFFF, 0xDEDA, 0x0821, 0x0000, 0x0000, 0xB5B7, 0xFFFF, 0xFFDF, 0xFFFF, 0xEF9D, 0x18C3, 0x0000,
    0x0000, 0x8432, 0xFFFF, 0xFFDF, 0xFFFF, 0xFFFF, 0x3186, 0x0000, 0x3000, 0xE24D, 0xFFFF, 0xF167,
    0x5801, 0x0000, 0x7BAF, 0xEF7D, 0x0908, 0x016D, 0x094C, 0x014C, 0x010C, 0x52D3, 0x9C16, 0x4210,
    0x010D, 0x01B1, 0x09F4, 0x09F4, 0x09B3, 0x09F4, 0x11F2, 0x11AE, 0x096A, 0x1169, 0x1169, 0x1169,
    0x218D, 0x3171, 0x196C, 0x118A, 0x116A, 0x116A, 0x116A, 0x118C, 0x018D, 0x4212, 0xBB38, 0x2237,
    0x22D9, 0x335B, 0x3B7B, 0x6CBC, 0xE79F, 0xECDC, 0xF71E, 0xFF9E, 0xFFDF, 0x528C, 0x00C5, 0x7415,
    0x4A92, 0x116A, 0x116A, 0x19AA, 0x0926, 0x326C, 0x4B0C, 0x320B, 0x426C, 0x63AF, 0x1967, 0x1169,
    0x1969, 0x2A8D, 0x32AF, 0x524F, 0x31AA, 0x11A9, 0x124D, 0x122E, 0x09EE, 0x3290, 0x2167, 0x1105,
    0x1989, 0x5B72, 0x1188, 0x11CA, 0x122B, 0x09ED, 0x7A54, 0x8A32, 0x120C, 0x3BD2, 0x9DB7, 0x9DB8,
    0xC63C, 0xC3FB, 0xD2D9, 0xE3BA, 0xCA78, 0xD278, 0xE1D7, 0xD976, 0xC935, 0xC935, 0xE176, 0xE135,
    0xD114, 0xE195, 0xE9D4, 0xF192, 0xF0F1, 0xF9B6, 0xF2DB, 0xEA39, 0xEB1A, 0xF47C, 0xFB5A, 0xFADA,
    0xEBBB, 0xDC3D, 0xC41E, 0xBCDE, 0xBD3F, 0xC4DD, 0xC4DE, 0xBC3D, 0xA33B, 0xAB9D, 0xD49D, 0xF439,
    0xEA15, 0xE935, 0xE9D7, 0xDAD9, 0xCB3B, 0xCB7C, 0xCB7C, 0xC2FB, 0xC31C, 0xC35C, 0xC35B, 0xB33B,
    0x9ADA, 0x8AFB, 0x9BDD, 0xAD1D, 0xD6DD, 0xB4BC, 0x9B5A, 0x9297, 0xC317, 0xBA75, 0x9214, 0x5972,
    0x3AB7, 0x2BDC, 0x139D, 0x3B3B, 0x68AF, 0x788C, 0x40AA, 0x2889, 0x2049, 0x306B, 0x406C, 0x508D,
    0x508E, 0x69F1, 0x6970, 0x506E, 0x7A52, 0x8A73, 0xA3D6, 0x7A93, 0x49B1, 0x72D4, 0x6272, 0x5B31,
    0x0886, 0x0006, 0x2987, 0xD6BA, 0x0841, 0x0000, 0x7041, 0xF679, 0x84D5, 0xF574, 0x5800, 0x0021,
    0x0000, 0xBDD7, 0xFFFF, 0xF7DE, 0xFFFF, 0xD6B9, 0x0020, 0x0000, 0x0000, 0xB5B7, 0xFFFF, 0xFFDF,
    0xFFFF, 0xEF7D, 0x1082, 0x0000, 0x0000, 0x8C52, 0xFFFF, 0xFFDF, 0xFFFF, 0xFFFF, 0x2965, 0x0000,
    0x3800, 0xE26D, 0xFFFF, 0xF167, 0x5001, 0x0000, 0x7BD0, 0xEF7C, 0x00C7, 0x016E, 0x096E, 0x014D,
    0x096E, 0x012D, 0x19AF, 0x83B6, 0x7B14, 0x110E, 0x0191, 0x0A15, 0x09F5, 0x0A15, 0x1234, 0x098E,
    0x116B, 0x116A, 0x1149, 0x0929, 0x318F, 0x6A74, 0x296E, 0x116B, 0x116B, 0x116B, 0x116A, 0x116A,
    0x11AD, 0x01B2, 0x92D6, 0x82B7, 0x237B, 0x239D, 0x8D5D, 0xDE7D, 0xF4FA, 0xE51B, 0xF5DC, 0xFE7E,
    0xD65C, 0x2988, 0x00E5, 0x84B6, 0x7398, 0x2A11, 0x29AC, 0x0927, 0x1188, 0x1188, 0x0946, 0x2A2D,
    0x3A8E, 0x19A8, 0x220A, 0x1989, 0x322C, 0x32AE, 0x39ED, 0x5A2F, 0x1168, 0x11CB, 0x126E, 0x120F,
    0x016D, 0x42B1, 0x29A8, 0x1125, 0x0907, 0x63F4, 0x2A8C, 0x0A2C, 0x128F, 0x8AF5, 0x8211, 0x32AE,
    0x332E, 0x43AE, 0x7CF6, 0xB55B, 0xC31A, 0xE219, 0xE237, 0xE399, 0xEBB9, 0xE0F4, 0xD915, 0xD135,
    0xC955, 0xD955, 0xE0F4, 0xE195, 0xEA36, 0xF1B3, 0xF132, 0xF953, 0xF9F7, 0xFADB, 0xFB1A, 0xFAFA,
    0xFBBB, 0xF35A, 0xF2FA, 0xF35B, 0xEBFB, 0xDBBB, 0xC3DC, 0xCC3D, 0xCBDC, 0xCBFC, 0xC45D, 0xAB9C,
    0xAABA, 0xC9F6, 0xE194, 0xE935, 0xE237, 0xDAFA, 0xDB3B, 0xD35B, 0xBB3B, 0xC37C, 0xC35B, 0xC2FB,
    0xB2BA, 0xC2FB, 0xC31B, 0xA29B, 0x8AFB, 0x9C3D, 0xA41D, 0x937B, 0xA358, 0xBA96, 0xCA35, 0xAA15,
    0x7A36, 0x4A77, 0x3194, 0x4173, 0x4277, 0x2B39, 0x1ABA, 0x5214, 0x78AD, 0x68AD, 0x2888, 0x2048,
    0x40EB, 0x48AC, 0x508D, 0x508E, 0x484F, 0x48AF, 0x60D0, 0x50AF, 0xD67C, 0x9BB6, 0x9BD5, 0xC5B9,
    0x8CD8, 0xA599, 0x9558, 0x3A2C, 0x10A3, 0x18C4, 0x2986, 0xD69A, 0x0841, 0x0000, 0x7041, 0xF679,
    0x8CF5, 0xF554, 0x5800, 0x0021, 0x0000, 0xBDF8, 0xFFFF, 0xF7DE, 0xFFFF, 0xD699, 0x0000, 0x0000,
    0x0000, 0xBDD7, 0xFFFF, 0xFFDF, 0xFFFF, 0xEF7D, 0x1082, 0x0000, 0x0000, 0x8C72, 0xFFFF, 0xFFDF,
    0xFFFF, 0xFFFF, 0x2945, 0x0000, 0x3800, 0xEA8E, 0xFFFF, 0xF146, 0x5001, 0x0000, 0x7BF0, 0xE75C,
    0x08C6, 0x094E, 0x014E, 0x098F, 0x0970, 0x0991, 0x0171, 0x010F, 0x42B3, 0x93F7, 0x4A12, 0x0172,
    0x0A57, 0x0A36, 0x0992, 0x096D, 0x116B, 0x116B, 0x116C, 0x094B, 0x2A0E, 0x7B14, 0x3150, 0x194D,
    0x218D, 0x196C, 0x19AC, 0x116A, 0x11AD, 0x0A12, 0x3272, 0xAAD7, 0x63FD, 0x761F, 0xE73D, 0xF5D9,
    0xEB96, 0xF515, 0xF516, 0xB55C, 0x4B12, 0x1966, 0x0906, 0x9558, 0x8C9C, 0x5357, 0x94D8, 0x216E,
    0x196A, 0x1168, 0x1148, 0x41EC, 0x39EB, 0x1968, 0x1128, 0x0949, 0x5BD4, 0x320C, 0x5A2F, 0x1148,
    0x0968, 0x09AB, 0x0A0E, 0x1A91, 0x018F, 0x52B2, 0x2187, 0x1146, 0x08C6, 0x6414, 0x436E, 0x0A2D,
    0x8AD5, 0x7A71, 0x332F, 0x9D96, 0x6BCF, 0x4350, 0x9437, 0xCCDB, 0xE45B, 0xEA97, 0xD891, 0xE113,
    0xE9B5, 0xD8F4, 0xD135, 0xC935, 0xE196, 0xE9B5, 0xE1F6, 0xE1F6, 0xF153, 0xF0B1, 0xF953, 0xF1D7,
    0xFADB, 0xFB5B, 0xFB5A, 0xFAFA, 0xF2DA, 0xEB5B, 0xEC3C, 0xF37B, 0xEB9B, 0xDB3B, 0xD31B, 0xD37A,
    0xD35B, 0xD3BB, 0xCB3A, 0xC9F7, 0xD935, 0xEA97, 0xE35A, 0xE35B, 0xD33A, 0xD31A, 0xE3BC, 0xCB7B,
    0xC31C, 0xC33B, 0xCB3B, 0xC2D9, 0xBA99, 0xBADA, 0xB2DA, 0x929A, 0x82DA, 0xBB38, 0xC276, 0xC275,
    0xD2D6, 0xC398, 0xB47B, 0x6A58, 0x3954, 0x3913, 0x308F, 0x7A13, 0x8932, 0x5911, 0x7274, 0x690F,
    0x588D, 0x488C, 0x2068, 0x412C, 0x616E, 0x50AE, 0x506F, 0x58B0, 0x5091, 0x50B0, 0x502F, 0x7212,
    0xBD79, 0xAC17, 0xAC37, 0xA518, 0xA5DA, 0xA558, 0x84B8, 0x4AAD, 0x0863, 0x10A4, 0x2986, 0xCE9A,
    0x0821, 0x0000, 0x7041, 0xF679, 0x8D15, 0xF533, 0x5800, 0x0020, 0x0000, 0xBE19, 0xFFFF, 0xF7DE,
    0xFFFF, 0xCE79, 0x0000, 0x0000, 0x0000, 0xBDF8, 0xFFFF, 0xFFDF, 0xFFFF, 0xEF7D, 0x1082, 0x0000,
    0x0000, 0x8C72, 0xFFFF, 0xF7DF, 0xFFFF, 0xFFFF, 0x2945, 0x0000, 0x4000, 0xEAAE, 0xFFFF, 0xE946,
    0x5000, 0x0000, 0x83F1, 0xE75C, 0x0085, 0x012D, 0x094D, 0x014D, 0x0991, 0x09D4, 0x1237, 0x233A,
    0x12D8, 0x335A, 0x847A, 0x7AF5, 0x1995, 0x0216, 0x0990, 0x196D, 0x094B, 0x116D, 0x196E, 0x114C,
    0x19CD, 0x93B8, 0x4171, 0x294F, 0x316F, 0x216E, 0x196C, 0x1129, 0x11ED, 0x1338, 0x02B3, 0x7252,
    0xBB59, 0x9E7D, 0xE79D, 0xF7BF, 0xF63C, 0xECF3, 0xC514, 0x7458, 0x4B91, 0x1126, 0x00E5, 0x7433,
    0xBE1F, 0x73F9, 0xF7FF, 0xB57C, 0x4A30, 0x1148, 0x5B51, 0x6AF0, 0x7B53, 0x31AC, 0x21ED, 0x53B4,
    0x2A2E, 0x522E, 0x4A6F, 0x1189, 0x0969, 0x096B, 0x09CD, 0x09F0, 0x3A14, 0x7A93, 0x1126, 0x1167,
    0x08C6, 0x5B92, 0x5B91, 0x7A12, 0x7AB2, 0x5494, 0x8D96, 0x334F, 0x4331, 0x93B9, 0xCADA, 0xE2D9,
    0xE399, 0xD9D4, 0xD8B0, 0xD8D1, 0xD8D1, 0xD913, 0xD115, 0xD956, 0xE9B6, 0xE1D5, 0xD955, 0xE913,
    0xF0F2, 0xF134, 0xE976, 0xF27A, 0xFB3B, 0xFB5B, 0xFAFB, 0xF29A, 0xF31B, 0xEB7C, 0xEC1B, 0xEC5B,
    0xE29A, 0xE39B, 0xE47C, 0xE45A, 0xE277, 0xE175, 0xE0D4, 0xD8B4, 0xE339, 0xF61F, 0xDC1B, 0xE35B,
    0xD2F9, 0xCAF9, 0xC33A, 0xB2DB, 0xB2BB, 0xC2B9, 0xBA58, 0xB218, 0xB259, 0xC278, 0xCA97, 0xB216,
    0xB1F4, 0xB9F5, 0xCB58, 0xC3FB, 0xB4BC, 0xB61D, 0x949A, 0x7AB6, 0x61B1, 0x5130, 0x38CF, 0x60EF,
    0xA0D2, 0x784F, 0x68F0, 0x50AF, 0x48AF, 0x406D, 0x306B, 0x598E, 0x50EF, 0x60F0, 0x68F1, 0x58D1,
    0x5090, 0x5090, 0x5870, 0x60F0, 0x5870, 0x4932, 0x3172, 0x08D0, 0x19B1, 0x2A51, 0x3A70, 0x1908,
    0x0001, 0x0000, 0x2986, 0xD6BA, 0x0821, 0x0000, 0x6841, 0xF679, 0x9555, 0xF512, 0x5000, 0x0021,
    0x0000, 0xC619, 0xFFFF, 0xF7DE, 0xFFFF, 0xCE58, 0x0000, 0x0000, 0x0000, 0xC619, 0xFFFF, 0xFFDF,
    0xFFFF, 0xEF7D, 0x1082, 0x0000, 0x0000, 0x9473, 0xFFFF, 0xF7DF, 0xFFFF, 0xFFFF, 0x2945, 0x0000,
    0x4000, 0xE2AF, 0xFFFF, 0xE926, 0x4801, 0x0000, 0x8411, 0xDF1B, 0x418B, 0x39AF, 0x00CA, 0x010A,
    0x016E, 0x09B3, 0x1278, 0x235C, 0x4CDE, 0x235B, 0x02BB, 0x53FB, 0x83B9, 0x3255, 0x114F, 0x19AE,
    0x39D1, 0x314F, 0x296F, 0x2170, 0x19AD, 0x6AF3, 0x5151, 0x3951, 0x4172, 0x31B0, 0x114B, 0x216B,
    0x11AC, 0x2377, 0x2437, 0x2B54, 0xA254, 0xC4B6, 0xB679, 0x7D57, 0x8558, 0xC616, 0xACF5, 0x8537,
    0x6C33, 0x1106, 0x0926, 0x32AD, 0xB5FE, 0x849B, 0xF7FF, 0xFFFF, 0x8BF4, 0x1106, 0x29E8, 0x0905,
    0x21CA, 0x5AF3, 0xE75F, 0x8453, 0x210B, 0x41EE, 0x3250, 0x118A, 0x11AC, 0x19AF, 0x09D0, 0x2192,
    0xAAB8, 0x6A0E, 0x00E5, 0x1947, 0x00E6, 0x5312, 0xC316, 0x5A10, 0x2BF2, 0x8DD8, 0x7CF4, 0x5C35,
    0x9397, 0xDC1B, 0xE3B9, 0xE297, 0xE1B3, 0xD06F, 0xC8CF, 0xD0B0, 0xC890, 0xD0F2, 0xE176, 0xE155,
    0xE995, 0xE955, 0xE0D3, 0xF113, 0xF134, 0xF1B7, 0xF2DB, 0xFB5B, 0xFB3A, 0xFB7A, 0xFB5A, 0xFB1A,
    0xFB5B, 0xFADA, 0xF2BA, 0xEB3B, 0xDBFB, 0xE45B, 0xEB37, 0xE954, 0xE935, 0xEAB8, 0xE318, 0xD956,
    0xE2F9, 0xEC9C, 0xE4BB, 0xE2DA, 0xDB3A, 0xD31A, 0xBAFB, 0xB2BB, 0xBABA, 0xC319, 0xC319, 0xB9F7,
    0xD256, 0xC9D4, 0xCA56, 0xCAB9, 0xAB1B, 0xA3FD, 0xA4BD, 0xCDBE, 0xACFD, 0xC63D, 0x9B36, 0xA3F7,
    0x7AB2, 0x40AE, 0x286D, 0x8254, 0x9173, 0x89F3, 0x60F1, 0x406E, 0x516F, 0x48CD, 0x5990, 0x404D,
    0x60F0, 0x70D1, 0x60B0, 0x4890, 0x5090, 0x4870, 0x5070, 0x5071, 0x3871, 0x0830, 0x00B0, 0x3253,
    0x21D1, 0x00AE, 0x00AC, 0x0067, 0x0866, 0x10A9, 0x31EA, 0xCEBA, 0x0841, 0x0000, 0x7061, 0xF679,
    0x9556, 0xF4F2, 0x5000, 0x0021, 0x0000, 0xC639, 0xFFFF, 0xF7DE, 0xFFFF, 0xCE58, 0x0000, 0x0000,
    0x0000, 0xC619, 0xFFFF, 0xFFDF, 0xFFFF, 0xEF5D, 0x1082, 0x0000, 0x0000, 0x9493, 0xFFFF, 0xF7DF,
    0xFFFF, 0xFFDE, 0x2924, 0x0000, 0x4000, 0xEAD0, 0xF7FF, 0xE926, 0x4801, 0x0000, 0x8C32, 0xD6FA,
    0x498B, 0xBBB9, 0x8AD4, 0x314D, 0x00EB, 0x0170, 0x09D4, 0x129A, 0x341C, 0x8DFD, 0x5CBD, 0x0ABA,
    0x12D9, 0x63FA, 0x3991, 0x214D, 0x4230, 0x292D, 0x29B0, 0x1970, 0x21AE, 0x8294, 0x394E, 0x298F,
    0x216D, 0x08C9, 0x31AF, 0x214D, 0x118E, 0x11EE, 0x33B2, 0x3CB7, 0x4B36, 0xB317, 0x4436, 0x6516,
    0xA553, 0xB657, 0x955B, 0x7D97, 0x6456, 0x1927, 0x1946, 0x1187, 0x955A, 0xA5DE, 0xF7FF, 0xFFFF,
    0x6B30, 0x1106, 0x1166, 0x1148, 0x198B, 0xB59B, 0xE6FC, 0x4A4F, 0x6292, 0x6BB5, 0x4AB1, 0x29EF,
    0x3A13, 0x3214, 0x4A56, 0xB278, 0xD41A, 0x31C9, 0x0905, 0x1947, 0x1127, 0x6B74, 0x9434, 0x64F4,
    0x74F5, 0x8515, 0x5B93, 0xAC9C, 0xE4DE, 0xDAB8, 0xDB37, 0xD2B4, 0xB8CD, 0xC0CE, 0xB08D, 0xC0D1,
    0xC993, 0xD194, 0xC934, 0xC114, 0xE196, 0xE934, 0xE913, 0xF155, 0xF1D8, 0xF27A, 0xFAFB, 0xFBBB,
    0xFB7A, 0xFB59, 0xFB7A, 0xFB1A, 0xF2DA, 0xFABA, 0xFA7A, 0xEA79, 0xF3B7, 0xF235, 0xEA76, 0xF1B7,
    0xE9F8, 0xEC1B, 0xEB9B, 0xEA7A, 0xF2BB, 0xEB3B, 0xEB9A, 0xEB1B, 0xDAFA, 0xD31B, 0xC33B, 0xC2DA,
    0xD298, 0xC9D5, 0xD235, 0xC215, 0x91F6, 0x79F8, 0x9ABB, 0x9B1B, 0x9BBC, 0x9C7D, 0x9C9D, 0xACBD,
    0xB47B, 0xD61B, 0xBCDB, 0xA378, 0xC55A, 0x92D3, 0x61B1, 0x59B2, 0x7252, 0x5990, 0x50EF, 0x590E,
    0x410D, 0x51B1, 0x40AE, 0x6951, 0x6090, 0x6091, 0x5090, 0x50B1, 0x5091, 0x48D2, 0x4914, 0x30F3,
    0x18F2, 0x1913, 0x2973, 0x49F5, 0x1911, 0x3254, 0x3A74, 0x2111, 0x4994, 0x4996, 0x420D, 0xCE79,
    0x0821, 0x0000, 0x7041, 0xF679, 0x9D76, 0xF4D2, 0x5000, 0x0021, 0x0000, 0xC65A, 0xFFFF, 0xF7DE,
    0xFFFF, 0xC638, 0x0000, 0x0000, 0x0001, 0xC63A, 0xFFFF, 0xFFDF, 0xFFFF, 0xE75C, 0x1082, 0x0000,
    0x0000, 0x9493, 0xFFFF, 0xF7DF, 0xFFFF, 0xF7DE, 0x2124, 0x0000, 0x4000, 0xEAF0, 0xF7FF, 0xE906,
    0x4801, 0x0000, 0x8C52, 0xDEFB, 0x0044, 0x10EB, 0x6231, 0xAB57, 0x8A94, 0x290E, 0x1A54, 0x5CFE,
    0x6D5E, 0x963E, 0xE7DF, 0x8D9C, 0x5C3B, 0x4C1A, 0x5AB5, 0x49B1, 0x216B, 0x294C, 0x10CC, 0x114D,
    0x118C, 0x5AB4, 0x216B, 0x00A8, 0x190A, 0x7C15, 0x6AB1, 0x210E, 0x11F2, 0x1211, 0x332F, 0x4412,
    0x3C34, 0x63F7, 0x4BF6, 0x65DB, 0x9D54, 0x8DF6, 0x6CB8, 0x85D7, 0x6CD9, 0x2168, 0x1946, 0x0905,
    0x42AE, 0xBE9E, 0xFFFF, 0xEF7E, 0x39EB, 0x1106, 0x1987, 0x08E7, 0x73F5, 0xF75F, 0x72F0, 0x2168,
    0x1148, 0x9536, 0xDE7E, 0x8317, 0x9C19, 0xC51C, 0xBAB7, 0xF55D, 0xAC97, 0x10C5, 0x1126, 0x1146,
    0x1108, 0x9559, 0x6D13, 0x6CB4, 0x74F4, 0x8492, 0xBD1B, 0xDBDC, 0xEA78, 0xDA96, 0xD293, 0xB0AC,
    0xA06B, 0xA8AD, 0xC131, 0xC9B4, 0xC973, 0xC913, 0xC114, 0xB934, 0xD134, 0xE914, 0xF1B7, 0xF29A,
    0xF2DB, 0xFADB, 0xFB1A, 0xFB7A, 0xFBBB, 0xFC1B, 0xFB19, 0xF379, 0xF359, 0xF1F6, 0xF195, 0xE174,
    0xE216, 0xDBB9, 0xED5C, 0xE9B8, 0xE9F8, 0xEA7A, 0xF29A, 0xF2FB, 0xEB1B, 0xF31B, 0xEB1B, 0xE31B,
    0xE279, 0xE238, 0xDA16, 0xD1D5, 0xC9B5, 0xB1B5, 0x99D7, 0xA23A, 0x927A, 0x9ABB, 0xA2FA, 0x933B,
    0xA43B, 0xB4DC, 0xB49D, 0xB4FC, 0xB459, 0xCDBB, 0xB41A, 0xABB9, 0xB4BA, 0xAC1A, 0xB49A, 0xA417,
    0x8393, 0x598F, 0x6170, 0x6A70, 0x306B, 0x490E, 0x5171, 0x6952, 0x7172, 0x5972, 0x4911, 0x48D1,
    0x38D2, 0x31B5, 0x39F6, 0x31B6, 0x39B6, 0x5217, 0x49F6, 0x4196, 0x3995, 0x4196, 0x3975, 0x49D6,
    0x2973, 0x1974, 0x39EC, 0xCE99, 0x0821, 0x0000, 0x7061, 0xFEBA, 0x9D97, 0xF4B1, 0x4800, 0x0020,
    0x0001, 0xCE7A, 0xFFFF, 0xF7DE, 0xFFFF, 0xC638, 0x0000, 0x0000, 0x0001, 0xC63A, 0xFFFF, 0xFFDF,
    0xFFFF, 0xE73C, 0x1082, 0x0000, 0x0000, 0x94B4, 0xFFFF, 0xF7DF, 0xFFFF, 0xF7BE, 0x2104, 0x0000,
    0x4000, 0xEAF0, 0xF7FF, 0xE0E5, 0x4801, 0x0000, 0x8C52, 0xDEFB, 0x0086, 0x016D, 0x00AB, 0x08CB,
    0x5A31, 0x9AB6, 0xA317, 0xBD7D, 0x9E5F, 0xBF3F, 0xD75E, 0xE7DF, 0xEFDF, 0xAD5B, 0x5215, 0x8A98,
    0x4A31, 0xA497, 0x9BB4, 0x59EE, 0x18C8, 0x318C, 0x396B, 0x9415, 0xBDD9, 0xB3F1, 0x692C, 0x2170,
    0x1A55, 0x1212, 0x2B31, 0x3B91, 0x432F, 0x2413, 0x5C36, 0x4496, 0x3C74, 0x5CD3, 0x3BB2, 0x5CF3,
    0x5CDA, 0x31EB, 0x08E5, 0x1146, 0x08E5, 0x6C14, 0xFFFF, 0xC618, 0x10C7, 0x1126, 0x0906, 0x21AC,
    0xE71E, 0xABD7, 0x5A2F, 0x1145, 0x1125, 0x00C4, 0x8CD4, 0xC59B, 0xD61D, 0xFD3C, 0xFE3D, 0xFFFF,
    0x528C, 0x00E4, 0x1126, 0x0926, 0x218C, 0xADFA, 0x7CF4, 0x9514, 0x94F5, 0x9478, 0xEDBE, 0xF43B,
    0xEA78, 0xDAB4, 0xB86D, 0xA04C, 0xB10F, 0xC1B2, 0xA94F, 0x90AD, 0x90AE, 0xA931, 0xB0F2, 0xA8F3,
    0xC915, 0xEA18, 0xEA7A, 0xF2DB, 0xF2DB, 0xF27A, 0xF319, 0xFC1B, 0xF43C, 0xF5DE, 0xF43A, 0xF1F5,
    0xF195, 0xF1D6, 0xDA17, 0xDBFA, 0xBB39, 0xB298, 0xD378, 0xEAB9, 0xEA19, 0xF2BA, 0xF2BA, 0xEAFB,
    0xEB1B, 0xEADA, 0xEA37, 0xE995, 0xE194, 0xD195, 0xCA77, 0xBAD9, 0x9ABB, 0xAB1C, 0xB37C, 0xB33B,
    0xAAFB, 0xBC5B, 0x937A, 0x9B7B, 0xC53B, 0xDDFD, 0xD4DC, 0xB47A, 0xC59B, 0xC59B, 0xAC39, 0xB419,
    0x9337, 0x92F6, 0xAC19, 0xB458, 0x61D0, 0x516E, 0x594F, 0x596E, 0x8B53, 0x7AB3, 0x408F, 0x402F,
    0x61D2, 0x7295, 0x5173, 0x3932, 0x49D6, 0x29F6, 0x29B6, 0x39F7, 0x4217, 0x39D7, 0x31B6, 0x2175,
    0x29B6, 0x2155, 0x08F3, 0x1153, 0x1173, 0x0153, 0x320D, 0xD699, 0x0821, 0x0000, 0x7061, 0xFEBA,
    0x9D97, 0xF491, 0x4800, 0x0020, 0x0001, 0xD67B, 0xFFFF, 0xF7DE, 0xFFFF, 0xC617, 0x0000, 0x0000,
    0x0001, 0xCE5A, 0xFFFF, 0xFFDF, 0xFFFF, 0xE73C, 0x0861, 0x0000, 0x0000, 0x9CD4, 0xFFFF, 0xF7DF,
    0xFFFF, 0xF7BE, 0x2104, 0x0000, 0x4000, 0xEB10, 0xF7FF, 0xE8E5, 0x4800, 0x0000, 0x8C93, 0xDEFA,
    0x0087, 0x094E, 0x092D, 0x014D, 0x010B, 0x00EC, 0x49D1, 0xA277, 0xDC9C, 0xCE1E, 0xCF3F, 0xCEFE,
    0xE79F, 0xF75E, 0xA3FA, 0x7218, 0x7235, 0x9C12, 0x7BEF, 0x9473, 0xAC77, 0x6A2E, 0xAD37, 0x7C51,
    0x31A7, 0xB10A, 0x7911, 0x19B3, 0x2272, 0x116B, 0x2AAF, 0x2A8E, 0x1B0F, 0x13B1, 0x1B11, 0x1AF0,
    0x1B8F, 0x4430, 0x1AEF, 0x33F1, 0x2B33, 0x428F, 0x1104, 0x1946, 0x1126, 0x08E5, 0xADB9, 0x7BF4,
    0x0085, 0x1966, 0x00A6, 0x8CD6, 0xFF9E, 0xCC9A, 0x6AEF, 0x00E4, 0x1947, 0x1106, 0x00C4, 0x1126,
    0x29A8, 0x524D, 0xC69A, 0xB5B7, 0x08A4, 0x1146, 0x1126, 0x1109, 0x6AD4, 0xDEBB, 0xBE17, 0xA535,
    0xC57C, 0xF69F, 0xF65E, 0xED7D, 0xD9D3, 0xB8CE, 0xB8EF, 0xD1D3, 0xB170, 0x98AC, 0x68AA, 0x48CA,
    0x48EA, 0x70CD, 0xA112, 0xB9B6, 0xDA7A, 0xF33C, 0xEABA, 0xE9F8, 0xF1D7, 0xF196, 0xF3BA, 0xF51C,
    0xF41B, 0xF317, 0xF1F5, 0xF2F8, 0xF359, 0xF2BA, 0xEA9A, 0xDAD9, 0xDBDB, 0xD33A, 0xDBBB, 0xE31A,
    0xEA9A, 0xF2BA, 0xF2BA, 0xEA17, 0xE9F6, 0xE975, 0xE975, 0xE257, 0xD2B9, 0xC2BA, 0xB3FC, 0xA51C,
    0x72DB, 0x933B, 0x8B3B, 0x933B, 0x82FA, 0x83BA, 0x837B, 0x939B, 0xB41C, 0xC55C, 0xDCFC, 0xC45B,
    0xBD1B, 0xA43A, 0xAC79, 0x92D8, 0x9BDA, 0xABB9, 0x9AD7, 0xA357, 0x8AB4, 0x9C56, 0x69F2, 0x92B5,
    0x9293, 0x5110, 0x58F0, 0x8275, 0xA3D7, 0x9319, 0x8A79, 0x6A38, 0x41F7, 0x29F6, 0x3A37, 0x4237,
    0x31F6, 0x21B6, 0x21D6, 0x21B6, 0x1175, 0x0934, 0x0933, 0x0953, 0x0952, 0x1154, 0x422D, 0xCE78,
    0x0821, 0x0000, 0x7061, 0xFE99, 0xA5B8, 0xF471, 0x4800, 0x0020, 0x0001, 0xD69B, 0xFFFF, 0xF7DE,
    0xFFFF, 0xBDF7, 0x0000, 0x0000, 0x0001, 0xCE9B, 0xFFFF, 0xFFDF, 0xFFFF, 0xDF1B, 0x0861, 0x0000,
    0x0000, 0x9CD5, 0xFFFF, 0xF7DF, 0xFFFF, 0xF7BE, 0x20E4, 0x0000, 0x4000, 0xEB10, 0xF7FF, 0xE0C5,
    0x4001, 0x0000, 0x9493, 0xDEFA, 0x0068, 0x0150, 0x096F, 0x016F, 0x096F, 0x096F, 0x012F, 0x2A32,
    0x9B99, 0xB2F9, 0xF67E, 0xF7DF, 0xF7BF, 0xFFFF, 0xE5FD, 0x7A99, 0x89B4, 0xBB33, 0x722B, 0x2988,
    0x3209, 0x93F2, 0x528B, 0x39A9, 0x918B, 0xB172, 0x5933, 0x3253, 0x1A6E, 0x2AAF, 0x4B0C, 0x4B0E,
    0x3B70, 0x2432, 0x1B50, 0x0A6F, 0x12CE, 0x5C70, 0x224D, 0x1A8F, 0x1A50, 0x42D1, 0x1926, 0x1126,
    0x1146, 0x0925, 0x1948, 0x31EC, 0x1927, 0x00A5, 0x218A, 0xF7DF, 0xE75C, 0x6B8F, 0x1105, 0x1126,
    0x1927, 0x1126, 0x1126, 0x1946, 0x1105, 0x08C4, 0x1105, 0x2167, 0x1105, 0x1146, 0x1107, 0x49D2,
    0xB4BB, 0xF79D, 0xDE7B, 0xCDBC, 0xCD7C, 0xF6BE, 0xFDBD, 0xF4DB, 0xD9B2, 0xD932, 0xD172, 0xA08C,
    0x888B, 0x90EC, 0x68EB, 0x50EA, 0x510A, 0x8910, 0xB975, 0xDA9A, 0xF2DB, 0xEA79, 0xE197, 0xF198,
    0xF1D8, 0xFA18, 0xFABA, 0xF318, 0xF2D7, 0xFAB7, 0xFBDA, 0xF57D, 0xF43C, 0xF43B, 0xF39A, 0xF45B,
    0xF43B, 0xEADA, 0xE35A, 0xECDC, 0xF2D9, 0xF216, 0xF174, 0xF195, 0xEA78, 0xE33A, 0xEC9C, 0xCBBC,
    0xB31B, 0x931C, 0x73BB, 0x5379, 0x6A9A, 0x7AFB, 0x7B5B, 0x939B, 0x8B5B, 0x6ADA, 0x94DC, 0xAC9D,
    0xCC3C, 0xC3BB, 0xBB9B, 0xB41A, 0xBCDB, 0xB45A, 0xA339, 0x9218, 0xA359, 0xBB99, 0xCCBB, 0xE6BD,
    0xB418, 0xCDFB, 0xABF9, 0x8A36, 0x8273, 0x8AB4, 0x9296, 0x9AF8, 0x7A77, 0x59B7, 0x6AB9, 0x6B18,
    0x1156, 0x29D6, 0x5B18, 0x4258, 0x31F7, 0x31D6, 0x31F6, 0x21D6, 0x1995, 0x1155, 0x1134, 0x0973,
    0x1953, 0x2195, 0x3A0D, 0xCE79, 0x0821, 0x0000, 0x7862, 0xFEBA, 0xA5D8, 0xF470, 0x4800, 0x0020,
    0x0821, 0xD6BB, 0xFFFF, 0xF7DE, 0xFFFF, 0xBDD6, 0x0000, 0x0000, 0x0001, 0xCE9B, 0xFFFF, 0xFFDF,
    0xFFFF, 0xDF1B, 0x0841, 0x0000, 0x0000, 0x9CF5, 0xFFFF, 0xF7DF, 0xFFFF, 0xF7BE, 0x20E4, 0x0000,
    0x4000, 0xEB30, 0xF7FF, 0xE0C5, 0x4001, 0x0000, 0x94B3, 0xD6DA, 0x310B, 0x3171, 0x00EE, 0x012F,
    0x0190, 0x01B1, 0x0993, 0x2AD7, 0x449D, 0x8D5D, 0xEF3E, 0xFFFF, 0xFFFF, 0xE71E, 0xEE9F, 0xAC3B,
    0x7955, 0x9953, 0xB292, 0x820B, 0x61E9, 0x2988, 0x31AA, 0x51C8, 0xA9D2, 0x9956, 0x51B4, 0x2AB0,
    0x1AF0, 0x5391, 0x532B, 0x4A0C, 0x6250, 0x1AAD, 0x2AAA, 0x1B13, 0x0A50, 0x53AE, 0x3A8D, 0x122E,
    0x09ED, 0x42F0, 0x422B, 0x10C5, 0x1926, 0x1105, 0x1105, 0x1126, 0x21CA, 0x218C, 0xA57A, 0xBDD6,
    0x2166, 0x00A3, 0x1126, 0x1125, 0x1946, 0x2167, 0x2126, 0x2968, 0x1126, 0x1126, 0x1126, 0x1106,
    0x1946, 0x0905, 0x396E, 0xBBFB, 0xE69D, 0xFFDF, 0xFEDE, 0xF5FE, 0xF5FE, 0xFEBF, 0xF43B, 0xE954,
    0xF9D5, 0xE932, 0xA88C, 0x90CC, 0x790C, 0x68EB, 0x590A, 0x590A, 0x710E, 0xA934, 0xC196, 0xB974,
    0xD934, 0xE935, 0xCA35, 0x61ED, 0x39AA, 0x49AB, 0x9B73, 0xF41B, 0xFB9B, 0xF45B, 0xF4DB, 0xF5DC,
    0xF4DC, 0xFD9C, 0xF37A, 0xF3BA, 0xF318, 0xF237, 0xF256, 0xF2F6, 0xF235, 0xF1F6, 0xF2B9, 0xEB9B,
    0xE39B, 0xDC7C, 0xC57D, 0x835C, 0x6B5C, 0x433B, 0x5C1B, 0x5AB9, 0x82FB, 0x943B, 0xB49B, 0xB3FB,
    0xBD1C, 0x841B, 0x84FC, 0xC57D, 0xDCFD, 0xC3DB, 0x9B39, 0x9BB9, 0xAD1A, 0x93B8, 0xAC1A, 0xAB59,
    0x8196, 0x9217, 0xB379, 0xB3D9, 0xB317, 0xCD1B, 0xD55B, 0xD55B, 0x9236, 0xAAB8, 0xBBDA, 0x9C1B,
    0x8BD9, 0xBDBB, 0xC6BE, 0xCF1F, 0xBDFB, 0x4A76, 0x3156, 0x4237, 0x39D6, 0x39D6, 0x31D6, 0x2995,
    0x29B5, 0x31B5, 0x3175, 0x2974, 0x2973, 0x2154, 0x422D, 0xCE99, 0x0821, 0x0000, 0x7882, 0xFEDA,
    0xA5D8, 0xF450, 0x4800, 0x0000, 0x0822, 0xDEDC, 0xFFFF, 0xF7DE, 0xFFFF, 0xB5D6, 0x0000, 0x0000,
    0x0001, 0xD69B, 0xFFFF, 0xFFDF, 0xFFFF, 0xDEFB, 0x0841, 0x0000, 0x0000, 0xA515, 0xFFFF, 0xFFDF,
    0xFFFF, 0xF7BE, 0x20E4, 0x0000, 0x4000, 0xEB31, 0xF7DE, 0xE0C4, 0x4001, 0x0000, 0x9CD3, 0xD6B9,
    0x4A0C, 0xABF8, 0x8AD6, 0x51F2, 0x2151, 0x0131, 0x01B3, 0x01D7, 0x12FB, 0x6D5E, 0xBF3F, 0xF7FF,
    0xEFFF, 0xE73E, 0xF73F, 0xCDDD, 0x8A97, 0x8936, 0x7134, 0x61CE, 0x18C6, 0x6B70, 0x7BD5, 0x10EB,
    0x4A10, 0x92B9, 0x3154, 0x32EF, 0x2AEF, 0x634D, 0x29E8, 0x6AED, 0x52CE, 0x320F, 0x49CB, 0x0A70,
    0x1291, 0x3A69, 0x4ACD, 0x126E, 0x1A8E, 0x120D, 0x6330, 0x18E5, 0x1105, 0x18E6, 0x1106, 0x1126,
    0x1125, 0x29CA, 0x73F2, 0x10E5, 0x08C4, 0x1126, 0x1126, 0x0925, 0x1106, 0x31A9, 0x2147, 0x2948,
    0x1106, 0x1105, 0x1125, 0x1126, 0x1146, 0x1929, 0xABBA, 0xE51C, 0xF7BF, 0xFFBE, 0xFF7F, 0xFEFF,
    0xF5BD, 0xEBB8, 0xF215, 0xFA97, 0xE974, 0xA0AD, 0x694C, 0x512A, 0x4909, 0x40C9, 0x40C9, 0x690D,
    0x9952, 0xB113, 0x90B1, 0x9090, 0xD0D3, 0xD2D7, 0x2967, 0x0082, 0x0082, 0x0083, 0x0082, 0x424A,
    0xDD3A, 0xFDBD, 0xEBBA, 0xEC3A, 0xF4BA, 0xF338, 0xF154, 0xF154, 0xF1D3, 0xF215, 0xF318, 0xF51C,
    0xFC3C, 0xF2DA, 0xFB7C, 0xEC5B, 0xE3BB, 0xAB9C, 0x83BC, 0x73BD, 0x435B, 0x537C, 0x6ADB, 0x8B5B,
    0x93DB, 0xC4BD, 0xB37C, 0xB3DC, 0xCD9D, 0xC5DE, 0xC5FC, 0xCD7D, 0xE61E, 0xCCDB, 0xCD7C, 0xB4FB,
    0xAC9A, 0x9C39, 0xBD5A, 0xA3B7, 0x7115, 0x8196, 0x7995, 0x78F4, 0xAAF7, 0x9296, 0x9296, 0xB3B7,
    0xC479, 0xBC19, 0x7A37, 0x8BD9, 0xE73E, 0x8D9E, 0x2AD8, 0x1AD7, 0x95FF, 0xE71E, 0x83B8, 0x3955,
    0x3996, 0x39D6, 0x39D6, 0x49D7, 0x4997, 0x4976, 0x4975, 0x4174, 0x3153, 0x3134, 0x4A0D, 0xCE58,
    0x0001, 0x0000, 0x7862, 0xFEDA, 0xAE19, 0xF450, 0x4800, 0x0000, 0x0822, 0xDEDC, 0xFFFF, 0xF7DE,
    0xFFFF, 0xB5D6, 0x0000, 0x0000, 0x0021, 0xD6BB, 0xFFFF, 0xFFDF, 0xFFFF, 0xDEFB, 0x0841, 0x0000,
    0x0000, 0xA536, 0xFFFF, 0xFFDF, 0xFFFF, 0xF7BE, 0x2104, 0x0000, 0x4000, 0xEB31, 0xF7FE, 0xE0C4,
    0x4001, 0x0000, 0x94B3, 0xDEDA, 0x0024, 0x010C, 0x39CF, 0x7B14, 0xAB57, 0xA296, 0x61B4, 0x3A17,
    0x233C, 0x3C9D, 0xB75F, 0xADDD, 0xA4DA, 0xADBC, 0xB61C, 0xDEDE, 0xBCDD, 0xAADC, 0xA2DB, 0x4930,
    0x9232, 0x522C, 0x3A2C, 0x9395, 0x6AD6, 0x7C5A, 0x5B59, 0x32F3, 0x328B, 0x4A6A, 0x3229, 0x4A8A,
    0x29C9, 0x41EF, 0x82F2, 0x0A50, 0x1AF1, 0x3269, 0x428B, 0x1AEF, 0x1A6E, 0x01AD, 0x5396, 0x6A0E,
    0x10E5, 0x1946, 0x1106, 0x1126, 0x1125, 0x08E4, 0x00A4, 0x1126, 0x1126, 0x1126, 0x1126, 0x1126,
    0x1146, 0x4A8D, 0x18E6, 0x2167, 0x10E6, 0x1106, 0x1947, 0x1126, 0x10E7, 0x9357, 0xE53D, 0xEDFC,
    0xFF3D, 0xF73D, 0xFEDE, 0xF419, 0xE294, 0xEA76, 0xF278, 0xFA57, 0xA14E, 0xA454, 0x59EC, 0x2106,
    0x30E8, 0x40C9, 0x50EB, 0x70EE, 0x88F0, 0x9A73, 0xB3D6, 0xD3F9, 0xDC3A, 0x39E9, 0x0063, 0x18C5,
    0x10C4, 0x10C5, 0x10E4, 0x0042, 0x19A6, 0xAD36, 0xFD5E, 0xFAF8, 0xE8F2, 0xF153, 0xF1F5, 0xF277,
    0xFC3A, 0xF4DD, 0xEC1A, 0xF4FC, 0xF3BB, 0xF2DA, 0xEB3B, 0xE3DB, 0xDBFB, 0x9B3C, 0x7B9B, 0x5B5C,
    0x7B9C, 0xAC3C, 0xB3FC, 0x9B9C, 0xABDC, 0xAB7C, 0xB4BD, 0xBD3D, 0xCD9E, 0xD61E, 0xBCDC, 0xBCFC,
    0xE6BD, 0xEE9E, 0xDE3E, 0xEF3F, 0xCDDC, 0xC55C, 0xBCBB, 0xA3D8, 0x7155, 0x9317, 0xB459, 0x70F4,
    0x7976, 0x7976, 0x91B7, 0x9A35, 0xCD1B, 0xB45A, 0x6A17, 0x8398, 0xDF3E, 0x32B8, 0x8CB5, 0x50C3,
    0x210C, 0x547B, 0xD73F, 0xBD9B, 0x51B5, 0x4135, 0x51B6, 0x6175, 0x50F3, 0x48B0, 0x60B0, 0x68CF,
    0x70AF, 0x70AE, 0x51EA, 0xC679, 0x0001, 0x0000, 0x7882, 0xFEDA, 0xAE39, 0xF430, 0x4800, 0x0000,
    0x0842, 0xDEFC, 0xFFFF, 0xF7DE, 0xFFFF, 0xB5D6, 0x0000, 0x0000, 0x0822, 0xDEDC, 0xFFFF, 0xFFDF,
    0xFFFF, 0xDEFB, 0x0841, 0x0000, 0x0000, 0xAD56, 0xFFFF, 0xFFDF, 0xFFFF, 0xF7BE, 0x2104, 0x0000,
    0x4000, 0xE310, 0xF7FE, 0xE0A4, 0x4000, 0x0000, 0x94B3, 0xDEDA, 0x0044, 0x010A, 0x00A9, 0x0087,
    0x08E9, 0x420E, 0x82B3, 0xB2D7, 0xB2D9, 0x8B7B, 0x837A, 0x7954, 0x4136, 0x4319, 0x749A, 0x7C19,
    0x9479, 0xD5BE, 0xB439, 0xB357, 0xAAB1, 0x29C9, 0x1988, 0x522C, 0xCD19, 0x8439, 0xC69F, 0x5397,
    0x3AED, 0x4ACB, 0x2A09, 0x32AB, 0x19C9, 0x8990, 0x61EF, 0x0A2F, 0x22AD, 0x3269, 0x32AD, 0x2411,
    0x120B, 0x09AD, 0x22D0, 0xA3D8, 0x692C, 0x2107, 0x1146, 0x1946, 0x1125, 0x1946, 0x1146, 0x1126,
    0x1926, 0x1946, 0x1126, 0x1946, 0x1127, 0x522D, 0x3149, 0x2968, 0x2147, 0x1926, 0x1967, 0x2169,
    0x8AF6, 0xE53C, 0xF63D, 0xFFFF, 0xFFFF, 0xF59C, 0xEAB6, 0xF9D6, 0xFBBA, 0xFD3E, 0xFC7D, 0xF276,
    0x78EB, 0x4929, 0x2106, 0x1906, 0x412A, 0x694D, 0x588A, 0x89D1, 0x72AE, 0x2146, 0x2166, 0x4B0D,
    0x530E, 0x08C4, 0x1105, 0x0905, 0x1105, 0x18E6, 0x18E5, 0x0905, 0x00A3, 0x0062, 0x634F, 0xDC78,
    0xFBD9, 0xFC9A, 0xF4BB, 0xF4BC, 0xFD3C, 0xF5FD, 0xDA77, 0xEAF9, 0xEBFB, 0xEB1A, 0xEB7B, 0xE3FB,
    0xDBFB, 0xBB7C, 0x7B7B, 0x73BC, 0xB49C, 0xCCDD, 0xB39C, 0xB3DD, 0xC3DD, 0xCC5D, 0xC51D, 0xB53D,
    0xB53C, 0xAC1B, 0xCD3C, 0xDD5D, 0xCCBC, 0xAC5B, 0xDE7D, 0xF7BF, 0xE63D, 0xD49C, 0xC3BB, 0x9217,
    0x7915, 0x81D6, 0x8A56, 0x7155, 0x8A36, 0xCCBA, 0x9AB7, 0x6013, 0xA379, 0xBD3B, 0x6AF8, 0x9499,
    0xC69E, 0x5378, 0xD658, 0x8800, 0x9800, 0x4065, 0x2254, 0x9E5F, 0xE71E, 0xAAD5, 0x9090, 0xA0F1,
    0xA10F, 0x98EF, 0x88EE, 0x78AC, 0x78AC, 0x48AA, 0x49EA, 0xCE79, 0x0001, 0x0000, 0x7882, 0xFEFB,
    0xAE39, 0xEC30, 0x4800, 0x0000, 0x0843, 0xDEFD, 0xFFFF, 0xF7DF, 0xFFFF, 0xBDF7, 0x0000, 0x0000,
    0x0822, 0xDEDC, 0xFFFF, 0xFFDF, 0xFFFF, 0xDF1B, 0x0841, 0x0000, 0x0000, 0xB577, 0xFFFF, 0xFFDF,
    0xFFFF, 0xFFDF, 0x2945, 0x0000, 0x4000, 0xEB10, 0xF7FF, 0xE0C4, 0x4001, 0x0000, 0x94B3, 0xDEDA,
    0x0045, 0x090A, 0x090A, 0x090A, 0x00E9, 0x00C8, 0x00E9, 0x112C, 0x59B1, 0xAA75, 0xCA96, 0xC236,
    0x91B4, 0x4931, 0x8338, 0xB3FA, 0xA2F9, 0xEE3D, 0xA3F6, 0xDCD9, 0x6A4C, 0x1187, 0x08E5, 0x530E,
    0x9BB3, 0xDE5C, 0x9D1C, 0x7BD7, 0x19AC, 0x538E, 0x3B2F, 0x1A6E, 0x11A9, 0x81AF, 0x39AD, 0x124D,
    0x22ED, 0x3ACC, 0x2B2F, 0x2BEF, 0x326C, 0x11AB, 0x328D, 0x7C1A, 0xDC5C, 0xA991, 0x512A, 0x2147,
    0x1146, 0x0905, 0x1125, 0x1926, 0x10E6, 0x1126, 0x1126, 0x1146, 0x2168, 0x5A8D, 0x49CA, 0x620C,
    0x2947, 0x1948, 0x2189, 0x8B16, 0xE55D, 0xFE9E, 0x9CD5, 0xC61A, 0xF53B, 0xFC5A, 0xFE3E, 0xE53A,
    0xB475, 0x8370, 0x7370, 0x7B30, 0x722E, 0x826F, 0x61ED, 0x2065, 0x50E9, 0x714D, 0x8A6F, 0x7B50,
    0x0062, 0x0883, 0x0884, 0x0063, 0x0884, 0x1966, 0x10E5, 0x40C6, 0x9909, 0xB94A, 0xA929, 0x58E7,
    0x08E5, 0x08C4, 0x0022, 0x1105, 0x73B0, 0xE65C, 0xFE9E, 0xF4FB, 0xEBF9, 0xE5FC, 0xC3F9, 0xE33A,
    0xE33A, 0xDB5B, 0xDB7A, 0xDB7A, 0xD37B, 0xC3FC, 0xAC9C, 0xAD3C, 0xBE3D, 0xB59E, 0xBC7D, 0xC43D,
    0xD3BC, 0xD43B, 0xBC1C, 0xD5BD, 0xD63D, 0xD49C, 0xDCFC, 0xE45C, 0xC3BB, 0xB3DB, 0xD47B, 0xE55B,
    0xF6BE, 0xDCBB, 0xC35A, 0xCB5B, 0x89F6, 0xAC19, 0xC4DA, 0xD67D, 0xD6FF, 0xC71F, 0xD69D, 0xB459,
    0x8297, 0xAB97, 0x7113, 0xBCF8, 0x95DD, 0x7479, 0xB4D2, 0x8000, 0xA041, 0xA000, 0x6821, 0x214D,
    0x4C7A, 0xDF5F, 0xDD38, 0x38CC, 0x1806, 0x1865, 0x0847, 0x0086, 0x0064, 0x0002, 0x31A7, 0xCE59,
    0x0000, 0x0000, 0x7882, 0xFEFB, 0xAE39, 0xEC2F, 0x4000, 0x0020, 0x0821, 0xDEFC, 0xFFFF, 0xF7BE,
    0xFFFF, 0xA514, 0x0000, 0x0020, 0x0001, 0xD6BB, 0xFFFF, 0xF7BE, 0xFFFF, 0xC638, 0x0000, 0x0021,
    0x0000, 0xAD56, 0xFFFF, 0xF7BE, 0xFFFF, 0xE75C, 0x1082, 0x0000, 0x4000, 0xEAF0, 0xF7FF, 0xE0C4,
    0x4001, 0x0000, 0x94B3, 0xDEDB, 0x0043, 0x0108, 0x00E8, 0x0909, 0x0109, 0x010A, 0x092B, 0x110D,
    0x20CE, 0x38F0, 0x3950, 0x5A15, 0x9215, 0xCA15, 0xFA78, 0xB9F6, 0x5113, 0xA9D7, 0xE5FD, 0xACB6,
    0x59EE, 0x9353, 0x7A50, 0x71EF, 0x6930, 0xB418, 0x841B, 0x6B5A, 0x216D, 0x4B4D, 0x4C12, 0x3312,
    0x19A8, 0x1189, 0x098A, 0x09CA, 0x230C, 0x32AC, 0x234E, 0x2AEC, 0x224B, 0x1A0A, 0x420C, 0x4171,
    0x8C9A, 0xE4DC, 0xE358, 0x89CF, 0x594C, 0x390A, 0x1906, 0x1126, 0x1126, 0x1126, 0x1126, 0x1126,
    0x1107, 0x628F, 0x6A8F, 0x3189, 0x1947, 0x2128, 0x7AD2, 0xE55C, 0xFE3E, 0xC557, 0x1106, 0xB477,
    0xFE7D, 0xD69B, 0x636D, 0x1925, 0x00A2, 0x0062, 0x0022, 0x0062, 0x0082, 0x1925, 0x730F, 0xA3F4,
    0x9A2F, 0x914E, 0xACB5, 0x10E4, 0x0883, 0x10C5, 0x08A4, 0x10C4, 0x10A4, 0x08E4, 0x80E8, 0xD8A9,
    0xE908, 0xF96A, 0xF9AA, 0xF109, 0x8886, 0x20A5, 0x08C4, 0x08A3, 0x0000, 0x52CC, 0xFF7F, 0xECDC,
    0xDB58, 0xE53C, 0xE3FB, 0xED3C, 0xD31A, 0xBADA, 0xBB1A, 0xCB9A, 0xCC3C, 0xD49E, 0xD57E, 0xD65E,
    0xB63E, 0xA5DE, 0xA4DC, 0x7B5A, 0x937A, 0x8AFA, 0x9B5A, 0xE63D, 0xFE5D, 0xFC5C, 0xE45C, 0xD3DB,
    0xD3BA, 0xDCDB, 0xE41B, 0xDC3B, 0xDD5C, 0xC399, 0xCBDA, 0xC399, 0x9A75, 0xE6DC, 0xAE7E, 0x4BBA,
    0x3A72, 0x29F0, 0x43D9, 0x8E3F, 0xCEBD, 0xE4B8, 0xC992, 0xF65B, 0x649B, 0x9D9A, 0x9B4C, 0x9000,
    0xA020, 0x9800, 0x9800, 0x8800, 0x4065, 0x2294, 0x963E, 0xCE9B, 0x3A0A, 0x0000, 0x0043, 0x2987,
    0x18C3, 0x0000, 0x31A6, 0xCE59, 0x0000, 0x0000, 0x7882, 0xFEFB, 0xAE3A, 0xEC2F, 0x4000, 0x0041,
    0x0000, 0x6B6D, 0xFFFF, 0xFFFF, 0xDEDB, 0x2124, 0x0000, 0x0821, 0x0000, 0x5AAB, 0xF7BE, 0xFFFF,
    0xE73C, 0x39C7, 0x0000, 0x0820, 0x0000, 0x39C7, 0xE73C, 0xFFFF, 0xEF7D, 0x5ACB, 0x0000, 0x0020,
    0x4000, 0xEAF0, 0xF7FF, 0xE0C4, 0x4000, 0x0000, 0x9492, 0xDEDB, 0x0043, 0x00E7, 0x00C7, 0x00E6,
    0x00C7, 0x00E9, 0x00E9, 0x18CB, 0x28ED, 0x2950, 0x210F, 0x090F, 0x2932, 0xCA98, 0x6931, 0x7A32,
    0x8A94, 0xA9B5, 0xEC7C, 0xBCDA, 0x82B4, 0x8232, 0x9254, 0xBC38, 0xDD1C, 0xC3FB, 0x5275, 0x1A97,
    0x22B4, 0x1169, 0x5BCF, 0x5C32, 0x2A6B, 0x0126, 0x19CB, 0x4331, 0x4390, 0x22AC, 0x1A4A, 0x0106,
    0x2A8B, 0x42AB, 0x3AAC, 0x5BAE, 0x4ACB, 0x63B0, 0xDD5B, 0xFCFC, 0xDB37, 0xAA53, 0x716D, 0x492B,
    0x3149, 0x2129, 0x2949, 0x2148, 0x1106, 0x72F1, 0x9B73, 0x1906, 0x1967, 0x7AF1, 0xED5C, 0xFDBD,
    0xC4F6, 0x1925, 0x0086, 0xCF1D, 0xA595, 0x10E4, 0x0022, 0x0063, 0x0884, 0x08A4, 0x08A4, 0x0884,
    0x0884, 0x0083, 0x0022, 0x2187, 0x9C94, 0xF6DD, 0x3A09, 0x0022, 0x08C4, 0x08C4, 0x08A4, 0x08A4,
    0x08A4, 0x08A4, 0xB9AB, 0xFA2B, 0xFC11, 0xFC72, 0xF3AE, 0xFBD0, 0xE96A, 0x9846, 0x68A8, 0x18E4,
    0x00A3, 0x1905, 0xAD97, 0xDDBC, 0xE47C, 0xD2D9, 0xE2FA, 0xDBDB, 0xC2FA, 0xB37A, 0xB35B, 0xC45C,
    0xA43B, 0x939A, 0x84BA, 0xB6BC, 0x8D5B, 0x53FA, 0x8C9B, 0x3AF7, 0x4B39, 0x733A, 0xE61E, 0xF6BE,
    0xEDDD, 0xDBFC, 0xD4BB, 0xDD5C, 0xCB38, 0xDB38, 0xEAF8, 0xD255, 0xB974, 0xB9B3, 0xC1D3, 0xB0F1,
    0xB9F2, 0xE75E, 0x4338, 0x9537, 0x88C3, 0xB800, 0x7844, 0x296D, 0x3379, 0x7DFF, 0xCEFE, 0xF7BE,
    0x4359, 0xB61A, 0x8165, 0x9820, 0x9821, 0x9800, 0x9000, 0x9021, 0x9000, 0x5801, 0x192B, 0x5C7B,
    0xDF5F, 0x9471, 0x0842, 0x0000, 0x0842, 0x0000, 0x39A7, 0xCE59, 0x0000, 0x0000, 0x78A2, 0xFF1B,
    0xB63A, 0xEC0F, 0x4000, 0x0021, 0x0000, 0x0000, 0x39C7, 0x528A, 0x1082, 0x0000, 0x0000, 0x0000,
    0x0000, 0x0000, 0x2945, 0x4A69, 0x10A2, 0x0000, 0x0000, 0x0000, 0x0000, 0x0000, 0x18C3, 0x4A49,
    0x18E4, 0x0000, 0x0000, 0x0020, 0x4000, 0xEB10, 0xF7FF, 0xE0C4, 0x4000, 0x0000, 0x9493, 0xDEDA,
    0x0023, 0x0108, 0x00C7, 0x0908, 0x0908, 0x00C7, 0x00C7, 0x18EA, 0x10E9, 0x0089, 0x10EA, 0x10EA,
    0x39B1, 0xBAB8, 0x0849, 0x08CA, 0x6931, 0xDA17, 0xCA36, 0xA2F7, 0xB4DB, 0xF6FF, 0xD65C, 0xB55A,
    0x9497, 0x72B1, 0x59CF, 0x38EC, 0x4A10, 0x298A, 0x21C6, 0x6493, 0x53B1, 0xAD95, 0xD6FD, 0x73D3,
    0x1949, 0x00C5, 0x1146, 0x6BAE, 0x326B, 0x434D, 0x740F, 0x3A49, 0x19A7, 0x19A6, 0x328C, 0xADB9,
    0xF65E, 0xFD7E, 0xDC19, 0xAAB4, 0x8231, 0x69AE, 0x496B, 0x392B, 0x20C8, 0x39EC, 0x9BD4, 0x10C5,
    0x5A4D, 0xED5C, 0xF59B, 0xA3F3, 0x1105, 0x0082, 0x21CA, 0x6BB0, 0x0001, 0x0083, 0x10A4, 0x08A4,
    0x0884, 0x0864, 0x0864, 0x0863, 0x0864, 0x0884, 0x0884, 0x0022, 0x00A3, 0x4AAB, 0x0083, 0x08C4,
    0x10C4, 0x10C4, 0x08A4, 0x08A4, 0x10A4, 0x00A4, 0x41A7, 0xFDB7, 0xDE38, 0xE73B, 0xFEF8, 0xFE96,
    0xFCB2, 0xF28D, 0xF14A, 0x58A6, 0x0062, 0x29A7, 0x2147, 0x4A8B, 0xCCDB, 0xD35A, 0xE33A, 0xD31A,
    0xCB9B, 0xCC9B, 0x939A, 0x73DA, 0x3273, 0x2A71, 0x3AD5, 0x4B99, 0x11B5, 0x0934, 0x73B8, 0x9BD8,
    0xAB59, 0xEC9A, 0xF51B, 0xEC39, 0xD1F5, 0xC8F3, 0xD9D5, 0xE215, 0xD914, 0xD994, 0xC154, 0x9914,
    0x7974, 0x5154, 0x3913, 0x4093, 0x9397, 0xC6DE, 0x6C17, 0xDED9, 0xA821, 0xD022, 0xD001, 0xB800,
    0x7822, 0x312C, 0x3B37, 0x5C7E, 0x4339, 0xDEDA, 0x7145, 0x8800, 0x9800, 0x9821, 0x9000, 0x9000,
    0x8801, 0x9000, 0x8000, 0x3024, 0x2A73, 0xAE7F, 0xCE9A, 0x39C8, 0x0000, 0x0000, 0x39C7, 0xC639,
    0x0000, 0x0000, 0x80A2, 0xFF1B, 0xB63A, 0xEC0F, 0x4000, 0x0020, 0x0000, 0x0000, 0x0000, 0x0000,
    0x0000, 0x0000, 0x0000, 0x0000, 0x0000, 0x0000, 0x0000, 0x0000, 0x0000, 0x0000, 0x0000, 0x0000,
    0x0000, 0x0000, 0x0000, 0x0000, 0x0000, 0x0000, 0x0000, 0x0020, 0x4000, 0xEAF0, 0xF7FF, 0xE0C4,
    0x4000, 0x0000, 0x94B3, 0xDEFA, 0x0023, 0x0108, 0x00A7, 0x1128, 0x1129, 0x00E8, 0x0108, 0x110A,
    0x08C8, 0x422D, 0x1108, 0x08E7, 0x192C, 0xCAD9, 0x68AF, 0x6972, 0xA1B6, 0x8173, 0x20EE, 0x08ED,
    0x2A11, 0x5AD0, 0x210A, 0x20A9, 0x286B, 0x506D, 0x78CF, 0x8110, 0x78AF, 0x99F1, 0x49EA, 0x2187,
    0xC6DB, 0xEFFF, 0x84D4, 0x0908, 0x00C6, 0x4B4C, 0xCE58, 0x4ACD, 0x230D, 0x53CE, 0x1A28, 0x232B,
    0x33EF, 0x5C91, 0x5C2F, 0x5CD4, 0x6C34, 0x9C54, 0xF61D, 0xFDBE, 0xED5C, 0xCC59, 0xABB6, 0x7A91,
    0x414D, 0x08A7, 0x8330, 0x516A, 0xD459, 0xEDBC, 0x92EF, 0x4086, 0x20E5, 0x18C4, 0x2A0B, 0x29C9,
    0x0063, 0x08A4, 0x0883, 0x0883, 0x0863, 0x0863, 0x0863, 0x0863, 0x0863, 0x0883, 0x0883, 0x08A3,
    0x08E4, 0x0083, 0x00C4, 0x18C4, 0x3907, 0x20E5, 0x1906, 0x08A4, 0x0884, 0x08A4, 0x0022, 0x7C51,
    0x632D, 0x3A09, 0xCF1C, 0xF77C, 0xE6BA, 0xF637, 0xFAAB, 0xA8E7, 0x0043, 0x31E9, 0x5ACD, 0x0042,
    0xBDBA, 0xD5DE, 0xCCFC, 0xD43C, 0xBC3A, 0x6B77, 0x31F3, 0x3192, 0x4193, 0x6191, 0xA255, 0x91D6,
    0x7913, 0x8114, 0x9914, 0xB994, 0xB974, 0xD995, 0xEA56, 0xFC18, 0xECB9, 0xED3A, 0xE419, 0xB277,
    0xBA99, 0x99F8, 0x5977, 0x49D7, 0x39F7, 0x49D6, 0x8339, 0x51F4, 0x9C96, 0xA5BD, 0x8D1A, 0xC534,
    0xB000, 0xD021, 0xC001, 0xC001, 0xC800, 0xB000, 0x7021, 0x392B, 0x2296, 0x74D9, 0xBE39, 0x9BCE,
    0x7882, 0x8800, 0x9800, 0x9000, 0x8800, 0x8800, 0x8801, 0x8800, 0x5800, 0x10EB, 0x5C7B, 0xDF5F,
    0x8450, 0x2145, 0x3A07, 0xC618, 0x0000, 0x0000, 0x80A2, 0xFF1B, 0xB63A, 0xE40F, 0x4000, 0x0020,
    0x0000, 0x0000, 0x0020, 0x0821, 0x0000, 0x0000, 0x0000, 0x0000, 0x0000, 0x0000, 0x0020, 0x0821,
    0x0000, 0x0000, 0x0000, 0x0000, 0x0000, 0x0000, 0x0000, 0x0821, 0x0020, 0x0000, 0x0000, 0x0020,
    0x4000, 0xEB10, 0xF7FF, 0xE0C4, 0x4001, 0x0000, 0x94B3, 0xDEDA, 0x0023, 0x00A7, 0x62F1, 0x1969,
    0x0086, 0x00E7, 0x00E8, 0x0069, 0x08E9, 0x31CC, 0x08C8, 0x1969, 0x00A7, 0x7A33, 0xFA7B, 0x8850,
    0x1869, 0x00A9, 0x08EA, 0x18CA, 0x28CA, 0x38AB, 0x50ED, 0x7130, 0xA195, 0xD238, 0xEABA, 0xEB1B,
    0xF3DC, 0xFC1D, 0xE41A, 0xC437, 0x7B73, 0x39EC, 0x1149, 0x0149, 0x6C92, 0xE73B, 0x4ACC, 0x1A8C,
    0x440F, 0x2B0C, 0x2BAE, 0x4BCE, 0x5C72, 0x6D15, 0x6CD7, 0x52B4, 0x6AF2, 0x08E4, 0x2187, 0x6AEF,
    0xC456, 0xED1A, 0xED9D, 0xE4DC, 0xC398, 0x69AE, 0x6A8E, 0x9B11, 0xF59C, 0xA2AF, 0x9806, 0x58C7,
    0x5128, 0x18A4, 0x4A4D, 0x2146, 0x0063, 0x0884, 0x0883, 0x0883, 0x08A4, 0x10A4, 0x0884, 0x0884,
    0x0883, 0x0883, 0x0083, 0x08A4, 0x10E5, 0x08A3, 0x00A3, 0x40C7, 0x60E8, 0x918A, 0x5066, 0x00C4,
    0x0884, 0x0883, 0x0883, 0x0041, 0x3947, 0xAA0A, 0x9A29, 0xC28C, 0xC3F2, 0xFFBD, 0xFC4F, 0xC927,
    0x0843, 0x21A7, 0x7AEE, 0x0001, 0x9454, 0xAB7A, 0x8A96, 0xBB38, 0x99B4, 0x60D1, 0x7111, 0x7172,
    0x7172, 0xCAD7, 0xCA55, 0xB1D6, 0xC377, 0x9134, 0xA216, 0x9AB7, 0x70B5, 0xC41A, 0xF79F, 0xB6FF,
    0x759E, 0x64FD, 0x965F, 0xBEDF, 0xE69E, 0xAC99, 0x5A35, 0x50F2, 0x4831, 0x9072, 0xB154, 0x80F0,
    0xCDF9, 0x7CBB, 0xB63B, 0xAB6D, 0xC000, 0xC821, 0xC001, 0xC001, 0xB801, 0xB021, 0xB800, 0xB000,
    0x7821, 0x290A, 0x32F7, 0x7CF9, 0xADB7, 0x8B2C, 0x7020, 0x9000, 0x9000, 0x8800, 0x8000, 0x8000,
    0x8000, 0x7000, 0x2824, 0x2A52, 0xBE9F, 0xC658, 0x3A08, 0xC638, 0x0000, 0x0000, 0x80A2, 0xFF1B,
    0xB63A, 0xE40F, 0x4000, 0x0020, 0x0000, 0x0000, 0x0000, 0x0000, 0x0000, 0x0000, 0x0000, 0x0000,
    0x0000, 0x0000, 0x0000, 0x0000, 0x0000, 0x0000, 0x0000, 0x0000, 0x0000, 0x0000, 0x0000, 0x0000,
    0x0000, 0x0000, 0x0000, 0x0020, 0x4000, 0xEB10, 0xF7DE, 0xE0C4, 0x4001, 0x0000, 0x94B3, 0xDEDA,
    0x08A5, 0x090A, 0x112A, 0x00C8, 0x21CB, 0x0929, 0x1109, 0x7353, 0x6B94, 0x5334, 0x6B95, 0x1929,
    0x00A7, 0x514F, 0xC31A, 0xEABA, 0xD176, 0xA0D1, 0xA0D0, 0xB913, 0xC155, 0xC997, 0xDA18, 0xF2FB,
    0xFB5C, 0xF33B, 0xD2B7, 0xB2B6, 0xA2F5, 0x8272, 0x6A51, 0x8353, 0xA4D5, 0xBD36, 0x8BD2, 0x6BD0,
    0xAD96, 0x2167, 0x224A, 0x64B0, 0x4B6B, 0x5BF0, 0x7C72, 0x7C70, 0x4350, 0x5AB3, 0xA214, 0x8912,
    0xB296, 0x722E, 0x00A3, 0x00A3, 0x20C5, 0x810A, 0xB18C, 0xCAB1, 0xDBF7, 0xEC7B, 0x81EF, 0xBC15,
    0xD497, 0xB94C, 0xD94B, 0x6067, 0x60E8, 0x3108, 0x9393, 0x08A3, 0x10A4, 0x10C4, 0x08A4, 0x10C4,
    0x1106, 0x10C5, 0x18E5, 0x18C5, 0x10A5, 0x08A4, 0x08C5, 0x1947, 0x0883, 0x08A3, 0x2106, 0x80C8,
    0xD3D3, 0xFD75, 0xC086, 0x48A6, 0x08C5, 0x08A3, 0x0884, 0x08A4, 0x0042, 0xBD13, 0xFED9, 0xFD33,
    0xFE39, 0xFFFF, 0xFEFA, 0xEBB0, 0x3803, 0x21A8, 0xB32F, 0x0801, 0x52AC, 0x8294, 0x38D0, 0x3110,
    0x20CD, 0x214E, 0x194F, 0x094D, 0x198F, 0x9379, 0x6276, 0x40F4, 0x8398, 0x4975, 0x5976, 0x8B38,
    0x60D5, 0xE69C, 0x8D9C, 0x3B17, 0x594A, 0x8845, 0x594C, 0x3AB4, 0x4C5A, 0x7DFF, 0xBEDF, 0xD67D,
    0xD4F9, 0xC2F5, 0xA0D1, 0x9070, 0xE6FE, 0x63F8, 0xD6DC, 0x99C7, 0xD000, 0xC021, 0xC801, 0xC000,
    0xC001, 0xB821, 0xB001, 0xB020, 0xB800, 0x9800, 0x2212, 0x233D, 0x32D8, 0x84F9, 0xB596, 0x7062,
    0x9000, 0x8800, 0x8000, 0x8000, 0x7800, 0x8021, 0x8000, 0x2802, 0x3B9A, 0xA555, 0x39E8, 0xC639,
    0x0000, 0x0000, 0x80A3, 0xFF3C, 0xB63A, 0xE40F, 0x4000, 0x0020, 0x0000, 0x0000, 0x0821, 0x2104,
    0x0000, 0x0000, 0x0000, 0x0000, 0x0000, 0x0000, 0x0021, 0x2104, 0x0020, 0x0000, 0x0000, 0x0000,
    0x0000, 0x0000, 0x0000, 0x2104, 0x0861, 0x0000, 0x0000, 0x0020, 0x4000, 0xF310, 0xF7DE, 0xE0C4,
    0x4001, 0x0000, 0x94B3, 0xD6DA, 0x10E6, 0x114A, 0x00A8, 0x194B, 0x2A0E, 0x3A90, 0x7C15, 0x5A70,
    0x18EB, 0x092A, 0x4AF3, 0x7C16, 0x1908, 0x8953, 0x38CF, 0x320F, 0x9AF7, 0xE2BB, 0xD2BA, 0xBA99,
    0xCA18, 0xF2BB, 0xFB9C, 0xD358, 0x8A33, 0x516E, 0x410B, 0x406A, 0x40AC, 0x6A11, 0x8B33, 0x8313,
    0x49CD, 0x5AEE, 0x62EF, 0x73D0, 0x52AC, 0x5B0A, 0xA4EE, 0x9C2B, 0x9C0D, 0x8C51, 0x5350, 0x29ED,
    0x51B0, 0x99D2, 0x90B0, 0x8296, 0x9B77, 0xCA95, 0x598A, 0x08C4, 0x1125, 0x20C5, 0x7826, 0xD847,
    0xE0AA, 0xEB74, 0xAB34, 0x7AB0, 0xB312, 0xE2B3, 0x9169, 0x60E9, 0x4846, 0x99F0, 0x5ACE, 0x08A3,
    0x3126, 0x08C4, 0x08E4, 0x20C6, 0x40E7, 0x68A8, 0x78C8, 0x6087, 0x6887, 0x6087, 0x39A9, 0x08C4,
    0x0883, 0x1105, 0x5928, 0xDB0F, 0xFFDE, 0xF79C, 0xFB2D, 0xC8E8, 0x50C7, 0x08E5, 0x08A3, 0x08A3,
    0x0021, 0x9D55, 0xFFFF, 0xFFFD, 0xFFFD, 0xFFFF, 0xF7FE, 0xFF7D, 0x92CE, 0x4148, 0xE494, 0x5003,
    0x1966, 0x5BB3, 0x2A0F, 0x3271, 0x094D, 0x012D, 0x196E, 0x19AE, 0x6AB5, 0x8A78, 0x7316, 0x72D7,
    0x5255, 0x20D4, 0x3954, 0x4915, 0x7175, 0xE6FE, 0x6C19, 0xBDD6, 0xD062, 0xF802, 0xF801, 0xD002,
    0x9844, 0x58EA, 0x3232, 0x4BF9, 0x75BE, 0xAEDF, 0xD6DE, 0xE65B, 0xCEBE, 0x5BB7, 0xD6DA, 0x9863,
    0xD801, 0xC801, 0xC001, 0xA904, 0xA001, 0xB000, 0xB800, 0xB000, 0xB000, 0x9000, 0x2212, 0xA65F,
    0xBE9E, 0x2AB7, 0xCEBB, 0x70C3, 0x9000, 0x8800, 0x8800, 0x8000, 0x8000, 0x7821, 0x8000, 0x28A7,
    0x755E, 0x7BEE, 0x31A7, 0xC639, 0x0000, 0x0000, 0x80A3, 0xFF3C, 0xB639, 0xEC2F, 0x4000, 0x0021,
    0x0000, 0x3186, 0xCE79, 0xEF9E, 0xB5D6, 0x18C3, 0x0000, 0x0020, 0x0000, 0x2105, 0xC638, 0xEF9E,
    0xC658, 0x2945, 0x0000, 0x0020, 0x0000, 0x10A3, 0xB596, 0xF7BE, 0xDEDB, 0x4A49, 0x0000, 0x0020,
    0x4000, 0xEB10, 0xF7FE, 0xE0C4, 0x4001, 0x0000, 0x94B3, 0xDEDA, 0x0022, 0x00A6, 0x08C7, 0x29EB,
    0x10E9, 0x7C15, 0x21AA, 0x0068, 0x290C, 0x0909, 0x0067, 0x7416, 0x6291, 0x9114, 0x30EF, 0x0089,
    0x30EE, 0x5972, 0x4110, 0x8194, 0xDB5A, 0xCB99, 0x7233, 0x38EC, 0x30AB, 0x488C, 0x610F, 0xAB96,
    0xEE3D, 0xDDBC, 0xB4F9, 0xB578, 0xD479, 0xAA54, 0x6291, 0x6390, 0x428C, 0x6B6D, 0x8BAC, 0x7B2B,
    0x434F, 0x2AD2, 0x4231, 0x71B0, 0xAA75, 0xCB76, 0xCD5B, 0xBAD7, 0xC235, 0xDB37, 0xECDA, 0x4128,
    0x0904, 0x1906, 0x30E7, 0x78CA, 0xE14D, 0xE8CA, 0xB313, 0x20E7, 0x8AF1, 0x998D, 0x4928, 0x68C9,
    0xB0CC, 0x720E, 0x322A, 0x0063, 0x10E5, 0x18A4, 0x6886, 0x9847, 0xD0A9, 0xE849, 0xD848, 0xB047,
    0xA008, 0x89AD, 0x18E5, 0x0062, 0x08C4, 0x20C6, 0xA1CA, 0xFEDA, 0xFFFE, 0xFFFF, 0xF658, 0xE2AB,
    0xB8E9, 0x38A6, 0x00A4, 0x0883, 0x0042, 0xBDD7, 0xFFFF, 0xF77D, 0xF77D, 0xEEDD, 0xF7BF, 0xFFFF,
    0xDD98, 0x68A7, 0xFE5A, 0xA94A, 0x2947, 0x5371, 0x5B30, 0x6331, 0x428F, 0x8CB4, 0xB5B8, 0xACD7,
    0x9B97, 0x6A76, 0x41B4, 0x2093, 0x1892, 0x2955, 0x3975, 0x38F5, 0x9338, 0xD6FE, 0x7C99, 0xC534,
    0xD801, 0xF864, 0xF023, 0xF823, 0xF802, 0xF801, 0xD800, 0xA002, 0x68A7, 0x41AE, 0x32F7, 0xA63E,
    0xA5BC, 0x7C58, 0xCDD6, 0xA800, 0xD822, 0xD001, 0x9021, 0x9535, 0xC5D6, 0x8A8A, 0x9841, 0xA800,
    0xB000, 0x7821, 0x2318, 0xC69D, 0xD6BB, 0x63D9, 0xC67A, 0x70C3, 0x8800, 0x8800, 0x8000, 0x6104,
    0x6061, 0x6800, 0x7000, 0x196E, 0xA65F, 0x52AA, 0x3A08, 0xC618, 0x0000, 0x0000, 0x88C3, 0xFF3C,
    0xAE3A, 0xEC0F, 0x4000, 0x0021, 0x0021, 0xC639, 0xFFFF, 0xFFDF, 0xFFFF, 0x8C91, 0x0000, 0x0821,
    0x0000, 0xB5B6, 0xFFFF, 0xFFDF, 0xFFFF, 0xB596, 0x0000, 0x0841, 0x0000, 0x9492, 0xFFFF, 0xFFDF,
    0xFFFF, 0xE71C, 0x0841, 0x0000, 0x4000, 0xEB31, 0xF7FE, 0xE0C4, 0x4000, 0x0000, 0x94B3, 0xDEFB,
    0x0022, 0x31EB, 0x1928, 0x1127, 0x6393, 0x29EC, 0x1109, 0x216B, 0x290B, 0x20EB, 0x0067, 0x5312,
    0x49F0, 0x78F3, 0x40D2, 0x38AF, 0x80F3, 0x90B3, 0xDAB9, 0xEBFC, 0x9295, 0x38CE, 0x28AD, 0x28AC,
    0x48AE, 0x92F5, 0xEE9D, 0xE6DE, 0xAC99, 0xB4DA, 0xCD9A, 0xCB75, 0xDB37, 0xABB7, 0x9CF7, 0xBE19,
    0x9495, 0x4A0A, 0x7BF0, 0x6350, 0x632B, 0x3B91, 0x32D0, 0x610C, 0xC1B1, 0xE253, 0xEAB6, 0xF275,
    0xFB58, 0xFDDD, 0xFFFF, 0xB4B5, 0x10C4, 0x4148, 0x60A9, 0x612C, 0x9A54, 0xC2B4, 0x828E, 0x2147,
    0x41EA, 0x4169, 0x714B, 0x990C, 0x50E7, 0x3A4B, 0x31C9, 0x3106, 0x2865, 0x9088, 0xF8A9, 0xF869,
    0xF8AA, 0xF08A, 0xF08A, 0xE049, 0xBA70, 0x2946, 0x0042, 0x08A4, 0x08E5, 0x48C6, 0xE453, 0xFFFF,
    0xFFDE, 0xFFDE, 0xFFFF, 0xFE77, 0xF969, 0x8068, 0x08A4, 0x0883, 0x0063, 0xCEDA, 0xFF9E, 0xD254,
    0xD1D5, 0x91B5, 0x5A94, 0x4B70, 0x9AAE, 0xC2AE, 0xDF5D, 0xC558, 0x628D, 0x4AEE, 0x190A, 0x8495,
    0xDF5E, 0x9DFF, 0x7D5F, 0x961F, 0xAE9F, 0xBE5E, 0xB59C, 0x9499, 0x6335, 0x6B57, 0x4A15, 0x1012,
    0xB51A, 0xBE5D, 0x8D3A, 0xC3CE, 0xE801, 0xF864, 0xF823, 0xF822, 0xF022, 0xE823, 0xF023, 0xF002,
    0xF001, 0xE800, 0x6804, 0x751C, 0x7CBA, 0x9D9A, 0xBC50, 0xB800, 0xD021, 0xD000, 0x8063, 0x12B6,
    0x9D59, 0xF7FF, 0x8125, 0xB800, 0xC000, 0x6063, 0x443C, 0xBE19, 0xA557, 0x63F9, 0xC67A, 0x70A3,
    0x9000, 0x8820, 0x7800, 0x528C, 0x9515, 0x82A9, 0x4840, 0x2275, 0xBEBE, 0x18C3, 0x4269, 0xC618,
    0x0000, 0x0000, 0x80C3, 0xFF5C, 0xAE39, 0xEC0F, 0x4000, 0x0000, 0x18A3, 0xEF7E, 0xFFFF, 0xF7DE,
    0xFFDF, 0xAD54, 0x0000, 0x0000, 0x0842, 0xE73C, 0xFFFF, 0xF7DE, 0xFFFF, 0xC618, 0x0000, 0x0020,
    0x0000, 0xC618, 0xFFDF, 0xF7DE, 0xFFFF, 0xEF7D, 0x18C3, 0x0000, 0x4000, 0xEB31, 0xF7FE, 0xE0C4,
    0x4000, 0x0000, 0x9CD4, 0xD6DA, 0x4049, 0xA317, 0x31CB, 0x0909, 0x6BD5, 0x0087, 0x08EA, 0x216E,
    0x10EB, 0x30EC, 0x492D, 0x41F0, 0x18AD, 0x8134, 0x5071, 0x90B2, 0xEA79, 0xF3FC, 0xAB17, 0x4910,
    0x38B0, 0x50D0, 0x488E, 0x69F2, 0xD55B, 0xFF9F, 0xCD7B, 0x9418, 0xDD9C, 0xE3F8, 0xC132, 0xB954,
    0xA235, 0xAC37, 0x636E, 0x2986, 0xBDD7, 0x5B2F, 0x6B6F, 0x93D0, 0x6B6F, 0x6BAE, 0x3AEB, 0x6A0C,
    0xE06D, 0xE82B, 0xFAB5, 0xFDDD, 0xEF1D, 0xBDD8, 0x8C92, 0x7BD0, 0x18E5, 0x2906, 0x88EA, 0x88A9,
    0x992F, 0xA3F6, 0x428C, 0x6B30, 0x49EC, 0x20C7, 0x1084, 0x08A4, 0x0042, 0x52AC, 0x3A29, 0xB3D1,
    0x9806, 0xF08A, 0xF8C9, 0xF96C, 0xF10B, 0xF98D, 0xF0AB, 0xE334, 0x41E9, 0x0020, 0x0883, 0x08A4,
    0x10C5, 0x918A, 0xFEBB, 0xFFFF, 0xFFDE, 0xFFDE, 0xFFFF, 0xF6F8, 0xFA6B, 0xB848, 0x1884, 0x0083,
    0x08C4, 0xA3B3, 0xE1D2, 0xE0D2, 0xB0F3, 0x48D3, 0x006D, 0x00A8, 0xBB30, 0xCD36, 0x1148, 0x5AEE,
    0x8BD2, 0x2A2E, 0x1190, 0xB5DB, 0xB63E, 0x3317, 0x51CD, 0x596B, 0x4251, 0x42F6, 0x541A, 0x753E,
    0x963F, 0xBEBF, 0xC69E, 0xA55A, 0xDEDD, 0x953B, 0xA5DA, 0xC228, 0xF802, 0xF844, 0xF823, 0xE022,
    0xD001, 0xE001, 0xE802, 0xE802, 0xE023, 0xF822, 0x9064, 0x64DC, 0x63BA, 0xC6BC, 0xA28A, 0xC820,
    0xC821, 0xC801, 0xC020, 0x48C7, 0xA5D9, 0xF77C, 0x7000, 0x8800, 0x6044, 0x10ED, 0x753E, 0xA535,
    0x94D6, 0x641A, 0xBE5A, 0x70A2, 0x9000, 0x8820, 0x8000, 0x216D, 0x1ADB, 0x53B6, 0x19CF, 0x3B9A,
    0xC67A, 0x0000, 0x4A8A, 0xC618, 0x0000, 0x0000, 0x88C3, 0xFF5C, 0xAE39, 0xEC0F, 0x4000, 0x0000,
    0x18A4, 0xEF7E, 0xFFFF, 0xF7DF, 0xFFFF, 0xA534, 0x0000, 0x0000, 0x0842, 0xDF1C, 0xFFFF, 0xFFDF,
    0xFFFF, 0xC618, 0x0000, 0x0020, 0x0000, 0xBDF8, 0xFFFF, 0xFFDF, 0xFFFF, 0xEF7D, 0x18C3, 0x0000,
    0x4800, 0xEB31, 0xF7DE, 0xE0C4, 0x4001, 0x0000, 0x9CD4, 0xD6DA, 0x2828, 0xB196, 0xA994, 0x82F5,
    0x4A70, 0x0069, 0x00EB, 0x008A, 0x00CB, 0x00CB, 0x28CB, 0x38AC, 0x506E, 0xA8B1, 0xC9B5, 0xF39B,
    0xC378, 0x6992, 0x3870, 0x50F2, 0x6891, 0x8152, 0xC439, 0xF63E, 0xFE9F, 0xD57C, 0xCD5C, 0xEC9A,
    0xD953, 0xE073, 0xC9B6, 0xA237, 0x9173, 0x626E, 0x00A5, 0x00A4, 0x31E8, 0x4A4D, 0x01D3, 0x8390,
    0x9BAD, 0x6455, 0x7B6D, 0xE1AA, 0xF90C, 0xF538, 0xC5D8, 0x73AF, 0x2165, 0x0063, 0x0042, 0x0042,
    0x08C4, 0x08E4, 0x08C4, 0x20C5, 0x4107, 0x2126, 0x418B, 0x72AF, 0x6AAF, 0x7AB0, 0x2107, 0x00A3,
    0x0083, 0x0001, 0x9CF4, 0xD2AD, 0xD806, 0xF889, 0xF0EA, 0xF92C, 0xF8EA, 0xE869, 0xF2F4, 0x5AAD,
    0x0001, 0x0883, 0x0862, 0x00C4, 0x2865, 0xCA8F, 0xF6BB, 0xFFFE, 0xFF7B, 0xFFDD, 0xFFFE, 0xFF5A,
    0xFB0C, 0xE048, 0x3865, 0x0082, 0x0083, 0x98CE, 0xF850, 0xB973, 0x3050, 0x3953, 0x088D, 0x214C,
    0x94D5, 0x29EC, 0x194A, 0x9494, 0x8C76, 0x1170, 0x73BA, 0xE6BD, 0x9D9B, 0x9D57, 0xDA46, 0xF942,
    0xF123, 0xD103, 0xB0E4, 0x80E8, 0x614C, 0x51D0, 0x4B16, 0x649D, 0xDF5E, 0x7499, 0xBE18, 0xC8E4,
    0xF843, 0xF863, 0xE801, 0x8AAC, 0xA451, 0xB2CB, 0xC1A7, 0xC863, 0xC801, 0xE800, 0x90A5, 0x32FB,
    0x3AB9, 0xD71D, 0xA32D, 0xB800, 0xD822, 0xC801, 0xC821, 0xB800, 0x9A28, 0x6BF2, 0x29F1, 0x32F7,
    0x3BFB, 0x751D, 0xE79F, 0x632D, 0x94D5, 0x63FA, 0xC65A, 0x70C3, 0x8800, 0x8820, 0x8000, 0x218F,
    0x755F, 0x7CFD, 0x74FE, 0xC6DE, 0x8C71, 0x0000, 0x4A8A, 0xBDF8, 0x0000, 0x0000, 0x88E3, 0xFF5C,
    0xAE39, 0xEC0F, 0x4000, 0x0000, 0x18A3, 0xEF5E, 0xFFFF, 0xF7DF, 0xFFFF, 0xA534, 0x0000, 0x0000,
    0x0842, 0xDEFC, 0xFFFF, 0xFFDF, 0xFFFF, 0xC618, 0x0000, 0x0020, 0x0000, 0xBDF8, 0xFFFF, 0xFFDF,
    0xFFFF, 0xEF7D, 0x18C2, 0x0000, 0x4000, 0xEB31, 0xF7DE, 0xE0C4, 0x4000, 0x0000, 0x9CD4, 0xDEDA,
    0x0026, 0x188E, 0x7092, 0xDC5C, 0xAA35, 0x6090, 0x50CF, 0x50EF, 0x48EE, 0x60F1, 0x68B0, 0xA132,
    0xD1F7, 0xDAD9, 0xDB1A, 0xC1F6, 0x90B2, 0x6872, 0x70D2, 0x8113, 0xAB16, 0xEDDD, 0xF67E, 0xE59C,
    0xDD3D, 0xE55C, 0xDA96, 0xC832, 0xD955, 0xC258, 0xB299, 0x9953, 0x8950, 0x10E6, 0x00E6, 0x0106,
    0x1926, 0x398B, 0x01B4, 0x0A14, 0x8B6E, 0xB3EC, 0xB22A, 0xF9CC, 0xDD58, 0x4B0C, 0x0883, 0x0042,
    0x0083, 0x08A4, 0x08E4, 0x08C4, 0x08C4, 0x08A4, 0x08C4, 0x08C4, 0x00C3, 0x1084, 0x724E, 0x416A,
    0x40A9, 0x494B, 0x3929, 0x10A5, 0x2106, 0xAD76, 0xCC94, 0xB025, 0xF889, 0xF8CA, 0xF8CA, 0xF069,
    0xF007, 0xF12D, 0x93B2, 0x0021, 0x0863, 0x0083, 0x0883, 0x00C4, 0x58A6, 0xDAEF, 0xF6DB, 0xFFBB,
    0xFEF5, 0xFFDD, 0xFFBD, 0xFFBA, 0xFC70, 0xF086, 0x4044, 0x0021, 0x634E, 0xC273, 0xC80E, 0xA9D3,
    0x8BF6, 0x7BD5, 0x63B2, 0x52F0, 0x530E, 0x5B50, 0x21F0, 0x00CE, 0x112F, 0x1891, 0x7317, 0xE71D,
    0x957B, 0x8D37, 0xD227, 0xF965, 0xF986, 0xF965, 0xF965, 0xF904, 0xF8E3, 0xF0C3, 0xC062, 0x3A12,
    0x6CFE, 0x7479, 0xC595, 0xD002, 0xF863, 0xF843, 0xD021, 0x3AF5, 0x4C3C, 0x6C99, 0x7CD8, 0x94F5,
    0xA430, 0xB2AA, 0x5948, 0x3298, 0x3216, 0x6C59, 0xE73C, 0x9A6A, 0xB800, 0xD022, 0xC001, 0xC801,
    0xB800, 0x6023, 0x22D8, 0x5CBF, 0xFFFF, 0xBE17, 0x4229, 0x10C4, 0xA597, 0x63D9, 0xCE7A, 0x70A3,
    0x8800, 0x8821, 0x8000, 0x196E, 0xAEBF, 0xAD33, 0x73AE, 0x39E8, 0x1084, 0x0041, 0x5AEB, 0xBDF8,
    0x0000, 0x0000, 0x9104, 0xFF7D, 0xAE39, 0xEC0F, 0x4000, 0x0000, 0x1083, 0xEF5D, 0xFFFF, 0xF7DE,
    0xFFFF, 0xA534, 0x0000, 0x0000, 0x0842, 0xDEFC, 0xFFFF, 0xFFDF, 0xFFFF, 0xC618, 0x0000, 0x0020,
    0x0000, 0xBDD7, 0xFFFF, 0xFFDF, 0xFFFF, 0xEF7C, 0x18A2, 0x0000, 0x4000, 0xEB51, 0xF7DE, 0xE0C4,
    0x4000, 0x0000, 0x9CD4, 0xD6DA, 0x0007, 0x008D, 0x000C, 0x7B98, 0xAB58, 0xA238, 0xA1D6, 0x9115,
    0x88D4, 0xA996, 0xCA59, 0xC2DA, 0x7A57, 0x4954, 0x9893, 0xD074, 0xC115, 0xB9B6, 0xC2B8, 0xEDBD,
    0xFF5F, 0xF6BE, 0xE479, 0xE45A, 0xEC5B, 0xD155, 0xB094, 0xCA79, 0xB257, 0xB1D7, 0xA195, 0xA0F2,
    0x512C, 0x00E5, 0x08E7, 0x00E6, 0x1927, 0x214C, 0x09B4, 0x01B6, 0x1AF8, 0x830E, 0xDAEC, 0xE61A,
    0x2A08, 0x0001, 0x08C4, 0x08E4, 0x08A3, 0x08C4, 0x08C4, 0x08C5, 0x0884, 0x0863, 0x0063, 0x0062,
    0x00A4, 0x51CB, 0x490A, 0x92D2, 0xED5A, 0xDE1B, 0x734F, 0x40C8, 0x7B71, 0xAC74, 0x8803, 0xF048,
    0xF848, 0xF0CA, 0xF089, 0xF007, 0xE029, 0xE417, 0x2166, 0x0021, 0x0863, 0x0883, 0x0883, 0x08A4,
    0x7065, 0xEB30, 0xFFDB, 0xFED4, 0xFE93, 0xFFDF, 0xFF18, 0xF694, 0xFED9, 0xFB0D, 0x5906, 0x0000,
    0xA534, 0xDAB6, 0xC2D4, 0xDEDD, 0xAE5F, 0x855E, 0x857F, 0xA63F, 0xB63D, 0xB61B, 0x7415, 0x94B8,
    0x9D39, 0x9C98, 0x6335, 0xCE5B, 0x9D9C, 0x8D17, 0xD227, 0xF964, 0xF965, 0xF925, 0xF0E4, 0xF8A4,
    0xF905, 0xF926, 0xF8A3, 0x79AA, 0x237E, 0x8519, 0xC450, 0xE801, 0xF883, 0xF802, 0xA884, 0x33BD,
    0x331E, 0x429B, 0x3A9B, 0x3B1B, 0x53DB, 0x53FA, 0x3B5A, 0x4258, 0x306C, 0x3237, 0x6419, 0xDF5C,
    0x9B4D, 0xA800, 0xD021, 0xB820, 0xC021, 0xC000, 0x7821, 0x2A33, 0x753E, 0xDF1C, 0x5AEC, 0x1925,
    0xA598, 0x5BD9, 0xC659, 0x70A2, 0x8800, 0x8820, 0x8000, 0x196E, 0xAE9F, 0x2926, 0x3A0A, 0x8CF5,
    0x31C9, 0x0841, 0x52CB, 0xBDF8, 0x0000, 0x0000, 0x9124, 0xFF9D, 0xAE39, 0xEC0F, 0x4000, 0x0000,
    0x1083, 0xEF5D, 0xFFFF, 0xF7DE, 0xFFFF, 0xA534, 0x0000, 0x0000, 0x0842, 0xDEFC, 0xFFFF, 0xFFDF,
    0xFFFF, 0xBE17, 0x0000, 0x0020, 0x0000, 0xB5D7, 0xFFFF, 0xFFDF, 0xFFFF, 0xEF7C, 0x18A2, 0x0000,
    0x4000, 0xEB51, 0xF7FE, 0xD8C4, 0x3800, 0x0000, 0x9CD4, 0xCEB9, 0x414E, 0x7255, 0x4953, 0x939A,
    0x82D5, 0x8A14, 0xEC3C, 0xEC3C, 0xC33A, 0xDBFC, 0xCC1C, 0x8A56, 0x81F6, 0x9297, 0xB8F4, 0xF073,
    0xEA57, 0xED3C, 0xFEBE, 0xFF1E, 0xED3B, 0xD255, 0xE3B9, 0xE45B, 0xC115, 0xA8B4, 0xBA78, 0xC297,
    0xD136, 0xD218, 0xBA56, 0x98F2, 0x18C8, 0x00C6, 0x08E7, 0x00C6, 0x2148, 0x214E, 0x0175, 0x1258,
    0x1296, 0x4394, 0xC618, 0x31E8, 0x0063, 0x10E5, 0x08A4, 0x10E4, 0x1905, 0x10C4, 0x1105, 0x2085,
    0x72AD, 0x4A6C, 0x31E9, 0x424A, 0x1927, 0x4A0D, 0x93B3, 0xE61A, 0xCD34, 0x7BAF, 0x2966, 0x61AC,
    0x8372, 0x8129, 0xD027, 0xF8A9, 0xF1AB, 0xFA2D, 0xF0E9, 0xE8ED, 0xEAB5, 0xC4F9, 0x0883, 0x0063,
    0x0863, 0x0063, 0x0063, 0x08C4, 0x7825, 0xF4B5, 0xFF56, 0xFE4F, 0xF6D6, 0xFF9C, 0xF672, 0xFF97,
    0xEEFD, 0xC374, 0x730F, 0x0842, 0xCDB7, 0xDBB9, 0xEF5E, 0x647B, 0x3274, 0x620C, 0x5A2E, 0x4A52,
    0x3AF9, 0x857F, 0xCF1F, 0x95DF, 0x8DDF, 0x9E5F, 0xB69F, 0xDF5F, 0x7D1B, 0x9558, 0xD227, 0xF985,
    0xF9A5, 0xB165, 0x8AEC, 0xAA69, 0xD0E4, 0xF904, 0xF8E3, 0xA126, 0x2B3A, 0xAE1B, 0xBACB, 0xF002,
    0xF863, 0xF822, 0x90A5, 0x3316, 0x3B9B, 0x3BBD, 0x43BE, 0x3B7E, 0x3B1E, 0x329B, 0x5A38, 0x50F0,
    0x1849, 0x188B, 0x2257, 0x5BF9, 0xDF5D, 0xB451, 0xA000, 0xD001, 0xC001, 0xB800, 0xC000, 0x8800,
    0x21AF, 0x64FE, 0xFFFF, 0x73CF, 0x9536, 0x63DA, 0xC65A, 0x70A2, 0x8800, 0x8821, 0x8000, 0x198E,
    0xAE9F, 0x4A2A, 0x0864, 0x2167, 0x10E5, 0x0000, 0x52CB, 0xB5B7, 0x0000, 0x0000, 0x9124, 0xFF9D,
    0xAE39, 0xEC0F, 0x4000, 0x0000, 0x1083, 0xE73D, 0xFFFF, 0xF7DE, 0xFFFF, 0xA534, 0x0000, 0x0000,
    0x0842, 0xDEFC, 0xFFFF, 0xFFDF, 0xFFFF, 0xBE17, 0x0000, 0x0020, 0x0000, 0xB5D7, 0xFFFF, 0xFFDF,
    0xFFFF, 0xEF7C, 0x18A2, 0x0000, 0x4000, 0xEB51, 0xF7DE, 0xE0A4, 0x4000, 0x0000, 0x9CD4, 0xCE99,
    0x392D, 0x92F9, 0xA2FA, 0xA2FA, 0xE4FE, 0xB339, 0x71F6, 0x4914, 0x4934, 0x61D5, 0x4154, 0x4994,
    0x4975, 0x71B5, 0xC379, 0xEDBC, 0xFF1F, 0xF67D, 0xD377, 0xD155, 0xC873, 0xE3BA, 0xDC1A, 0xB0B2,
    0xA8F3, 0xC113, 0xD9B5, 0xD175, 0xC1B6, 0xC338, 0xA9B4, 0x50EE, 0x00C6, 0x00E6, 0x08E7, 0x00C5,
    0x21AA, 0x2170, 0x1974, 0x21F3, 0x21AB, 0x9D36, 0x3A2A, 0x0042, 0x10E5, 0x08E4, 0x08C4, 0x1105,
    0x2946, 0x28E6, 0x3907, 0x8867, 0xD10A, 0xE352, 0xE454, 0xEC75, 0x83B3, 0x628E, 0x20C4, 0x2145,
    0x1904, 0x0001, 0x0062, 0x7A6E, 0xAC56, 0xC90A, 0xF8A9, 0xF2CF, 0xFD36, 0xF536, 0xF394, 0xD9AF,
    0xC8A9, 0xDAD3, 0x29A8, 0x0042, 0x0884, 0x0883, 0x0063, 0x08A4, 0x7025, 0xF556, 0xFED1, 0xFEB3,
    0xF7BD, 0xFF37, 0xFF78, 0xE538, 0xC88F, 0xB80D, 0x9190, 0x6947, 0xECF7, 0xD337, 0xCEFE, 0x6417,
    0xB44D, 0xFB25, 0xFB46, 0xF2E4, 0x8A28, 0x339D, 0x3B59, 0x51ED, 0x698A, 0x51EE, 0x4231, 0x437A,
    0x439C, 0xA5B8, 0xD227, 0xF964, 0xF984, 0x89A8, 0x3BBA, 0x7D19, 0xA30B, 0xF083, 0xF904, 0xC0C4,
    0x42F5, 0xBE9A, 0xC167, 0xF823, 0xF863, 0xF843, 0xF022, 0xC801, 0xA863, 0x88E7, 0x69AB, 0x5230,
    0x42D5, 0x4339, 0x53DC, 0x5A57, 0x386B, 0x386B, 0x388A, 0x41B4, 0x4B17, 0xCEDC, 0xC554, 0x8800,
    0xC000, 0xB821, 0xB001, 0xB800, 0x9000, 0x316D, 0x543C, 0xE77E, 0xDF3E, 0x5357, 0xCE79, 0x70A2,
    0x8800, 0x8821, 0x8000, 0x21AF, 0xB6BF, 0x4A6C, 0x0003, 0x0023, 0x0064, 0x0022, 0x52EB, 0xB5B7,
    0x0000, 0x0800, 0x9945, 0xFFBE, 0xAE19, 0xEC2F, 0x4000, 0x0000, 0x1083, 0xE75D, 0xFFFF, 0xF7DE,
    0xFFFF, 0xA534, 0x0000, 0x0000, 0x0842, 0xDEFC, 0xFFFF, 0xF7DF, 0xFFFF, 0xBDF7, 0x0000, 0x0020,
    0x0000, 0xB5B7, 0xFFFF, 0xFFDF, 0xFFFF, 0xEF7C, 0x18A2, 0x0000, 0x4000, 0xEB31, 0xF7DE, 0xE0A4,
    0x4000, 0x0000, 0x9CD4, 0xD6B9, 0x084A, 0x18D3, 0x20B2, 0x1893, 0x7339, 0xAC9C, 0x3134, 0x8BD8,
    0xB51B, 0xB49A, 0xA43A, 0x38F3, 0x6236, 0xDE3D, 0xF6FF, 0xF5DD, 0xEB98, 0xC934, 0xB0B3, 0xC0D5,
    0xE217, 0xEB38, 0xD1B5, 0xD195, 0xC155, 0xE2B9, 0xE217, 0xA9F6, 0x81B4, 0x8153, 0x68F1, 0x1909,
    0x00E6, 0x0907, 0x08E6, 0x00E5, 0x3A0E, 0x7172, 0x9910, 0xB0CD, 0xB990, 0x6A8E, 0x0083, 0x1105,
    0x10C4, 0x0905, 0x1125, 0x20C5, 0x40C6, 0x8088, 0x9868, 0xD869, 0xE027, 0xE807, 0xE807, 0xE005,
    0xDAF1, 0xA414, 0x4948, 0x00A3, 0x2085, 0x69ED, 0x720C, 0xBC96, 0xEDD9, 0xE887, 0xF331, 0xF71D,
    0xF69C, 0xF416, 0xE12C, 0xC806, 0xB805, 0xD8AB, 0xAB54, 0x08A3, 0x08A3, 0x08A4, 0x0863, 0x00A4,
    0x5004, 0xEBF3, 0xFF37, 0xEE9B, 0xFFFF, 0xE77E, 0xDF3F, 0xD55A, 0xE4FA, 0xE4D9, 0xDD18, 0xE5F7,
    0xF599, 0xF5BA, 0xA61C, 0x7C76, 0xCBEB, 0xFB26, 0xF327, 0xFB26, 0xCA85, 0x2AD7, 0x7CB7, 0xD2C7,
    0xFA43, 0xFA44, 0xE9A1, 0x69EC, 0x33BD, 0xA5B7, 0xD227, 0xF964, 0xF964, 0x9148, 0x337D, 0x5BDA,
    0xA471, 0xD883, 0xF904, 0xD862, 0x62EE, 0xBE38, 0xC843, 0xF863, 0xF843, 0xF843, 0xF843, 0xF823,
    0xF801, 0xF800, 0xF000, 0xE000, 0xC801, 0xB021, 0x5949, 0x4AD9, 0x806E, 0x98F1, 0x9152, 0x81B5,
    0x531D, 0x32F9, 0xB61B, 0xC617, 0x8062, 0xB800, 0xB020, 0xA800, 0xB801, 0x9000, 0x1990, 0x857D,
    0xF7BF, 0x4B37, 0xC659, 0x7082, 0x8800, 0x8801, 0x8000, 0x198E, 0xB6DF, 0x49EA, 0x0803, 0x1044,
    0x0844, 0x0000, 0x5AEB, 0xB597, 0x0000, 0x0800, 0x9965, 0xFFDE, 0xAE19, 0xEC2F, 0x4000, 0x0000,
    0x1083, 0xE73D, 0xFFFF, 0xF7DE, 0xFFFF, 0xA534, 0x0000, 0x0000, 0x0822, 0xDEDC, 0xFFFF, 0xF7DF,
    0xFFFF, 0xBDF7, 0x0000, 0x0020, 0x0000, 0xB5B7, 0xFFFF, 0xFFDF, 0xFFFF, 0xEF5C, 0x1082, 0x0000,
    0x4000, 0xEB31, 0xF7DE, 0xD8A4, 0x3800, 0x0000, 0x9CD4, 0xD6B9, 0x188C, 0x3135, 0x2914, 0x2134,
    0x1893, 0x7338, 0xF77F, 0xF71F, 0xABBA, 0x9299, 0xCCBC, 0xDE1E, 0xF6DE, 0xF5FD, 0xE338, 0xE9B5,
    0xE954, 0xE9B6, 0xE175, 0xF298, 0xD1D6, 0xC256, 0x9955, 0xA115, 0xB9B7, 0xD2D9, 0x9995, 0x7914,
    0x8134, 0x60D2, 0x28ED, 0x08E7, 0x00C6, 0x08E6, 0x00C5, 0x20E7, 0xB90C, 0xF8CB, 0xF8AA, 0xF8CC,
    0xF910, 0x818F, 0x1127, 0x08C4, 0x08E4, 0x1904, 0x68E7, 0xB8A9, 0xC069, 0xD068, 0xD027, 0xE028,
    0xE828, 0xE868, 0xF089, 0xF8C9, 0xF0CA, 0xFDDC, 0xB3D4, 0x7A4E, 0xA3F4, 0x9C75, 0x9433, 0xB5D8,
    0xF494, 0xF2CF, 0xFD5B, 0xEB14, 0xD84A, 0xE009, 0xE84D, 0xD84B, 0xC027, 0xC007, 0xE9F3, 0x6A4F,
    0x0000, 0x0001, 0x0002, 0x0042, 0x2002, 0xC1ED, 0xD3B6, 0xDD59, 0xA63E, 0x3B3C, 0x331A, 0x43DA,
    0x441C, 0x4C5C, 0x5CBE, 0x6CDF, 0x753E, 0x8DBE, 0x53FA, 0x94D4, 0xD327, 0xFB46, 0xF307, 0xFB06,
    0xEAA5, 0x422F, 0x94F6, 0xDA66, 0xFA86, 0xF247, 0xFA25, 0xA1C7, 0x235B, 0x9D77, 0xD227, 0xF964,
    0xF964, 0x8927, 0x2BBD, 0x4BDD, 0xA576, 0xC0E4, 0xF8E4, 0xE801, 0x9B2D, 0xBD14, 0xE001, 0xF883,
    0xF843, 0xF843, 0xF802, 0xF803, 0xF023, 0xE823, 0xE823, 0xE823, 0xE823, 0xF801, 0x90C6, 0x231C,
    0x2A36, 0x3B1A, 0x3B19, 0x4294, 0x41CD, 0x3B5B, 0x2AD9, 0xA59A, 0xD699, 0x88E4, 0xB000, 0xB020,
    0xA800, 0xA800, 0x40A7, 0x64DD, 0xEF7F, 0x4B58, 0xC639, 0x7062, 0x8800, 0x8801, 0x8000, 0x198E,
    0xB6BF, 0x7A4E, 0x4029, 0x508A, 0x4089, 0x1024, 0x5B0C, 0xB576, 0x0000, 0x0800, 0xA165, 0xFFBE,
    0xAE19, 0xEC2F, 0x4000, 0x0000, 0x1083, 0xE73D, 0xFFFF, 0xF7DE, 0xFFFF, 0xA554, 0x0000, 0x0000,
    0x0822, 0xDEDC, 0xFFFF, 0xF7DF, 0xFFFF, 0xBDF7, 0x0000, 0x0820, 0x0000, 0xAD97, 0xFFFF, 0xFFDF,
    0xFFFF, 0xEF5D, 0x1082, 0x0000, 0x4000, 0xE330, 0xF7DE, 0xD8A4, 0x3800, 0x0000, 0x9CD4, 0xD6B9,
    0x104B, 0x20F4, 0x18F3, 0x2114, 0x1072, 0x7BB8, 0xACDA, 0x82B8, 0xD4BB, 0xF4FC, 0xF45B, 0xFC39,
    0xF2B8, 0xE1B6, 0xD134, 0xC935, 0xC955, 0xD873, 0xEB39, 0xBBB9, 0x70D3, 0x68F3, 0x8995, 0xCA98,
    0xCADA, 0xB297, 0x6892, 0x8114, 0x70D2, 0x48B0, 0x30EB, 0x10C6, 0x10E6, 0x1906, 0x38C7, 0xA8A8,
    0xF869, 0xF068, 0xF0C9, 0xF089, 0xE86A, 0xD233, 0x71AE, 0x4087, 0x48A8, 0xA8AA, 0xF86A, 0xD848,
    0xC027, 0xE089, 0xE089, 0xE94B, 0xF16C, 0xE889, 0xF0A9, 0xF92B, 0xF8EA, 0xF2B0, 0xFF1E, 0xB4F6,
    0x7BF2, 0x9495, 0xC5B9, 0xF556, 0xF30F, 0xFD9B, 0xF130, 0xE00A, 0xC809, 0xC829, 0xD84B, 0xE86F,
    0xE04F, 0xF02F, 0xE80E, 0xDAB5, 0x5AEB, 0x4247, 0x3A07, 0x31A6, 0x3165, 0xA109, 0xF4B7, 0xE77E,
    0x4B99, 0x630F, 0xAC09, 0xBC08, 0xA348, 0x92E9, 0x82AA, 0x6A6B, 0x624B, 0x2A76, 0x437B, 0xA4B2,
    0xDB06, 0xFB67, 0xFB27, 0xFB06, 0xFAA5, 0x7A89, 0xA492, 0xEA04, 0xFA86, 0xFA46, 0xFA05, 0xC984,
    0x32D6, 0x9D99, 0xD1E6, 0xF944, 0xF964, 0xB904, 0x696A, 0x61AC, 0x7B4D, 0xC905, 0xF8C5, 0xE001,
    0xBCB3, 0xB36E, 0xF002, 0xF884, 0xF843, 0xD863, 0xD062, 0xE002, 0xE802, 0xE801, 0xE801, 0xE801,
    0xE001, 0xF000, 0x90A5, 0x43B9, 0x5270, 0x70E6, 0x9842, 0xC000, 0x70A5, 0x2B19, 0x1991, 0x2AD9,
    0x9519, 0xD6DA, 0x80E4, 0xB000, 0xA800, 0xA800, 0x4886, 0x64BC, 0xEF7F, 0x4B37, 0xC619, 0x7061,
    0x8800, 0x8800, 0x7800, 0x21AF, 0xB6DF, 0x41EA, 0x0004, 0x0865, 0x0865, 0x0002, 0x632C, 0xAD55,
    0x0000, 0x0800, 0xA165, 0xFFDE, 0xAE19, 0xEC2F, 0x4000, 0x0000, 0x1083, 0xE73D, 0xFFFF, 0xF7DE,
    0xFFFF, 0xA554, 0x0000, 0x0000, 0x0822, 0xDEDC, 0xFFFF, 0xF7DF, 0xFFFF, 0xBE17, 0x0000, 0x0020,
    0x0000, 0xB597, 0xFFFF, 0xFFDF, 0xFFFF, 0xEF5C, 0x1082, 0x0000, 0x4000, 0xE330, 0xF7DF, 0xD8A4,
    0x3800, 0x0000, 0x9CD4, 0xD6B9, 0x002A, 0x18B3, 0x2092, 0x38B2, 0x60D3, 0xD3D9, 0xA9F4, 0xB975,
    0xD174, 0xC934, 0xEAB8, 0xE174, 0xD072, 0xA0F4, 0x99D5, 0xAA55, 0xA0D4, 0xE39B, 0xB3DA, 0x60B2,
    0x6913, 0x7133, 0xB9F7, 0xBA98, 0x9256, 0xAAB6, 0x9153, 0xC173, 0xA8EF, 0x98CD, 0x98AB, 0x60C8,
    0x3108, 0x3908, 0x7088, 0xD868, 0xF068, 0xE868, 0xE868, 0xD868, 0xC047, 0xA007, 0xA869, 0xA849,
    0xB08B, 0xD0AD, 0xE06C, 0xB809, 0xC848, 0xE829, 0xE089, 0xD10A, 0xB8C9, 0xE28F, 0xF18B, 0xF96A,
    0xF28D, 0xF28C, 0xF30D, 0xFD33, 0xFD75, 0xFD34, 0xEBAE, 0xF471, 0xFB95, 0xE88E, 0xE80D, 0xE04B,
    0xD82A, 0xD829, 0xD008, 0xD82C, 0xF850, 0xE911, 0xE55A, 0xBDFC, 0xA5DF, 0x957F, 0x95DF, 0x95BF,
    0x9DFE, 0xADBD, 0xCEDF, 0x9DFF, 0x5397, 0xC52F, 0xFD88, 0xFDA9, 0xFD89, 0xFD48, 0xFCE7, 0xFCC7,
    0xFC24, 0x5A90, 0x5C1A, 0xB46E, 0xF305, 0xFB47, 0xDAA6, 0xF2E6, 0xFAA4, 0xB309, 0xA34C, 0xFA24,
    0xFA85, 0xFA26, 0xFA25, 0xE9A3, 0x4A50, 0xA5DA, 0xD207, 0xF963, 0xF944, 0xF924, 0xF8E3, 0xF0C2,
    0xE082, 0xF0C4, 0xF8E4, 0xD862, 0xBDD6, 0xC1E8, 0xF822, 0xF884, 0xF801, 0x71C9, 0x5BF4, 0x6B71,
    0x7AEF, 0x92AC, 0x9249, 0xA1C7, 0xB1A6, 0xB8A2, 0x8104, 0xC6DA, 0xA082, 0xE800, 0xE021, 0xD800,
    0x59AC, 0x2AFA, 0x0885, 0x2231, 0x32D9, 0xD75D, 0x9B4D, 0xA000, 0xA821, 0xA800, 0x4886, 0x64BC,
    0xE77F, 0x4B78, 0xC639, 0x6841, 0x8800, 0x8000, 0x7800, 0x21AF, 0xBEDF, 0x41EA, 0x0025, 0x0045,
    0x0044, 0x0001, 0x6B6D, 0xAD56, 0x0000, 0x0800, 0xA186, 0xFFDE, 0xAE19, 0xEC2F, 0x4000, 0x0000,
    0x1083, 0xE73D, 0xFFFF, 0xF7DF, 0xFFFF, 0xAD55, 0x0000, 0x0000, 0x0021, 0xD6BB, 0xFFFF, 0xF7DF,
    0xFFFF, 0xBE17, 0x0000, 0x0020, 0x0000, 0xB597, 0xFFFF, 0xFFDF, 0xFFFF, 0xE75C, 0x1082, 0x0000,
    0x4000, 0xEB10, 0xF7DF, 0xD0C4, 0x3801, 0x0000, 0x9CD3, 0xCEB9, 0x40AB, 0xA9D6, 0xC1D6, 0xD217,
    0xD217, 0xDA36, 0xB9B5, 0xA155, 0x88D4, 0x99B6, 0xEE3D, 0xC194, 0x98D3, 0x9195, 0xA1F5, 0xAAB7,
    0xDC7C, 0xAB99, 0x4072, 0x7277, 0x8A17, 0x9976, 0xC2B8, 0x4891, 0x4112, 0xB9F4, 0xD150, 0x88CC,
    0x68EA, 0x70C9, 0x80A9, 0x80C9, 0x58E9, 0x58A8, 0xB068, 0xD868, 0xE089, 0xE068, 0xD867, 0xD047,
    0xC867, 0xD068, 0xD067, 0xD868, 0xB828, 0xA828, 0xD86C, 0xD86D, 0xE86C, 0xF02A, 0xE809, 0xE009,
    0xC8EC, 0xED7A, 0xDACF, 0xE2CF, 0xF534, 0xEDB6, 0xF595, 0xF42E, 0xF4AF, 0xF551, 0xFEB8, 0xF394,
    0xF06E, 0xF04D, 0xF04E, 0xE82C, 0xE02B, 0xE80B, 0xD809, 0xD82B, 0xF82E, 0xFB14, 0xB71F, 0x3319,
    0x4AF1, 0x5B4F, 0x5B31, 0x5312, 0x4AF2, 0x42F3, 0x4AF4, 0x3295, 0x6BD3, 0xC50D, 0xFD68, 0xF508,
    0xABA8, 0xB3C8, 0xC3C8, 0xCBE8, 0xD345, 0x4210, 0x7498, 0xC3EB, 0xFB25, 0xFB66, 0x89E5, 0xD2A6,
    0xFB06, 0xC204, 0xA9A4, 0xFAA6, 0xEA24, 0xA944, 0xFA45, 0xF9C3, 0x61EB, 0x9DD9, 0xD207, 0xF943,
    0xF144, 0xF945, 0xF924, 0xF924, 0xF904, 0xF8E4, 0xF8C3, 0xD165, 0xBE18, 0xC8C4, 0xF863, 0xF884,
    0xE000, 0x4292, 0x3BBE, 0x4B3C, 0x439C, 0x439B, 0x4BDC, 0x541B, 0x53D9, 0x4336, 0x6BD3, 0xCE38,
    0xA801, 0xE022, 0xD821, 0xB800, 0x4293, 0x3B5B, 0x3A2D, 0x2A0E, 0x3AF9, 0xCEBC, 0xA34D, 0xA000,
    0xA821, 0xA800, 0x4086, 0x64DC, 0xE75E, 0x4B78, 0xC638, 0x6841, 0x8800, 0x8000, 0x7800, 0x198F,
    0xBEDF, 0x39EA, 0x0004, 0x0065, 0x0865, 0x0001, 0x6BAE, 0xAD35, 0x0000, 0x0800, 0xA186, 0xFFDE,
    0xAE19, 0xEC2F, 0x4000, 0x0000, 0x1083, 0xE73D, 0xFFFF, 0xF7DF, 0xFFFF, 0xAD55, 0x0000, 0x0000,
    0x0021, 0xD6BB, 0xFFFF, 0xF7DF, 0xFFFF, 0xC618, 0x0000, 0x0020, 0x0000, 0xB597, 0xFFFF, 0xF7DF,
    0xFFFF, 0xE75C, 0x1082, 0x0000, 0x4000, 0xE310, 0xF7DE, 0xD8C4, 0x4001, 0x0000, 0x9CB3, 0xCEB9,
    0x712D, 0xCA37, 0x9134, 0x68D3, 0x6052, 0xDD3C, 0x8255, 0x4813, 0x6895, 0xA2D9, 0xE55B, 0xA092,
    0x80B4, 0x8915, 0xB2D8, 0xBC7B, 0xCD9C, 0xBC7A, 0x59B5, 0x5996, 0xAB7A, 0xBA98, 0x7134, 0x4932,
    0xAA55, 0xC950, 0x806A, 0x68AA, 0x690A, 0x68EA, 0x78C9, 0xA0A9, 0x9088, 0x9888, 0xB847, 0xC068,
    0xC867, 0xD848, 0xE068, 0xE868, 0xE847, 0xF048, 0xF068, 0xE848, 0xD027, 0xD029, 0xF06E, 0xF912,
    0xF933, 0xF8B0, 0xF88F, 0xF06E, 0xF04D, 0xF518, 0xD9CE, 0xEC96, 0xFF7D, 0xF79D, 0xF7BD, 0xFEB7,
    0xFEF7, 0xFF7C, 0xF3D5, 0xF86F, 0xF02E, 0xF02D, 0xF02D, 0xE80D, 0xE82C, 0xF84E, 0xE82B, 0xD82A,
    0xF00D, 0xFC57, 0x8DBE, 0x5B57, 0xC58B, 0xFEE6, 0xFEC7, 0xFE87, 0xF646, 0xEE07, 0xEDE7, 0xCD07,
    0x9470, 0xD50A, 0xFDC8, 0xDC67, 0x2252, 0x22D8, 0x2AD6, 0x32D6, 0x2A94, 0x32F8, 0x94F6, 0xCB89,
    0xFB66, 0xEAE5, 0x9C10, 0xC329, 0xFAC6, 0xF2A5, 0xF285, 0xFA64, 0xDA46, 0x8ACA, 0xF1E4, 0xF9E4,
    0x9166, 0x9597, 0xD207, 0xF963, 0xF943, 0xC0E4, 0x9127, 0xA8E5, 0xB0C3, 0xC883, 0xD000, 0xB2AA,
    0xBD76, 0xD801, 0xF863, 0xF842, 0xC022, 0x3358, 0x7A18, 0x90B2, 0xA256, 0x82B4, 0x598F, 0x498E,
    0x73B7, 0x32FB, 0x957C, 0xBCD1, 0xB800, 0xD822, 0xD802, 0xB000, 0x3AB3, 0x33BC, 0x337B, 0x337C,
    0x2B1A, 0xD77E, 0xA34C, 0xA000, 0xA821, 0xA800, 0x4086, 0x6CFC, 0xE73E, 0x4B38, 0xC5F8, 0x6800,
    0x8800, 0x8801, 0x7800, 0x21AF, 0xBEDF, 0x4A6D, 0x0025, 0x0044, 0x0844, 0x0000, 0x6BAE, 0xA534,
    0x0000, 0x1000, 0xA986, 0xFFDF, 0xAE19, 0xEC2F, 0x4000, 0x0000, 0x1063, 0xE73D, 0xFFFF, 0xF7DF,
    0xFFFF, 0xAD75, 0x0000, 0x0020, 0x0021, 0xD6BB, 0xFFFF, 0xF7DF, 0xFFFF, 0xC638, 0x0000, 0x0020,
    0x0000, 0xAD77, 0xFFFF, 0xF7DF, 0xFFFF, 0xE75C, 0x1082, 0x0000, 0x3800, 0xE310, 0xFFFF, 0xD8C4,
    0x4001, 0x0000, 0x94B3, 0xD6DA, 0x182A, 0x3893, 0x3072, 0x40B4, 0x5874, 0xAAF8, 0xEEFE, 0x9AD7,
    0x7074, 0xAAD9, 0xE47A, 0xA954, 0xAB38, 0xABFB, 0x7B38, 0x3112, 0x6AD5, 0xAC3B, 0xB4BB, 0xA3DA,
    0xDC5B, 0xD277, 0x89F2, 0xA372, 0xBA2F, 0x888B, 0x60CA, 0x790B, 0x710A, 0x68EA, 0x88A8, 0xB8A8,
    0xB888, 0xA067, 0xB047, 0xC867, 0xE088, 0xE848, 0xF088, 0xF068, 0xF068, 0xF869, 0xF869, 0xF048,
    0xE029, 0xE88D, 0xF132, 0xF912, 0xF8B1, 0xF933, 0xF954, 0xF8F2, 0xF08F, 0xF0EE, 0xF00A, 0xE88A,
    0xF5FB, 0xFFFF, 0xFFDF, 0xFFFE, 0xFFFE, 0xF599, 0xF08F, 0xF02D, 0xE00B, 0xE00B, 0xE00C, 0xD80C,
    0xE02C, 0xF84E, 0xE80C, 0xD82A, 0xE00A, 0xED58, 0x5C9D, 0x73D4, 0xBD29, 0xEE46, 0xE5C7, 0xF648,
    0xFE89, 0xFE49, 0xFE67, 0xDD49, 0x94B1, 0xED49, 0xFD89, 0xE4E8, 0xABCB, 0x9B8B, 0x934B, 0x8B0C,
    0x72CD, 0x42F3, 0x9CF4, 0xDB26, 0xFBA6, 0xCA64, 0x8C72, 0xC3ED, 0xFA84, 0xFAA5, 0xFA85, 0xFA45,
    0xC246, 0xA514, 0xD1A4, 0xFA05, 0xB123, 0x9514, 0xD207, 0xF943, 0xF943, 0x8149, 0x339C, 0x43BB,
    0x4379, 0x4338, 0x3274, 0x8D17, 0xC3EF, 0xE800, 0xF863, 0xF802, 0x90C5, 0x2BDE, 0x537D, 0x62DB,
    0x6B1B, 0x73BA, 0x5AD5, 0x5AB3, 0x6376, 0x3AFA, 0xAE3B, 0xB32C, 0xD000, 0xD822, 0xD802, 0xC801,
    0xA022, 0x7885, 0x68C7, 0x594A, 0x414A, 0x8BAF, 0x9145, 0xB000, 0xA821, 0xA800, 0x4086, 0x6D1C,
    0xDF3E, 0x4B18, 0xC5F7, 0x6800, 0x8800, 0x8000, 0x7800, 0x21D0, 0xBEDF, 0x4A6C, 0x0024, 0x0043,
    0x0843, 0x0000, 0x73CF, 0xA534, 0x0000, 0x1000, 0xA9A6, 0xFFBE, 0xAE19, 0xEC2F, 0x4000, 0x0000,
    0x0843, 0xDF1D, 0xFFFF, 0xF7DF, 0xFFFF, 0xAD75, 0x0000, 0x0020, 0x0001, 0xD69B, 0xFFFF, 0xF7DF,
    0xFFFF, 0xC638, 0x0000, 0x0020, 0x0000, 0xB577, 0xFFFF, 0xFFDF, 0xFFFF, 0xE75D, 0x1082, 0x0000,
    0x3800, 0xDAEF, 0xFFFF, 0xD8E4, 0x4000, 0x0000, 0x8C93, 0xD6DA, 0x284A, 0x60F4, 0x50B3, 0x58B5,
    0x70F4, 0x80B4, 0xA2D7, 0xE61D, 0xDD9C, 0xE5BC, 0xEE3D, 0xAB59, 0x7AB8, 0x51F5, 0x28F1, 0x3112,
    0x20B1, 0x4933, 0x6192, 0x89F3, 0xA1F4, 0xB1F2, 0xBB2E, 0xB2EB, 0xB9C9, 0x9108, 0x6908, 0x7928,
    0x8168, 0xA149, 0xA8A8, 0xB8A8, 0xB8A8, 0xA867, 0xC8A8, 0xE0A8, 0xE868, 0xF8A9, 0xF8A9, 0xF889,
    0xF8A9, 0xF869, 0xF848, 0xF06A, 0xF0D0, 0xF953, 0xF9B4, 0xF953, 0xF091, 0xF8D2, 0xF913, 0xF9B4,
    0xF9B3, 0xF952, 0xF86E, 0xF009, 0xEA92, 0xFFBF, 0xFFDF, 0xFFFF, 0xF63B, 0xF213, 0xF912, 0xF911,
    0xE02C, 0xE02B, 0xE82C, 0xE80C, 0xF06F, 0xF86F, 0xF02C, 0xD80A, 0xD86B, 0xEE9C, 0x5C9D, 0x63F7,
    0x6393, 0x5331, 0x94B2, 0xC54B, 0xFEA8, 0xDD67, 0x5ACD, 0x6B4F, 0xACEF, 0xF588, 0xFD69, 0xFD69,
    0xFD48, 0xFD07, 0xFCC7, 0xFC87, 0xFC25, 0x62AB, 0xA4B2, 0xEB05, 0xFBA7, 0xAA46, 0x6416, 0xBC90,
    0xEA23, 0xFAE6, 0xFAA6, 0xFAA5, 0x8186, 0x9577, 0xCA26, 0xF9E5, 0xD964, 0xB534, 0xD207, 0xF923,
    0xF943, 0x796A, 0x64BF, 0xDF3F, 0xDF7F, 0xDF7F, 0x53BB, 0xA5DA, 0xC269, 0xF801, 0xF843, 0xF843,
    0xB084, 0x696B, 0x698C, 0x61EE, 0x5230, 0x4A31, 0x4A94, 0x4AD5, 0x42B6, 0x3A94, 0xBE7A, 0xA986,
    0xD800, 0xD802, 0xD001, 0xD001, 0xD000, 0xD000, 0xC800, 0xC000, 0xB800, 0xA000, 0xB000, 0xB000,
    0xA800, 0xA800, 0x4066, 0x751C, 0xDF1E, 0x4B38, 0xC618, 0x6800, 0x8800, 0x8020, 0x7000, 0x21D0,
    0xC6FF, 0x3188, 0x0001, 0x0042, 0x0843, 0x0000, 0x7C0F, 0xA514, 0x0000, 0x1000, 0xA9C6, 0xFFBE,
    0xA5F8, 0xEC30, 0x4000, 0x0000, 0x0843, 0xDF1D, 0xFFFF, 0xF7DF, 0xFFFF, 0xAD95, 0x0000, 0x0020,
    0x0001, 0xD69B, 0xFFFF, 0xF7DF, 0xFFFF, 0xCE59, 0x0000, 0x0020, 0x0000, 0xB597, 0xFFFF, 0xFFDF,
    0xFFFF, 0xEF7D, 0x10A2, 0x0000, 0x3800, 0xE2EF, 0xFFFF, 0xD8E4, 0x4000, 0x0000, 0x8C72, 0xD6DA,
    0x488C, 0x9135, 0x68B4, 0x68B4, 0x6853, 0x8113, 0x88B3, 0x90D3, 0xA1F5, 0xA295, 0xE51B, 0x60D2,
    0x30B2, 0x9438, 0x3A52, 0x3131, 0x8194, 0x9A14, 0x79F2, 0x8B54, 0x83D6, 0xD452, 0xC248, 0xC1A8,
    0xF24B, 0xE9E9, 0xA988, 0x81A8, 0xA1E8, 0xC22A, 0xB149, 0xC949, 0xC909, 0xB8A7, 0xE109, 0xE8C8,
    0xF089, 0xF8EA, 0xF92A, 0xF8E9, 0xF90A, 0xF8A9, 0xF069, 0xF931, 0xF975, 0xF995, 0xF9B5, 0xF974,
    0xF974, 0xF994, 0xF9B5, 0xFA56, 0xF9B4, 0xF973, 0xF04E, 0xF02C, 0xE8AD, 0xFEBC, 0xFFFF, 0xF539,
    0xF130, 0xF932, 0xF952, 0xF953, 0xE88E, 0xE00A, 0xE82D, 0xF06E, 0xF912, 0xF8F1, 0xF04D, 0xD80B,
    0xD8ED, 0xF6DD, 0xEF3D, 0xE73E, 0xE79F, 0x6C7C, 0x9D59, 0xCDAC, 0xFEA8, 0xD527, 0x2AB7, 0x6C17,
    0xC50C, 0xFD89, 0xFD49, 0xABA9, 0x93AC, 0xABCB, 0xABAA, 0xBBC9, 0x9265, 0x5AEC, 0xB42E, 0xF326,
    0xFB85, 0x826A, 0x3B9B, 0xBD94, 0xC265, 0xE264, 0xE285, 0xE202, 0x49CD, 0x8D9B, 0xC34B, 0xF983,
    0xE964, 0xBD54, 0xCA08, 0xF923, 0xF923, 0x8927, 0x2AB6, 0x6C7C, 0xF77D, 0xE71D, 0x5378, 0xB5F8,
    0xC8C5, 0xF822, 0xF843, 0xF823, 0xF821, 0xF801, 0xE800, 0xE000, 0xE000, 0xD000, 0xD000, 0xC000,
    0xB800, 0x8125, 0xC658, 0xB042, 0xE001, 0xD001, 0xD001, 0xC801, 0xC001, 0xC001, 0xC001, 0xC000,
    0xB800, 0xB020, 0xB020, 0xA800, 0xA800, 0xA800, 0x4066, 0x751C, 0xDEFE, 0x4B38, 0xBDF7, 0x6800,
    0x8000, 0x8000, 0x7000, 0x21B0, 0xBEDF, 0x3187, 0x0001, 0x0001, 0x0863, 0x0842, 0x7BEF, 0x9CD3,
    0x0000, 0x1000, 0xB1E7, 0xF7BE, 0xA5F8, 0xEC30, 0x4000, 0x0000, 0x0843, 0xDEFD, 0xFFFF, 0xF7DF,
    0xFFFF, 0xAD95, 0x0000, 0x0020, 0x0001, 0xD69B, 0xFFFF, 0xF7DF, 0xFFFF, 0xCE79, 0x0000, 0x0020,
    0x0000, 0xB597, 0xFFFF, 0xFFDF, 0xFFFF, 0xEF7D, 0x10A2, 0x0000, 0x3800, 0xE2CF, 0xF7FF, 0xD8E4,
    0x4001, 0x0000, 0x8C52, 0xD6FA, 0x404B, 0x8114, 0x6893, 0x70D3, 0xBB78, 0x88F2, 0x9994, 0xA215,
    0x7913, 0x7051, 0xD43A, 0x8AB6, 0x30D1, 0x3970, 0x69F2, 0x9296, 0x8275, 0x30CF, 0x7355, 0xD6FD,
    0xCD95, 0xC32A, 0xDA49, 0xF28A, 0xFA4B, 0xF9EA, 0xD988, 0xA9A8, 0x99C8, 0x9948, 0xA127, 0xC8E8,
    0xD108, 0xD949, 0xE909, 0xE8C8, 0xF0E8, 0xF96A, 0xF9AA, 0xF96A, 0xF949, 0xF8A9, 0xF92F, 0xF9D4,
    0xF9B5, 0xF994, 0xF9B4, 0xF974, 0xF995, 0xF9B5, 0xF9D4, 0xF973, 0xF973, 0xF0F1, 0xF82D, 0xF02C,
    0xE06C, 0xFF1E, 0xFF5E, 0xF0F0, 0xF84F, 0xF912, 0xF8D1, 0xF8D1, 0xF8D0, 0xF06F, 0xF070, 0xF871,
    0xF891, 0xF86E, 0xF00C, 0xE80C, 0xE02B, 0xD08B, 0xC0E9, 0xB8E7, 0xF618, 0x7D1C, 0x8CB7, 0xCD6B,
    0xFE88, 0xD527, 0x32B5, 0x8C94, 0xDD0A, 0xFDA9, 0xE4C7, 0x320F, 0x22DA, 0x2AD8, 0x2AD8, 0x2AF8,
    0x1A56, 0x7413, 0xC3AA, 0xFB46, 0xFB65, 0x9247, 0x2297, 0x4B98, 0x42F2, 0x4270, 0x4270, 0x3211,
    0x2AB8, 0x63B3, 0xB34B, 0xF963, 0xE184, 0xB554, 0xCA07, 0xF903, 0xF924, 0xF0C1, 0x5887, 0x74FD,
    0xF6FB, 0xB5DD, 0x5BD9, 0xC575, 0xD002, 0xF843, 0xF022, 0xF822, 0xF022, 0xF022, 0xF002, 0xE802,
    0xE802, 0xE002, 0xE802, 0xE822, 0xE000, 0xB2CB, 0xB555, 0xC000, 0xD821, 0xD001, 0xC801, 0xC801,
    0xC001, 0xC001, 0xC001, 0xB800, 0xB000, 0xB000, 0xB000, 0xB000, 0xA800, 0xA800, 0x4086, 0x7D5D,
    0xD6FE, 0x4317, 0xBDD7, 0x6000, 0x8000, 0x8020, 0x7000, 0x21F1, 0xC6FF, 0x3187, 0x0000, 0x0021,
    0x0022, 0x0000, 0x8430, 0x9CD3, 0x0000, 0x1000, 0xB228, 0xF7BE, 0xA5D8, 0xEC50, 0x4000, 0x0000,
    0x0843, 0xDEFD, 0xFFFF, 0xF7DE, 0xFFFF, 0xAD75, 0x0000, 0x0020, 0x0001, 0xCE7A, 0xFFFF, 0xF7DF,
    0xFFFF, 0xCE79, 0x0000, 0x0020, 0x0000, 0xB597, 0xFFFF, 0xFFDF, 0xFFFF, 0xEF7D, 0x18A3, 0x0000,
    0x3000, 0xDAAE, 0xFFFF, 0xD904, 0x4000, 0x0000, 0x8C32, 0xD6FA, 0x404B, 0x80F4, 0x7092, 0x6892,
    0xA1F5, 0xA194, 0x9A14, 0x6933, 0x3913, 0x3850, 0x70F1, 0xBB98, 0xA235, 0x9214, 0x6933, 0x206F,
    0x1090, 0x2973, 0x73F6, 0xADDA, 0xB48E, 0x81E6, 0xE2AA, 0xFAAA, 0xF22A, 0xFA0A, 0xF9EA, 0xD9A9,
    0xB167, 0xA0E7, 0xA8C7, 0xD0C8, 0xD888, 0xD8E8, 0xE92A, 0xE0C8, 0xE909, 0xF9CB, 0xF9EB, 0xF9EB,
    0xF9CA, 0xF8E9, 0xF10E, 0xF9F5, 0xF973, 0xF173, 0xF9B4, 0xF994, 0xF9B4, 0xF974, 0xF8F2, 0xF8F2,
    0xF952, 0xF86E, 0xF04D, 0xE00A, 0xD92F, 0xFFBF, 0xF356, 0xF00D, 0xF86E, 0xF890, 0xF86F, 0xF86F,
    0xF8B0, 0xF8F1, 0xF892, 0xF891, 0xF84F, 0xF88F, 0xF02D, 0xD009, 0xD009, 0xC808, 0xC006, 0xA803,
    0xED77, 0x751C, 0x8CB7, 0xD58B, 0xFE68, 0xD528, 0x3AB4, 0x9CF3, 0xE548, 0xFD89, 0xED08, 0xB3A9,
    0xAB8A, 0xAB6A, 0xA32A, 0xA30A, 0x8AA9, 0x8C72, 0xD388, 0xFB66, 0xFB66, 0xEAC3, 0x3A51, 0x961F,
    0xD79F, 0xCF9F, 0xD77F, 0x857F, 0x53B8, 0xA42E, 0xD122, 0xF9E5, 0xE143, 0xAD13, 0xC9E7, 0xF903,
    0xF924, 0xF8C1, 0x598D, 0xAE3F, 0xFEDB, 0x8CFC, 0x7CDA, 0xBC50, 0xE001, 0xF842, 0xF822, 0xF822,
    0xF802, 0xF002, 0xE802, 0xE802, 0xE802, 0xE002, 0xE002, 0xE022, 0xC800, 0xBC92, 0xABF0, 0xD000,
    0xD821, 0xD001, 0xC801, 0xC801, 0xC001, 0xC001, 0xC001, 0xB800, 0xB000, 0xB000, 0xA800, 0xA800,
    0xA000, 0xA800, 0x3866, 0x7D5D, 0xD6FE, 0x4B77, 0xBDF7, 0x6800, 0x8000, 0x8020, 0x7000, 0x2212,
    0xC71F, 0x3187, 0x1083, 0x0001, 0x0821, 0x0000, 0x8451, 0x94B3, 0x0000, 0x1000, 0xB269, 0xF7BE,
    0xA5D8, 0xEC50, 0x4000, 0x0000, 0x0822, 0xDEDC, 0xFFFF, 0xF7DE, 0xFFFF, 0xB595, 0x0000, 0x0020,
    0x0001, 0xCE7A, 0xFFFF, 0xF7DF, 0xFFFF, 0xCE79, 0x0000, 0x0020, 0x0000, 0xB597, 0xFFFF, 0xFFDF,
    0xFFFF, 0xF79E, 0x20C3, 0x0000, 0x3000, 0xDAAE, 0xFFFF, 0xD904, 0x4000, 0x0000, 0x8C32, 0xD6FA,
    0x382A, 0x8913, 0x80F3, 0x70B2, 0x88B3, 0x89D4, 0x51F3, 0x004E, 0x104E, 0x4990, 0xAA94, 0x9A34,
    0x92D5, 0x8B37, 0x5193, 0x59F5, 0x41D3, 0x192F, 0x6396, 0x6374, 0x6289, 0x7A69, 0xEAAA, 0xFAAA,
    0xFA8A, 0xFAAB, 0xFB4D, 0xFB4C, 0xF2AA, 0xEA4B, 0xEA09, 0xE9CA, 0xF16B, 0xE0A9, 0xD848, 0xD868,
    0xE0A8, 0xF129, 0xF9CA, 0xF9CB, 0xFA2A, 0xF9CB, 0xF90E, 0xF972, 0xF993, 0xF953, 0xF954, 0xF973,
    0xF9D4, 0xF994, 0xF933, 0xF0AF, 0xF84C, 0xF06D, 0xE00B, 0xD0EE, 0xF67C, 0xFFFF, 0xF2B6, 0xF00C,
    0xF82C, 0xF84D, 0xF02B, 0xF02B, 0xF02E, 0xF8B0, 0xF8B1, 0xF891, 0xF890, 0xF8B0, 0xF84E, 0xC808,
    0xB006, 0xB006, 0xB826, 0xB005, 0xED97, 0x751C, 0x8CB6, 0xD58A, 0xFE67, 0xCD08, 0x4B12, 0xB4F0,
    0xF567, 0xFD89, 0xFD49, 0xFD48, 0xFD08, 0xFCC8, 0xFC88, 0xFC66, 0xDBE8, 0x9C71, 0xE346, 0xFB67,
    0xFB65, 0xCA84, 0x3B38, 0xEF7F, 0xF55A, 0xECB9, 0xFEBC, 0xCF1E, 0x4359, 0xB535, 0xD983, 0xFA05,
    0xD943, 0xACF3, 0xC9C6, 0xF903, 0xF903, 0xD0A1, 0x3AB4, 0xD6FF, 0xF6FC, 0x63FB, 0x9DBA, 0xBAAA,
    0xF000, 0xF042, 0xF822, 0xF022, 0xF022, 0xF002, 0xE802, 0xE802, 0xE002, 0xE002, 0xE002, 0xE022,
    0xB801, 0xBDF7, 0xA229, 0xD800, 0xD021, 0xD001, 0xC801, 0xC001, 0xC001, 0xC001, 0xB801, 0xB801,
    0xB801, 0xB000, 0xB020, 0xA800, 0xA801, 0xB000, 0x3865, 0x755D, 0xD6DE, 0x4B97, 0xCE17, 0x7000,
    0x9000, 0x8800, 0x7000, 0x2212, 0xCF1F, 0x39E9, 0x0001, 0x0862, 0x0842, 0x0000, 0x8C71, 0x8C52,
    0x0000, 0x1800, 0xBA69, 0xEF9E, 0x9DB8, 0xEC50, 0x4000, 0x0000, 0x0822, 0xDEDC, 0xFFFF, 0xF7DE,
    0xFFFF, 0xB5B5, 0x0000, 0x0020, 0x0001, 0xCE5A, 0xFFFF, 0xF7DF, 0xFFFF, 0xCE79, 0x0000, 0x0020,
    0x0000, 0xB597, 0xFFFF, 0xFFDF, 0xFFFF, 0xF7BE, 0x20E4, 0x0000, 0x3000, 0xE28E, 0xFFFF, 0xD905,
    0x4800, 0x0000, 0x8C32, 0xD6FA, 0x3049, 0x8954, 0x80F3, 0x60D3, 0x3891, 0x208F, 0x206E, 0x71B2,
    0xAAB5, 0x9AF5, 0x5971, 0x486F, 0x30F1, 0x4273, 0x4273, 0x29F0, 0x092C, 0x00CC, 0x4AB7, 0x6B73,
    0x92EA, 0xB288, 0xFAEA, 0xFB4C, 0xFAEC, 0xFB4C, 0xFC2D, 0xFCAE, 0xFDD3, 0xFE56, 0xFC50, 0xF514,
    0xF311, 0xE88A, 0xD869, 0xD848, 0xE047, 0xF047, 0xF989, 0xFA4A, 0xFA4A, 0xFA0B, 0xF929, 0xF068,
    0xF92F, 0xF932, 0xF953, 0xF932, 0xF973, 0xF992, 0xF90F, 0xF029, 0xE807, 0xE009, 0xE172, 0xF65D,
    0xFFFF, 0xFFFF, 0xFEDD, 0xF2F6, 0xF130, 0xF02B, 0xE809, 0xE809, 0xF02C, 0xF8B0, 0xF851, 0xF870,
    0xF86F, 0xF84E, 0xF82D, 0xD809, 0xB806, 0xC007, 0xB827, 0xB804, 0xED77, 0x751D, 0x94D7, 0xDDCB,
    0xFEE8, 0xD505, 0x6B6E, 0xCD6E, 0xFDE7, 0xFDC9, 0xFD89, 0xFD68, 0xFD09, 0xFCE8, 0xFCA8, 0xFC67,
    0xD44B, 0xAC6F, 0xFB65, 0xFBA7, 0xFBA6, 0x9A27, 0x545B, 0xF73D, 0xEB99, 0xEC7B, 0xF6BD, 0xEFBF,
    0x3B5A, 0xA597, 0xDA45, 0xF982, 0xE922, 0xBD54, 0xD206, 0xF902, 0xF942, 0xA8A3, 0x4C1A, 0xF6FD,
    0xE65C, 0x4B59, 0xB65A, 0xC986, 0xF801, 0xF842, 0xF822, 0xF822, 0xF801, 0xF801, 0xF801, 0xF801,
    0xF001, 0xE801, 0xE801, 0xF000, 0xB020, 0xD71A, 0xA186, 0xE800, 0xD821, 0xD801, 0xD800, 0xD000,
    0xD000, 0xC800, 0xC800, 0xB800, 0xB000, 0xB000, 0xA000, 0x9800, 0x9000, 0x8000, 0x10CC, 0x859D,
    0xCEBE, 0x3B17, 0xA4F4, 0x4001, 0x5023, 0x4044, 0x3044, 0x09F4, 0xBEDE, 0x3187, 0x0000, 0x0821,
    0x0821, 0x0000, 0x8C91, 0x8411, 0x0000, 0x1800, 0xBA89, 0xEF9E, 0x9D97, 0xF470, 0x4800, 0x0000,
    0x0822, 0xDEDC, 0xFFFF, 0xF7DE, 0xFFFF, 0xB5D5, 0x0000, 0x0020, 0x0001, 0xCE5A, 0xFFFF, 0xF7DF,
    0xFFFF, 0xCE79, 0x0000, 0x0020, 0x0000, 0xB597, 0xFFFF, 0xFFDF, 0xFFFF, 0xF7BE, 0x2104, 0x0000,
    0x3000, 0xE28E, 0xFFFF, 0xD905, 0x4800, 0x0000, 0x8432, 0xD6FA, 0x306A, 0x60F4, 0x2871, 0x000E,
    0x308D, 0x9213, 0xBB37, 0xA2D6, 0x4911, 0x082E, 0x0070, 0x28D1, 0x50B2, 0x208F, 0x088C, 0x114E,
    0x19F0, 0x08AC, 0xA53A, 0xD69B, 0xBB2D, 0xE2C9, 0xF2A9, 0xF32B, 0xFBCD, 0xFC2E, 0xFC2D, 0xFD51,
    0xFF7C, 0xFFFF, 0xFFBE, 0xFFFF, 0xF61A, 0xE049, 0xE86A, 0xE089, 0xD847, 0xF048, 0xF0C8, 0xFA0A,
    0xFA8B, 0xF9E9, 0xF9CA, 0xF8C8, 0xF88B, 0xF930, 0xF932, 0xF8F1, 0xF8CE, 0xF8AB, 0xF808, 0xE808,
    0xD8CB, 0xEBB6, 0xFEBD, 0xFFDE, 0xFFFF, 0xFFFF, 0xFFFF, 0xFDFB, 0xF2F4, 0xF130, 0xD82A, 0xE008,
    0xE809, 0xE82B, 0xE02C, 0xD82A, 0xE80A, 0xE80A, 0xE80B, 0xE009, 0xD008, 0xD007, 0xC827, 0xB004,
    0xED56, 0x64DD, 0x7416, 0xA48A, 0xCD67, 0x93C6, 0x426D, 0x93AA, 0xBC67, 0xB407, 0xB3E8, 0xB3C7,
    0xB367, 0xB347, 0xB326, 0xB306, 0x8A88, 0x62EE, 0x9A26, 0xB267, 0xB225, 0x398C, 0x7D5E, 0xFFDE,
    0xEE5D, 0xEE5D, 0xEE3D, 0xFFFF, 0x4C1B, 0x4B56, 0x622C, 0x7928, 0x6128, 0x6392, 0x71A9, 0x8884,
    0x98A4, 0x40EB, 0x755E, 0xFF5C, 0xEF5D, 0x4BBB, 0x6C58, 0x828B, 0xA802, 0xB843, 0xB023, 0xA024,
    0x9844, 0x8845, 0x8046, 0x7068, 0x68A8, 0x60A9, 0x58CA, 0x50EB, 0x38EB, 0x9558, 0x93F0, 0x8801,
    0x9822, 0x8822, 0x8024, 0x7044, 0x6066, 0x5087, 0x4888, 0x40A9, 0x30EB, 0x292D, 0x2170, 0x21B1,
    0x19F2, 0x1A16, 0x337B, 0xE79F, 0xD73E, 0x1ABA, 0x22B8, 0x22D8, 0x2B5A, 0x3BDB, 0x443D, 0x64BD,
    0xE79F, 0x20E4, 0x0000, 0x0000, 0x0821, 0x0000, 0x94D2, 0x8410, 0x0000, 0x1800, 0xC2CA, 0xE77E,
    0x9D97, 0xF471, 0x4800, 0x0020, 0x0822, 0xDEDC, 0xFFFF, 0xF7DE, 0xFFFF, 0xBDD6, 0x0000, 0x0020,
    0x0001, 0xCE5A, 0xFFFF, 0xF7DF, 0xFFFF, 0xD69A, 0x0000, 0x0020, 0x0000, 0xB576, 0xFFFF, 0xFFDF,
    0xFFFF, 0xF7DE, 0x2924, 0x0000, 0x3000, 0xE26D, 0xFFFF, 0xD925, 0x4800, 0x0000, 0x8411, 0xDF1A,
    0x0807, 0x200E, 0x48CF, 0x9A54, 0xC338, 0x8A55, 0x30D0, 0x18B0, 0x0070, 0x10D2, 0x08D2, 0x00CF,
    0x18AF, 0x4992, 0x4950, 0x20CF, 0x10CE, 0x114E, 0xDF5E, 0xCE5A, 0xB36E, 0xD30A, 0xF30A, 0xFB4A,
    0xFC0C, 0xFC6E, 0xFCAE, 0xFEB8, 0xFFFF, 0xFFFF, 0xFFFF, 0xFFDF, 0xFFFF, 0xE373, 0xE00B, 0xE86A,
    0xE848, 0xF069, 0xF8A8, 0xF909, 0xFAAC, 0xFAAB, 0xF9CA, 0xF8A9, 0xF869, 0xF88A, 0xF88C, 0xF8AC,
    0xF86A, 0xF869, 0xF8AB, 0xF0EE, 0xF253, 0xF2B2, 0xEB95, 0xF61B, 0xFEFC, 0xFFFF, 0xF476, 0xF0CA,
    0xF008, 0xF86A, 0xD828, 0xC807, 0xE008, 0xD808, 0xC807, 0xC807, 0xE809, 0xF02B, 0xF02D, 0xF02D,
    0xE82A, 0xE029, 0xE029, 0xB805, 0xE576, 0xAE9F, 0x647A, 0x6C98, 0x6C98, 0x6CB9, 0x74FB, 0x6C98,
    0x74D9, 0x7CD9, 0x7CD9, 0x7CF9, 0x7CF9, 0x7D3A, 0x855A, 0x8D5A, 0x8D5A, 0x8D7B, 0x8D7A, 0x8D7B,
    0x959A, 0x95BC, 0xD77F, 0xF67D, 0xF61D, 0xED9D, 0xE4FB, 0xFF5E, 0xCF3E, 0x9DFD, 0xAE9E, 0xA6DF,
    0xB6FF, 0x8D9D, 0x6CFC, 0x753C, 0x7D7C, 0x857D, 0xD73E, 0xFFFF, 0xFFFF, 0xC6DE, 0x4BFB, 0x43DA,
    0x4398, 0x4BD9, 0x4C1A, 0x545B, 0x54BC, 0x64FC, 0x6D5D, 0x6D9E, 0x7DFF, 0x8E3F, 0x967F, 0xA6BF,
    0x965F, 0x3B7A, 0x2B39, 0x2B18, 0x2B38, 0x339A, 0x3BFC, 0x445C, 0x5CBE, 0x651F, 0x6D5F, 0x85DF,
    0x961F, 0x9E5F, 0xA69F, 0xB6DF, 0xB6DF, 0xBEBF, 0xD6FC, 0x9D34, 0xCE9A, 0xBE9B, 0xBEBC, 0xC6BC,
    0xBE7A, 0xBE18, 0xAD96, 0xA534, 0x7C10, 0x0862, 0x0000, 0x0020, 0x0021, 0x0020, 0x9D13, 0x7BF0,
    0x0000, 0x1800, 0xC2EB, 0xE75E, 0x9D97, 0xF491, 0x4800, 0x0000, 0x0822, 0xDEDC, 0xFFFF, 0xF7DF,
    0xFFFF, 0xBDF6, 0x0000, 0x0000, 0x0001, 0xCE5A, 0xFFFF, 0xFFDF, 0xFFFF, 0xD6DA, 0x0020, 0x0000,
    0x0000, 0xAD76, 0xFFFF, 0xFFDF, 0xFFFF, 0xFFDF, 0x2945, 0x0000, 0x3000, 0xE26D, 0xFFFF, 0xD945,
    0x4800, 0x0000, 0x8411, 0xDF1A, 0x40C9, 0xCAD8, 0xCB38, 0x79F3, 0x286F, 0x0010, 0x10B1, 0x31B3,
    0x08D2, 0x10D2, 0x00F1, 0x00CE, 0x010D, 0x092C, 0x194D, 0x08CB, 0x112B, 0x5B93, 0xB65C, 0xAD38,
    0xA3EF, 0xBBCD, 0xE44D, 0xF44B, 0xF3EA, 0xFC4D, 0xFCCE, 0xFF1A, 0xFFFF, 0xFFDE, 0xFFFF, 0xFFDF,
    0xFFDF, 0xFFFF, 0xECB8, 0xE990, 0xF0AB, 0xF96B, 0xF94A, 0xF92A, 0xF9AA, 0xFA8B, 0xF1EA, 0xF0C8,
    0xF889, 0xF8AB, 0xF92D, 0xF0AC, 0xF0ED, 0xF8ED, 0xF90E, 0xF8CD, 0xF02A, 0xF10E, 0xF437, 0xF20F,
    0xF436, 0xFFDF, 0xF353, 0xF84A, 0xF049, 0xE808, 0xD808, 0xC807, 0xD808, 0xE008, 0xD008, 0xE009,
    0xF00C, 0xF82E, 0xF82E, 0xE02A, 0xC007, 0xC807, 0xD028, 0xB005, 0xCBF2, 0xF71B, 0xFF5C, 0xFFBE,
    0xFFDF, 0xFFDF, 0xFF9E, 0xFF9E, 0xFF7C, 0xFFBD, 0xFFFF, 0xFFFF, 0xFFBE, 0xFF5E, 0xFF1E, 0xFF5E,
    0xFFBF, 0xFF9F, 0xFF9F, 0xFFBF, 0xFFBF, 0xFFFE, 0xFF7E, 0xED9D, 0xED5D, 0xF5DD, 0xED9C, 0xEDBD,
    0xF6DD, 0xFE9D, 0xFE9D, 0xFE5D, 0xFE7D, 0xFF3D, 0xFF3E, 0xFF7E, 0xFF7D, 0xFFFE, 0xFFFF, 0xF7DF,
    0xF7DE, 0xFFFE, 0xFFFF, 0xF7DF, 0xF7DF, 0xF7FF, 0xFFFF, 0xFFFF, 0xFF9E, 0xFF5E, 0xF6FD, 0xFE7C,
    0xFE5C, 0xFE1C, 0xF53A, 0xF4D7, 0xFD79, 0xE73E, 0xCF3F, 0xDF1E, 0xE75F, 0xE6FD, 0xEEBC, 0xDE5B,
    0xC5F8, 0xB5B6, 0xAD55, 0x9CD3, 0x8451, 0x8C92, 0x7BF0, 0x5ACB, 0x4A27, 0x39C6, 0x18E4, 0x0000,
    0x1083, 0x2104, 0x20E4, 0x4249, 0x1082, 0x0000, 0x0000, 0x0000, 0x0000, 0x0000, 0x0821, 0x0021,
    0x10A3, 0x0862, 0x9D13, 0x7BD0, 0x0000, 0x2000, 0xCAEB, 0xDF3D, 0x9D76, 0xF491, 0x4800, 0x0020,
    0x0822, 0xD6BC, 0xFFFF, 0xF7DF, 0xFFFF, 0xBDF7, 0x0000, 0x0020, 0x0001, 0xCE5A, 0xFFFF, 0xFFDF,
    0xFFFF, 0xDEFB, 0x0841, 0x0000, 0x0000, 0xAD76, 0xFFFF, 0xFFDF, 0xFFFF, 0xFFFF, 0x2945, 0x0000,
    0x3000, 0xE26D, 0xFFFF, 0xD945, 0x4800, 0x0000, 0x83F0, 0xD6FA, 0x61EE, 0x91F6, 0x3051, 0x1070,
    0x10D2, 0x10D2, 0x10D2, 0x10D1, 0x08F2, 0x08F1, 0x08F1, 0x42B3, 0x090D, 0x114C, 0x114C, 0x00CA,
    0x2231, 0x3337, 0x53DB, 0x73D8, 0x7330, 0xA3AD, 0xE4AD, 0xEC6B, 0xF42B, 0xFC6D, 0xFD30, 0xFF5B,
    0xFFBD, 0xFFDE, 0xF79D, 0xF7BE, 0xFF7E, 0xF73D, 0xF63C, 0xF498, 0xF373, 0xF370, 0xF30D, 0xF2CD,
    0xF26B, 0xFB0D, 0xFB4D, 0xFAEE, 0xF232, 0xFA95, 0xFA95, 0xFA75, 0xF357, 0xF9D1, 0xF90F, 0xF8CE,
    0xF1D2, 0xF3B7, 0xF14D, 0xF808, 0xFB95, 0xFF9F, 0xFA30, 0xF029, 0xF84A, 0xE829, 0xD828, 0xE02A,
    0xE029, 0xE829, 0xE82A, 0xE82C, 0xF88F, 0xF8B1, 0xF84E, 0xE02A, 0xC006, 0xA806, 0xA006, 0xB026,
    0xA826, 0x8845, 0x8866, 0x88C7, 0x98C9, 0xD111, 0xB8CD, 0x98A8, 0x9126, 0xCC32, 0xE59C, 0xDD3B,
    0xDCFB, 0xD439, 0xDC9B, 0xED3C, 0xED3C, 0xF4DD, 0xFD5D, 0xFE3E, 0xFE1E, 0xFE9F, 0xF59E, 0xFD5E,
    0xFD5F, 0xFD5E, 0xFD5E, 0xFD5E, 0xF55E, 0xF4FE, 0xF4FD, 0xFCBD, 0xFC5D, 0xE3FB, 0xDB7A, 0xDB99,
    0xED7D, 0xFF1F, 0xFFFF, 0xFFFF, 0xFFFF, 0xFFFF, 0xFFFF, 0xFFFF, 0xFFFF, 0xFFFF, 0xFFFF, 0xFEFF,
    0xDCBB, 0xED1D, 0xE43A, 0xEA78, 0xF279, 0xEAB9, 0xEB5B, 0xEBFA, 0xECDA, 0xDBB7, 0xEB56, 0xEAB4,
    0xDA73, 0xC92D, 0xB008, 0x6846, 0x0823, 0x0000, 0x0000, 0x0001, 0x0000, 0x0001, 0x0000, 0x0000,
    0x0000, 0x0000, 0x0000, 0x0000, 0x0000, 0x0000, 0x0000, 0x0000, 0x0000, 0x1083, 0x0000, 0x0000,
    0x0000, 0x0000, 0x0000, 0x1082, 0x0000, 0x0000, 0xC659, 0x5ACC, 0x0000, 0x2000, 0xD3AD, 0xDF1D,
    0x9D76, 0xF4D2, 0x4800, 0x0020, 0x0822, 0xD6BC, 0xFFFF, 0xF7DF, 0xFFFF, 0xC617, 0x0000, 0x0000,
    0x0001, 0xC63A, 0xFFFF, 0xFFDF, 0xFFFF, 0xE71B, 0x0861, 0x0000, 0x0000, 0xAD56, 0xFFFF, 0xFFDF,
    0xFFFF, 0xFFFF, 0x2945, 0x0000, 0x3000, 0xE26D, 0xFFFF, 0xE146, 0x5000, 0x0000, 0x83F0, 0xE75B,
    0x1007, 0x2052, 0x0850, 0x0870, 0x0070, 0x00B0, 0x08D0, 0x006F, 0x00AE, 0x008F, 0x18D0, 0x3A71,
    0x08EC, 0x00A9, 0x0086, 0x094D, 0x11F4, 0x331A, 0x2B1A, 0x29D4, 0x8312, 0xDD30, 0xF4AA, 0xF42A,
    0xFC6B, 0xFC8C, 0xFD0E, 0xFD70, 0xFEFA, 0xFFDE, 0xFF3C, 0xFF7E, 0xEE7C, 0xE57A, 0xF4B8, 0xF4D8,
    0xFD16, 0xFCB4, 0xFC91, 0xFC4E, 0xFBED, 0xFBAE, 0xFBB0, 0xFCB8, 0xFC1A, 0xFB98, 0xFA96, 0xF9F4,
    0xFAD6, 0xFAB5, 0xF931, 0xF8F1, 0xF9B3, 0xF06D, 0xF007, 0xF007, 0xF2B2, 0xF63B, 0xD048, 0xD006,
    0xD007, 0xC806, 0xC006, 0xD809, 0xE00B, 0xE00C, 0xE00C, 0xE82D, 0xE80E, 0xE86F, 0xE04F, 0xD80C,
    0xC84A, 0xB84C, 0x9007, 0x8804, 0x8004, 0x5803, 0x6003, 0x5003, 0x7005, 0xA00C, 0x5805, 0x3003,
    0x20A3, 0x62AD, 0xAC58, 0xBC37, 0xB3F7, 0xBC18, 0xBBF8, 0xB3D7, 0xB3F6, 0xB3D7, 0xB3F7, 0xC4B7,
    0xBC56, 0xBC16, 0xBCB8, 0xBC97, 0xABB6, 0xB3B5, 0xAB75, 0xB395, 0xA374, 0xA354, 0xA374, 0x9B13,
    0x9B33, 0x9B12, 0x92D2, 0x92B1, 0x9B74, 0x9332, 0x9412, 0x9CD3, 0x94B2, 0x94D3, 0x94D3, 0x8C92,
    0x8C72, 0x8C72, 0x8C51, 0x7B4F, 0x6A6E, 0x72AF, 0x72AE, 0x69AC, 0x69AC, 0x69ED, 0x726E, 0x732F,
    0x7BD0, 0x6ACE, 0x622D, 0x6A0C, 0x61AA, 0x6A4C, 0x51C9, 0x4209, 0x3A28, 0x4249, 0x4A6A, 0x52AB,
    0x528A, 0x52AB, 0x5B0C, 0x634D, 0x6B8E, 0x73AF, 0x73CF, 0x73CF, 0x6B6E, 0x73EF, 0x6BAF, 0x8492,
    0x7C30, 0x8CD3, 0x8CB2, 0x9D14, 0xAD75, 0xB5B6, 0xBE18, 0xC659, 0xC638, 0xDEFB, 0xBDF7, 0x0841,
    0x0020, 0x3800, 0xED34, 0xB639, 0x8CF5, 0xF5B6, 0x5800, 0x0020, 0x0822, 0xDEDC, 0xFFFF, 0xFFDF,
    0xFFFF, 0xCE79, 0x0000, 0x0000, 0x0001, 0xC65A, 0xFFFF, 0xFFDF, 0xFFFF, 0xEF7D, 0x1082, 0x0000,
    0x0000, 0xA536, 0xFFFF, 0xFFDF, 0xFFFF, 0xFFFF, 0x3186, 0x0000, 0x3800, 0xE30F, 0xF7FF, 0xE1E7,
    0x5800, 0x0000, 0x4A29, 0xFFFF, 0x6B6E, 0x39AA, 0x31AB, 0x298A, 0x298A, 0x298A, 0x29AA, 0x2169,
    0x2189, 0x29AA, 0x2989, 0x1948, 0x2148, 0x2147, 0x1926, 0x1947, 0x216A, 0x3A6E, 0x218A, 0x2129,
    0x62CC, 0x6AEA, 0x6A67, 0x6A68, 0x6A68, 0x6A67, 0x6A68, 0x6A48, 0x6ACB, 0x6AEC, 0x6AEC, 0x6B0D,
    0x62CC, 0x626C, 0x626B, 0x6A2A, 0x6A8B, 0x72AA, 0x72A9, 0x7269, 0x6A48, 0x7229, 0x728C, 0x6AAD,
    0x726D, 0x6A2C, 0x720B, 0x71CB, 0x71EB, 0x724C, 0x71CA, 0x69AA, 0x69AA, 0x7189, 0x71A8, 0x7188,
    0x724B, 0x6AAC, 0x61A8, 0x61C8, 0x59C8, 0x59E8, 0x61E9, 0x69E9, 0x69EA, 0x6A0A, 0x6A0A, 0x722B,
    0x6A0A, 0x6A0B, 0x6A2B, 0x6A4C, 0x6A8D, 0x728D, 0x626C, 0x526A, 0x5A8A, 0x5AAA, 0x62AB, 0x5ACB,
    0x62CC, 0x6B0D, 0x5B0C, 0x632C, 0x634D, 0x634D, 0x73AF, 0x7BB0, 0x7B8F, 0x7BAF, 0x7BAF, 0x7BD0,
    0x7C10, 0x8431, 0x8452, 0x8472, 0x8C92, 0x8C92, 0x94D3, 0x94D3, 0x94B2, 0x94B3, 0x94D3, 0x94D3,
    0x94F3, 0x9514, 0x9D34, 0x9D55, 0xA575, 0xA596, 0xADB6, 0xB5D6, 0xB5D6, 0xB5D6, 0xB5B7, 0xB5D7,
    0xB5F7, 0xBE18, 0xBE59, 0xC659, 0xC679, 0xCE9A, 0xCE9A, 0xD6DA, 0xD6FB, 0xD71B, 0xD71B, 0xDF5C,
    0xDF7C, 0xDF7D, 0xE77D, 0xE77C, 0xE75D, 0xE77D, 0xEFBE, 0xEFDE, 0xEFDE, 0xEFBE, 0xEFDE, 0xF7DE,
    0xF7DE, 0xF7DE, 0xF7DF, 0xF7BE, 0xF7BE, 0xF79E, 0xEF9D, 0xEF5D, 0xE73C, 0xE73C, 0xE71C, 0xD6DB,
    0xB5D7, 0xBE18, 0x94F4, 0xB5D7, 0x94D3, 0xA555, 0x9D14, 0x9D34, 0xAD55, 0x9CF3, 0x9CD3, 0x9492,
    0x9471, 0x6B2D, 0x0821, 0x0000, 0x0020, 0x7842, 0xFF9D, 0x634D, 0x5B2E, 0xFF1B, 0x8820, 0x0800,
    0x0001, 0xCE5A, 0xFFFF, 0xF7DE, 0xFFFF, 0xA534, 0x0000, 0x0821, 0x0000, 0xBDD7, 0xFFFF, 0xF7BE,
    0xFFFF, 0xD6BA, 0x0821, 0x0020, 0x0000, 0x9CD4, 0xFFFF, 0xF7BE, 0xFFFF, 0xFFDF, 0x2104, 0x0000,
    0x7000, 0xF4D5, 0xFFFF, 0xEB8E, 0x8000, 0x0021, 0x0000, 0x8410, 0xF7DE, 0xFFFF, 0xFFFF, 0xFFFF,
    0xFFFF, 0xFFFF, 0xFFFF, 0xFFFF, 0xFFFF, 0xFFFF, 0xFFFF, 0xFFFF, 0xFFFF, 0xFFFF, 0xFFFF, 0xFFFF,
    0xFFFE, 0xF7DE, 0xFFDE, 0xFFFE, 0xEFBE, 0xEFBE, 0xEFDF, 0xEFDF, 0xEFDF, 0xEFBF, 0xEFBF, 0xEFBF,
    0xEF9E, 0xEFBE, 0xEF9E, 0xEF9E, 0xEFBE, 0xEFDE, 0xEFBE, 0xEFBE, 0xEFBE, 0xEFBE, 0xEFBE, 0xEFBE,
    0xEFDE, 0xEFDE, 0xEFBE, 0xEFBE, 0xEFBE, 0xEFDE, 0xEFDE, 0xE7FE, 0xEFFE, 0xEFDE, 0xEFFE, 0xEFFE,
    0xEFFF, 0xF7FF, 0xF7FF, 0xF7FF, 0xF7FF, 0xF7FF, 0xF7FF, 0xF7FF, 0xF7FF, 0xFFFF, 0xF7FF, 0xF7FF,
    0xF7FF, 0xF7FF, 0xF7FF, 0xF7FF, 0xF7FF, 0xF7FF, 0xF7FF, 0xF7FF, 0xF7FE, 0xF7FE, 0xF7DE, 0xF7DF,
    0xF7DE, 0xF7DE, 0xF7DE, 0xF7BE, 0xEFBE, 0xEFBE, 0xF79E, 0xEF9D, 0xEF9D, 0xEF7D, 0xEF5C, 0xE75C,
    0xEF5C, 0xE75C, 0xE75C, 0xE75C, 0xE73C, 0xDF1B, 0xDF1B, 0xDEFB, 0xDEFB, 0xD6DA, 0xD6BA, 0xCE99,
    0xD69A, 0xCE9A, 0xCE79, 0xCE59, 0xC638, 0xC618, 0xBDF7, 0xBDD7, 0xB5B6, 0xB596, 0xB596, 0xAD55,
    0xA534, 0xA514, 0x9CF3, 0x9CF3, 0x9CD2, 0x94B2, 0x9492, 0x9471, 0x8C51, 0x8C30, 0x8410, 0x7BCF,
    0x73AE, 0x736D, 0x6B2D, 0x6B0C, 0x630C, 0x62CB, 0x5AAA, 0x526A, 0x4A49, 0x41E7, 0x41C7, 0x39C7,
    0x39A6, 0x3166, 0x3145, 0x2924, 0x20C3, 0x18A3, 0x18A3, 0x1082, 0x1082, 0x1061, 0x0841, 0x0820,
    0x0000, 0x0000, 0x0000, 0x0000, 0x0000, 0x0000, 0x0000, 0x0000, 0x0000, 0x0000, 0x0000, 0x0000,
    0x0000, 0x0000, 0x0000, 0x0000, 0x0000, 0x0000, 0x0020, 0x0820, 0x5800, 0xE471, 0xD71C, 0x0841,
    0x10A3, 0xE79E, 0xD2CA, 0x4800, 0x0020, 0x4208, 0xE73C, 0xFFDF, 0xCE38, 0x2104, 0x0000, 0x0821,
    0x0000, 0x39C7, 0xE75C, 0xFFFF, 0xE73C, 0x4A28, 0x0000, 0x0821, 0x0000, 0x2945, 0xE71B, 0xFFFF,
    0xFFDF, 0x73AE, 0x0000, 0x3800, 0xC907, 0xFF9E, 0xD6DA, 0xFEDB, 0xC842, 0x2820, 0x0020, 0x0000,
    0x18C3, 0x3986, 0x39A6, 0x39A6, 0x39C7, 0x39C7, 0x41C7, 0x41C7, 0x41E7, 0x41E8, 0x41E8, 0x41E8,
    0x4208, 0x4A08, 0x4A08, 0x4A29, 0x4A29, 0x4A49, 0x4A49, 0x4A49, 0x4A49, 0x4A49, 0x4A49, 0x4A49,
    0x4A49, 0x4A49, 0x4A49, 0x4A49, 0x5249, 0x5249, 0x4A49, 0x4A49, 0x4A49, 0x4A49, 0x4A49, 0x4A49,
    0x4A49, 0x4A29, 0x4A29, 0x4A28, 0x4A28, 0x4A28, 0x4A28, 0x4A08, 0x4208, 0x4208, 0x4208, 0x4208,
    0x41E8, 0x41E8, 0x41E7, 0x41E7, 0x41E7, 0x41C7, 0x41C7, 0x41C7, 0x41C7, 0x39A6, 0x39A6, 0x3986,
    0x3986, 0x3186, 0x3165, 0x2945, 0x2924, 0x2924, 0x2904, 0x2924, 0x2924, 0x2904, 0x2904, 0x2904,
    0x2104, 0x20E4, 0x20E3, 0x20C3, 0x18C3, 0x18A3, 0x18A2, 0x1082, 0x1082, 0x1062, 0x1041, 0x0821,
    0x0821, 0x0821, 0x0821, 0x0821, 0x0821, 0x0820, 0x0800, 0x0000, 0x0000, 0x0000, 0x0000, 0x0000,
    0x0000, 0x0000, 0x0000, 0x0000, 0x0000, 0x0000, 0x0000, 0x0000, 0x0000, 0x0000, 0x0000, 0x0000,
    0x0000, 0x0000, 0x0000, 0x0000, 0x0000, 0x0000, 0x0000, 0x0000, 0x0000, 0x0000, 0x0000, 0x0000,
    0x0000, 0x0000, 0x0000, 0x0000, 0x0000, 0x0000, 0x0000, 0x0000, 0x0000, 0x0000, 0x0000, 0x0000,
    0x0000, 0x0000, 0x0000, 0x0000, 0x0000, 0x0000, 0x0000, 0x0000, 0x0000, 0x0000, 0x0000, 0x0000,
    0x0000, 0x0000, 0x0000, 0x0000, 0x0000, 0x0000, 0x0000, 0x0000, 0x0000, 0x0000, 0x0800, 0x0800,
    0x0800, 0x1000, 0x1000, 0x1800, 0x1800, 0x1800, 0x1800, 0x2000, 0x2800, 0x2800, 0x3800, 0x8000,
    0xDBCF, 0xFFFF, 0x39E8, 0x0000, 0x0000, 0x634E, 0xFFBE, 0xB144, 0x5000, 0x0000, 0x10C3, 0x2166,
    0x0021, 0x0000, 0x0020, 0x0020, 0x0021, 0x0000, 0x1104, 0x3A28, 0x08C3, 0x0000, 0x0021, 0x0020,
    0x0021, 0x0000, 0x10E3, 0x4AAB, 0x2186, 0x0000, 0x4000, 0xB822, 0xFE5A, 0xB5F7, 0x18A3, 0xE79E,
    0xF514, 0xB000, 0x3000, 0x0021, 0x0000, 0x0000, 0x0000, 0x0000, 0x0000, 0x0000, 0x0000, 0x0000,
    0x0000, 0x0000, 0x0000, 0x0000, 0x0000, 0x0000, 0x0000, 0x0000, 0x0000, 0x0000, 0x0000, 0x0000,
    0x0000, 0x0000, 0x0000, 0x0000, 0x0000, 0x0000, 0x0000, 0x0000, 0x0000, 0x0000, 0x0000, 0x0000,
    0x0000, 0x0000, 0x0000, 0x0000, 0x0000, 0x0000, 0x0000, 0x0000, 0x0000, 0x0000, 0x0000, 0x0000,
    0x0000, 0x0000, 0x0000, 0x0000, 0x0000, 0x0000, 0x0000, 0x0000, 0x0000, 0x0000, 0x0000, 0x0000,
    0x0000, 0x0000, 0x0000, 0x0000, 0x0000, 0x0000, 0x0000, 0x0000, 0x0000, 0x0000, 0x0000, 0x0000,
    0x0000, 0x0000, 0x0000, 0x0000, 0x0000, 0x0000, 0x0000, 0x0000, 0x0000, 0x0000, 0x0000, 0x0000,
    0x0000, 0x0000, 0x0000, 0x0000, 0x0000, 0x0000, 0x0000, 0x0000, 0x0000, 0x0000, 0x0000, 0x0000,
    0x0000, 0x0000, 0x0000, 0x0000, 0x0000, 0x0000, 0x0000, 0x0020, 0x0020, 0x0800, 0x0800, 0x0800,
    0x0800, 0x1000, 0x1000, 0x1000, 0x1000, 0x1000, 0x1000, 0x1800, 0x1800, 0x1800, 0x1800, 0x2000,
    0x2000, 0x2800, 0x2800, 0x2800, 0x3000, 0x3000, 0x3000, 0x3000, 0x3800, 0x3800, 0x3800, 0x4000,
    0x4000, 0x4800, 0x4800, 0x5000, 0x5000, 0x5000, 0x5800, 0x5800, 0x6000, 0x6000, 0x6800, 0x6800,
    0x6800, 0x6800, 0x7000, 0x7000, 0x7800, 0x8000, 0x8000, 0x8000, 0x8800, 0x8801, 0x9001, 0x9021,
    0x9821, 0x9842, 0x9862, 0xA083, 0xA8C4, 0xA8E4, 0xB104, 0xB125, 0xB945, 0xC166, 0xC1A7, 0xD1E8,
    0xD209, 0xD2CB, 0xE471, 0xFEFB, 0xE77D, 0x4A4A, 0x0000, 0x0020, 0x0020, 0x0000, 0x94F4, 0xFFBE,
    0xDB8E, 0xA0C3, 0x7800, 0x6800, 0x7000, 0x7800, 0x7000, 0x7000, 0x7000, 0x7000, 0x6800, 0x6000,
    0x6800, 0x6800, 0x6800, 0x6800, 0x6800, 0x6800, 0x6800, 0x5800, 0x6000, 0x9001, 0xD9E9, 0xFE9B,
    0xCEFB, 0x18C3, 0x0000, 0x41E8, 0xF7DF, 0xFD96, 0xD126, 0x8800, 0x6800, 0x6800, 0x6000, 0x6000,
    0x6000, 0x6000, 0x6000, 0x6000, 0x6000, 0x6000, 0x6000, 0x5800, 0x5800, 0x5800, 0x5800, 0x5800,
    0x5800, 0x5800, 0x5800, 0x5800, 0x5800, 0x5800, 0x5800, 0x5000, 0x5800, 0x5800, 0x5800, 0x5800,
    0x5000, 0x5000, 0x5000, 0x5000, 0x5000, 0x5000, 0x5000, 0x5000, 0x5000, 0x5000, 0x5800, 0x5800,
    0x5800, 0x5800, 0x5800, 0x5800, 0x5800, 0x5800, 0x5800, 0x5800, 0x5800, 0x5800, 0x5800, 0x5800,
    0x5800, 0x6000, 0x6000, 0x6000, 0x6000, 0x6000, 0x6000, 0x6000, 0x6000, 0x6800, 0x6800, 0x6800,
    0x6800, 0x6800, 0x6800, 0x6800, 0x7000, 0x7000, 0x7000, 0x7000, 0x7000, 0x7800, 0x7000, 0x7800,
    0x7800, 0x7800, 0x8000, 0x8000, 0x8000, 0x8000, 0x8000, 0x8800, 0x8800, 0x8800, 0x9000, 0x9000,
    0x9000, 0x9000, 0x9800, 0x9800, 0x9800, 0x9800, 0x9800, 0xA001, 0xA001, 0xA001, 0xA801, 0xA801,
    0xA801, 0xB001, 0xB022, 0xB042, 0xB042, 0xB883, 0xB883, 0xC0A3, 0xC0A4, 0xC0C4, 0xC0C4, 0xC0E4,
    0xC905, 0xC946, 0xC966, 0xD187, 0xD1A7, 0xD1C8, 0xD1E8, 0xD9E9, 0xDA09, 0xDA2A, 0xDA6A, 0xE2AB,
    0xEACC, 0xEAEC, 0xEB0D, 0xEB4D, 0xF34E, 0xF38E, 0xFBAF, 0xFBF0, 0xFC31, 0xFC52, 0xFC72, 0xFC93,
    0xFCD3, 0xFCF4, 0xFD15, 0xFD55, 0xFD96, 0xFDB7, 0xFDD7, 0xFDF8, 0xFE18, 0xFE59, 0xFE7A, 0xFE9B,
    0xFEDB, 0xFF1C, 0xFF3C, 0xFF5C, 0xFF5D, 0xFF7D, 0xFF9E, 0xFF9E, 0xFFBE, 0xFFBF, 0xFFDE, 0xFFDF,
    0xFFDF, 0xFFDF, 0xF7BE, 0xF7BE, 0xEFBE, 0xEF9E, 0xCEDB, 0x8471, 0x18C3, 0x0000, 0x0020, 0x0000,
    0x0000, 0x0020, 0x0000, 0x6B6E, 0xDF7D, 0xFFBE, 0xFE9A, 0xFE18, 0xFDF7, 0xFDD7, 0xFDB7, 0xFDB7,
    0xFD97, 0xFD96, 0xFD96, 0xFD96, 0xFD76, 0xF555, 0xF535, 0xF535, 0xFD15, 0xFCF4, 0xFCF4, 0xFCF4,
    0xFD76, 0xFEBB, 0xFFFF, 0xA575, 0x1082, 0x0000, 0x0820, 0x0000, 0x3186, 0xC699, 0xFFDF, 0xFE18,
    0xFCB3, 0xFC11, 0xFC11, 0xFBF1, 0xFBF1, 0xFBF1, 0xFBD0, 0xFBD0, 0xFBD0, 0xFBD0, 0xFBD0, 0xF3AF,
    0xF3B0, 0xF3AF, 0xF3AF, 0xF3AF, 0xF3AF, 0xF3AF, 0xF38F, 0xF38F, 0xF38F, 0xF38F, 0xF38F, 0xF38F,
    0xF36F, 0xFB6F, 0xFB6F, 0xFB8F, 0xF38F, 0xF36F, 0xFB6F, 0xFB6F, 0xFB6F, 0xFB6F, 0xFB6F, 0xF36F,
    0xFB6F, 0xFB6F, 0xFB6F, 0xFB6F, 0xFB6F, 0xFB8F, 0xFB8F, 0xFB8F, 0xFB8F, 0xFB8F, 0xFB8F, 0xFB8F,
    0xFB8F, 0xFB8F, 0xFB8F, 0xFBAF, 0xFBB0, 0xFBD0, 0xFBAF, 0xFBD0, 0xFBD0, 0xFBD0, 0xFBF0, 0xFBF0,
    0xFC10, 0xFC10, 0xFC11, 0xFC11, 0xFC31, 0xFC31, 0xFC52, 0xFC52, 0xFC72, 0xFC72, 0xFC93, 0xFC93,
    0xFCB4, 0xFCB4, 0xFCF4, 0xFD15, 0xFD35, 0xFD35, 0xFD55, 0xFD76, 0xFD76, 0xFD96, 0xFDB6, 0xFDD7,
    0xFDD7, 0xFDF8, 0xFDF8, 0xFE18, 0xFE18, 0xFE19, 0xFE39, 0xFE5A, 0xFE7A, 0xFE9A, 0xFEBA, 0xFEBB,
    0xFEDB, 0xFEDB, 0xFEFB, 0xFEFB, 0xFEFB, 0xFF1C, 0xFF1D, 0xFF3D, 0xFF5D, 0xFF5D, 0xFF7D, 0xFF9E,
    0xFF9E, 0xFFBE, 0xFFBE, 0xFFBE, 0xFFBE, 0xFFDF, 0xFFDF, 0xFFDF, 0xFFDF, 0xF7DF, 0xF7DF, 0xF7DE,
    0xF7DE, 0xEFBE, 0xEFBE, 0xEFBE, 0xE79D, 0xE77D, 0xDF7D, 0xDF5D, 0xDF5C, 0xD73C, 0xD71B, 0xCEFB,
    0xC6BA, 0xBE99, 0xBE79, 0xBE59, 0xB638, 0xADF7, 0xADD6, 0xA596, 0x9D75, 0x9D54, 0x94F3, 0x8CD3,
    0x8492, 0x8471, 0x7C51, 0x7C10, 0x73CF, 0x6BAE, 0x634D, 0x5B2C, 0x5B0C, 0x52CB, 0x4AAA, 0x4A69,
    0x4228, 0x39C7, 0x31C7, 0x31A6, 0x2966, 0x2125, 0x2104, 0x18C3, 0x10A3, 0x1062, 0x0000, 0x0000,
    0x0000, 0x0020, 0x0000, 0x0000, 0x0000, 0x0000, 0x0000, 0x0000, 0x1082, 0x5B0C, 0x94F3, 0x9D75,
    0x9D75, 0xA575, 0xA596, 0xA596, 0xADD6, 0xADF7, 0xB5F7, 0xB618, 0xB638, 0xBE59, 0xBE79, 0xBE79,
    0xC69A, 0xC6BA, 0xC6BA, 0xC6BA, 0xBE79, 0x94F3, 0x4208, 0x0000, 0x0000, 0x0000, 0x0000, 0x0020,
    0x0000, 0x0000, 0x52AB, 0xA596, 0xCEFB, 0xDF9D, 0xDFBE, 0xDFBD, 0xE7BE, 0xE7BE, 0xE7DE, 0xE7DE,
    0xE7DF, 0xE7FF, 0xE7FF, 0xEFFF, 0xEFFF, 0xEFFF, 0xEFFF, 0xEFFF, 0xEFFF, 0xEFFF, 0xEFFF, 0xEFFF,
    0xEFFF, 0xEFFF, 0xEFFF, 0xEFFF, 0xEFFF, 0xEFFF, 0xEFFF, 0xEFFF, 0xEFFF, 0xEFFF, 0xEFFF, 0xEFFF,
    0xEFFF, 0xEFFF, 0xEFFF, 0xEFFF, 0xEFFF, 0xEFFF, 0xEFFF, 0xEFFF, 0xEFFF, 0xEFFF, 0xEFFF, 0xEFFF,
    0xEFFF, 0xEFFF, 0xEFFF, 0xEFFF, 0xEFDF, 0xEFFF, 0xEFFF, 0xE7FF, 0xE7DF, 0xE7DF, 0xE7DF, 0xE7DF,
    0xE7DE, 0xE7BE, 0xE7BE, 0xDFBE, 0xDF9E, 0xDF9D, 0xDF9D, 0xDF7D, 0xDF7D, 0xD75D, 0xD75C, 0xD73C,
    0xCF1B, 0xCF1B, 0xCEFB, 0xCEFB, 0xC6DB, 0xC6DB, 0xC6DA, 0xC6BA, 0xC6BA, 0xC6BA, 0xC69A, 0xBE79,
    0xBE59, 0xB638, 0xB638, 0xADF7, 0xADD7, 0xA5B6, 0xA596, 0x9D75, 0x9D75, 0x9D75, 0x9D55, 0x9D55,
    0x9D54, 0x9514, 0x8CF3, 0x8CB2, 0x8471, 0x7C30, 0x740F, 0x73EF, 0x73EF, 0x73EF, 0x73CF, 0x6BAE,
    0x6B6D, 0x634D, 0x5B0C, 0x52EB, 0x4AAA, 0x4A8A, 0x4A69, 0x4249, 0x4228, 0x3A08, 0x39E7, 0x31A6,
    0x3186, 0x2945, 0x2124, 0x2124, 0x2104, 0x20E4, 0x18E3, 0x18C3, 0x1082, 0x1061, 0x0841, 0x0821,
    0x0820, 0x0800, 0x0000, 0x0000, 0x0000, 0x0000, 0x0000, 0x0000, 0x0000, 0x0000, 0x0000, 0x0000,
    0x0000, 0x0000, 0x0000, 0x0000, 0x0000, 0x0000, 0x0000, 0x0000, 0x0000, 0x0000, 0x0000, 0x0000,
    0x0000, 0x0000, 0x0000, 0x0000, 0x0000, 0x0000, 0x0000, 0x0000, 0x0000, 0x0000, 0x0000, 0x0000,
    0x0000, 0x0000, 0x0000, 0x0020, 0x0000, 0x0000, 0x0000, 0x0000,
};
