// Ms. Pac-Man — 208x71 RGB565, generated
#include "marquees.h"

const uint16_t marquee_mspacman_data[14768] = {
    0x0000, 0x0000, 0x0000, 0x0000, 0x0000, 0x0000, 0x0000, 0x0000, 0x0000, 0x0000, 0x0000, 0x0000,
    0x0000, 0x0000, 0x0000, 0x0000, 0x0000, 0x0000, 0x0000, 0x0000, 0x0000, 0x0000, 0x0000, 0x0000,
    0x0000, 0x0000, 0x0000, 0x0000, 0x0000, 0x0000, 0x0000, 0x0000, 0x0000, 0x0000, 0x0000, 0x0000,
    0x0000, 0x0000, 0x0000, 0x0000, 0x0000, 0x0000, 0x0000, 0x0000, 0x0000, 0x0000, 0x0000, 0x0000,
    0x0000, 0x0000, 0x0000, 0x0000, 0x0000, 0x0000, 0x0000, 0x0000, 0x0000, 0x0000, 0x0000, 0x0000,
    0x0000, 0x0000, 0x0000, 0x0000, 0x0000, 0x0000, 0x0000, 0x0000, 0x0000, 0x0000, 0x0000, 0x0000,
    0x0000, 0x0000, 0x0000, 0x0000, 0x0000, 0x0000, 0x0000, 0x0000, 0x0000, 0x0000, 0x0000, 0x0000,
    0x0000, 0x0000, 0x0000, 0x0000, 0x0000, 0x0000, 0x0000, 0x0000, 0x0000, 0x0000, 0x0000, 0x0000,
    0x0000, 0x0000, 0x0000, 0x0000, 0x0000, 0x0000, 0x0000, 0x0000, 0x0000, 0x0000, 0x0000, 0x0000,
    0x0000, 0x0000, 0x0000, 0x0000, 0x0000, 0x0000, 0x0000, 0x0020, 0x0020, 0x0020, 0x0020, 0x0020,
    0x0020, 0x0020, 0x0020, 0x0020, 0x0020, 0x0020, 0x0020, 0x0020, 0x0020, 0x0020, 0x0020, 0x0020,
    0x0020, 0x0020, 0x0020, 0x0020, 0x0020, 0x0020, 0x0020, 0x0020, 0x0020, 0x0020, 0x0020, 0x0020,
    0x0020, 0x0020, 0x0020, 0x0020, 0x0020, 0x0020, 0x0020, 0x0020, 0x0020, 0x0020, 0x0020, 0x0020,
    0x0000, 0x0020, 0x0020, 0x0020, 0x0020, 0x0020, 0x0020, 0x0020, 0x0020, 0x0020, 0x0020, 0x0020,
    0x0020, 0x0020, 0x0020, 0x0020, 0x0020, 0x0000, 0x0020, 0x0020, 0x0020, 0x0020, 0x0020, 0x0020,
    0x0020, 0x0020, 0x0020, 0x0020, 0x0020, 0x0020, 0x0020, 0x0020, 0x0000, 0x0020, 0x0020, 0x0020,
    0x0020, 0x0020, 0x0020, 0x0020, 0x0000, 0x0020, 0x0020, 0x0020, 0x0020, 0x0020, 0x0000, 0x0020,
    0x0020, 0x0020, 0x0000, 0x0020, 0x0000, 0x0000, 0x0000, 0x0000, 0x0000, 0x0000, 0x0000, 0x0000,
    0x0000, 0x0000, 0x0000, 0x0000, 0x0000, 0x0000, 0x0000, 0x0000, 0x0000, 0x0000, 0x0000, 0x0000,
    0x0000, 0x0000, 0x0000, 0x0000, 0x0000, 0x0000, 0x0000, 0x0000, 0x0000, 0x0000, 0x0000, 0x0000,
    0x0000, 0x0000, 0x0000, 0x0000, 0x0000, 0x0000, 0x0000, 0x0000, 0x0000, 0x0000, 0x0000, 0x0000,
    0x0000, 0x0000, 0x0000, 0x0000, 0x0000, 0x0000, 0x0000, 0x0000, 0x0000, 0x0000, 0x0000, 0x0000,
    0x0000, 0x0000, 0x0000, 0x0000, 0x0000, 0x0000, 0x0000, 0x0000, 0x0000, 0x0000, 0x0000, 0x0000,
    0x0000, 0x0000, 0x0000, 0x0000, 0x0000, 0x0000, 0x0000, 0x0000, 0x0000, 0x0000, 0x0000, 0x0000,
    0x0000, 0x0000, 0x0000, 0x0000, 0x0000, 0x0000, 0x0000, 0x0000, 0x0000, 0x0000, 0x0000, 0x0000,
    0x0000, 0x0000, 0x0000, 0x0000, 0x0000, 0x0000, 0x0000, 0x0000, 0x0000, 0x0000, 0x0000, 0x0000,
    0x0000, 0x0000, 0x0000, 0x0000, 0x0000, 0x0000, 0x0000, 0x0000, 0x0000, 0x0000, 0x0000, 0x0000,
    0x0000, 0x0000, 0x0000, 0x0000, 0x0000, 0x0000, 0x0000, 0x0000, 0x0000, 0x0000, 0x0000, 0x0000,
    0x0000, 0x0000, 0x0000, 0x0000, 0x0000, 0x0000, 0x0000, 0x0000, 0x0000, 0x0000, 0x0000, 0x0000,
    0x0000, 0x0000, 0x0000, 0x0000, 0x0000, 0x0000, 0x0000, 0x0000, 0x0000, 0x0000, 0x0000, 0x0000,
    0x0000, 0x0000, 0x0000, 0x0000, 0x0000, 0x0000, 0x0000, 0x0000, 0x0000, 0x0000, 0x0000, 0x0000,
    0x0000, 0x0000, 0x0000, 0x0000, 0x0000, 0x0000, 0x0000, 0x0000, 0x0000, 0x0000, 0x0000, 0x0000,
    0x0000, 0x0000, 0x0000, 0x0000, 0x0000, 0x0000, 0x0000, 0x0000, 0x0000, 0x0000, 0x0000, 0x0000,
    0x0000, 0x0000, 0x0000, 0x0000, 0x0000, 0x0000, 0x0000, 0x0000, 0x0000, 0x0000, 0x0000, 0x0000,
    0x0000, 0x0000, 0x0000, 0x0000, 0x0000, 0x0000, 0x0000, 0x0000, 0x0000, 0x0000, 0x0000, 0x0000,
    0x0000, 0x0000, 0x0000, 0x0000, 0x0000, 0x0000, 0x0000, 0x0000, 0x0000, 0x0000, 0x0000, 0x0000,
    0x0000, 0x0000, 0x0000, 0x0000, 0x0000, 0x0000, 0x0000, 0x0000, 0x0000, 0x0000, 0x0000, 0x0000,
    0x0000, 0x0000, 0x0000, 0x0000, 0x0000, 0x0000, 0x0000, 0x0000, 0x0000, 0x0000, 0x0000, 0x0000,
    0x0000, 0x0000, 0x0000, 0x0000, 0x0000, 0x0000, 0x0000, 0x0000, 0x0000, 0x0000, 0x0000, 0x0000,
    0x0000, 0x0000, 0x0000, 0x0000, 0x0000, 0x0000, 0x0000, 0x0000, 0x0000, 0x0000, 0x0000, 0x0000,
    0x0000, 0x0000, 0x0000, 0x0000, 0x0000, 0x0000, 0x0000, 0x0000, 0x0000, 0x0000, 0x0000, 0x0000,
    0x0000, 0x0000, 0x0000, 0x0000, 0x0000, 0x0000, 0x0000, 0x0000, 0x0000, 0x0000, 0x0000, 0x0000,
    0x0000, 0x0000, 0x0000, 0x0000, 0x0000, 0x0000, 0x0000, 0x0000, 0x0000, 0x0000, 0x0000, 0x0000,
    0x0000, 0x0000, 0x0000, 0x0000, 0x0000, 0x0000, 0x0000, 0x0000, 0x0000, 0x0000, 0x0000, 0x0000,
    0x0000, 0x0000, 0x0000, 0x0000, 0x0000, 0x0000, 0x0000, 0x0000, 0x0000, 0x0000, 0x0000, 0x0000,
    0x0000, 0x0000, 0x0000, 0x0000, 0x0000, 0x0000, 0x0000, 0x0000, 0x0000, 0x0000, 0x0000, 0x0000,
    0x0000, 0x0000, 0x0000, 0x0000, 0x0000, 0x0000, 0x0000, 0x0000, 0x0000, 0x0000, 0x0000, 0x0000,
    0x0000, 0x0000, 0x0000, 0x0000, 0x0000, 0x0000, 0x0000, 0x0000, 0x0020, 0x0020, 0x0000, 0x0000,
    0x0000, 0x0000, 0x0020, 0x0000, 0x0000, 0x0000, 0x0000, 0x0000, 0x0000, 0x0000, 0x0020, 0x0000,
    0x0000, 0x0000, 0x0000, 0x0000, 0x0020, 0x0020, 0x0000, 0x0000, 0x0020, 0x0020, 0x0000, 0x0020,
    0x0000, 0x0000, 0x0020, 0x0020, 0x0020, 0x0020, 0x0000, 0x0000, 0x0000, 0x0000, 0x0000, 0x0000,
    0x0000, 0x0000, 0x0000, 0x0000, 0x0000, 0x0000, 0x0000, 0x0000, 0x0000, 0x0000, 0x0000, 0x0000,
    0x0000, 0x0000, 0x0000, 0x0000, 0x0000, 0x0000, 0x0000, 0x0000, 0x0000, 0x0000, 0x0000, 0x0000,
    0x0000, 0x0000, 0x0000, 0x0000, 0x0020, 0x0020, 0x0000, 0x0000, 0x0000, 0x0000, 0x0000, 0x0000,
    0x0000, 0x0000, 0x0000, 0x0000, 0x0000, 0x0000, 0x0000, 0x0000, 0x0000, 0x0000, 0x0000, 0x0000,
    0x0000, 0x0000, 0x0000, 0x0000, 0x0000, 0x0000, 0x0000, 0x0000, 0x0000, 0x0000, 0x0000, 0x0000,
    0x0000, 0x0000, 0x0000, 0x0000, 0x0000, 0x0000, 0x0000, 0x0000, 0x0000, 0x0000, 0x0000, 0x0000,
    0x0000, 0x0000, 0x0000, 0x0000, 0x0000, 0x0000, 0x0000, 0x0000, 0x0000, 0x0000, 0x0000, 0x0000,
    0x0000, 0x0000, 0x0000, 0x0000, 0x0000, 0x0000, 0x0000, 0x0000, 0x0000, 0x0000, 0x0000, 0x0000,
    0x0000, 0x0000, 0x0000, 0x0000, 0x0000, 0x0000, 0x0000, 0x0000, 0x0000, 0x0000, 0x0000, 0x0000,
    0x0000, 0x0000, 0x0000, 0x0000, 0x0000, 0x0000, 0x0000, 0x0000, 0x0000, 0x0000, 0x0000, 0x0000,
    0x0000, 0x0000, 0x0000, 0x0000, 0x0000, 0x0000, 0x0000, 0x0000, 0x0000, 0x0000, 0x0000, 0x0000,
    0x0000, 0x0000, 0x0000, 0x0000, 0x0000, 0x0000, 0x0000, 0x0000, 0x0000, 0x0000, 0x0000, 0x0000,
    0x0000, 0x0000, 0x0000, 0x0000, 0x0000, 0x0000, 0x0000, 0x0000, 0x0000, 0x0000, 0x0000, 0x0000,
    0x0000, 0x0000, 0x0000, 0x0000, 0x0000, 0x0000, 0x0000, 0x0000, 0x0000, 0x0000, 0x0000, 0x0000,
    0x0000, 0x0000, 0x0000, 0x0000, 0x0000, 0x0000, 0x0000, 0x0000, 0x0000, 0x0000, 0x0000, 0x0000,
    0x0000, 0x0000, 0x0000, 0x0000, 0x0000, 0x0000, 0x0000, 0x0000, 0x0000, 0x0000, 0x0000, 0x0000,
    0x0000, 0x0000, 0x0000, 0x0000, 0x0000, 0x0000, 0x0000, 0x0000, 0x0000, 0x0000, 0x0000, 0x0000,
    0x0020, 0x0000, 0x0000, 0x0000, 0x0000, 0x0000, 0x0000, 0x0000, 0x0000, 0x0000, 0x0000, 0x0000,
    0x0000, 0x0000, 0x0000, 0x0000, 0x0000, 0x0000, 0x0000, 0x0000, 0x0000, 0x0000, 0x0000, 0x0000,
    0x0000, 0x0000, 0x0000, 0x0000, 0x0000, 0x0000, 0x0020, 0x0000, 0x0000, 0x0000, 0x1001, 0x1000,
    0x1001, 0x1000, 0x1001, 0x1001, 0x1000, 0x1000, 0x1000, 0x1001, 0x1000, 0x1000, 0x1801, 0x1800,
    0x1800, 0x1801, 0x1800, 0x1800, 0x1800, 0x1800, 0x1800, 0x1800, 0x1801, 0x1801, 0x1801, 0x1801,
    0x1801, 0x1801, 0x1801, 0x1801, 0x1801, 0x1801, 0x1801, 0x1801, 0x1801, 0x1801, 0x1801, 0x2001,
    0x2001, 0x2001, 0x2001, 0x2001, 0x2001, 0x2001, 0x2021, 0x2021, 0x2021, 0x2021, 0x2021, 0x2021,
    0x2021, 0x2021, 0x2021, 0x2021, 0x2021, 0x2021, 0x2021, 0x2021, 0x2021, 0x2021, 0x2021, 0x2021,
    0x2021, 0x2021, 0x2821, 0x2821, 0x2821, 0x2821, 0x2841, 0x2841, 0x2841, 0x2841, 0x2841, 0x2841,
    0x2841, 0x2841, 0x2841, 0x2841, 0x2861, 0x2841, 0x2841, 0x2841, 0x2841, 0x30A1, 0x38C1, 0x38C1,
    0x30A1, 0x3061, 0x3061, 0x3061, 0x3061, 0x3061, 0x3061, 0x3061, 0x3061, 0x3061, 0x3081, 0x3081,
    0x3081, 0x3081, 0x3081, 0x3881, 0x3881, 0x3081, 0x30A1, 0x38A1, 0x38A1, 0x38A1, 0x3881, 0x3881,
    0x3881, 0x38A1, 0x38A1, 0x38A1, 0x38A1, 0x38A1, 0x38A1, 0x40A1, 0x40A1, 0x40A1, 0x40A1, 0x40C1,
    0x40C1, 0x40C1, 0x40C1, 0x40C1, 0x40C2, 0x40C2, 0x40C1, 0x40C2, 0x40C1, 0x40C1, 0x40E2, 0x48E2,
    0x48E2, 0x48E2, 0x48E2, 0x48E2, 0x48E2, 0x48E2, 0x48E2, 0x48E2, 0x48E2, 0x48E2, 0x48E2, 0x48E2,
    0x48E2, 0x48E2, 0x4902, 0x5102, 0x5102, 0x4902, 0x5102, 0x5102, 0x5102, 0x5102, 0x5102, 0x5102,
    0x5102, 0x5102, 0x5102, 0x5102, 0x5102, 0x5122, 0x5122, 0x5122, 0x5121, 0x5121, 0x5122, 0x5921,
    0x5942, 0x4902, 0x2861, 0x0800, 0x0000, 0x0000, 0x0020, 0x0000, 0x0000, 0x0000, 0x0000, 0x0000,
    0x0000, 0x0000, 0x0000, 0x0000, 0x0000, 0x0000, 0x0000, 0x0000, 0x0000, 0x0000, 0x0000, 0x0000,
    0x0000, 0x0000, 0x0000, 0x0000, 0x0000, 0x0000, 0x0000, 0x0000, 0x0020, 0x0000, 0x0800, 0x4902,
    0x9AE3, 0xCCA3, 0xDD83, 0xE5C3, 0xE5A3, 0xE5A3, 0xE5A3, 0xDDC3, 0xE583, 0xE5C3, 0xE5C3, 0xE5C3,
    0xE5C3, 0xE5E3, 0xE5E3, 0xE5E3, 0xE5E3, 0xE5E3, 0xE5E3, 0xE5E3, 0xE5E3, 0xE5E3, 0xE5E3, 0xE5E3,
    0xE603, 0xE603, 0xE603, 0xE603, 0xE603, 0xE603, 0xE623, 0xE5E3, 0xE603, 0xE623, 0xEE23, 0xEE23,
    0xEE23, 0xEE23, 0xEE23, 0xEE43, 0xEE23, 0xEE43, 0xEE43, 0xEE43, 0xEE43, 0xEE43, 0xEE43, 0xEE43,
    0xEE43, 0xEE63, 0xEE63, 0xEE63, 0xEE63, 0xEE63, 0xEE63, 0xF663, 0xF663, 0xF663, 0xF683, 0xF683,
    0xF683, 0xF683, 0xF683, 0xF683, 0xF683, 0xF683, 0xF683, 0xF683, 0xF683, 0xF6A3, 0xF6A3, 0xF6A3,
    0xF6A3, 0xF6A3, 0xF6A3, 0xF6C3, 0xF6C3, 0xFEC3, 0xF6A3, 0xF683, 0xF683, 0xFEC3, 0xFEC3, 0xFEC3,
    0xFEC3, 0xF464, 0xB243, 0xD2A4, 0xFCA4, 0xFEC3, 0xFEE3, 0xFEE3, 0xFEE3, 0xFF03, 0xFEE3, 0xFEE3,
    0xFEE3, 0xFF03, 0xFF03, 0xFF03, 0xFF03, 0xFF03, 0xFF03, 0xFEC3, 0xFF23, 0xFF23, 0xFE84, 0xFEA3,
    0xFEE3, 0xFF03, 0xFF23, 0xFF23, 0xFF23, 0xFF23, 0xFF23, 0xFF23, 0xFF23, 0xFF23, 0xFF23, 0xFF23,
    0xFF43, 0xFF43, 0xFF43, 0xFF43, 0xFF43, 0xFF43, 0xFF43, 0xFF43, 0xFF43, 0xFF43, 0xFF43, 0xFF63,
    0xFF63, 0xFF63, 0xFF63, 0xFF63, 0xFF63, 0xFF63, 0xFF63, 0xFF63, 0xFF63, 0xFF63, 0xFF63, 0xFF83,
    0xFF63, 0xFF63, 0xFF83, 0xFF63, 0xFF83, 0xFF83, 0xFF83, 0xFF83, 0xFF83, 0xFF83, 0xFF83, 0xFF83,
    0xFF83, 0xFF83, 0xFF83, 0xFFA3, 0xFFA3, 0xFFA3, 0xFFA3, 0xFF83, 0xFF83, 0xFFA3, 0xFFA3, 0xFFA3,
    0xFFA3, 0xFFA3, 0xFFA3, 0xFFA3, 0xFFA3, 0xFF83, 0xF703, 0xD563, 0x8AC2, 0x2061, 0x0000, 0x0020,
    0x0000, 0x0000, 0x0000, 0x0000, 0x0000, 0x0000, 0x0000, 0x0000, 0x0000, 0x0000, 0x0000, 0x0000,
    0x0000, 0x0000, 0x0000, 0x0000, 0x0000, 0x0000, 0x0000, 0x0000, 0x0000, 0x0000, 0x0000, 0x0020,
    0x0000, 0x48C2, 0xCC43, 0xFF43, 0xFFE3, 0xFFE2, 0xFFA2, 0xFF42, 0xFF42, 0xFF62, 0xFF42, 0xFF62,
    0xFFE2, 0xFF82, 0xFF22, 0xFF61, 0xFF42, 0xFF42, 0xFF42, 0xFF42, 0xFF42, 0xFF42, 0xFF22, 0xFF22,
    0xFF22, 0xFF22, 0xFF22, 0xFF22, 0xFF22, 0xFF22, 0xFF22, 0xFF02, 0xFF02, 0xFF21, 0xFEC2, 0xFFE2,
    0xFF82, 0xFEE2, 0xFF02, 0xFF02, 0xFF02, 0xFF02, 0xFF02, 0xFF02, 0xFF02, 0xFEE2, 0xFEE2, 0xFEE2,
    0xFEE2, 0xFEE1, 0xFEC2, 0xFEE2, 0xFEE1, 0xFEE1, 0xFEC1, 0xFEC1, 0xFEC2, 0xFEC2, 0xFEC1, 0xFEC1,
    0xFEC1, 0xFEC1, 0xFEC1, 0xFEA1, 0xFEA1, 0xFEA2, 0xFEA1, 0xFEA1, 0xFEA1, 0xFEA1, 0xFEA2, 0xFEA1,
    0xFEA1, 0xFE81, 0xFE81, 0xFE81, 0xFE81, 0xFE81, 0xFE81, 0xFE81, 0xFE81, 0xFE22, 0xFF22, 0xFE23,
    0xFE62, 0xFEE1, 0xFE41, 0xFE82, 0xF603, 0x40E1, 0x1823, 0x1002, 0xAA63, 0xFEA2, 0xF661, 0xF641,
    0xF641, 0xF641, 0xF641, 0xFE41, 0xF641, 0xF641, 0xFE41, 0xF621, 0xF641, 0xFE21, 0xF5E2, 0xFFC2,
    0xF643, 0x9AE2, 0x79E2, 0xC323, 0xFEC3, 0xF6C2, 0xF5E1, 0xFE21, 0xF601, 0xFE01, 0xF601, 0xF601,
    0xFDE1, 0xF5E1, 0xF5E1, 0xF5E1, 0xF5E1, 0xF5E1, 0xF5E1, 0xF5E1, 0xF5E1, 0xF5C1, 0xF5C1, 0xF5C1,
    0xF5C1, 0xF5C1, 0xF5C1, 0xF5C1, 0xF5C1, 0xF5C1, 0xF5C1, 0xF5A1, 0xF5C1, 0xF5C1, 0xF5A1, 0xF5A2,
    0xF5A1, 0xF5A2, 0xF5A1, 0xF5A1, 0xF581, 0xF582, 0xF581, 0xF581, 0xF582, 0xF581, 0xF581, 0xF582,
    0xF581, 0xF561, 0xF561, 0xF562, 0xF582, 0xF562, 0xF562, 0xF562, 0xF562, 0xF562, 0xF562, 0xF542,
    0xF542, 0xF542, 0xF542, 0xF542, 0xF542, 0xF542, 0xF542, 0xF542, 0xF542, 0xF562, 0xFE21, 0xFF62,
    0xFFE3, 0xEEC3, 0x7A82, 0x0000, 0x0020, 0x0000, 0x0000, 0x0000, 0x0000, 0x0000, 0x0000, 0x0000,
    0x0000, 0x0000, 0x0000, 0x0000, 0x0000, 0x0000, 0x0000, 0x0000, 0x0000, 0x0000, 0x0000, 0x0000,
    0x0000, 0x0000, 0x0000, 0x0000, 0x8202, 0xFEA3, 0xFFE2, 0xF722, 0xF522, 0xF3C4, 0xF306, 0xF2E7,
    0xF2E7, 0xF2E7, 0xF2C7, 0xF326, 0xF683, 0xF6A2, 0xF306, 0xF2A8, 0xF2E7, 0xF2C7, 0xF2C7, 0xF2C7,
    0xF2C7, 0xF2C7, 0xF2C7, 0xF2C7, 0xF2C7, 0xF2C7, 0xF2C7, 0xF2C7, 0xF2C7, 0xF2C7, 0xF2C7, 0xF2A8,
    0xF2C7, 0xF268, 0xF424, 0xF7C2, 0xF4A5, 0xF268, 0xF2C8, 0xF2A8, 0xF2A8, 0xF2A8, 0xF2A8, 0xF2A8,
    0xF2A8, 0xF2A8, 0xF2A8, 0xFAA8, 0xF2A8, 0xF2A8, 0xF2A8, 0xF2A8, 0xF2A9, 0xF2A9, 0xFAA9, 0xFAA9,
    0xF2A9, 0xF2A9, 0xFAA9, 0xFAA9, 0xFAA9, 0xFAA9, 0xFAA9, 0xFAA9, 0xFAA9, 0xFAA9, 0xFAA9, 0xFAA9,
    0xFAA9, 0xFAA9, 0xFA89, 0xFAA9, 0xFAA9, 0xFA89, 0xFA89, 0xFA8A, 0xFAAA, 0xFA8A, 0xFA8A, 0xFA8A,
    0xFA6A, 0xF326, 0xF5A4, 0x92A2, 0xEB06, 0xFACA, 0xF24A, 0xFC26, 0x8A42, 0x1003, 0xEAB5, 0x5146,
    0x40C0, 0xFB88, 0xF24C, 0xFA6B, 0xFA6B, 0xFA6B, 0xFA6B, 0xFA8B, 0xFA8B, 0xFA8B, 0xFA8B, 0xFA8B,
    0xFA6B, 0xF24B, 0xFCA5, 0xB343, 0x38A2, 0x5AC4, 0x73E4, 0x1821, 0xCBC3, 0xFD07, 0xF20C, 0xFA8B,
    0xFA6C, 0xFA6C, 0xFA6B, 0xFA6C, 0xFA6C, 0xFA6C, 0xFA6C, 0xFA6C, 0xFA6C, 0xFA6C, 0xFA6C, 0xFA6C,
    0xFA6C, 0xFA6C, 0xFA6C, 0xFA6C, 0xFA6D, 0xFA6D, 0xFA6C, 0xFA6C, 0xFA6D, 0xFA6D, 0xFA6D, 0xFA6D,
    0xFA6D, 0xFA6D, 0xFA6D, 0xFA6D, 0xFA6D, 0xFA6D, 0xFA6D, 0xFA6D, 0xFA4D, 0xFA4D, 0xFA6D, 0xFA6D,
    0xFA6D, 0xFA4E, 0xFA4E, 0xFA6E, 0xFA6E, 0xFA4E, 0xFA4E, 0xFA6E, 0xFA6E, 0xFA4E, 0xFA4E, 0xFA4E,
    0xFA4E, 0xFA4E, 0xFA4E, 0xFA4E, 0xFA4E, 0xFA4E, 0xFA4E, 0xFA4E, 0xFA6F, 0xFA6F, 0xFA4F, 0xFA4F,
    0xFA4F, 0xFA4F, 0xFA6B, 0xF2E6, 0xF422, 0xFEC2, 0xFFE3, 0xAC22, 0x0800, 0x0020, 0x0000, 0x0000,
    0x0000, 0x0000, 0x0000, 0x0000, 0x0000, 0x0000, 0x0000, 0x0000, 0x0000, 0x0000, 0x0000, 0x0000,
    0x0000, 0x0000, 0x0000, 0x0000, 0x0000, 0x0000, 0x0000, 0x9A63, 0xFF43, 0xFFE2, 0xF522, 0xF2E6,
    0xFA6E, 0xFA53, 0xFA56, 0xFA56, 0xFA56, 0xFA56, 0xFA37, 0xFAF5, 0xECC5, 0xE4A2, 0xFEE7, 0xF295,
    0xFA37, 0xFA76, 0xFA57, 0xFA57, 0xFA57, 0xFA57, 0xFA57, 0xFA57, 0xFA57, 0xFA57, 0xFA57, 0xFA57,
    0xFA57, 0xFA57, 0xFA57, 0xFA77, 0xF9F8, 0xF3D2, 0xFEE4, 0xFEC1, 0xF4AF, 0xF9F8, 0xFA77, 0xFA57,
    0xFA57, 0xFA57, 0xFA57, 0xFA57, 0xFA57, 0xFA57, 0xFA57, 0xFA57, 0xFA57, 0xFA57, 0xFA57, 0xFA57,
    0xFA58, 0xFA58, 0xFA57, 0xFA57, 0xFA57, 0xFA58, 0xFA57, 0xFA58, 0xFA58, 0xFA57, 0xFA57, 0xFA57,
    0xFA58, 0xFA58, 0xFA58, 0xFA58, 0xFA57, 0xFA58, 0xFA58, 0xFA58, 0xFA58, 0xFA58, 0xFA58, 0xFA58,
    0xFA58, 0xFA58, 0xFA58, 0xFA58, 0xFA77, 0xF687, 0xEC84, 0x2061, 0xBA27, 0xFA58, 0xF239, 0xFD09,
    0x28A0, 0x70EC, 0xFE8B, 0xDF22, 0x1861, 0xCA66, 0xFB32, 0xF278, 0xFAB7, 0xFAD7, 0xFA58, 0xF239,
    0xFA38, 0xFA58, 0xFA58, 0xFA58, 0xFA39, 0xFCAE, 0x8242, 0x41E2, 0xCE83, 0xFFE4, 0xFFE3, 0x39E2,
    0x8A61, 0xFDAC, 0xF1F9, 0xFA58, 0xFA58, 0xFA58, 0xFA58, 0xFA58, 0xFA58, 0xFA58, 0xFA58, 0xFA58,
    0xFA58, 0xFA58, 0xFA58, 0xFA58, 0xFA58, 0xFA58, 0xFA58, 0xFA58, 0xFA58, 0xFA58, 0xFA58, 0xFA58,
    0xFA58, 0xFA58, 0xFA58, 0xFA58, 0xFA58, 0xFA58, 0xFA58, 0xFA58, 0xFA58, 0xFA58, 0xFA58, 0xFA58,
    0xFA58, 0xFA58, 0xFA58, 0xFA58, 0xFA58, 0xFA58, 0xFA58, 0xFA58, 0xFA58, 0xFA58, 0xFA58, 0xFA58,
    0xFA58, 0xFA58, 0xFA58, 0xFA58, 0xFA58, 0xFA58, 0xFA58, 0xFA58, 0xFA58, 0xFA58, 0xFA58, 0xFA58,
    0xFA58, 0xFA58, 0xFA58, 0xFA58, 0xFA58, 0xFA58, 0xFA58, 0xFA56, 0xFA70, 0xF2C6, 0xF542, 0xFFE3,
    0xA402, 0x0000, 0x0020, 0x0000, 0x0000, 0x0000, 0x0000, 0x0000, 0x0000, 0x0000, 0x0000, 0x0000,
    0x0000, 0x0000, 0x0000, 0x0000, 0x0000, 0x0000, 0x0000, 0x0000, 0x0000, 0x0000, 0x89C3, 0xFEE3,
    0xF7E2, 0xF482, 0xFA6B, 0xFA56, 0xFA58, 0xFA58, 0xFA57, 0xFA57, 0xFA57, 0xFA57, 0xFA37, 0xFAF5,
    0xE545, 0x60A3, 0xD4C2, 0xFF07, 0xF296, 0xFA18, 0xFA57, 0xFA57, 0xFA57, 0xFA57, 0xFA57, 0xFA57,
    0xFA57, 0xFA57, 0xFA57, 0xFA57, 0xFA57, 0xFA57, 0xFA77, 0xF9F8, 0xF373, 0xFF64, 0xC302, 0xED82,
    0xFD0E, 0xF9D8, 0xFA56, 0xFA57, 0xFA57, 0xFA57, 0xFA57, 0xFA57, 0xFA57, 0xFA57, 0xFA57, 0xFA57,
    0xFA57, 0xFA57, 0xFA57, 0xFA57, 0xFA57, 0xFA57, 0xFA57, 0xFA57, 0xFA57, 0xFA57, 0xFA57, 0xFA57,
    0xFA57, 0xFA57, 0xFA57, 0xFA57, 0xFA57, 0xFA57, 0xFA57, 0xFA57, 0xFA57, 0xFA57, 0xFA57, 0xFA57,
    0xFA57, 0xFA57, 0xFA57, 0xFA57, 0xFA57, 0xFA57, 0xFA57, 0xFA18, 0xFB73, 0xEE43, 0x48A2, 0x0801,
    0x81A2, 0xFB8D, 0xFBB3, 0xECA6, 0x0800, 0xB2AB, 0xFEA3, 0xBCA1, 0x83C3, 0x18A0, 0x91E2, 0xFC48,
    0xEC27, 0xE3A6, 0xFB8A, 0xFB52, 0xFA77, 0xF258, 0xF238, 0xF238, 0xFC8D, 0x61A0, 0x5283, 0xF7C4,
    0xFFE1, 0xFFC1, 0xFFE3, 0x4222, 0x8221, 0xFDEA, 0xF217, 0xFA57, 0xFA57, 0xFA57, 0xFA57, 0xFA57,
    0xFA57, 0xFA57, 0xFA57, 0xFA57, 0xFA57, 0xFA57, 0xFA57, 0xFA57, 0xFA57, 0xFA57, 0xFA57, 0xFA57,
    0xFA57, 0xFA57, 0xFA57, 0xFA57, 0xFA57, 0xFA57, 0xFA57, 0xFA57, 0xFA57, 0xFA57, 0xFA57, 0xFA57,
    0xFA57, 0xFA57, 0xFA57, 0xFA57, 0xFA57, 0xFA57, 0xFA57, 0xFA57, 0xFA57, 0xFA57, 0xFA57, 0xFA57,
    0xFA57, 0xFA57, 0xFA57, 0xFA57, 0xFA57, 0xFA57, 0xFA57, 0xFA57, 0xFA57, 0xFA57, 0xFA57, 0xFA57,
    0xFA57, 0xFA57, 0xFA57, 0xFA57, 0xFA57, 0xFA57, 0xFA57, 0xFA57, 0xFA57, 0xFA57, 0xFA57, 0xFA57,
    0xFA58, 0xFA75, 0xFA88, 0xF562, 0xFFE3, 0x6A82, 0x0000, 0x0020, 0x0000, 0x0000, 0x0000, 0x0000,
    0x0000, 0x0000, 0x0000, 0x0000, 0x0000, 0x0000, 0x0000, 0x0000, 0x0000, 0x0000, 0x0000, 0x0000,
    0x0000, 0x4081, 0xFD83, 0xFFE2, 0xF502, 0xFA6B, 0xFA58, 0xFA58, 0xFA57, 0xFA57, 0xFA57, 0xFA57,
    0xFA58, 0xFA58, 0xFA39, 0xFAF6, 0xE524, 0x918C, 0x992C, 0xCCC0, 0xFF07, 0xF295, 0xFA18, 0xFA58,
    0xFA58, 0xFA58, 0xFA58, 0xFA58, 0xFA58, 0xFA58, 0xFA58, 0xFA58, 0xFA58, 0xFA78, 0xF9F8, 0xF314,
    0xFF44, 0xC3A2, 0x6067, 0xDDC2, 0xFD0E, 0xF9D9, 0xFA78, 0xFA58, 0xFA58, 0xFA58, 0xFA58, 0xFA58,
    0xFA58, 0xFA58, 0xFA58, 0xFA58, 0xFA58, 0xFA58, 0xFA58, 0xFA58, 0xFA58, 0xFA58, 0xFA58, 0xFA58,
    0xFA58, 0xFA58, 0xFA58, 0xFA58, 0xFA58, 0xFA58, 0xFA58, 0xFA58, 0xFA58, 0xFA58, 0xFA58, 0xFA58,
    0xFA58, 0xFA58, 0xFA58, 0xFA58, 0xFA58, 0xFA58, 0xFA57, 0xFA58, 0xFA57, 0xFA58, 0xFA77, 0xFA18,
    0xFB93, 0xF683, 0x2841, 0x1901, 0x30E1, 0x99E2, 0xBB23, 0xB2C3, 0x0801, 0xC24F, 0x7164, 0x78AD,
    0xFB34, 0xC4C6, 0x2141, 0x3081, 0x3902, 0x2081, 0x2040, 0x71A2, 0xDB69, 0xFC6A, 0xFBCD, 0xFD0C,
    0x69A1, 0x4A63, 0xFFE5, 0xFFE2, 0xD683, 0xDEE1, 0xFFE6, 0x2983, 0x8A21, 0xFE68, 0xF237, 0xFA57,
    0xFA57, 0xFA57, 0xFA57, 0xFA57, 0xFA57, 0xFA57, 0xFA57, 0xFA57, 0xFA57, 0xFA57, 0xFA57, 0xFA57,
    0xFA57, 0xFA37, 0xFA57, 0xFA57, 0xFA57, 0xFA57, 0xFA57, 0xFA57, 0xFA57, 0xFA37, 0xFA57, 0xFA57,
    0xFA57, 0xFA56, 0xFA36, 0xFA56, 0xFA36, 0xFA36, 0xFA36, 0xFA36, 0xFA36, 0xFA36, 0xFA36, 0xFA36,
    0xFA36, 0xFA56, 0xFA36, 0xFA36, 0xFA36, 0xFA36, 0xFA36, 0xFA36, 0xFA36, 0xFA36, 0xFA36, 0xFA36,
    0xFA36, 0xFA36, 0xFA36, 0xFA36, 0xFA36, 0xFA36, 0xFA36, 0xFA36, 0xFA35, 0xFA56, 0xFA57, 0xFA58,
    0xFA58, 0xFA57, 0xFA57, 0xFA57, 0xFA57, 0xFA58, 0xFA56, 0xF2A8, 0xF6C2, 0xEF03, 0x2061, 0x0000,
    0x0000, 0x0000, 0x0000, 0x0000, 0x0000, 0x0000, 0x0000, 0x0000, 0x0000, 0x0000, 0x0000, 0x0000,
    0x0000, 0x0000, 0x0000, 0x0000, 0x0000, 0xAAA3, 0xFFC2, 0xF682, 0xFAC7, 0xFA77, 0xFA57, 0xFA57,
    0xFA57, 0xFA57, 0xFA57, 0xFA58, 0xFA55, 0xFA50, 0xFA4D, 0xFB2B, 0xDD42, 0xA18C, 0xF279, 0x890A,
    0xD4C1, 0xFF26, 0xF30B, 0xFA6B, 0xFA8B, 0xFA8B, 0xFA8B, 0xFA8B, 0xFA8B, 0xFA8B, 0xFA8B, 0xFA8B,
    0xFA8B, 0xFA6B, 0xF34B, 0xFF25, 0xC3C1, 0xA14E, 0xB191, 0xD561, 0xFD47, 0xFA0B, 0xFA8A, 0xFA8A,
    0xFA8B, 0xFA8A, 0xFA8A, 0xFA8A, 0xFA8A, 0xFA8A, 0xFA8A, 0xFA8A, 0xFA8A, 0xFA8A, 0xFA8A, 0xFA8A,
    0xFA8A, 0xFA8A, 0xFA8A, 0xFA8A, 0xFA8A, 0xFA8A, 0xFA8A, 0xFA8A, 0xFA8A, 0xFA89, 0xFA8A, 0xFA89,
    0xFA8A, 0xFA89, 0xFA89, 0xFA89, 0xF289, 0xFA89, 0xFA89, 0xFA89, 0xFAA9, 0xFAA9, 0xFA89, 0xFA89,
    0xFA89, 0xFAA9, 0xFAA9, 0xFAA9, 0xF2C8, 0xFDA4, 0x4922, 0x8C84, 0xAD63, 0x10C1, 0x1061, 0x4A42,
    0x40E5, 0xB1B1, 0xB1D2, 0xFAB8, 0xA971, 0x9288, 0x52C3, 0x18E2, 0xBDE4, 0xEF83, 0x9D03, 0x10C1,
    0x1020, 0x6981, 0xCAE3, 0x48E1, 0x4A22, 0xFFE3, 0xFFE2, 0xC602, 0x3182, 0xE742, 0xFFE5, 0x2143,
    0x9222, 0xFEE4, 0xF307, 0xFAC8, 0xF2E7, 0xF2E7, 0xF2E7, 0xF2E7, 0xF2E7, 0xF2E7, 0xF2E7, 0xF307,
    0xF307, 0xF307, 0xF307, 0xF307, 0xF307, 0xF307, 0xF307, 0xF307, 0xF307, 0xF307, 0xF307, 0xF327,
    0xF326, 0xF326, 0xF326, 0xF327, 0xF327, 0xF326, 0xF326, 0xF326, 0xF346, 0xF346, 0xF346, 0xF346,
    0xF346, 0xF346, 0xF346, 0xF346, 0xF366, 0xF366, 0xF366, 0xF366, 0xF366, 0xF366, 0xF366, 0xF386,
    0xF386, 0xF386, 0xF386, 0xF386, 0xF386, 0xF386, 0xF3A5, 0xF385, 0xF3A5, 0xF3A5, 0xF3A5, 0xF3A5,
    0xF3A5, 0xF365, 0xFAE7, 0xFA8B, 0xFA72, 0xFA58, 0xFA57, 0xFA57, 0xFA57, 0xFA57, 0xFA58, 0xFA53,
    0xF403, 0xFFE2, 0x8342, 0x0000, 0x0020, 0x0000, 0x0000, 0x0000, 0x0000, 0x0000, 0x0000, 0x0000,
    0x0000, 0x0000, 0x0000, 0x0000, 0x0000, 0x0000, 0x0000, 0x0000, 0x1821, 0xED23, 0xFFE2, 0xF423,
    0xFA51, 0xFA58, 0xFA57, 0xFA57, 0xFA57, 0xFA38, 0xFA76, 0xFA8D, 0xF305, 0xF482, 0xF5A2, 0xF682,
    0xDDC1, 0x914B, 0xFA79, 0xF258, 0x890A, 0xD4E1, 0xFF42, 0xF4C2, 0xF502, 0xF502, 0xF522, 0xF522,
    0xF522, 0xF522, 0xF522, 0xF542, 0xF542, 0xF522, 0xFF42, 0xCC21, 0x910B, 0xFA9A, 0xB16F, 0xCD22,
    0xFEE2, 0xF522, 0xF582, 0xF582, 0xF582, 0xF5A2, 0xF582, 0xF5A2, 0xF5A2, 0xF5A2, 0xF5A2, 0xF5A2,
    0xF5C2, 0xF5C2, 0xF5C2, 0xF5C2, 0xF5C2, 0xF5C1, 0xF5E2, 0xF5E1, 0xF5E2, 0xF5E1, 0xF602, 0xF602,
    0xF601, 0xF602, 0xF602, 0xF622, 0xF621, 0xF622, 0xF622, 0xF622, 0xF642, 0xF642, 0xF641, 0xF642,
    0xF662, 0xF662, 0xF661, 0xF662, 0xF662, 0xF682, 0xF682, 0xF622, 0xF682, 0xECC3, 0x1000, 0x39E2,
    0xBDC4, 0xE723, 0x8C63, 0x52A2, 0x4945, 0xA1AF, 0x68EA, 0x0802, 0x0000, 0x0000, 0x52A2, 0x7383,
    0x7383, 0xB5A1, 0xFFE2, 0xF783, 0x31A1, 0x0000, 0x18A1, 0x52A2, 0xE723, 0xFFE2, 0x9CE2, 0x0841,
    0x8C42, 0xFFE2, 0xFFE4, 0x2962, 0xA203, 0xFF62, 0xFF61, 0xFF42, 0xFF61, 0xFF61, 0xFF62, 0xFF81,
    0xFF81, 0xFF81, 0xFF81, 0xFF82, 0xFF82, 0xFFA1, 0xFFA1, 0xFFA2, 0xFFA1, 0xFFA2, 0xFFC2, 0xFFA2,
    0xFFC2, 0xFFC2, 0xFFC2, 0xFFC2, 0xFFC2, 0xFFE2, 0xFFE2, 0xFFE2, 0xFFE2, 0xFFE1, 0xFFE2, 0xFFE2,
    0xFFE2, 0xFFE2, 0xFFE2, 0xFFE2, 0xFFE2, 0xFFE2, 0xFFE2, 0xFFE2, 0xFFE2, 0xFFE2, 0xFFE2, 0xFFE1,
    0xFFE2, 0xFFE1, 0xFFE2, 0xFFE2, 0xFFE2, 0xFFE2, 0xFFE2, 0xFFE2, 0xFFE2, 0xFFE2, 0xFFE2, 0xFFE2,
    0xFFE2, 0xFFE2, 0xFFE2, 0xFFE2, 0xFFE2, 0xFFE2, 0xFF22, 0xF562, 0xF383, 0xFA8B, 0xFA76, 0xFA58,
    0xFA57, 0xFA57, 0xFA57, 0xFA58, 0xF2AA, 0xFF01, 0xDE23, 0x0800, 0x0000, 0x0000, 0x0000, 0x0000,
    0x0000, 0x0000, 0x0000, 0x0000, 0x0000, 0x0000, 0x0000, 0x0000, 0x0000, 0x0000, 0x0000, 0x0000,
    0x48C2, 0xFEE3, 0xF741, 0xFAE7, 0xFA57, 0xFA57, 0xFA57, 0xFA57, 0xFA58, 0xFA75, 0xFAC7, 0xF4A2,
    0xFF42, 0xFFE2, 0xFFE3, 0xFF83, 0xED82, 0x996C, 0xFA78, 0xFA75, 0xEA58, 0x892A, 0xD4C2, 0xFFE3,
    0xFFE2, 0xFFE3, 0xFFE3, 0xFFE3, 0xFFE3, 0xFFE3, 0xFFE3, 0xFFE3, 0xFFE2, 0xFFE3, 0xD442, 0x890A,
    0xF258, 0xFA78, 0xA96F, 0xDCC2, 0xFFC3, 0xFFC2, 0xFFC2, 0xFFC2, 0xFFC2, 0xFFC3, 0xFFC2, 0xFFC3,
    0xFFC3, 0xFFC3, 0xFFC3, 0xFFC3, 0xFFA3, 0xFFA3, 0xFFA3, 0xFFA3, 0xFFA3, 0xFFA3, 0xFFA3, 0xFFA3,
    0xFFA3, 0xFF83, 0xFF83, 0xFF83, 0xFF83, 0xFF83, 0xFF83, 0xFF63, 0xFF63, 0xFF63, 0xFF63, 0xFF63,
    0xFF43, 0xFF43, 0xFF43, 0xFF43, 0xFF23, 0xFF43, 0xFF23, 0xFF23, 0xFF23, 0xF703, 0xFD83, 0xFC44,
    0xFCE4, 0xFC85, 0x2841, 0x6343, 0xEFA2, 0x83A4, 0xA1EC, 0x93E2, 0x61C3, 0x1841, 0x10E0, 0x3A02,
    0x4222, 0x9482, 0x4A83, 0x1173, 0x42F7, 0x1992, 0x2106, 0xC602, 0xAD63, 0x2121, 0xAD84, 0xFFE3,
    0x62E2, 0x3161, 0x3162, 0x0000, 0xBDE3, 0xFFE1, 0xFFC5, 0x2942, 0xB263, 0xFF63, 0xDE43, 0xE603,
    0xDDE3, 0xDDE3, 0xDE03, 0xDDE3, 0xDDE3, 0xDDE3, 0xDDE3, 0xDDC3, 0xDDC3, 0xDDC3, 0xDDC3, 0xD5A3,
    0xDDA3, 0xD5A3, 0xD5A3, 0xD583, 0xD583, 0xD583, 0xD583, 0xD563, 0xD563, 0xD563, 0xD563, 0xD543,
    0xCD43, 0xCD43, 0xCD43, 0xCD43, 0xCD43, 0xCD43, 0xCD23, 0xCD23, 0xCD23, 0xCD03, 0xCD03, 0xCD03,
    0xCD03, 0xC503, 0xCCE3, 0xC4E3, 0xC4E3, 0xC4E3, 0xC4C3, 0xC4C3, 0xC4C3, 0xC4C3, 0xC4A3, 0xC4A3,
    0xC4C3, 0xBCA3, 0xBCA3, 0xBCA3, 0xBCA3, 0xBC83, 0xBC83, 0xBC83, 0xBC63, 0xCD23, 0xF703, 0xFFE2,
    0xFF82, 0xF4A2, 0xFAA9, 0xFA77, 0xFA57, 0xFA57, 0xFA57, 0xFA58, 0xFA50, 0xFD62, 0xFFA3, 0x30C1,
    0x0000, 0x0000, 0x0000, 0x0000, 0x0000, 0x0000, 0x0000, 0x0000, 0x0000, 0x0000, 0x0000, 0x0000,
    0x0000, 0x0000, 0x0020, 0x0000, 0x71A2, 0xFFC3, 0xF641, 0xFA6C, 0xFA58, 0xFA57, 0xFA57, 0xFA57,
    0xFA56, 0xFAC7, 0xF5A2, 0xFFE2, 0xFEC3, 0xCB83, 0xB242, 0xAA42, 0x89E2, 0x896C, 0xFA78, 0xFAE8,
    0xFAB3, 0xEA39, 0x8949, 0x9362, 0xA2A3, 0x99E3, 0xAA42, 0xAA81, 0xAA61, 0xAA61, 0xAA61, 0x9A02,
    0xA263, 0x8AA2, 0x8149, 0xEA39, 0xFAB0, 0xFA95, 0xA990, 0x4120, 0x5961, 0x6983, 0x6983, 0x6963,
    0x6162, 0x6162, 0x6142, 0x6142, 0x6142, 0x5942, 0x5942, 0x5922, 0x5922, 0x5922, 0x5922, 0x5121,
    0x6122, 0x6902, 0x60E2, 0x60E2, 0x60E2, 0x60E2, 0x60E2, 0x60E2, 0x60E2, 0x60E2, 0x60E2, 0x60E2,
    0x60E2, 0x60E2, 0x60E2, 0x60E2, 0x60E2, 0x60E2, 0x60E2, 0x60E2, 0x60E2, 0x60E2, 0x6102, 0x6102,
    0x58E2, 0xBA23, 0xC244, 0x48C1, 0x2840, 0x38A0, 0x0000, 0x20E0, 0xF5A4, 0xCAE4, 0x5183, 0xE4C7,
    0xAA0B, 0x0001, 0xBDE3, 0xFFE3, 0xFFE2, 0xFFE2, 0x2965, 0x09DD, 0x2AFE, 0x5BB8, 0x08AB, 0x1061,
    0x2961, 0x5AC3, 0xAD63, 0xAD43, 0x1081, 0x5AC3, 0x6B23, 0x0000, 0x94A2, 0xFFE1, 0xF7A7, 0x20E3,
    0xC343, 0xF6E2, 0x7182, 0x7162, 0x79C2, 0x7182, 0x7181, 0x7982, 0x79A2, 0x79A1, 0x79A1, 0x79A1,
    0x79A1, 0x79A1, 0x79A1, 0x79C1, 0x79A1, 0x79C1, 0x79C1, 0x81C1, 0x81C1, 0x81C1, 0x81C1, 0x81C1,
    0x81E1, 0x81E1, 0x81E1, 0x81E1, 0x81E0, 0x81E0, 0x81E0, 0x81E0, 0x8200, 0x8200, 0x8200, 0x8200,
    0x8220, 0x8220, 0x8200, 0x8A21, 0x8A21, 0x8221, 0x8A21, 0x8A41, 0x8A21, 0x8A21, 0x8A41, 0x8A41,
    0x8A41, 0x8A41, 0x8241, 0x8A41, 0x8A41, 0x8A41, 0x8A41, 0x8A61, 0x8A41, 0x8A61, 0x8A61, 0x8A61,
    0x8A61, 0x7A01, 0x6961, 0x9AE2, 0xFF83, 0xFFE2, 0xF4C2, 0xFA8C, 0xFA58, 0xFA57, 0xFA57, 0xFA58,
    0xFA33, 0xF483, 0xFFE3, 0x4981, 0x0000, 0x0020, 0x0000, 0x0000, 0x0000, 0x0000, 0x0000, 0x0000,
    0x0000, 0x0000, 0x0000, 0x0000, 0x0000, 0x0000, 0x0020, 0x0000, 0x8A02, 0xFFE3, 0xF601, 0xFA6E,
    0xFA58, 0xFA57, 0xFA57, 0xFA58, 0xFA6C, 0xF522, 0xFFE2, 0xED63, 0x9162, 0xA362, 0xA4A7, 0x94EA,
    0xB464, 0x916B, 0xFA78, 0xDAA6, 0xCA84, 0xFAB4, 0xEA39, 0x70E9, 0xB2A2, 0xD524, 0x6A8E, 0x51F2,
    0x5A30, 0x5A31, 0x49D2, 0xAC2A, 0xC322, 0x68E8, 0xEA39, 0xFAD1, 0xF304, 0xFA95, 0xB1B1, 0x50C8,
    0xA992, 0xC9D5, 0xC9D5, 0xC9D5, 0xC9D5, 0xC9D5, 0xC9B5, 0xC1D5, 0xC1B4, 0xC1B4, 0xC1B4, 0xC1B4,
    0xB9B4, 0xB9B3, 0xC1D3, 0x9150, 0x8203, 0xDDA3, 0xDDC2, 0xE5C2, 0xE5C2, 0xE5E2, 0xE5C2, 0xE5C2,
    0xE5E2, 0xE5E3, 0xE5E3, 0xE603, 0xE603, 0xE603, 0xE603, 0xE603, 0xE623, 0xE623, 0xE624, 0xE624,
    0xE624, 0xE644, 0xE644, 0xDE44, 0xE663, 0xDBA4, 0x0820, 0x3085, 0x794C, 0x58E9, 0x692A, 0x996E,
    0xDA8B, 0x79A2, 0x0000, 0x4067, 0x2023, 0x3180, 0xF7A2, 0xFFE2, 0xFFE1, 0xF7A2, 0x3182, 0x09DA,
    0x0930, 0x0841, 0xBDF6, 0xDEFB, 0x20E3, 0x2922, 0x6B63, 0x0860, 0x2140, 0x5AE1, 0x4A62, 0x0000,
    0x8402, 0xFFE2, 0xE76A, 0x30E3, 0xE483, 0xF784, 0xEEE5, 0xF726, 0xC5A4, 0xE6C5, 0xEF06, 0xEEE6,
    0xEEE7, 0xE6C7, 0xE6C8, 0xE6C8, 0xDEC8, 0xDE88, 0xDEA9, 0xDE89, 0xD669, 0xD669, 0xD66A, 0xCE4A,
    0xCE4A, 0xCE4A, 0xCE4A, 0xC62A, 0xC60A, 0xBE0B, 0xBE0B, 0xBDEB, 0xB5CB, 0xB5EC, 0xB5CC, 0xB5AC,
    0xADAD, 0xADAD, 0xAD8D, 0xA58D, 0xA58E, 0xA56E, 0x9D4F, 0x9D4F, 0x9D2F, 0x9510, 0x9510, 0x9510,
    0x9510, 0x8CF1, 0x8CD1, 0x84D1, 0x84B2, 0x84B2, 0x7C92, 0x7C72, 0x7C73, 0x7473, 0x7453, 0x7453,
    0x6C34, 0x6C34, 0x6C14, 0x6C15, 0x6415, 0x7453, 0x9CEB, 0x72A2, 0x79A2, 0xFF63, 0xF7A2, 0xF3C3,
    0xFA72, 0xFA58, 0xFA57, 0xFA58, 0xFA33, 0xF463, 0xFFE3, 0x49A1, 0x0000, 0x0020, 0x0000, 0x0000,
    0x0000, 0x0000, 0x0000, 0x0000, 0x0000, 0x0000, 0x0000, 0x0000, 0x0000, 0x0000, 0x0020, 0x0000,
    0x9202, 0xFFE3, 0xF601, 0xFA4E, 0xFA58, 0xFA57, 0xFA58, 0xFA55, 0xF364, 0xFFA2, 0xF663, 0x8162,
    0xC504, 0x74B3, 0x1A9C, 0x129D, 0xBCE7, 0xA18A, 0xFA98, 0xBA47, 0x3941, 0xD285, 0xFAB4, 0xF259,
    0x9189, 0xE581, 0xD749, 0x1A9B, 0x01FF, 0x01DF, 0x6CB4, 0xE544, 0x8987, 0xE238, 0xFAD2, 0x91E3,
    0xA223, 0xFAB4, 0xF238, 0xFA79, 0xFAB8, 0xFAD4, 0xFAD4, 0xFAD4, 0xFAD4, 0xFAD4, 0xFAD4, 0xFAD5,
    0xFAD5, 0xFAD5, 0xFAD5, 0xFAD5, 0xFAB5, 0xFA96, 0xFA99, 0xD1D5, 0xAAE2, 0xEF87, 0x6473, 0x6C73,
    0x6C73, 0x6454, 0x6454, 0x6454, 0x5C35, 0x5C15, 0x5C15, 0x53F5, 0x53F6, 0x53D6, 0x4BD6, 0x4BB7,
    0x4BB7, 0x4B97, 0x4397, 0x4398, 0x4378, 0x4378, 0x4378, 0x3318, 0xCEE9, 0xEC22, 0x1001, 0xE255,
    0xFA9A, 0xFA78, 0xFA5A, 0xF2F2, 0x79E2, 0x50E6, 0x40C6, 0x0020, 0x0862, 0x21AE, 0x320A, 0x8422,
    0xD6A3, 0xFFE2, 0x94A2, 0x002A, 0x0862, 0x0820, 0x630C, 0xDEDB, 0xCE59, 0x08A1, 0x1021, 0x40C5,
    0x40A6, 0x3025, 0x0000, 0x0000, 0x2921, 0xF784, 0xD6E9, 0x48E1, 0xEDC5, 0x3B77, 0x1A7B, 0x2ABA,
    0x112D, 0x19CF, 0x2212, 0x19D1, 0x1A9B, 0x1A7B, 0x121B, 0x09FB, 0x0A1B, 0x125C, 0x09FC, 0x01BC,
    0x01DC, 0x09FC, 0x019C, 0x01DD, 0x01DD, 0x019D, 0x019D, 0x019D, 0x01BE, 0x0A1E, 0x019D, 0x017E,
    0x01FE, 0x01BE, 0x017E, 0x01DE, 0x01DF, 0x017E, 0x01BE, 0x01FF, 0x017E, 0x017E, 0x019F, 0x015E,
    0x01BF, 0x01DE, 0x01BF, 0x015F, 0x017F, 0x01DE, 0x01BE, 0x01BE, 0x01BE, 0x01BE, 0x01BE, 0x01DE,
    0x01DE, 0x01BE, 0x01BE, 0x01DE, 0x01DE, 0x01DE, 0x01DE, 0x01DE, 0x01DE, 0x01DE, 0x01FE, 0x9552,
    0x92E2, 0xA2E3, 0xFFE2, 0xF5E1, 0xFA8A, 0xFA58, 0xFA57, 0xFA58, 0xFA33, 0xF463, 0xFFE3, 0x49A1,
    0x0000, 0x0020, 0x0000, 0x0000, 0x0000, 0x0000, 0x0000, 0x0000, 0x0000, 0x0000, 0x0000, 0x0000,
    0x0000, 0x0000, 0x0020, 0x0000, 0x9202, 0xFFE3, 0xF5E1, 0xFA4E, 0xFA58, 0xFA57, 0xFA58, 0xFA4F,
    0xF522, 0xFFE2, 0xA2A3, 0xB403, 0x6C95, 0x017F, 0x11FD, 0x127C, 0xB4C7, 0x998A, 0xFA98, 0xBA07,
    0x8CA2, 0x8BC2, 0xCA25, 0xFAD4, 0xEA18, 0x8109, 0xE560, 0xDF47, 0x2259, 0x7CD2, 0xF5A2, 0x8125,
    0xD9F7, 0xFAD3, 0xB224, 0x6BA2, 0xAA83, 0xFA94, 0xFA38, 0xFAAF, 0xDA66, 0xB224, 0xAA24, 0xB204,
    0xAA04, 0xAA04, 0xB204, 0xB204, 0xB204, 0xB204, 0xB204, 0xB204, 0xC263, 0xF2E9, 0xFA78, 0xC1B4,
    0xA2E2, 0xD689, 0x019E, 0x01BE, 0x01BE, 0x01BE, 0x01BE, 0x01DE, 0x01BE, 0x01DE, 0x01DE, 0x01DE,
    0x01DE, 0x01DE, 0x01DE, 0x01DE, 0x01DE, 0x01DE, 0x01DD, 0x09DE, 0x09DD, 0x09DE, 0x09FD, 0x017F,
    0x958E, 0xF522, 0x0801, 0x692B, 0xF277, 0xFA77, 0xFAEE, 0xEB84, 0xB3A3, 0xE26F, 0x28C3, 0x2124,
    0x3277, 0x643E, 0x01FF, 0x00D0, 0x62E2, 0xF7C2, 0xFFE2, 0x52A1, 0x0000, 0x0000, 0x0020, 0x52AA,
    0x7C0F, 0x40C4, 0xB1EF, 0xC9F2, 0xD214, 0xC212, 0x89A9, 0x4142, 0x0000, 0x62E2, 0xAD84, 0x7181,
    0xCDEA, 0x01FD, 0x0A1D, 0x09FC, 0x1152, 0x0996, 0x0932, 0x0997, 0x123F, 0x0975, 0x31C6, 0x4A87,
    0x31A7, 0x0046, 0x3A07, 0x52C7, 0x4A88, 0x2987, 0x5B07, 0x3A07, 0x3A08, 0x6348, 0x5B08, 0x5B28,
    0x3A6C, 0x0931, 0x4268, 0x52E8, 0x112F, 0x31EA, 0x5B07, 0x218C, 0x196C, 0x5B08, 0x31E9, 0x10EA,
    0x52E8, 0x4268, 0x3A08, 0x5B28, 0x29CB, 0x11DB, 0x29CC, 0x6369, 0x52E8, 0x1150, 0x1A5D, 0x123C,
    0x123C, 0x123C, 0x123C, 0x123C, 0x123C, 0x123C, 0x123C, 0x123C, 0x123C, 0x123C, 0x123C, 0x123C,
    0x123C, 0x123C, 0x121C, 0x01FD, 0xB58A, 0x81C1, 0xF683, 0xFFA2, 0xF325, 0xFA56, 0xFA57, 0xFA58,
    0xFA33, 0xF483, 0xFFE3, 0x4981, 0x0000, 0x0020, 0x0000, 0x0000, 0x0000, 0x0000, 0x0000, 0x0000,
    0x0000, 0x0000, 0x0000, 0x0000, 0x0000, 0x0000, 0x0020, 0x0000, 0x9203, 0xFFE3, 0xF5E1, 0xFA4E,
    0xFA58, 0xFA57, 0xFA58, 0xFA8A, 0xFEA1, 0xF703, 0x9201, 0xAD2B, 0x01FD, 0x1A3C, 0x121C, 0x127D,
    0xB4C7, 0x998A, 0xFA98, 0xB9E7, 0x9CE1, 0xF7E3, 0x72E2, 0xCA65, 0xFAD4, 0xEA38, 0x8109, 0xDD41,
    0xEFA6, 0xED83, 0x8145, 0xD1F7, 0xFAF3, 0xA9E4, 0x9CA2, 0xDF43, 0xA243, 0xFA94, 0xF2AD, 0xA262,
    0x9402, 0xAD63, 0xB5A3, 0xB5A3, 0xB5A3, 0xAD83, 0xAD83, 0xAD63, 0xAD63, 0xA542, 0xA542, 0xA543,
    0x62A2, 0xE288, 0xFA98, 0xC1B4, 0xA2E2, 0xDEC8, 0x123C, 0x123C, 0x123C, 0x123C, 0x123C, 0x123C,
    0x123C, 0x123C, 0x123C, 0x123C, 0x123C, 0x123C, 0x123C, 0x123C, 0x123C, 0x123C, 0x123C, 0x123C,
    0x123C, 0x123C, 0x123C, 0x09FD, 0x4396, 0xFFA3, 0xA2C2, 0x1000, 0x2044, 0x5925, 0xC383, 0xDE22,
    0xFD46, 0xA96F, 0x0040, 0x114E, 0x01FF, 0x8D3D, 0x3295, 0x006D, 0x0840, 0xDF03, 0xFFE2, 0xFFE2,
    0x9D03, 0x31A6, 0x1082, 0x39C6, 0x3844, 0xC172, 0xD1F5, 0xFA78, 0xFA57, 0xFA38, 0xFA72, 0xBB44,
    0x2122, 0x2121, 0x6303, 0xB321, 0x8D11, 0x01BE, 0x123C, 0x123D, 0x123D, 0x123D, 0x121B, 0x123D,
    0x123E, 0x114E, 0xDEC0, 0xFFE2, 0xAD41, 0x1080, 0xF782, 0xFFE1, 0xE702, 0x7382, 0xFFE2, 0x8C41,
    0xAD41, 0xFFE1, 0xFFE1, 0xFFE1, 0xFFC1, 0x5AA2, 0xB5A2, 0xFFE2, 0x10A1, 0xB5A2, 0xFFE1, 0x3180,
    0x8401, 0xFFE2, 0x3180, 0x7361, 0xFFE1, 0xDEE1, 0x62E1, 0xFFE1, 0xA522, 0x0008, 0xC5E2, 0xFFE1,
    0x7383, 0x0178, 0x125D, 0x121C, 0x123C, 0x123D, 0x123D, 0x121C, 0x121C, 0x121C, 0x123D, 0x123C,
    0x121C, 0x123D, 0x123D, 0x123D, 0x123D, 0x121C, 0x123C, 0x01BE, 0x7CD2, 0x9301, 0xD463, 0xFFE2,
    0xF3E4, 0xFA54, 0xFA58, 0xFA58, 0xFA33, 0xF483, 0xFFE3, 0x4981, 0x0000, 0x0020, 0x0000, 0x0000,
    0x0000, 0x0000, 0x0000, 0x0000, 0x0000, 0x0000, 0x0000, 0x0000, 0x0000, 0x0000, 0x0020, 0x0000,
    0x9202, 0xFFE3, 0xF5E1, 0xFA4E, 0xFA58, 0xFA57, 0xFA57, 0xF2A8, 0xFF21, 0xDDE3, 0x9A81, 0x8CD0,
    0x01DE, 0x1A5C, 0x121D, 0x127C, 0xB4C8, 0x998A, 0xFA98, 0xBA06, 0x94A2, 0xFFE2, 0xEF83, 0x72C2,
    0xD265, 0xFAB4, 0xEA18, 0x8968, 0xCC21, 0x81A4, 0xC9D6, 0xFAF4, 0xB204, 0x83E2, 0xFFE2, 0xD6C2,
    0xA244, 0xFAEC, 0x9A43, 0xBE03, 0xFFE2, 0xFFE2, 0xFFE2, 0xFFE2, 0xFFE2, 0xFFE2, 0xFFE2, 0xFFE2,
    0xFFE2, 0xFFE2, 0xFFE2, 0xFFE2, 0x9402, 0xDA48, 0xFA98, 0xC1B4, 0xA2E2, 0xDEC8, 0x0A1C, 0x123D,
    0x123C, 0x123D, 0x123D, 0x121C, 0x123D, 0x121C, 0x121C, 0x123D, 0x123C, 0x123D, 0x123D, 0x123C,
    0x121C, 0x123D, 0x123D, 0x121C, 0x121C, 0x123D, 0x123D, 0x123C, 0x09DD, 0x6C52, 0xFF64, 0xECE3,
    0xA283, 0x0000, 0x3A02, 0xEDC4, 0xFAD1, 0x58CA, 0x2980, 0x19D5, 0x0A1D, 0x194B, 0x41C6, 0x840F,
    0x422A, 0x9481, 0xFFE2, 0xC622, 0x9D05, 0xEF78, 0x5B07, 0xB524, 0xC3C7, 0xFD08, 0xCA4B, 0xFA38,
    0xFA58, 0xFA59, 0xFA8C, 0xE483, 0x8C84, 0x0841, 0x30C1, 0xE504, 0x4397, 0x09DE, 0x123C, 0x123C,
    0x123C, 0x123C, 0x123D, 0x123C, 0x09FD, 0x29CA, 0xF781, 0xFFE2, 0xAD43, 0x8C43, 0xFFE2, 0xFFE2,
    0xB583, 0x8C42, 0xFFC2, 0x6302, 0xD6A2, 0xDEE2, 0x4AA7, 0x73C4, 0xFFE2, 0xB5A3, 0x9D03, 0xFFE2,
    0x6322, 0xF7A2, 0xFFC2, 0x6303, 0xEF63, 0xC623, 0x18A1, 0xF783, 0xFFE2, 0xFFC3, 0x31A2, 0xCE62,
    0xF782, 0x94A2, 0xFFE3, 0xA521, 0x00F3, 0x125F, 0x121C, 0x123D, 0x123D, 0x123C, 0x123D, 0x121D,
    0x123D, 0x123C, 0x123C, 0x123D, 0x123C, 0x123D, 0x123D, 0x123C, 0x123C, 0x123D, 0x125C, 0x01BE,
    0x7CD2, 0x9321, 0xCC23, 0xFFE2, 0xF424, 0xFA33, 0xFA58, 0xFA58, 0xFA33, 0xF4A3, 0xFFE3, 0x4981,
    0x0000, 0x0020, 0x0000, 0x0000, 0x0000, 0x0000, 0x0000, 0x0000, 0x0000, 0x0000, 0x0000, 0x0000,
    0x0000, 0x0000, 0x0020, 0x0000, 0x9223, 0xFFE3, 0xF5C1, 0xFA4E, 0xFA58, 0xFA57, 0xFA57, 0xF2C8,
    0xFF21, 0xDDE3, 0x9A81, 0x8CD0, 0x01DE, 0x123C, 0x121D, 0x127C, 0xB4E7, 0x998A, 0xFAB8, 0xBA07,
    0x94C2, 0xFFE2, 0xFFE2, 0xE762, 0x7282, 0xDA85, 0xFAB4, 0xEA38, 0x7909, 0xC1D4, 0xFAD5, 0xBA25,
    0x7B82, 0xFFE2, 0xFFE2, 0xCEC2, 0xAA64, 0xE285, 0x9C82, 0xFFE2, 0xF7A2, 0xF583, 0xF503, 0xF762,
    0xFFC2, 0xFFC2, 0xFFC2, 0xFFC2, 0xFFC2, 0xFFC2, 0xF7A2, 0xFFC2, 0x8BC2, 0xDA48, 0xFA98, 0xC1B4,
    0xA2E2, 0xDEE8, 0x0A1C, 0x123D, 0x123D, 0x123D, 0x123D, 0x123D, 0x121C, 0x121C, 0x123C, 0x121C,
    0x123D, 0x123D, 0x123D, 0x121C, 0x123D, 0x123D, 0x123D, 0x123D, 0x123D, 0x123C, 0x121C, 0x121C,
    0x123C, 0x01BE, 0x3B56, 0xFFC4, 0xB2E3, 0x0801, 0x0000, 0x912D, 0xEA37, 0x18A2, 0x9461, 0x1173,
    0x110C, 0x1080, 0xD6BA, 0xFFFF, 0xBDD8, 0x39C0, 0xFFE3, 0xCE63, 0xE702, 0xC603, 0x7BC2, 0xFFE2,
    0xB5A2, 0x9540, 0xFEA3, 0xF2E8, 0xFA6F, 0xFA8B, 0xF2E3, 0xFEEC, 0xCE86, 0x0881, 0x50C1, 0xDDA8,
    0x127B, 0x121D, 0x09DD, 0x01BE, 0x01DE, 0x0A1D, 0x123C, 0x125D, 0x01BB, 0x52A5, 0xFFE1, 0xFFE2,
    0xE723, 0xF782, 0xFFC2, 0xFFE2, 0x9482, 0xAD62, 0xFFE2, 0x52A2, 0xFFC2, 0xAD62, 0x00D9, 0x090C,
    0xFFC0, 0xAD63, 0x8C62, 0xFFE2, 0xDEC3, 0xFFE2, 0xFFC2, 0xD683, 0xFFE2, 0x4A62, 0x94A2, 0xF7C3,
    0x8C43, 0xFFE3, 0x5282, 0x6322, 0xFFE2, 0xFFE2, 0xDEC1, 0x194B, 0x121E, 0x123C, 0x123C, 0x123C,
    0x123D, 0x123D, 0x123D, 0x123D, 0x121C, 0x123C, 0x123D, 0x121C, 0x123D, 0x123D, 0x123C, 0x121C,
    0x123D, 0x123D, 0x123C, 0x01BE, 0x7CD2, 0x9301, 0xD443, 0xFFE2, 0xF404, 0xFA34, 0xFA58, 0xFA58,
    0xFA32, 0xF4A3, 0xFFE2, 0x4161, 0x0000, 0x0020, 0x0000, 0x0000, 0x0000, 0x0000, 0x0000, 0x0000,
    0x0000, 0x0000, 0x0000, 0x0000, 0x0000, 0x0000, 0x0000, 0x0000, 0x9223, 0xFFE3, 0xF5C1, 0xFA4E,
    0xFA58, 0xFA57, 0xFA57, 0xF2C8, 0xFF22, 0xDDE3, 0x9A61, 0x8CD0, 0x01DE, 0x123C, 0x121D, 0x127C,
    0xBCE7, 0x998A, 0xFA98, 0xBA07, 0x94C2, 0xFFE2, 0xF7A2, 0xFFE2, 0xE743, 0x6A62, 0xDA86, 0xFAB4,
    0xFA3A, 0xFAD5, 0xC225, 0x7302, 0xF7C2, 0xFFC2, 0xFFE2, 0xCEC2, 0xAA63, 0xC264, 0xC642, 0xFFE2,
    0xF602, 0xFA4F, 0xF9F3, 0xF4E4, 0xFFE2, 0xFFC2, 0xFFE2, 0xFFE2, 0xFFE2, 0xFFE2, 0xFFC2, 0xFFE2,
    0x83C2, 0xD247, 0xFA98, 0xC1B4, 0xA2E2, 0xDEE7, 0x0A1C, 0x123D, 0x123D, 0x123D, 0x123D, 0x123D,
    0x123D, 0x123D, 0x123D, 0x123D, 0x123D, 0x121C, 0x123D, 0x123D, 0x123D, 0x123D, 0x123D, 0x121C,
    0x123D, 0x121C, 0x123D, 0x123D, 0x123C, 0x09DE, 0x53F5, 0xFE43, 0x2841, 0x0861, 0x0820, 0x38C5,
    0x48A8, 0x4240, 0xF783, 0x10A4, 0x18E4, 0x0020, 0x528A, 0xEF9D, 0xFFDF, 0x4207, 0xD6A1, 0xFFE2,
    0xFFE2, 0xF7C2, 0xE703, 0x8481, 0x2884, 0x70CC, 0x5262, 0xE5A2, 0xFD22, 0xF4C2, 0xF661, 0xFFE7,
    0xD689, 0x2161, 0x60E1, 0xD4EA, 0x0A1D, 0x01DD, 0x3B77, 0x7492, 0x5C14, 0x1A9A, 0x01DD, 0x1A5D,
    0x0158, 0x7BC2, 0xFFE2, 0xE723, 0xFFE1, 0xEF82, 0xC603, 0xFFE2, 0x7382, 0xD6A2, 0xE722, 0x5AC2,
    0xFFE2, 0x7C04, 0x008F, 0x7BE5, 0xFFE2, 0x6B82, 0x73A2, 0xFFE2, 0xFFE2, 0xD683, 0xEF82, 0xFFE2,
    0xD682, 0x41E2, 0xFFE2, 0xD6C2, 0x7382, 0xFFE2, 0x8C84, 0x10C8, 0xEF42, 0xFFC2, 0x52A5, 0x019B,
    0x125D, 0x121C, 0x123D, 0x123D, 0x123D, 0x123D, 0x123D, 0x123D, 0x123D, 0x123D, 0x123D, 0x123D,
    0x123C, 0x0A1D, 0x09FD, 0x123C, 0x123C, 0x123C, 0x1A3C, 0x01BE, 0x7CF2, 0x9301, 0xCC43, 0xFFE2,
    0xF3E4, 0xFA54, 0xFA57, 0xFA58, 0xFA32, 0xF4A3, 0xFFE3, 0x4161, 0x0000, 0x0020, 0x0000, 0x0000,
    0x0000, 0x0000, 0x0000, 0x0000, 0x0000, 0x0000, 0x0000, 0x0000, 0x0000, 0x0000, 0x0020, 0x0000,
    0x8A22, 0xFFE3, 0xF5C1, 0xFA4E, 0xFA58, 0xFA57, 0xFA57, 0xF2C8, 0xFF41, 0xDDE3, 0x9A61, 0x8CD0,
    0x01DE, 0x123C, 0x121D, 0x127C, 0xBCE7, 0x998A, 0xFA98, 0xBA07, 0x94C2, 0xFFE2, 0xFFC2, 0xFFC2,
    0xFFE2, 0xDF03, 0x6A22, 0xE2A6, 0xFB11, 0xCA46, 0x6AA1, 0xEFA3, 0xFFE2, 0xFFC2, 0xFFE2, 0xD6E2,
    0xAA83, 0xB244, 0xBE22, 0xFFE2, 0xF622, 0xFA6E, 0xFA12, 0xF503, 0xFFE2, 0xFFC2, 0xFFE2, 0xFFE2,
    0xFFE2, 0xFFE2, 0xFFC2, 0xFFE2, 0x83C2, 0xD247, 0xFA98, 0xC1B4, 0xA2E2, 0xE6E7, 0x121C, 0x123D,
    0x123C, 0x123D, 0x123D, 0x123C, 0x121C, 0x123D, 0x123D, 0x123D, 0x121C, 0x121C, 0x123D, 0x123D,
    0x123D, 0x123C, 0x123D, 0x121C, 0x123D, 0x123D, 0x121C, 0x123D, 0x123C, 0x01BD, 0xB62C, 0xCC21,
    0x0000, 0x6B43, 0x1061, 0x0000, 0x0000, 0xD6A3, 0xDEE3, 0x18A0, 0x0000, 0x0000, 0x0020, 0x8C71,
    0xE71C, 0x41EA, 0xB581, 0xFFE2, 0xF7C2, 0xF7C2, 0x41C2, 0x608B, 0xC212, 0xC213, 0x990B, 0xFD04,
    0xFFE2, 0xFFE2, 0xFFE1, 0xFFE3, 0xDEE9, 0x2982, 0x48A0, 0xD4A9, 0x0A9B, 0x952E, 0xFE03, 0xFC82,
    0xFC83, 0xE5A6, 0x53D4, 0x0A1F, 0x0113, 0xB581, 0xFFE3, 0xB584, 0xFFE2, 0x9CE3, 0xB5A3, 0xFFE2,
    0x6323, 0xFFE3, 0xC602, 0x7BE2, 0xFFE2, 0xDEE2, 0xD681, 0xFFE2, 0xE721, 0x1084, 0x73C4, 0xFFE2,
    0xFFC2, 0x52A2, 0xF7A3, 0xFFE2, 0x7BE3, 0xBDC2, 0xFFE2, 0xE721, 0xEF42, 0xFFE2, 0xCE43, 0x0886,
    0xEF83, 0xFFC1, 0x21AF, 0x123F, 0x123C, 0x123D, 0x123D, 0x123D, 0x123C, 0x123D, 0x123D, 0x121C,
    0x121C, 0x123D, 0x123C, 0x125C, 0x01DE, 0x1A5B, 0x7473, 0x1A5B, 0x121D, 0x01DE, 0x121D, 0x01BE,
    0x7CF2, 0x9301, 0xCC43, 0xFFE2, 0xF3E4, 0xFA34, 0xFA57, 0xFA58, 0xFA32, 0xF4A3, 0xFFE2, 0x4161,
    0x0000, 0x0020, 0x0000, 0x0000, 0x0000, 0x0000, 0x0000, 0x0000, 0x0000, 0x0000, 0x0000, 0x0000,
    0x0000, 0x0000, 0x0020, 0x0000, 0x9222, 0xFFE3, 0xF5C1, 0xFA4E, 0xFA58, 0xFA57, 0xFA57, 0xF2C8,
    0xFF42, 0xDDC3, 0x9A61, 0x8CD0, 0x01DE, 0x123C, 0x121D, 0x127C, 0xBD07, 0x998A, 0xFA98, 0xBA07,
    0x94C2, 0xFFE2, 0xF7C2, 0xFFE2, 0xFFC2, 0xFFE2, 0xD6E3, 0x7222, 0xBA03, 0x6A62, 0xE762, 0xFFE2,
    0xFFC2, 0xFFE2, 0xFFE2, 0xD6E2, 0xAA63, 0xD245, 0x8C62, 0xFFE2, 0xF7A2, 0xF602, 0xF562, 0xFFA2,
    0xFFE2, 0xFFE2, 0xFFE2, 0xFFE2, 0xFFE2, 0xFFE2, 0xF7C2, 0xFFE2, 0x83C2, 0xCA27, 0xFAB7, 0xC1B4,
    0xA2E2, 0xE707, 0x123C, 0x121D, 0x123C, 0x123C, 0x123D, 0x123D, 0x123D, 0x123C, 0x123D, 0x123D,
    0x123D, 0x123D, 0x123D, 0x123D, 0x123C, 0x123D, 0x121C, 0x123C, 0x123D, 0x123D, 0x123C, 0x123D,
    0x121D, 0x1A7B, 0xF6E6, 0x71C1, 0x0001, 0xCE43, 0x94A2, 0x41E2, 0xA523, 0xB5A3, 0x4202, 0x2942,
    0x0840, 0x0020, 0x5AAA, 0x0001, 0x4A66, 0x94A2, 0xF7A2, 0xFFC2, 0xFFE2, 0xEF62, 0x4125, 0x792B,
    0x692A, 0xC1F3, 0xFA8F, 0xF482, 0xFFE2, 0xFFC2, 0xFFC1, 0xFFE6, 0xE70A, 0x29A1, 0x58C1, 0xFD26,
    0xE588, 0xEC03, 0x4861, 0x1002, 0x3042, 0xDAA3, 0xF604, 0x2B3B, 0x00AD, 0xBDA0, 0xB581, 0x6B20,
    0xCE42, 0x2940, 0xB562, 0xC601, 0x5260, 0xD682, 0x7BA1, 0x7BC1, 0xD681, 0xD681, 0xD6A2, 0xA4E1,
    0x31C8, 0x0116, 0x52A4, 0xD661, 0x9CA2, 0x0861, 0xC5E1, 0xC5E1, 0x5AA1, 0xD682, 0xA501, 0x198E,
    0x112C, 0xAD20, 0xBDC1, 0x2900, 0xD682, 0xAD40, 0x1172, 0x123E, 0x123C, 0x121C, 0x123C, 0x123D,
    0x123C, 0x123C, 0x123C, 0x123C, 0x123C, 0x121D, 0x09FD, 0x019E, 0x3318, 0xD707, 0x954E, 0x015F,
    0x09FD, 0x6473, 0x4357, 0x017F, 0x7CF2, 0x9B01, 0xCC43, 0xFFE2, 0xF3C4, 0xFA34, 0xFA57, 0xFA58,
    0xFA32, 0xF4C3, 0xFFE2, 0x4161, 0x0000, 0x0020, 0x0000, 0x0000, 0x0000, 0x0000, 0x0000, 0x0000,
    0x0000, 0x0000, 0x0000, 0x0000, 0x0000, 0x0000, 0x0020, 0x0000, 0x9223, 0xFFE3, 0xF5A2, 0xFA4F,
    0xFA58, 0xFA57, 0xFA57, 0xF2C8, 0xFF42, 0xDDC3, 0x9A61, 0x8CD0, 0x01DE, 0x123C, 0x121D, 0x127C,
    0xBD07, 0x9989, 0xFA98, 0xBA06, 0x94C2, 0xFFE2, 0xF7C2, 0xFFE2, 0xFFE2, 0xFFC2, 0xFFE2, 0xD6C2,
    0x5A82, 0xE743, 0xFFE2, 0xFFC2, 0xFFE2, 0xFFC2, 0xFFE2, 0xD6E2, 0x9A43, 0xFACD, 0x8204, 0xD6E2,
    0xFFE2, 0xFFE2, 0xFFE2, 0xFFE2, 0xFFE2, 0xFFE2, 0xFFE2, 0xFFE2, 0xFFE2, 0xFFE2, 0xFFE1, 0xFFE2,
    0x8C02, 0xCA26, 0xFAB7, 0xC1B4, 0xA2E2, 0xE707, 0x123B, 0x123D, 0x123C, 0x123C, 0x123D, 0x123C,
    0x123D, 0x121C, 0x123D, 0x123D, 0x123D, 0x123C, 0x123D, 0x123D, 0x123C, 0x123D, 0x123D, 0x123D,
    0x123C, 0x123C, 0x123D, 0x123C, 0x01DE, 0x43B6, 0xFE63, 0x3041, 0x10C1, 0xCE66, 0xFFE6, 0xE703,
    0xB5A4, 0x8404, 0x52A3, 0x4203, 0x0861, 0x0000, 0x0820, 0x4241, 0xC622, 0xFFE1, 0xFFE1, 0xFFE2,
    0xFFE2, 0xDF42, 0x20E2, 0x812C, 0xDA34, 0xFA99, 0x70E8, 0xD5E1, 0xFFE2, 0xFFC2, 0xFFC1, 0xFFE6,
    0xDEC8, 0x2141, 0x6943, 0x99E3, 0x7101, 0x2841, 0x3A61, 0xAD63, 0x4282, 0x1001, 0xF402, 0x84B1,
    0x0136, 0x1990, 0x1151, 0x0930, 0x0931, 0x0930, 0x1151, 0x0930, 0x0930, 0x0930, 0x0930, 0x0930,
    0x0950, 0x0930, 0x0931, 0x0114, 0x09FC, 0x123C, 0x0931, 0x0930, 0x0931, 0x1194, 0x0930, 0x0910,
    0x1150, 0x0930, 0x0911, 0x0A1D, 0x11FB, 0x0910, 0x0930, 0x1150, 0x0951, 0x0931, 0x11F9, 0x123D,
    0x121C, 0x123C, 0x123C, 0x123D, 0x09FD, 0x01DE, 0x01BE, 0x09FD, 0x01BE, 0x123B, 0x3318, 0x958F,
    0xFEE4, 0xFEA1, 0x74F1, 0x5C34, 0xBDEA, 0xFEA1, 0x6C72, 0x015F, 0x8531, 0x9301, 0xCC43, 0xFFE2,
    0xF3A4, 0xFA35, 0xFA57, 0xFA58, 0xFA32, 0xF4C3, 0xFFE3, 0x4141, 0x0000, 0x0020, 0x0000, 0x0000,
    0x0000, 0x0000, 0x0000, 0x0000, 0x0000, 0x0000, 0x0000, 0x0000, 0x0000, 0x0000, 0x0020, 0x0000,
    0x9222, 0xFFE3, 0xF5A2, 0xFA4F, 0xFA58, 0xFA57, 0xFA57, 0xF2E7, 0xFF62, 0xDDC3, 0x9A61, 0x8CD0,
    0x01DE, 0x123C, 0x121D, 0x127C, 0xBD07, 0x9989, 0xFA98, 0xBA06, 0x94C2, 0xFFE2, 0xF7C2, 0xFFE2,
    0xFFE2, 0xFFE2, 0xFFC2, 0xFFE2, 0xFFE2, 0xFFE2, 0xFFC2, 0xFFE2, 0xFFE2, 0xFFC2, 0xFFE2, 0xD702,
    0x9A23, 0xFB29, 0xE2C6, 0x69A3, 0x94C2, 0xEF62, 0xFFC2, 0xFFC2, 0xFFE2, 0xFFE2, 0xFFE2, 0xFFE2,
    0xF782, 0xE702, 0xEF62, 0xDF42, 0x6B62, 0xC226, 0xFAB7, 0xC1B4, 0xA2E2, 0xE6E7, 0x01BD, 0x01BE,
    0x01BE, 0x09DE, 0x123D, 0x123C, 0x121C, 0x123D, 0x123C, 0x123C, 0x123C, 0x123D, 0x123C, 0x123D,
    0x123D, 0x121C, 0x123C, 0x123D, 0x123D, 0x123D, 0x123D, 0x123C, 0x01BE, 0x74D2, 0xF562, 0x0801,
    0x3A01, 0xE728, 0xFFC5, 0xF7A1, 0xFFE2, 0xFFE2, 0xEF83, 0x9CE3, 0x2101, 0x1081, 0x0000, 0x69C8,
    0xAA0C, 0xE2AD, 0xF4C4, 0xFFE2, 0xC623, 0x79C9, 0x608A, 0xE216, 0xD214, 0x3846, 0x7BE2, 0xFFE2,
    0xFFC2, 0xFFE2, 0xFFE2, 0xFFE1, 0xDEE3, 0x10A1, 0x0000, 0x31C2, 0x6BA4, 0x3182, 0xF703, 0xFFE1,
    0xF785, 0x0082, 0x9A01, 0xB4ED, 0x021F, 0x125E, 0x123E, 0x125E, 0x125E, 0x125E, 0x125E, 0x125E,
    0x125E, 0x125E, 0x125F, 0x125F, 0x125E, 0x125E, 0x125E, 0x125E, 0x123D, 0x123E, 0x125F, 0x127F,
    0x125F, 0x123E, 0x125F, 0x125E, 0x125F, 0x125F, 0x125E, 0x123C, 0x123D, 0x125F, 0x123E, 0x125E,
    0x125E, 0x125E, 0x123D, 0x123D, 0x123D, 0x0A1D, 0x09FD, 0x121D, 0x229A, 0x7CF1, 0x8D50, 0x32F9,
    0x74D1, 0xE707, 0xFEE4, 0xD561, 0x9A23, 0xEC24, 0xF563, 0xF5A2, 0xE3A2, 0xFD63, 0xDEC8, 0xBDAB,
    0xEEC5, 0x8AA2, 0xD463, 0xFFE2, 0xF3A4, 0xFA35, 0xFA57, 0xFA58, 0xFA32, 0xF4E2, 0xFFE3, 0x4141,
    0x0000, 0x0020, 0x0000, 0x0000, 0x0000, 0x0000, 0x0000, 0x0000, 0x0000, 0x0000, 0x0000, 0x0000,
    0x0000, 0x0000, 0x0020, 0x0000, 0x9223, 0xFFE3, 0xF5A2, 0xFA4F, 0xFA58, 0xFA57, 0xFA57, 0xF2E8,
    0xFF62, 0xDDA3, 0x9A61, 0x8CD0, 0x01DE, 0x123C, 0x121D, 0x127C, 0xBD07, 0x9989, 0xFA98, 0xBA06,
    0x94C2, 0xFFE2, 0xFFC2, 0xFFE2, 0xFFE2, 0xFFE2, 0xFFE2, 0xFFE2, 0xFFC2, 0xFFE2, 0xFFE2, 0xFFE2,
    0xFFE2, 0xFFE2, 0xFF62, 0xD6A2, 0x9A43, 0xEAE3, 0x59C2, 0x7AE3, 0x5262, 0x9CC4, 0xF7A2, 0xFFE2,
    0xFFE2, 0xFFE2, 0xFFE2, 0xFFE2, 0xEF43, 0x6B42, 0x1881, 0x79E3, 0x79C3, 0xDAA6, 0xFA96, 0xC9B4,
    0x9AC2, 0xF7A6, 0x8511, 0x9D6F, 0x8D31, 0x4BB6, 0x09FD, 0x09FD, 0x123C, 0x121D, 0x123C, 0x121C,
    0x123C, 0x123D, 0x123D, 0x123D, 0x123D, 0x121C, 0x123D, 0x123D, 0x123D, 0x123D, 0x123C, 0x123C,
    0x01BE, 0xA5AD, 0xD442, 0x0000, 0x4A62, 0xE709, 0xFFE5, 0xFFE1, 0xFFE2, 0xFFE2, 0xFFE2, 0xFFE2,
    0xAD63, 0x2083, 0x896D, 0xE1F6, 0xFA38, 0xFA39, 0xFA2E, 0xF582, 0xEF82, 0xF5E6, 0x9C24, 0x5A25,
    0x20C3, 0x31E0, 0xFFE3, 0xFFE2, 0xFFE2, 0xFFE2, 0xFFC3, 0xFFE4, 0xCE63, 0x1080, 0xA526, 0xFFE6,
    0xFFE4, 0x8C03, 0xAB03, 0xFFC1, 0xFFE5, 0x4265, 0x58C0, 0xC4CC, 0x021D, 0x121C, 0x123C, 0x121C,
    0x121C, 0x121C, 0x121C, 0x123C, 0x121C, 0x123D, 0x11FA, 0x11D7, 0x121C, 0x121C, 0x121C, 0x125E,
    0x121B, 0x11B6, 0x11D7, 0x1194, 0x11D7, 0x123D, 0x121C, 0x123D, 0x121B, 0x11D8, 0x123D, 0x123D,
    0x123C, 0x123C, 0x123C, 0x123C, 0x123C, 0x121C, 0x121C, 0x123C, 0x09FD, 0x2AD9, 0x954F, 0x74B0,
    0xF704, 0xFE43, 0xE522, 0xEE44, 0xFF43, 0x9AE1, 0x3041, 0x0001, 0x0801, 0x1821, 0x1001, 0x0001,
    0x4082, 0x8242, 0x8A42, 0xCAC2, 0xFD43, 0x8283, 0xD483, 0xFFE2, 0xF3A5, 0xFA55, 0xFA57, 0xFA58,
    0xFA32, 0xF4E2, 0xFFE3, 0x4141, 0x0000, 0x0020, 0x0000, 0x0000, 0x0000, 0x0000, 0x0000, 0x0000,
    0x0000, 0x0000, 0x0000, 0x0000, 0x0000, 0x0000, 0x0020, 0x0000, 0x9222, 0xFFE3, 0xF582, 0xFA4F,
    0xFA58, 0xFA57, 0xFA57, 0xF2E7, 0xFF82, 0xDDA3, 0x9A61, 0x8CD0, 0x01DE, 0x123C, 0x121D, 0x127C,
    0xBD07, 0x9989, 0xFA98, 0xBA06, 0x94C2, 0xFFE2, 0xF7C2, 0xFFE2, 0xFFE2, 0xFFE2, 0xFFE2, 0xFFE2,
    0xFFE2, 0xFFE2, 0xFFE2, 0xFFE2, 0xFFC2, 0xFFE2, 0xFE42, 0xD622, 0x9A83, 0xDA84, 0x6B22, 0xFFE2,
    0xFFE2, 0xFFE2, 0xFFE2, 0xFFE2, 0xFFE2, 0xFFE2, 0xFFE2, 0xFFC2, 0xFFE2, 0xFFE2, 0x9CE2, 0x5962,
    0xEAE6, 0xFAB2, 0xFA78, 0xC9D4, 0xA2C3, 0xEE02, 0xBC40, 0xB3C0, 0xC480, 0xF642, 0xC68A, 0x2AD8,
    0x09DD, 0x123C, 0x121D, 0x123D, 0x123C, 0x123D, 0x123D, 0x123C, 0x123D, 0x123D, 0x123D, 0x123D,
    0x123D, 0x123D, 0x123C, 0x123C, 0x01DD, 0xC64C, 0xBB81, 0x0000, 0x6B62, 0xF7A9, 0xFFE7, 0xFFE1,
    0xFFE2, 0xFFE2, 0xFFC2, 0xFFE2, 0x6AC3, 0x910F, 0xE235, 0xFA77, 0xFA57, 0xFA58, 0xFA6D, 0xF4E2,
    0xFFE2, 0xFFE1, 0xFFE2, 0xF7E1, 0xEF62, 0xFFE3, 0xFFE2, 0xFFE2, 0xFFE2, 0xFFE1, 0xFFC6, 0xF7C7,
    0x5AC0, 0xBDEA, 0xFFE8, 0xF7A1, 0xFFC2, 0x8442, 0x9A43, 0xFFE2, 0xFFE4, 0x6367, 0x4880, 0xC4CC,
    0x021D, 0x123C, 0x123C, 0x121D, 0x121C, 0x123D, 0x121C, 0x123D, 0x123C, 0x125E, 0x1150, 0x10EB,
    0x123D, 0x121C, 0x125E, 0x1194, 0x090E, 0x11D7, 0x1173, 0x121B, 0x0888, 0x11D9, 0x123E, 0x121B,
    0x090E, 0x1150, 0x11D8, 0x11FA, 0x123D, 0x121C, 0x123D, 0x121C, 0x121C, 0x123D, 0x123D, 0x123C,
    0x01BE, 0x7CD0, 0xFFC1, 0xFFE4, 0xC3E2, 0x2021, 0x0801, 0x30A1, 0x6142, 0x0000, 0x4A82, 0xAD82,
    0xD6A2, 0xD6C2, 0xAD62, 0x73C2, 0x31A1, 0x0000, 0x0801, 0xA224, 0xFE84, 0x82E2, 0xCC43, 0xFFE2,
    0xF385, 0xFA36, 0xFA57, 0xFA58, 0xFA32, 0xF4E2, 0xFFE3, 0x4141, 0x0000, 0x0020, 0x0000, 0x0000,
    0x0000, 0x0000, 0x0000, 0x0000, 0x0000, 0x0000, 0x0000, 0x0000, 0x0000, 0x0000, 0x0020, 0x0000,
    0x9222, 0xFFE3, 0xF582, 0xFA4F, 0xFA58, 0xFA57, 0xFA57, 0xF2E7, 0xFF82, 0xDD83, 0x9A61, 0x8CD0,
    0x01DE, 0x123C, 0x121D, 0x127C, 0xBD27, 0x9989, 0xFA98, 0xC206, 0x9CC2, 0xFFE2, 0xF7C2, 0xFFE2,
    0xFFE2, 0xFFE2, 0xFFE2, 0xFFE2, 0xFFE2, 0xFFE2, 0xFFE2, 0xFFE2, 0xFFC2, 0xFFE2, 0xFE62, 0xD622,
    0x9A83, 0xDA84, 0x6B22, 0xFFE2, 0xF7A1, 0xFFC2, 0xFFE2, 0xFFE2, 0xFFE2, 0xFFE2, 0xFFE2, 0xFFE2,
    0xFFC1, 0xFFE1, 0xFFE2, 0xB603, 0x61A1, 0xF2AF, 0xFA59, 0xCA14, 0x5121, 0x7909, 0x912F, 0xA971,
    0x890F, 0x68E7, 0xBC00, 0xEF46, 0x32F8, 0x09FD, 0x123C, 0x123C, 0x121C, 0x123D, 0x123D, 0x123D,
    0x123D, 0x123D, 0x123D, 0x123C, 0x121C, 0x123D, 0x123D, 0x123D, 0x01DD, 0xCE8B, 0xA341, 0x0000,
    0x8423, 0xF7C6, 0xFFC6, 0xFFE1, 0xFFE2, 0xFFC2, 0xFFE2, 0xC681, 0x610A, 0xC1F2, 0xE235, 0xFA58,
    0xFA56, 0xFAAB, 0xF3A3, 0xFF22, 0xFFE2, 0xFFC2, 0xFFC2, 0xFFE2, 0xFFE2, 0xFFE1, 0xFFE2, 0xFFE2,
    0xFFE1, 0xF7C2, 0xFFEA, 0x7BC1, 0x9CEA, 0xFFEE, 0xF7A2, 0xFFC2, 0xFFE2, 0x9C82, 0xC303, 0xFFE1,
    0xFFE5, 0x6367, 0x58C0, 0xC52C, 0x021D, 0x123C, 0x123C, 0x123D, 0x121C, 0x123D, 0x123D, 0x123D,
    0x0A1D, 0x123D, 0x11F9, 0x11FA, 0x123C, 0x125E, 0x1173, 0x08AA, 0x123D, 0x0930, 0x11B5, 0x1194,
    0x08A9, 0x123C, 0x125F, 0x0930, 0x1150, 0x1150, 0x08EB, 0x11D7, 0x125F, 0x123D, 0x121C, 0x123C,
    0x123C, 0x121C, 0x123D, 0x123C, 0x01BE, 0x9DCE, 0xD501, 0x8243, 0x1040, 0x0000, 0x0820, 0x0000,
    0x0040, 0x8422, 0xFFE2, 0xFFE2, 0xEF62, 0xA503, 0xDEA4, 0xFFE3, 0xFFE2, 0xC5E3, 0x2101, 0x0000,
    0x79A2, 0xB2A4, 0xDD83, 0xFFE2, 0xFBE5, 0xFB2B, 0xFA73, 0xFA59, 0xFA52, 0xF502, 0xFFE3, 0x4121,
    0x0000, 0x0020, 0x0000, 0x0000, 0x0000, 0x0000, 0x0000, 0x0000, 0x0000, 0x0000, 0x0000, 0x0000,
    0x0000, 0x0000, 0x0020, 0x0000, 0x9222, 0xFFE3, 0xF582, 0xFA4F, 0xFA58, 0xFA57, 0xFA57, 0xF2E7,
    0xFF82, 0xDD83, 0x9A61, 0x8CF0, 0x01DE, 0x123C, 0x121D, 0x127C, 0xC527, 0x9989, 0xFA98, 0xC226,
    0x9CA2, 0xFFE2, 0xF7C2, 0xFFE2, 0xFFE2, 0xFFE2, 0xFFE2, 0xFFE2, 0xFFE2, 0xFFE2, 0xFFE2, 0xFFE2,
    0xFFC2, 0xFFE2, 0xFE62, 0xD622, 0x9A83, 0xE284, 0x6B22, 0xFFE2, 0xFFC2, 0xFFE2, 0xFFE2, 0xFFE2,
    0xFFE2, 0xFFE2, 0xFFE2, 0xFF22, 0xF3E6, 0xF425, 0xEDC2, 0xFEE3, 0x8C82, 0xB9E7, 0xFA98, 0xDA15,
    0x916F, 0xFAB1, 0xFAAB, 0xFAAA, 0xFAF0, 0xF278, 0x78AD, 0xBC00, 0xD6C9, 0x09FC, 0x123D, 0x123D,
    0x123D, 0x123C, 0x123D, 0x121C, 0x123D, 0x123D, 0x123D, 0x123C, 0x123C, 0x121C, 0x123C, 0x123C,
    0x01DD, 0xC66B, 0xAB81, 0x0000, 0x8404, 0xF7A2, 0xFFE1, 0xFFE2, 0xFFE2, 0xF7C2, 0xFFE2, 0xA581,
    0x60CA, 0xDA35, 0xFA56, 0xFA38, 0xFA92, 0xFAE3, 0xF603, 0xFFE2, 0xFFC2, 0xFFE2, 0xFFE2, 0xFFE2,
    0xFFC2, 0xFFE2, 0xFFE2, 0xFFE1, 0xFFC2, 0xFFEA, 0xAD65, 0x6305, 0xFFF6, 0xF7C5, 0xFFE3, 0xFFC1,
    0xFFE2, 0xEEA3, 0xE424, 0xFFE1, 0xFFE8, 0x4226, 0x79C0, 0xAD0F, 0x01DE, 0x123C, 0x121C, 0x121C,
    0x123C, 0x123D, 0x121D, 0x123C, 0x229B, 0x09FD, 0x123D, 0x123D, 0x123D, 0x11F9, 0x0887, 0x123C,
    0x11D7, 0x08A9, 0x1172, 0x0951, 0x11B5, 0x1194, 0x1195, 0x08EB, 0x1151, 0x08EB, 0x112F, 0x1195,
    0x11B6, 0x11D8, 0x123D, 0x123D, 0x123D, 0x123D, 0x123D, 0x1A5C, 0x019E, 0x8530, 0xEE62, 0x1001,
    0x5942, 0x81C3, 0xC2A4, 0x6942, 0x18C1, 0xDEC4, 0xEFC2, 0x9483, 0x1080, 0x0000, 0x1920, 0x7401,
    0xE6E2, 0xFFE2, 0xEF83, 0x7BC2, 0x0000, 0x48C2, 0xE484, 0xEE43, 0xCBC3, 0xF345, 0xFA55, 0xFA59,
    0xFA32, 0xF502, 0xFFE3, 0x4121, 0x0000, 0x0000, 0x0000, 0x0000, 0x0000, 0x0000, 0x0000, 0x0000,
    0x0000, 0x0000, 0x0000, 0x0000, 0x0000, 0x0000, 0x0020, 0x0000, 0x9222, 0xFFE3, 0xF582, 0xFA4F,
    0xFA58, 0xFA57, 0xFA57, 0xF2E7, 0xFFA2, 0xD583, 0x9A61, 0x8CF0, 0x01DE, 0x123C, 0x121D, 0x127C,
    0xBD27, 0x9989, 0xFA98, 0xC226, 0x94A2, 0xFFE2, 0xF7C2, 0xFFE2, 0xFFE2, 0xFFE2, 0xFFE2, 0xFFE2,
    0xFFE2, 0xFFE2, 0xFFE2, 0xFFE2, 0xFFC2, 0xFFE2, 0xFE62, 0xD623, 0x9283, 0xE284, 0x7322, 0xFFE2,
    0xFFC2, 0xFFE2, 0xFFE2, 0xFFE2, 0xFFE2, 0xFFC2, 0xFFE2, 0xF562, 0xF9F2, 0xFA11, 0xF522, 0xFE63,
    0xAD62, 0xA1C5, 0xFA96, 0xFA38, 0xFACF, 0xC2C2, 0xB482, 0xB4C3, 0xB2E2, 0xFACB, 0xFA79, 0x7909,
    0xF681, 0x5C15, 0x01DE, 0x123C, 0x121C, 0x121C, 0x121C, 0x121C, 0x121C, 0x123D, 0x123D, 0x123D,
    0x123D, 0x123D, 0x121C, 0x123C, 0x01BE, 0xADED, 0xBC21, 0x0000, 0x8C44, 0xF7A2, 0xFFE6, 0xFFC3,
    0xFFE1, 0xFFE2, 0xFFE2, 0xD6E2, 0x5123, 0xDA50, 0xF258, 0xFA59, 0xFA8B, 0xF3C3, 0xFFA2, 0xFFE2,
    0xFFE2, 0xFFE2, 0xFFE2, 0xFFE2, 0xFFE2, 0xFFE2, 0xFFE2, 0xFFC2, 0xF7CB, 0xEF86, 0x4200, 0xDEF6,
    0xFFED, 0xFF62, 0xF623, 0xFFC3, 0xFFE2, 0xD5E3, 0xDC84, 0xFFE1, 0xEF88, 0x1063, 0xAB02, 0x9550,
    0x123C, 0x121D, 0x123C, 0x123D, 0x123D, 0x121C, 0x123D, 0x0A1C, 0xADEC, 0x4357, 0x01DE, 0x123C,
    0x125F, 0x090E, 0x0972, 0x127F, 0x08CB, 0x11D7, 0x092F, 0x1194, 0x0950, 0x1171, 0x090D, 0x08CA,
    0x1151, 0x08CB, 0x1171, 0x090E, 0x08A9, 0x11D9, 0x123E, 0x11FA, 0x11D8, 0x11F9, 0x11F8, 0x09FE,
    0x2AD8, 0xEF06, 0x59C1, 0x5923, 0x6142, 0x0800, 0x30A1, 0x7226, 0xA2E5, 0xEF22, 0xC482, 0x0000,
    0x0801, 0x5908, 0x914E, 0x588A, 0x30A2, 0xE4C3, 0xFFA2, 0xFFE2, 0xA502, 0x2121, 0x1000, 0x2041,
    0x8221, 0xF2EA, 0xFA38, 0xFA58, 0xFA31, 0xF502, 0xFFE3, 0x4121, 0x0000, 0x0000, 0x0000, 0x0000,
    0x0000, 0x0000, 0x0000, 0x0000, 0x0000, 0x0000, 0x0000, 0x0000, 0x0000, 0x0000, 0x0020, 0x0000,
    0x9242, 0xFFE3, 0xF562, 0xFA4F, 0xFA58, 0xFA57, 0xFA57, 0xF307, 0xFFA2, 0xD583, 0x9A61, 0x8CD0,
    0x01BE, 0x123C, 0x121D, 0x127C, 0xC547, 0x9989, 0xFA98, 0xC206, 0x94A2, 0xFFE2, 0xF7C2, 0xFFE2,
    0xFFE2, 0xFFE2, 0xFFE2, 0xFFE2, 0xFFC2, 0xFFC2, 0xFFC2, 0xFFC2, 0xFFC2, 0xFFE2, 0xFE62, 0xD603,
    0x9283, 0xE284, 0x7322, 0xFFE2, 0xF7C2, 0xFFE2, 0xFFE2, 0xFFC2, 0xFFC2, 0xFFC2, 0xFFE2, 0xFEC2,
    0xF347, 0xF346, 0xF6C2, 0xFE43, 0x94C2, 0xA1C7, 0xFA97, 0xFA75, 0xCA85, 0xC602, 0xFFE2, 0xFFE2,
    0xCEA3, 0xBAA3, 0xFAB4, 0xB152, 0xC4A0, 0x9DAF, 0x01BE, 0x123C, 0x123D, 0x123D, 0x123D, 0x121C,
    0x123D, 0x123D, 0x123C, 0x123D, 0x123D, 0x123D, 0x123D, 0x123C, 0x01BE, 0x8511, 0xD501, 0x0000,
    0x5AE3, 0x94A3, 0xEF6A, 0xFFE9, 0xFFE0, 0xFFE2, 0xFFC2, 0xFFE2, 0x9462, 0x8164, 0xCA0D, 0xF28B,
    0xF323, 0xF6A2, 0xFFE2, 0xFFC2, 0xFFC2, 0xFFE2, 0xFFE2, 0xFFE2, 0xFFE2, 0xFFE2, 0xFFC2, 0xFFE2,
    0xFFE3, 0xA540, 0x8C6B, 0xFFF8, 0xFFE2, 0xCC44, 0xD5A6, 0xFFE6, 0xFFE1, 0xBCC3, 0xE523, 0xFFE2,
    0xA523, 0x0800, 0xC467, 0xD688, 0x6C12, 0x01DE, 0x123C, 0x123D, 0x121C, 0x123D, 0x123C, 0x01FD,
    0xC5E9, 0xEE46, 0x22DA, 0x09DD, 0x1A5D, 0x08EC, 0x11FA, 0x11B7, 0x08A8, 0x1173, 0x08EC, 0x08A8,
    0x08EC, 0x08CB, 0x08CA, 0x092E, 0x08EC, 0x08EB, 0x08CA, 0x0865, 0x090D, 0x121C, 0x123E, 0x1150,
    0x1172, 0x1130, 0x112F, 0x09D9, 0xD6E9, 0xA3C0, 0x2002, 0x48E2, 0x10E4, 0x18E3, 0x0000, 0x72EC,
    0xFD67, 0xFD01, 0xEA4B, 0x99AF, 0xD233, 0xFA79, 0xFA99, 0xF276, 0x0001, 0xB1E4, 0xFBE3, 0xF6E2,
    0xFFE3, 0x3182, 0x1861, 0x9A44, 0xEC43, 0xFACC, 0xFA38, 0xFA58, 0xFA31, 0xF522, 0xFFE3, 0x3901,
    0x0000, 0x0000, 0x0000, 0x0000, 0x0000, 0x0000, 0x0000, 0x0000, 0x0000, 0x0000, 0x0000, 0x0000,
    0x0000, 0x0000, 0x0020, 0x0000, 0x9242, 0xFFE3, 0xF562, 0xFA4F, 0xFA58, 0xFA57, 0xFA57, 0xF307,
    0xFFA2, 0xD563, 0x9A61, 0x8CD0, 0x01BE, 0x123C, 0x121D, 0x127C, 0xC547, 0x9189, 0xFA98, 0xC226,
    0x94A2, 0xFFE2, 0xF7A2, 0xFFC2, 0xFFC2, 0xFFC2, 0xFFC2, 0xFFE2, 0xFFE2, 0xFFE2, 0xFFE2, 0xFFE2,
    0xFFE2, 0xFFE2, 0xFE62, 0xD5E3, 0x9283, 0xE284, 0x7322, 0xFFE2, 0xFFE2, 0xF7C2, 0xFFE2, 0xFFE2,
    0xFFE2, 0xFFE2, 0xFFE2, 0xFFE2, 0xF761, 0xF742, 0xFE62, 0xFE84, 0x5AC1, 0xDA2D, 0xFA59, 0xFA53,
    0xB344, 0xF7E2, 0xFFC2, 0xFFA2, 0xFFE2, 0xB3C2, 0xFA91, 0xC995, 0xBC01, 0xB62C, 0x01BD, 0x123C,
    0x123D, 0x123D, 0x123D, 0x123D, 0x123D, 0x123D, 0x123D, 0x123D, 0x121C, 0x123D, 0x123D, 0x123C,
    0x01DE, 0x4BD6, 0xF603, 0x1000, 0x2142, 0x7BE4, 0xD684, 0xFFCF, 0xFFC3, 0xFFE1, 0xFFC2, 0xFFE1,
    0xFFE2, 0xDEC3, 0xEEA2, 0xF622, 0xFFC3, 0xFFE2, 0xFFC2, 0xFFE2, 0xFFE2, 0xFFE2, 0xFFE2, 0xFFE2,
    0xFFE2, 0xFFE2, 0xFFE2, 0xD682, 0xB523, 0x7341, 0xEF6C, 0xFFEA, 0xEEE1, 0x82C3, 0xF7C5, 0xFFE2,
    0xFFE2, 0xABA4, 0xF662, 0xFFE2, 0x31A1, 0x50C1, 0xD5E9, 0xEC64, 0xD4E8, 0x127C, 0x121D, 0x123D,
    0x123C, 0x123C, 0x123C, 0x0A1D, 0xB58B, 0xD360, 0xD5A9, 0x1A9B, 0x0A1E, 0x11B6, 0x1151, 0x1130,
    0x11F8, 0x0951, 0x11D8, 0x11D9, 0x1194, 0x1194, 0x11B6, 0x1194, 0x11B7, 0x11B6, 0x11D7, 0x0888,
    0x11F9, 0x121B, 0x123D, 0x121B, 0x121B, 0x121A, 0x019C, 0x6C91, 0xFEC2, 0x2021, 0x5143, 0x0000,
    0x3166, 0x1061, 0x10A3, 0xDD52, 0xF342, 0xFAEB, 0xD214, 0x5909, 0x82AE, 0xDBB7, 0xFA57, 0xF257,
    0x48C7, 0xC211, 0xFAAD, 0xF343, 0xFF43, 0x5AE2, 0x0801, 0x5922, 0xE3E3, 0xFB8D, 0xFA37, 0xFA58,
    0xFA31, 0xF522, 0xFFE3, 0x3901, 0x0000, 0x0000, 0x0000, 0x0000, 0x0000, 0x0000, 0x0000, 0x0000,
    0x0000, 0x0000, 0x0000, 0x0000, 0x0000, 0x0000, 0x0020, 0x0000, 0x9243, 0xFFE3, 0xF542, 0xFA4F,
    0xFA58, 0xFA57, 0xFA57, 0xF307, 0xFFA2, 0xD563, 0x9A61, 0x8CF0, 0x01BE, 0x123C, 0x121D, 0x125C,
    0xC547, 0x9989, 0xFA98, 0xC227, 0x9CE2, 0xFFE2, 0xFFE2, 0xFFE2, 0xFFE2, 0xFFE2, 0xFFE2, 0xFEC2,
    0xFDC3, 0xFDE3, 0xFDE3, 0xFDE3, 0xFDC3, 0xFDE3, 0xFD63, 0xDEA3, 0x9263, 0xE284, 0x8383, 0xF7C3,
    0x9CE2, 0xFFE2, 0xFEC2, 0xFE43, 0xFE43, 0xFE43, 0xFE23, 0xFE03, 0xFE03, 0xFDE3, 0xF643, 0x7401,
    0x8984, 0xFAB5, 0xF238, 0xFA75, 0xBAC5, 0xDF22, 0xFFE2, 0xFFE2, 0xEFA3, 0xB303, 0xFA94, 0xB974,
    0xC480, 0xA5CE, 0x01BE, 0x123C, 0x123C, 0x123D, 0x123C, 0x123C, 0x123C, 0x123D, 0x123D, 0x123C,
    0x121C, 0x123D, 0x123D, 0x123D, 0x121D, 0x125B, 0xDE28, 0x5941, 0x0020, 0x9485, 0x9D02, 0xE72A,
    0xFFD1, 0xF7C1, 0xFFE2, 0xDEC2, 0x6302, 0x7BC2, 0x6322, 0x4A82, 0x6322, 0xD623, 0xFFE2, 0xDF02,
    0xC622, 0xFFE2, 0xFFE2, 0xFFE2, 0xFFE2, 0xF782, 0x9423, 0x8223, 0xA9E3, 0xCD43, 0xF7C1, 0xFFE1,
    0xB4A2, 0x8363, 0xFFE6, 0xFFE2, 0xE762, 0xAB24, 0xFFA2, 0xC643, 0x0000, 0xB385, 0xD629, 0x6941,
    0xEC23, 0x6434, 0x01DE, 0x123C, 0x123D, 0x123D, 0x123C, 0x09FD, 0xB5CB, 0x71A4, 0xAAA3, 0xCDEA,
    0x0A3C, 0x121E, 0x121B, 0x123D, 0x123E, 0x125E, 0x123D, 0x123D, 0x125E, 0x125E, 0x123E, 0x125E,
    0x123D, 0x125F, 0x1195, 0x092F, 0x125F, 0x123D, 0x123C, 0x123D, 0x123D, 0x123D, 0x0A1C, 0xDF28,
    0x9341, 0x2842, 0x38C0, 0x0000, 0x0000, 0x0000, 0xB5D7, 0xFD4E, 0xFA88, 0xD214, 0x0801, 0x0000,
    0x0000, 0x740F, 0xCB75, 0xFA17, 0xC1F2, 0xD214, 0xFA79, 0xFA6D, 0xF422, 0xFFE3, 0x6302, 0x0841,
    0x4961, 0xEC43, 0xFAEC, 0xFA39, 0xFA51, 0xF542, 0xFFE3, 0x3901, 0x0000, 0x0020, 0x0000, 0x0000,
    0x0000, 0x0000, 0x0000, 0x0000, 0x0000, 0x0000, 0x0000, 0x0000, 0x0000, 0x0000, 0x0020, 0x0000,
    0x9243, 0xFFE3, 0xF542, 0xFA4F, 0xFA58, 0xFA57, 0xFA57, 0xF307, 0xFFC2, 0xD543, 0x9A61, 0x8CF0,
    0x01DE, 0x1A5C, 0x123C, 0x1A7C, 0xC547, 0x9988, 0xFA98, 0xC226, 0x73C1, 0xCE82, 0xC662, 0xC662,
    0xC662, 0xC642, 0xC662, 0xC5C2, 0xC542, 0xC562, 0xC562, 0xC582, 0xC582, 0xC582, 0xC5C2, 0xA562,
    0x8202, 0xEAC3, 0x5A81, 0x8403, 0x3085, 0x9D03, 0x9CA2, 0x9C42, 0x9462, 0x9462, 0x9442, 0x9442,
    0x9442, 0x8C21, 0x62A1, 0x9185, 0xFAB3, 0xFA38, 0xFA57, 0xFA58, 0xEA6E, 0xAB82, 0xCE82, 0xD6A2,
    0xAC01, 0xE26B, 0xFA9A, 0x890B, 0xEE80, 0x6C73, 0x01BE, 0x123C, 0x123D, 0x123D, 0x123D, 0x121D,
    0x123C, 0x123D, 0x123C, 0x123D, 0x123D, 0x123D, 0x123D, 0x123C, 0x121D, 0x125B, 0xE6A8, 0x8A22,
    0x0861, 0x4A63, 0x8425, 0xE722, 0xFFEA, 0xFFE4, 0xD6C2, 0x18C1, 0x4202, 0xBDC4, 0x7383, 0xD6A2,
    0x73A2, 0x1001, 0xE4E3, 0xEF62, 0xA523, 0xE722, 0xFFE2, 0xFFC2, 0xFFE2, 0xEF42, 0xC5E3, 0xFF82,
    0xFF22, 0xFFE2, 0xFFE2, 0xFFE3, 0x8222, 0x6B63, 0xFFE5, 0xFFE3, 0xCE23, 0xBB83, 0xFFE3, 0x4262,
    0x50C1, 0xDDEA, 0xAC45, 0x60AA, 0xAA23, 0xD569, 0x0A3C, 0x121D, 0x123C, 0x123D, 0x123C, 0x0A1E,
    0xADA9, 0xBAAA, 0x9911, 0xBB21, 0xBDAC, 0x09FD, 0x121D, 0x123C, 0x121C, 0x121C, 0x123C, 0x123C,
    0x123C, 0x123C, 0x123C, 0x123C, 0x123C, 0x123D, 0x11F9, 0x121B, 0x123D, 0x123C, 0x123C, 0x123D,
    0x125D, 0x09FE, 0x4BB7, 0xFF63, 0x30A1, 0x40E1, 0x18E8, 0x08A6, 0x5ACA, 0xCE79, 0xDEFB, 0xCA2D,
    0xFA98, 0x3866, 0x2124, 0x630C, 0x0000, 0xB5B6, 0xACB4, 0xE1B4, 0xFA77, 0xE235, 0xFA57, 0xFA76,
    0xF2C7, 0xFEA2, 0xFFE3, 0x2962, 0x5942, 0xFBC4, 0xFA70, 0xFA59, 0xFA51, 0xF542, 0xFFE3, 0x3901,
    0x0000, 0x0020, 0x0000, 0x0000, 0x0000, 0x0000, 0x0000, 0x0000, 0x0000, 0x0000, 0x0000, 0x0000,
    0x0000, 0x0000, 0x0020, 0x0000, 0x9243, 0xFFE3, 0xF542, 0xFA4F, 0xFA58, 0xFA57, 0xFA57, 0xF326,
    0xFFC1, 0xD543, 0x9A61, 0x8CF0, 0x01DE, 0x09FD, 0x019E, 0x01FD, 0xC547, 0x99A8, 0xFA58, 0xEAC8,
    0xA204, 0xA225, 0xA205, 0xA206, 0xAA06, 0xAA06, 0xAA06, 0xAA26, 0xB246, 0xB246, 0xB247, 0xB247,
    0xB247, 0xBA47, 0xBA47, 0xBA28, 0xDAA8, 0xFAEA, 0x99E5, 0x48A6, 0xC9F5, 0x3882, 0xB225, 0xA9CB,
    0xB1CB, 0xB1CB, 0xB1CB, 0xB1CB, 0xB9CC, 0xB9CC, 0xEA50, 0xFAB7, 0xFA58, 0xFA78, 0xFA78, 0xFA78,
    0xFA78, 0xFA72, 0xD28A, 0xD28A, 0xFA70, 0xFA99, 0x98F1, 0x9B81, 0xDF08, 0x121C, 0x123D, 0x123C,
    0x123D, 0x123C, 0x123D, 0x123D, 0x123D, 0x123D, 0x123C, 0x123D, 0x123C, 0x123D, 0x123D, 0x123C,
    0x01BE, 0x7D11, 0xF582, 0x1801, 0xBE23, 0x52A2, 0x7384, 0xBDE4, 0x9D01, 0x2961, 0x18C1, 0x8402,
    0xB5A3, 0xAD43, 0xC603, 0xFFE1, 0xFFE3, 0x2141, 0x7922, 0xFF23, 0xFFE2, 0xFFC2, 0xFFE2, 0xFFE2,
    0xFFE2, 0xFFE2, 0xFFE2, 0xFFE2, 0xFFE2, 0xF7C1, 0xFFE2, 0xE5C3, 0x1000, 0x4222, 0xF7A2, 0xFFE2,
    0xA4C3, 0xD4A3, 0xDF03, 0x0800, 0xBBC6, 0xBE0B, 0x8A44, 0xE217, 0x812A, 0xEC82, 0x5BF5, 0x01DE,
    0x123C, 0x123C, 0x123C, 0x09FD, 0xADAA, 0xAA68, 0xFA5A, 0x912E, 0xCBA1, 0xA54F, 0x01DD, 0x123D,
    0x123D, 0x123D, 0x121D, 0x09DD, 0x01DD, 0x01DD, 0x01DD, 0x01DD, 0x01DD, 0x01DD, 0x01DE, 0x01DE,
    0x01DD, 0x01DD, 0x01DE, 0x019A, 0x09DA, 0x015D, 0x7CAF, 0xE601, 0x1001, 0x5943, 0x0154, 0x114F,
    0x9CF4, 0xFFFF, 0x7BAF, 0xD194, 0xB9F2, 0x0000, 0x18C3, 0x10A2, 0x18A3, 0xF7BE, 0x8BB0, 0xD1B3,
    0xF277, 0xFA57, 0xFA57, 0xFA58, 0xFA54, 0xF3E4, 0xEF42, 0x52A3, 0x1061, 0xB322, 0xFC08, 0xFA37,
    0xFA51, 0xF542, 0xFFC3, 0x38E1, 0x0000, 0x0000, 0x0000, 0x0000, 0x0000, 0x0000, 0x0000, 0x0000,
    0x0000, 0x0000, 0x0000, 0x0000, 0x0000, 0x0000, 0x0020, 0x0000, 0x9242, 0xFFE3, 0xF542, 0xFA4F,
    0xFA58, 0xFA57, 0xFA56, 0xF326, 0xFFC2, 0xD543, 0x9A61, 0x8CF0, 0x019E, 0x4B77, 0x6C74, 0x6CB4,
    0xDE06, 0xA1A9, 0xFA79, 0xFA95, 0xFAB5, 0xFAB6, 0xFAB5, 0xFAB6, 0xFAB6, 0xFAB6, 0xFAB6, 0xFAB6,
    0xFAB6, 0xFAB5, 0xFAB5, 0xFAB6, 0xFA97, 0xFA58, 0xFA78, 0xFA77, 0xFA57, 0xFA97, 0xB225, 0x918D,
    0xFABB, 0x816B, 0xBA84, 0xF274, 0xE9F7, 0xEA17, 0xE1F7, 0xE1F7, 0xE1F7, 0xE1F7, 0xD1B6, 0xC9B5,
    0xD1B4, 0xD1B5, 0xC995, 0xC9B4, 0xC9D4, 0xD1F5, 0xD9F5, 0xE216, 0xC9F4, 0x894C, 0x9343, 0xFFE2,
    0x854F, 0x0A3C, 0x01DE, 0x09DE, 0x123C, 0x123C, 0x123D, 0x123C, 0x123D, 0x121C, 0x121C, 0x121C,
    0x123D, 0x123D, 0x123C, 0x121D, 0x1A7B, 0xEF07, 0x7981, 0x3A22, 0xFFE2, 0xDEE2, 0x6B62, 0x4223,
    0x0841, 0x73A2, 0xDEE2, 0xFFE2, 0xBDC3, 0x4A43, 0x9CE3, 0xE723, 0xF7A2, 0x8462, 0x2801, 0xFD63,
    0xFFE2, 0xFFC2, 0xFFE2, 0xFFE2, 0xFFE2, 0xFFE2, 0xFFC2, 0xFFE2, 0xFFC1, 0xF7C9, 0xFFC3, 0x61C2,
    0x0000, 0x2921, 0xF782, 0xFFE2, 0x8362, 0xEE03, 0x5B42, 0x6101, 0xBD6D, 0xACC6, 0x914B, 0xFA9A,
    0xB9B3, 0xA222, 0xCD6A, 0x0A3D, 0x123D, 0x123C, 0x123D, 0x09FD, 0xADAA, 0xAA68, 0xF218, 0xFA98,
    0x912C, 0xD421, 0x9510, 0x01BE, 0x1A5C, 0x09FD, 0x4B76, 0xBE6A, 0xC64B, 0xC64B, 0xC64B, 0xBE4B,
    0xBE2C, 0xBE4C, 0xBE2C, 0xB62C, 0xB62D, 0xB60D, 0xB64E, 0x94EA, 0x9D0B, 0x52C9, 0x73A5, 0xBCC2,
    0x2041, 0x5943, 0x3164, 0xBDA2, 0x8C21, 0x5B0A, 0x722C, 0xD9F4, 0x5909, 0x0000, 0x0000, 0x0000,
    0xB5B6, 0xFFFF, 0x724D, 0x994F, 0xB9D1, 0xFA58, 0xFA37, 0xFA57, 0xFA58, 0xFA8C, 0xF5A2, 0x31E2,
    0x5122, 0xE3C4, 0xFB0E, 0xFA39, 0xFA51, 0xF542, 0xFFC3, 0x38E1, 0x0000, 0x0020, 0x0000, 0x0000,
    0x0000, 0x0000, 0x0000, 0x0000, 0x0000, 0x0000, 0x0000, 0x0000, 0x0000, 0x0000, 0x0020, 0x0000,
    0x9243, 0xFFE3, 0xF522, 0xFA4F, 0xFA58, 0xFA57, 0xFA56, 0xF326, 0xFFE2, 0xD543, 0x9A41, 0x8CF0,
    0x019F, 0xB54C, 0xED00, 0xD4A1, 0xC3C2, 0x6942, 0xC286, 0xC266, 0xC266, 0xBA45, 0xBA45, 0xBA45,
    0xBA65, 0xBA45, 0xB244, 0xB244, 0xB244, 0xBA44, 0xBA44, 0xC284, 0xE2C6, 0xFAEC, 0xFA75, 0xF238,
    0xFA38, 0xFAB0, 0x6123, 0xDA16, 0xFA78, 0xE236, 0x3083, 0x71C3, 0x7244, 0x8283, 0x82A2, 0x82A2,
    0x8AC2, 0x8AC2, 0x8AE2, 0x8AE2, 0x82A3, 0x82E3, 0x8B23, 0x9284, 0x91E3, 0x81C2, 0x7182, 0x6163,
    0x6982, 0xA241, 0xE402, 0xECC2, 0xFDE3, 0xEE87, 0x9D8E, 0x3B57, 0x01DD, 0x09FD, 0x123C, 0x121C,
    0x123D, 0x123C, 0x123D, 0x123C, 0x123D, 0x123C, 0x123C, 0x01BE, 0x74B2, 0xF5C2, 0x1001, 0xB5E2,
    0xFFE2, 0xFFE2, 0xCE63, 0x52A2, 0xDEE3, 0xFFE2, 0xFFE2, 0x7BC2, 0x0020, 0x0880, 0x18A1, 0x2962,
    0xF7C2, 0xCE82, 0x1001, 0xE3E4, 0xFFE2, 0xFFE2, 0xEF42, 0xFFE2, 0xFFE1, 0xFFE2, 0xFFE2, 0xFFE0,
    0xF7AC, 0xFFEC, 0xA421, 0x0000, 0x0820, 0x0000, 0xC602, 0xFFE2, 0x7AC3, 0xDE03, 0x18A0, 0xAB27,
    0xA58F, 0x9B02, 0xC9B4, 0xFA78, 0xFA78, 0x8109, 0xECA2, 0x53D6, 0x01DE, 0x123C, 0x123C, 0x09FD,
    0xAD8A, 0xAA68, 0xF218, 0xFA57, 0xF278, 0x892B, 0xDCA1, 0x7CB2, 0x01BD, 0x09DE, 0x6453, 0xFDE1,
    0xBB82, 0xC3C2, 0xC3C2, 0xC3C2, 0xC3C2, 0xC3C2, 0xC3E1, 0xC3E2, 0xC3E1, 0xC3E2, 0xC3E1, 0xB382,
    0xAB42, 0x9AA2, 0xA2A4, 0x8203, 0x0800, 0x1821, 0xAB62, 0xFFE2, 0xFFE3, 0x73E0, 0x58AA, 0xFA76,
    0x38CA, 0x0134, 0x5B0F, 0xD6DA, 0xFFFF, 0xCEB9, 0x816C, 0x794B, 0xB9D2, 0xFA78, 0xFA57, 0xFA57,
    0xFA58, 0xF254, 0xFB85, 0x61C2, 0x8202, 0xFBA9, 0xF218, 0xFA58, 0xFA30, 0xF562, 0xFFC3, 0x38E1,
    0x0000, 0x0020, 0x0000, 0x0000, 0x0000, 0x0000, 0x0000, 0x0000, 0x0000, 0x0000, 0x0000, 0x0000,
    0x0000, 0x0000, 0x0020, 0x0000, 0x9263, 0xFFE3, 0xF522, 0xFA4F, 0xFA58, 0xFA57, 0xFA36, 0xF326,
    0xFFE2, 0xD543, 0x9A41, 0x8CF0, 0x01BF, 0x946C, 0x8947, 0x890E, 0x914D, 0x916D, 0x916D, 0x916D,
    0x916D, 0x916D, 0x916D, 0x996D, 0x996D, 0x998E, 0x996E, 0x998E, 0x998E, 0xA18E, 0xA18F, 0x916D,
    0x7148, 0x7182, 0xDAC4, 0xFAB1, 0xFA59, 0xB226, 0x792A, 0xFA79, 0xF236, 0xFA99, 0x892E, 0xB301,
    0xDE89, 0x6C53, 0x7C92, 0x7472, 0x7472, 0x7C92, 0x6C34, 0x7492, 0xE766, 0xFF83, 0xF4E2, 0xB2C2,
    0x91E5, 0x91C9, 0xA1CC, 0xB1CE, 0xB9EF, 0xB1CF, 0xA16D, 0x996A, 0x99A6, 0xBAA2, 0xF4A1, 0xFE83,
    0xA5EC, 0x2AD9, 0x01BE, 0x123C, 0x123C, 0x123D, 0x123C, 0x123D, 0x123C, 0x123C, 0x123D, 0x09FD,
    0xD6A9, 0xA2C1, 0x2101, 0xFFC2, 0xFFE1, 0xEF82, 0xAD63, 0xF7A2, 0xFFE1, 0xFFC3, 0x6B02, 0x0000,
    0x3084, 0x58E9, 0x0000, 0x0000, 0xBDC2, 0xFFC3, 0x2121, 0xA1E3, 0xFF62, 0xEFA2, 0xB583, 0xFFE3,
    0xFFC2, 0xFFE0, 0xFFE1, 0xF7AB, 0xFFED, 0xD5E2, 0x0820, 0x5908, 0x2083, 0x0000, 0x7BC2, 0xEFA2,
    0x82C2, 0x9CA3, 0x3060, 0xA44D, 0xB548, 0x9188, 0xFA59, 0xF256, 0xFA78, 0xB9B3, 0xAA62, 0xC56B,
    0x021D, 0x123C, 0x123C, 0x09FE, 0xAD8A, 0xAA67, 0xF218, 0xFA56, 0xFA58, 0xF258, 0x8929, 0xE502,
    0x6454, 0x013F, 0x7494, 0xBC42, 0x90F0, 0xC1B3, 0xB993, 0xB993, 0xB993, 0xB993, 0xB993, 0xB972,
    0xB992, 0xB992, 0xB972, 0xB992, 0xB992, 0xC1D3, 0x996F, 0x0001, 0x5222, 0x79E3, 0x59A2, 0xF763,
    0xFFE2, 0xD6E3, 0x0802, 0x792C, 0x3146, 0x1149, 0x52AD, 0xAD56, 0xFFFF, 0x838F, 0xB190, 0x40C6,
    0xDA14, 0xFA58, 0xFA57, 0xFA57, 0xFA57, 0xF238, 0xFAD1, 0x6122, 0x5961, 0xFB8A, 0xF237, 0xFA58,
    0xFA30, 0xF562, 0xFFC3, 0x38E1, 0x0000, 0x0000, 0x0000, 0x0000, 0x0000, 0x0000, 0x0000, 0x0000,
    0x0000, 0x0000, 0x0000, 0x0000, 0x0000, 0x0000, 0x0020, 0x0000, 0x9263, 0xFFE3, 0xF522, 0xFA4F,
    0xFA58, 0xFA57, 0xFA56, 0xF346, 0xFFE1, 0xD543, 0x9A41, 0x8CF0, 0x01BF, 0x946B, 0xCA4D, 0xFA7B,
    0xFA78, 0xFA79, 0xFA79, 0xFA79, 0xFA79, 0xFA79, 0xFA79, 0xFA79, 0xFA79, 0xFA79, 0xFA78, 0xFA78,
    0xFA78, 0xFA78, 0xFA78, 0xFA78, 0xFA58, 0xC1D4, 0x6106, 0xCAA4, 0xFB0E, 0x6123, 0xC9F4, 0xFA78,
    0xF237, 0xFA57, 0xE237, 0x60C4, 0xE4E5, 0x22BA, 0x019F, 0x01DE, 0x01DE, 0x015F, 0x22D9, 0xC66A,
    0xED02, 0x89C2, 0x68E8, 0xA170, 0xDA16, 0xFA39, 0xFA5A, 0xFA5A, 0xFA5A, 0xFA5A, 0xFA5A, 0xFA59,
    0xE237, 0xB9D2, 0x916B, 0xAA04, 0xFCC1, 0xF705, 0x5C34, 0x01BE, 0x123D, 0x123C, 0x123D, 0x123D,
    0x123D, 0x123C, 0x09FD, 0x2B18, 0xFEE4, 0x4061, 0x73E2, 0xFFE2, 0xF7C2, 0xF7C2, 0xFFE2, 0xFFE1,
    0xEF63, 0x5282, 0x0000, 0x48E4, 0xE236, 0xFA78, 0x5908, 0x0000, 0x52A2, 0xFFE2, 0x8CC2, 0x2801,
    0xFE03, 0xDF03, 0xB581, 0xFFF0, 0xF7DB, 0xFFD1, 0xF7AF, 0xFFE9, 0xEE82, 0x1880, 0x1863, 0x30A5,
    0x0820, 0x0000, 0x52A1, 0xE743, 0x9322, 0x5AA2, 0x5923, 0xC5CD, 0xA3C3, 0xB171, 0xFA79, 0xFACC,
    0xFA75, 0xFA79, 0x8129, 0xECE2, 0x4BB6, 0x09DE, 0x125C, 0x09FD, 0xAD8A, 0xA267, 0xF219, 0xFACD,
    0xFA92, 0xFA59, 0xEA37, 0x9148, 0xED43, 0x4358, 0x5C15, 0xC482, 0xD1B4, 0xFA99, 0xFA78, 0xFA98,
    0xFA98, 0xFA99, 0xFA99, 0xFA98, 0xFA99, 0xFA99, 0xFA99, 0xFA99, 0xFA79, 0xDA35, 0x2044, 0x3A02,
    0xDEE4, 0xF623, 0x50C3, 0xB362, 0xFE61, 0xCCE2, 0x3101, 0x93C1, 0xC4E2, 0xC561, 0x9D01, 0x52C1,
    0x31C7, 0xBA12, 0x80CD, 0x1003, 0xF238, 0xFA78, 0xFA57, 0xFA57, 0xFA57, 0xFA57, 0xE235, 0x1842,
    0x69A1, 0xFB6B, 0xF237, 0xFA58, 0xFA30, 0xF562, 0xFFC3, 0x38E1, 0x0000, 0x0000, 0x0000, 0x0000,
    0x0000, 0x0000, 0x0000, 0x0000, 0x0000, 0x0000, 0x0000, 0x0000, 0x0000, 0x0000, 0x0020, 0x0000,
    0x9263, 0xFFE3, 0xF502, 0xFA50, 0xFA58, 0xFA57, 0xFA36, 0xF346, 0xFFE2, 0xD523, 0x9A61, 0x8CF0,
    0x01BF, 0x948B, 0xC22C, 0xFA38, 0xF257, 0xF238, 0xF238, 0xFA58, 0xFA57, 0xFA58, 0xFA57, 0xFA58,
    0xFA58, 0xFA58, 0xFA58, 0xFA58, 0xFA58, 0xFA57, 0xFA58, 0xF238, 0xFA57, 0xFA78, 0xEA37, 0x7948,
    0xAA61, 0x6909, 0xFA78, 0xFA37, 0xFA91, 0xF255, 0xFA99, 0x914F, 0xA280, 0xB54D, 0x01FD, 0x1A5C,
    0x01DE, 0x53F5, 0xFF44, 0xC380, 0x58A5, 0xA191, 0xFA78, 0xFA5A, 0xFA57, 0xFA93, 0xFAD0, 0xFAED,
    0xFAEC, 0xFAED, 0xFACF, 0xFAB2, 0xFA76, 0xFA59, 0xFA79, 0xC9F4, 0x9149, 0xCAE2, 0xFEC2, 0x7D10,
    0x01BD, 0x123D, 0x123C, 0x121C, 0x123D, 0x123C, 0x01BE, 0x5C34, 0xF5C2, 0x1001, 0xC642, 0xFFE2,
    0xF7C2, 0xF7C2, 0xFFE2, 0xDEC3, 0x2961, 0x0000, 0x5908, 0xFB27, 0xFACF, 0xF238, 0xFA77, 0x48A7,
    0x0880, 0xF783, 0xF7A2, 0x18E1, 0xB2C3, 0xE6C3, 0xAD82, 0xFFC5, 0xF7AC, 0xF7E9, 0xFFE3, 0xEE42,
    0x20C0, 0x40A7, 0x48E7, 0x0000, 0x0865, 0x0845, 0x8422, 0xDF23, 0x9B63, 0x4182, 0xAAE4, 0xF6C5,
    0x81C6, 0xEA18, 0xFA74, 0xEB03, 0xF2AE, 0xFA79, 0xB192, 0xAA81, 0xBD6C, 0x01FD, 0x1A3C, 0x01FE,
    0xA58B, 0xA287, 0xF21A, 0xFACB, 0xEAE4, 0xFA94, 0xFA58, 0xE217, 0x91A6, 0xD506, 0x9DCF, 0xB423,
    0xC193, 0xFA77, 0xF2CA, 0xE288, 0xE268, 0xE268, 0xE269, 0xE269, 0xE269, 0xE269, 0xE269, 0xE269,
    0xFB0A, 0xB20C, 0x0021, 0xD683, 0xFFE2, 0xEE02, 0xD24A, 0xB1AE, 0xFA8D, 0xD20B, 0xD2C6, 0xFB0A,
    0xEA6D, 0xEAC9, 0xC304, 0xE684, 0x73C1, 0x7A46, 0x83A3, 0x62E3, 0x7267, 0x998F, 0xFA58, 0xFA57,
    0xFA58, 0xE235, 0x998E, 0x0000, 0x4921, 0xFBE8, 0xFA17, 0xFA59, 0xFA50, 0xF582, 0xFFA3, 0x38E1,
    0x0000, 0x0000, 0x0000, 0x0000, 0x0000, 0x0000, 0x0000, 0x0000, 0x0000, 0x0000, 0x0000, 0x0000,
    0x0000, 0x0000, 0x0020, 0x0000, 0x9263, 0xFFE3, 0xF502, 0xFA50, 0xFA58, 0xFA57, 0xFA56, 0xF346,
    0xFFE1, 0xD503, 0x9A41, 0x8CF0, 0x01BF, 0x948B, 0xC22C, 0xFA3A, 0xFA91, 0xFAEA, 0xFAAB, 0xFAAB,
    0xF28B, 0xF28B, 0xF28B, 0xF28B, 0xF28B, 0xEA8B, 0xEA6B, 0xEA6B, 0xEA6B, 0xEA6A, 0xFAAC, 0xFAB1,
    0xFA77, 0xF237, 0xFA78, 0xE235, 0x2062, 0xB9D1, 0xFA79, 0xF256, 0xFB25, 0xFAAE, 0xFA38, 0xF257,
    0x60C6, 0xECC3, 0x4B97, 0x015F, 0x4BD5, 0xFF24, 0x9241, 0x58A9, 0xE256, 0xFA7A, 0xFA56, 0xFACE,
    0xFB08, 0xDA84, 0xBA23, 0xA222, 0x9A02, 0x9A02, 0xB223, 0xDA84, 0xFB07, 0xFAED, 0xFA54, 0xFA59,
    0xF278, 0xA18E, 0xB223, 0xFE82, 0x8530, 0x01BE, 0x123C, 0x123D, 0x123D, 0x123C, 0x01BE, 0x74D2,
    0xD4C2, 0x1862, 0xEF63, 0xFFE1, 0xFFE2, 0xFFE2, 0xB583, 0x1081, 0x1021, 0x712B, 0xFA97, 0xC266,
    0xBA62, 0xFAD1, 0xF239, 0xF277, 0x3846, 0x73E1, 0xFFE3, 0x6BA1, 0x68C2, 0xFD44, 0xDF23, 0xFFE1,
    0xFFE0, 0xFF81, 0xCCA3, 0x1840, 0x3886, 0xF276, 0x2862, 0x0043, 0x00AE, 0x8C22, 0xBDC3, 0xE743,
    0x8B83, 0x4943, 0xDC43, 0xCD21, 0x992E, 0xFA7A, 0xFACC, 0x6981, 0xD2A7, 0xFA76, 0xF258, 0x8128,
    0xED23, 0x4377, 0x09FD, 0x09FD, 0xA58B, 0xA286, 0xF219, 0xFACC, 0x61A1, 0xCA86, 0xFA94, 0xFA59,
    0xDA16, 0x9186, 0xFEA2, 0xB443, 0xC193, 0xFA97, 0xD285, 0x72C1, 0x8BC2, 0x8382, 0x8382, 0x8362,
    0x8342, 0x8341, 0x8341, 0x62A1, 0xAA43, 0x9185, 0x29C1, 0xF7C3, 0xCC83, 0x38C0, 0xA9CB, 0xFAF9,
    0xFA98, 0xFA59, 0xFA56, 0xFA38, 0xFA58, 0xFA57, 0xFA54, 0xEAC8, 0xEE43, 0x8382, 0xDC23, 0xD3A2,
    0xDC02, 0x8B82, 0x898D, 0xF258, 0xFA58, 0xB1D1, 0x38A5, 0x0000, 0x3082, 0xD403, 0xFBEB, 0xFA18,
    0xFA50, 0xFDA2, 0xFFA3, 0x38C1, 0x0000, 0x0000, 0x0000, 0x0000, 0x0000, 0x0000, 0x0000, 0x0000,
    0x0000, 0x0000, 0x0000, 0x0000, 0x0000, 0x0000, 0x0020, 0x0000, 0x9263, 0xFFE3, 0xF502, 0xFA50,
    0xFA58, 0xFA57, 0xFA36, 0xF366, 0xFFE2, 0xD503, 0x9241, 0x8CF0, 0x01BF, 0x94AB, 0xBA2B, 0xFA3A,
    0xFACE, 0x9A41, 0x7AC2, 0x8B22, 0x8B22, 0x8B22, 0x8B22, 0x8B22, 0x8322, 0x8322, 0x8B42, 0x8342,
    0x8342, 0x8342, 0x82A2, 0xA203, 0xEAA8, 0xFA94, 0xF238, 0xFA77, 0xB9D1, 0xEA56, 0xFA38, 0xFAD0,
    0x89A1, 0xDAA6, 0xFA75, 0xFA79, 0xA191, 0x9200, 0xC52C, 0x2B18, 0xFF25, 0x9240, 0x68CB, 0xFA98,
    0xFA58, 0xFAB1, 0xFB07, 0xBA43, 0x8242, 0x8BA3, 0xA523, 0xBE03, 0xC642, 0xBE02, 0xA523, 0x8383,
    0x7222, 0xAA02, 0xFB05, 0xFACF, 0xFA38, 0xFA79, 0xA9B0, 0xAA03, 0xFEC2, 0x6453, 0x01BE, 0x123C,
    0x121C, 0x123C, 0x01BE, 0x6C74, 0xCC82, 0x1881, 0xFFE3, 0xE703, 0xD6A3, 0x7BE2, 0x0000, 0x81A3,
    0x9A44, 0xD9F6, 0xFA97, 0xB226, 0x20C1, 0xCA84, 0xFAB2, 0xFA39, 0xEA56, 0x3885, 0x7401, 0xAD63,
    0x40A2, 0xCAA4, 0xEC23, 0xED03, 0xCC04, 0x71C2, 0x0800, 0x60E9, 0xF277, 0xF2CC, 0x1020, 0x08EC,
    0x08ED, 0xD681, 0x8C63, 0xBE03, 0x8BE3, 0x3903, 0xCB43, 0x9A64, 0xD9D6, 0xFA96, 0xCA85, 0x94C3,
    0x9AA2, 0xFA8F, 0xFA59, 0xB192, 0xB2C1, 0xB56D, 0x01FD, 0x09FE, 0xA58B, 0xA266, 0xF219, 0xF26B,
    0x93C2, 0x8BE3, 0xD226, 0xFA94, 0xFA59, 0xD1D5, 0xA245, 0xBB23, 0xC9D4, 0xFAB8, 0xC227, 0xBDE2,
    0xFFE2, 0xFFE2, 0xFFE2, 0xFFE2, 0xFFE2, 0xFFE2, 0xFFE2, 0xD703, 0x9A44, 0x6903, 0x4AE1, 0xFF03,
    0xB9C3, 0x18E1, 0xAC46, 0x9386, 0xA3C5, 0xBA6D, 0xFA57, 0xFA18, 0xFA37, 0xF257, 0xFA58, 0xFA36,
    0xF326, 0xDB22, 0xEA6B, 0xF26D, 0xE268, 0xAA82, 0x8A03, 0xC1F0, 0xD1F4, 0xA1AF, 0x30A5, 0x0000,
    0xAA63, 0xF404, 0xF405, 0xFA54, 0xFA51, 0xFD82, 0xFFA3, 0x30C1, 0x0000, 0x0000, 0x0000, 0x0000,
    0x0000, 0x0000, 0x0000, 0x0000, 0x0000, 0x0000, 0x0000, 0x0000, 0x0000, 0x0000, 0x0020, 0x0000,
    0x9263, 0xFFE3, 0xF4E2, 0xFA50, 0xFA58, 0xFA57, 0xFA56, 0xF366, 0xFFE2, 0xD503, 0x9241, 0x8CF0,
    0x01BF, 0x94AB, 0xBA2B, 0xFA3A, 0xFAAF, 0x7A02, 0xD723, 0xFFE2, 0xF7E2, 0xFFE2, 0xFFE2, 0xFFE2,
    0xFFE2, 0xFFE2, 0xFFE2, 0xFFE2, 0xFFE2, 0xFFE2, 0xEFC2, 0xBE03, 0x7AE1, 0xD285, 0xFA94, 0xFA38,
    0xFA78, 0xFA57, 0xFA77, 0xDA88, 0x6322, 0x9242, 0xFACD, 0xF238, 0xFA78, 0x60C7, 0xCBE3, 0xEF86,
    0xAB21, 0x5889, 0xFA98, 0xFA38, 0xFAEE, 0xE2C4, 0x8202, 0x9483, 0xDF42, 0xFFE2, 0xFFE2, 0xFFE2,
    0xFFE2, 0xFFE2, 0xFFE2, 0xFFE2, 0xE742, 0x94A3, 0x69E2, 0xD2A3, 0xFB0B, 0xF237, 0xFA79, 0xA990,
    0xC2C2, 0xF705, 0x2AF9, 0x09FD, 0x123C, 0x123C, 0x09FD, 0x3339, 0xEDE4, 0x1801, 0x52E2, 0x39E2,
    0x0061, 0x0000, 0xA203, 0xFEA3, 0x92C3, 0xC995, 0xFAB7, 0xB1E6, 0x8CA3, 0x6AC2, 0xCA44, 0xFAB3,
    0xFA39, 0xEA56, 0x2004, 0x18E1, 0x0020, 0x0000, 0x2021, 0x2021, 0x0000, 0x1003, 0xC212, 0xFA79,
    0xFACD, 0x8A22, 0x0840, 0x1172, 0x0155, 0xAD41, 0xF7A2, 0xF782, 0x9463, 0x3122, 0x91E2, 0x99AB,
    0xFA5A, 0xFA8F, 0x9AC2, 0xF7E3, 0x9422, 0xDA47, 0xFA76, 0xF258, 0x8128, 0xED43, 0x3B58, 0x019F,
    0xA58B, 0xA266, 0xF219, 0xEA6C, 0xA3E1, 0xF7E3, 0x8B62, 0xD267, 0xFA95, 0xFA59, 0xD214, 0x6124,
    0xC9F3, 0xFA98, 0xC227, 0xBDA2, 0xFFC2, 0xF7A2, 0xFFC2, 0xFFC2, 0xFFC2, 0xFFC2, 0xFFE2, 0xCEC2,
    0x9A64, 0x99A7, 0x1941, 0xFEC3, 0xF324, 0x30A1, 0x0040, 0x0881, 0x10C3, 0x2100, 0xC4A6, 0xE3ED,
    0xFA76, 0xFA79, 0xFA57, 0xFA58, 0xFA73, 0xFAAE, 0xFA58, 0xFA58, 0xFA77, 0xCA0E, 0xE2E4, 0xF28F,
    0xF237, 0xFA98, 0x690A, 0x1040, 0xAAA3, 0xFBC7, 0xF215, 0xFA58, 0xFA50, 0xF5A2, 0xFFA3, 0x38C1,
    0x0000, 0x0000, 0x0000, 0x0000, 0x0000, 0x0000, 0x0000, 0x0000, 0x0000, 0x0000, 0x0000, 0x0000,
    0x0000, 0x0000, 0x0020, 0x0000, 0x9283, 0xFFE3, 0xF4E2, 0xFA50, 0xFA58, 0xFA57, 0xFA36, 0xF366,
    0xFFE1, 0xD503, 0x9241, 0x8CF0, 0x01BF, 0x94AB, 0xBA2B, 0xFA3A, 0xFAAF, 0x8222, 0xDF22, 0xFFE2,
    0xFFC2, 0xFFE2, 0xFFC2, 0xFFC2, 0xFFC2, 0xFFC2, 0xFFE2, 0xFFC2, 0xFFC2, 0xFFE2, 0xFFC2, 0xFFE2,
    0xEFA3, 0x8322, 0xE288, 0xFA77, 0xFA57, 0xFA38, 0xFAB2, 0x9A43, 0xEFA3, 0x83C2, 0xD245, 0xFA94,
    0xFA59, 0xB9B2, 0x79A2, 0xEC43, 0x4085, 0xEA57, 0xFA38, 0xFACE, 0xDAA3, 0x7283, 0xCEA3, 0xFFE2,
    0xFFE2, 0xFFC2, 0xFFC2, 0xFFC2, 0xFFC2, 0xFFC2, 0xFFC2, 0xFFC2, 0xFFE2, 0xFFE2, 0xD6E2, 0x6AA3,
    0xC242, 0xFB0B, 0xF237, 0xFA79, 0x914C, 0xEC81, 0xAE0C, 0x01DD, 0x123C, 0x123D, 0x123D, 0x01DD,
    0xADCC, 0xCCC0, 0x2020, 0x1000, 0x40A1, 0xC381, 0xFEC4, 0xCEC8, 0x9AC3, 0xD1B5, 0xFAB7, 0xA9C6,
    0xA542, 0xEF83, 0x51E2, 0xD285, 0xFAB3, 0xFA59, 0xE255, 0x2023, 0x0000, 0x0000, 0x0000, 0x0000,
    0x0821, 0xCA12, 0xFA7A, 0xFACF, 0x9A02, 0xA524, 0x2940, 0x0933, 0x09DC, 0x428B, 0xFFC1, 0xFFE2,
    0xA523, 0x2102, 0x40E2, 0xD214, 0xFA98, 0xD247, 0xA4C2, 0xFFE2, 0xD6C3, 0x9222, 0xFAB0, 0xFA59,
    0xB192, 0xB301, 0xAD6E, 0x019F, 0xAD8B, 0xA265, 0xF219, 0xF26C, 0x9BC2, 0xFFE2, 0xEFA3, 0x8B62,
    0xDA67, 0xFA95, 0xFA59, 0xC1D2, 0xDA14, 0xFA97, 0xC227, 0xBDA2, 0xFFE2, 0xFFC2, 0xFFE2, 0xFFE2,
    0xFFE2, 0xFFC2, 0xFFE2, 0xD6E2, 0x9A43, 0xCA0B, 0x39E2, 0xFFA2, 0xFBA4, 0x5922, 0x0000, 0x2945,
    0xF7BE, 0x9493, 0x4A87, 0x31C3, 0x38A4, 0xA9B0, 0xF257, 0xFA78, 0xF257, 0xE216, 0xFA57, 0xFA57,
    0xFA58, 0xEA37, 0xF253, 0xFA76, 0xF237, 0xFA99, 0x790D, 0x30C0, 0xD2C5, 0xF443, 0xF290, 0xFA3A,
    0xFA4F, 0xF5A2, 0xFFA3, 0x38C1, 0x0000, 0x0000, 0x0000, 0x0000, 0x0000, 0x0000, 0x0000, 0x0000,
    0x0000, 0x0000, 0x0000, 0x0000, 0x0000, 0x0000, 0x0020, 0x0000, 0x9283, 0xFFE3, 0xF4E2, 0xFA50,
    0xFA58, 0xFA57, 0xFA36, 0xF366, 0xFFE2, 0xD4E3, 0x9241, 0x8CF0, 0x019F, 0x94CB, 0xB22A, 0xFA3A,
    0xFAAF, 0x8222, 0xDF22, 0xFFE2, 0xFFE2, 0xFFE2, 0xFFE2, 0xFFE2, 0xFFE2, 0xFFE2, 0xFFE2, 0xFFE2,
    0xFFC1, 0xFFA1, 0xFFE2, 0xF7C2, 0xFFE2, 0xD6E3, 0x9A43, 0xFAB2, 0xF238, 0xFA77, 0xDA49, 0x9422,
    0xFFE2, 0xD6E3, 0x7A02, 0xFAEB, 0xF238, 0xFA78, 0x7949, 0x3080, 0xB1D2, 0xFA59, 0xFAB1, 0xE2C4,
    0x72A3, 0xE762, 0xFFE2, 0xF7C2, 0xFFE2, 0xFFE2, 0xFFE2, 0xFFE2, 0xFFE2, 0xFFE2, 0xFFE2, 0xFFE2,
    0xFFE2, 0xF7C2, 0xFFE2, 0xEFC2, 0x72E2, 0xD283, 0xFACE, 0xFA59, 0xE216, 0xA1A5, 0xFE83, 0x4397,
    0x09DE, 0x123C, 0x123C, 0x0A1D, 0x1A7B, 0xB62C, 0xEE85, 0xEDC4, 0xFE85, 0xD6A8, 0x4376, 0x7452,
    0xA302, 0xC995, 0xFAB7, 0xB1E6, 0x94C2, 0xFFE2, 0xD6E3, 0x51C1, 0xE2A6, 0xFA94, 0xFA59, 0xDA34,
    0x2043, 0x0000, 0x0821, 0x0000, 0x998E, 0xFA5A, 0xFAB2, 0xB204, 0x9482, 0xF7A3, 0x0840, 0x09B6,
    0x1173, 0x0953, 0xC622, 0xFFE2, 0xBDE3, 0x0020, 0x50C7, 0xFA79, 0xFA92, 0xA283, 0xDF22, 0xFFE2,
    0xFFE2, 0x93E2, 0xDA68, 0xFA77, 0xF258, 0x8948, 0xED83, 0x22DA, 0x9D4C, 0xA285, 0xF219, 0xF26C,
    0x9BC1, 0xFFE2, 0xFFC2, 0xEFA3, 0x9362, 0xE287, 0xFA96, 0xFA58, 0xFA57, 0xFA77, 0xCA27, 0xBDA2,
    0xFFE2, 0xFFC2, 0xFFE2, 0xFFE2, 0xFFE2, 0xFFC2, 0xFFE2, 0xD6E2, 0xA284, 0x7925, 0x52E1, 0xFFE3,
    0xCB44, 0x0800, 0x1082, 0x1082, 0x4A49, 0x9CD3, 0xA535, 0x6B2D, 0x0000, 0x0000, 0x814C, 0x896D,
    0x48C7, 0x30A5, 0x814C, 0xFA78, 0xFA57, 0xE235, 0xA190, 0xC1D3, 0xFA78, 0xF257, 0xE292, 0x2042,
    0x4901, 0xFCE4, 0xFBED, 0xF217, 0xF210, 0xF5C2, 0xFF83, 0x30A1, 0x0000, 0x0000, 0x0000, 0x0000,
    0x0000, 0x0000, 0x0000, 0x0000, 0x0000, 0x0000, 0x0000, 0x0000, 0x0000, 0x0000, 0x0020, 0x0000,
    0x9263, 0xFFE3, 0xF4E2, 0xFA50, 0xFA58, 0xFA57, 0xFA36, 0xF385, 0xFFE2, 0xD4E3, 0x9241, 0x8CF0,
    0x019F, 0x94CB, 0xB22A, 0xFA3A, 0xFAAF, 0x8222, 0xD702, 0xFFE2, 0xFFE2, 0xFFE2, 0xFFE2, 0xFFE2,
    0xFFE2, 0xFFE2, 0xFFE2, 0xFF02, 0xF3E5, 0xF348, 0xF5E2, 0xFFE2, 0xFFC2, 0xFFE2, 0x8B42, 0xF26C,
    0xFA59, 0xFAB3, 0xA243, 0xD6C2, 0xFFE2, 0xFFE2, 0x8C42, 0xC224, 0xFAB3, 0xFA59, 0xC9F3, 0x58E9,
    0xFA78, 0xFA56, 0xFB07, 0x8222, 0xDF03, 0xFFE2, 0xFFC2, 0xFFE2, 0xFFE2, 0xFFE2, 0xFFE2, 0xFFE2,
    0xFFE2, 0xFFE2, 0xFFE2, 0xFFE2, 0xFFE2, 0xFFE2, 0xF7A2, 0xFFE1, 0xF7E3, 0x6223, 0xEAE4, 0xFA93,
    0xFA79, 0xA16F, 0xE440, 0xA5CD, 0x01BE, 0x123C, 0x121C, 0x123C, 0x121D, 0x01DD, 0x2ADA, 0x4397,
    0x2B18, 0x0A1C, 0x015F, 0x84B2, 0xA302, 0xC995, 0xFAB7, 0xB1E7, 0x94C2, 0xFFE2, 0xFFE2, 0xCEA3,
    0x59A1, 0xEAC7, 0xFA75, 0xFA59, 0xD214, 0x1842, 0x0000, 0x712A, 0xFA79, 0xFA94, 0xCA45, 0x7322,
    0xFFE2, 0xBDA2, 0x0003, 0x11D6, 0x08EB, 0x0135, 0xA523, 0xFFC2, 0xDEE3, 0x0040, 0xA9B0, 0xFA99,
    0xE26A, 0x93E2, 0xFFE2, 0xFFC2, 0xFFE2, 0xCEC2, 0x9A23, 0xFAB1, 0xFA79, 0xB191, 0xBB41, 0x94F0,
    0x950D, 0xA284, 0xF219, 0xF26C, 0x93A1, 0xFFE2, 0xFFC2, 0xFFE2, 0xEFA3, 0x9362, 0xE288, 0xFA96,
    0xF238, 0xFA97, 0xC227, 0xBDA1, 0xFFE2, 0xFFC2, 0xFFE2, 0xFFE2, 0xFFE2, 0xFFC2, 0xFFE1, 0xD702,
    0x9264, 0x3861, 0x7402, 0xF7A3, 0x5A01, 0x2105, 0x6B6D, 0x18E3, 0x2124, 0x0000, 0x0000, 0x0000,
    0x0000, 0x0000, 0x0000, 0x0000, 0x3084, 0x2884, 0x998E, 0xFA58, 0xF237, 0xFA99, 0x814C, 0x916D,
    0xF278, 0x60C7, 0xF584, 0xD543, 0x4082, 0x4901, 0xDCC3, 0xFCA6, 0xFB48, 0xF5C2, 0xFF83, 0x30A1,
    0x0000, 0x0000, 0x0000, 0x0000, 0x0000, 0x0000, 0x0000, 0x0000, 0x0000, 0x0000, 0x0000, 0x0000,
    0x0000, 0x0000, 0x0020, 0x0000, 0x9283, 0xFFE3, 0xF4E2, 0xFA50, 0xFA58, 0xFA57, 0xFA36, 0xF385,
    0xFFE2, 0xD4E3, 0x9241, 0x8CF0, 0x019F, 0x94CB, 0xB229, 0xFA3A, 0xFAAF, 0x8A22, 0xD702, 0xFFE2,
    0xFFE2, 0xFFE2, 0xFFE2, 0xFFE2, 0xFFE2, 0xFFC2, 0xFFE2, 0xF484, 0xFA14, 0xFA38, 0xF2EA, 0xFF61,
    0xFFE2, 0xFFE2, 0x8C21, 0xD229, 0xFA79, 0xEA6A, 0x93C2, 0xFFE2, 0xFFC2, 0xFFE2, 0xE762, 0x7A42,
    0xFACA, 0xFA58, 0xFA57, 0xF256, 0xFA38, 0xFAEF, 0xB222, 0xA543, 0xFFE2, 0xF7C2, 0xFFE2, 0xFFE2,
    0xFFE2, 0xFFE2, 0xFFE2, 0xFFE2, 0xFFE2, 0xFFE2, 0xFFE2, 0xFFE2, 0xFFC2, 0xFFE2, 0xFFE2, 0xDF23,
    0x83C2, 0x9222, 0xF2E6, 0xF272, 0xFA58, 0xEA57, 0xA1E5, 0xEE45, 0x22BA, 0x09FD, 0x123C, 0x121C,
    0x123C, 0x123C, 0x09FD, 0x09DD, 0x09FD, 0x123C, 0x01DE, 0x84B1, 0xA302, 0xC995, 0xFAB8, 0xB1E7,
    0x94A2, 0xFFE2, 0xF7A2, 0xFFE2, 0xC643, 0x5981, 0xF2E8, 0xF276, 0xFA79, 0xC1F2, 0x58E8, 0xFA58,
    0xFA96, 0xE2A7, 0x6A62, 0xEF83, 0xFFE2, 0x6B40, 0x00AF, 0x08A7, 0x08A8, 0x017A, 0x6B42, 0xFFE2,
    0xC5E2, 0x10C0, 0x710C, 0xFAD6, 0xAA24, 0xC642, 0xFFE2, 0xFFC2, 0xFFC2, 0xFFE2, 0x8BC2, 0xE268,
    0xFA77, 0xF258, 0x8967, 0xDD46, 0xBE69, 0x9A65, 0xF219, 0xF26C, 0x93A1, 0xFFE2, 0xFFC2, 0xFFC2,
    0xFFE2, 0xEF83, 0x9B42, 0xEA88, 0xFA76, 0xFA77, 0xC227, 0xBDA2, 0xFFE2, 0xFFC2, 0xFFE2, 0xFFE2,
    0xFFE2, 0xFFE2, 0xFFE2, 0xDF22, 0x7A03, 0x1801, 0xA543, 0xF7A3, 0x2941, 0x18A3, 0x0020, 0x3064,
    0x4106, 0x0841, 0x0020, 0x0020, 0x0000, 0x0000, 0x0801, 0x918E, 0xFA78, 0xD213, 0xB9D2, 0xF257,
    0xFA57, 0xFA78, 0x2864, 0x916E, 0xD214, 0x1022, 0x8244, 0xFF42, 0xFDE3, 0x7145, 0x1802, 0x69E1,
    0xD3A3, 0xFE63, 0xF763, 0x30A1, 0x0000, 0x0000, 0x0000, 0x0000, 0x0000, 0x0000, 0x0000, 0x0000,
    0x0000, 0x0000, 0x0000, 0x0000, 0x0000, 0x0000, 0x0020, 0x0000, 0x9283, 0xFFE3, 0xF4C2, 0xFA50,
    0xFA58, 0xFA57, 0xFA36, 0xF385, 0xFFE2, 0xD4E3, 0x9241, 0x8CF0, 0x019F, 0x94CB, 0xB229, 0xFA3A,
    0xFAAF, 0x8A22, 0xD702, 0xFFE2, 0xFFC2, 0xFFE2, 0xFFE2, 0xFFE2, 0xFFE2, 0xFFC2, 0xFFE2, 0xF4A4,
    0xFA14, 0xFA18, 0xF309, 0xFF61, 0xF7E2, 0xFFE2, 0x8C21, 0xCA0A, 0xFAD5, 0xAA24, 0xC642, 0xFFE2,
    0xFFC2, 0xFFC2, 0xFFE2, 0x9D02, 0xB203, 0xFAB2, 0xF238, 0xFA57, 0xFA57, 0xF2C8, 0x82A2, 0xF7C2,
    0xFFC2, 0xFFE2, 0xFFE2, 0xFFE2, 0xFFE2, 0xFFE2, 0xFFE2, 0xFFE2, 0xFFE2, 0xFFE2, 0xFFE2, 0xFFC2,
    0xFFE2, 0xFFE2, 0x9D22, 0x7222, 0xC244, 0xFACD, 0xFA56, 0xFA79, 0xF258, 0x910F, 0x9223, 0xFEE3,
    0x4378, 0x09FE, 0x125D, 0x123D, 0x123D, 0x123D, 0x123D, 0x125D, 0x125D, 0x125C, 0x01BE, 0x84B1,
    0xA302, 0xC995, 0xFAB7, 0xB1E7, 0x94A2, 0xFFE2, 0xF7C2, 0xF7C2, 0xFFE2, 0xB5E3, 0x6161, 0xF2E9,
    0xFA56, 0xFA58, 0xFA78, 0xFA57, 0xF2C9, 0x69C1, 0xD6E3, 0xFFE2, 0xFFE2, 0x5AC2, 0x0067, 0x0820,
    0x1194, 0x123E, 0x194C, 0x6B64, 0x3A0B, 0x0045, 0x3085, 0xF28D, 0x9302, 0xF7C2, 0xFFE2, 0xFFE2,
    0xFFC2, 0xFFE2, 0xCE82, 0xA223, 0xFAB1, 0xFA79, 0xB191, 0xB322, 0xFFC3, 0x8A46, 0xF218, 0xF26C,
    0x9381, 0xFFE2, 0xFFC2, 0xFFE2, 0xFFC2, 0xFFE2, 0xE763, 0x9B42, 0xEA89, 0xFAB7, 0xC228, 0xBDC1,
    0xFFE2, 0xF7C2, 0xFFE2, 0xFFE2, 0xFFE2, 0xFFE2, 0xFFE2, 0xE722, 0x59A3, 0x0801, 0xCE62, 0xFFC2,
    0x62E3, 0x0000, 0x58EA, 0xF277, 0xEA36, 0xD234, 0x2063, 0x0000, 0x0000, 0x0000, 0x916D, 0xE235,
    0xD1F4, 0xC9F3, 0xC1D2, 0xFA58, 0xFA99, 0x712B, 0x0000, 0xEA56, 0xB9D1, 0x0020, 0x3045, 0xBA49,
    0xECE4, 0xFD85, 0xC329, 0x1804, 0x3021, 0xE444, 0xFF43, 0x30C1, 0x0000, 0x0000, 0x0000, 0x0000,
    0x0000, 0x0000, 0x0000, 0x0000, 0x0000, 0x0000, 0x0000, 0x0000, 0x0000, 0x0000, 0x0020, 0x0000,
    0x9A83, 0xFFE3, 0xF4C2, 0xFA50, 0xFA58, 0xFA57, 0xFA36, 0xF385, 0xFFE2, 0xCCC3, 0x9241, 0x94F0,
    0x019F, 0x94EB, 0xAA29, 0xFA1A, 0xFAAF, 0x8A22, 0xD702, 0xFFE2, 0xFFC2, 0xFFE2, 0xFFE2, 0xFFE2,
    0xFFE2, 0xFFC2, 0xFFE2, 0xFF42, 0xF445, 0xF3A7, 0xF622, 0xFFE2, 0xFFC2, 0xFFE2, 0x8361, 0xEA4C,
    0xF28D, 0x8B42, 0xF7E2, 0xFFC2, 0xFFE2, 0xFFE2, 0xFFC2, 0xF7A2, 0x7AA2, 0xF2A9, 0xFA57, 0xFA38,
    0xFAB4, 0xCA44, 0x9C83, 0xFFE2, 0xFFC2, 0xFFE2, 0xFFE2, 0xFFE2, 0xFFE2, 0xFFE2, 0xFFE2, 0xFFE2,
    0xFFE2, 0xFFC2, 0xFFE2, 0xFFE2, 0xC663, 0x72E2, 0xA1E3, 0xFACA, 0xFAB4, 0xFA59, 0xFA79, 0xB172,
    0x7126, 0xB440, 0xCE48, 0x4BB5, 0x09D9, 0x09DA, 0x09FA, 0x09FA, 0x09FA, 0x09FB, 0x09FB, 0x09FB,
    0x01DA, 0x123B, 0x01BE, 0x84D1, 0xA302, 0xC995, 0xFAB8, 0xB9E7, 0x94A2, 0xFFE2, 0xF7C2, 0xFFE2,
    0xF7C2, 0xFFE2, 0xAD83, 0x6961, 0xFB0A, 0xF257, 0xF238, 0xFB0C, 0x7181, 0xB5E3, 0xFFE2, 0xF7A2,
    0xFFE2, 0xCE63, 0x0000, 0x0000, 0x11B5, 0x125E, 0x09FC, 0x09BA, 0x643D, 0x0088, 0x2041, 0xB205,
    0xB543, 0xFFE2, 0xFFC2, 0xFFE2, 0xFFE2, 0xFFC2, 0xFFE2, 0x8B82, 0xEA89, 0xFA77, 0xF258, 0x8967,
    0xF602, 0x8A86, 0xEA18, 0xF26C, 0x9381, 0xFFE2, 0xFFC2, 0xFFE2, 0xFFE2, 0xFFC2, 0xFFE2, 0xE763,
    0x9B22, 0xF2C9, 0xCA47, 0xB5A2, 0xFFE2, 0xFFC2, 0xFFE2, 0xFFE2, 0xFFE2, 0xFFC2, 0xFFE2, 0xE742,
    0x4963, 0x0801, 0xD6A2, 0xF782, 0x94A4, 0xAC84, 0x8185, 0x6909, 0x916E, 0x794B, 0x0000, 0x0000,
    0x2063, 0x896D, 0xC9F3, 0xDA15, 0xFA57, 0xFA57, 0xFA78, 0xFA58, 0x792C, 0x0000, 0x712B, 0xFA9A,
    0xCA13, 0x50E8, 0x2884, 0xA1B0, 0xC1B2, 0xD22F, 0xEBC6, 0xEC27, 0x1881, 0x2041, 0xDBC4, 0x3901,
    0x0000, 0x0000, 0x0000, 0x0000, 0x0000, 0x0000, 0x0000, 0x0000, 0x0000, 0x0000, 0x0000, 0x0000,
    0x0000, 0x0000, 0x0020, 0x0000, 0x9283, 0xFFE3, 0xF4C2, 0xFA50, 0xFA58, 0xFA57, 0xFA36, 0xF3A5,
    0xFFE2, 0xCCC3, 0x9241, 0x8CF0, 0x019F, 0x94EB, 0xAA29, 0xFA1A, 0xFAAF, 0x8A22, 0xD702, 0xFFE2,
    0xFFE2, 0xFFE2, 0xFFE2, 0xFFE2, 0xFFE2, 0xFFE2, 0xFFE2, 0xFFE2, 0xFFE1, 0xFFE1, 0xFFE2, 0xF7C2,
    0xFFE2, 0xDF03, 0x9223, 0xFAEF, 0xB206, 0xB5C2, 0xFFE2, 0xFFC2, 0xFFE2, 0xFFE2, 0xFFC2, 0xFFE2,
    0xB5A3, 0xAA03, 0xFAD0, 0xF219, 0xFAD0, 0xAA23, 0xBE23, 0xFFE2, 0xFFC2, 0xFFE2, 0xFFE2, 0xFFE2,
    0xFFE2, 0xFFE2, 0xFFE2, 0xFFE2, 0xFFC1, 0xFFE2, 0xE782, 0x8C22, 0x81E2, 0xE287, 0xFAD1, 0xFA58,
    0xFA79, 0xD1F5, 0x790A, 0x9B01, 0xD605, 0x84F2, 0x123D, 0x019A, 0x818D, 0xBA4A, 0xA1CA, 0xA1C9,
    0xA1EA, 0xA1EA, 0x99CA, 0x99EA, 0xA22A, 0x294E, 0x01BF, 0x8CD1, 0xA2E2, 0xC995, 0xFAB7, 0xB9E7,
    0x9482, 0xFFE2, 0xFFC2, 0xFFE2, 0xFFE2, 0xF7C2, 0xFFE2, 0x9D23, 0x7161, 0xFB0C, 0xFB0F, 0x8982,
    0x94C2, 0xFFE2, 0xF7C2, 0xFFE2, 0xFFE2, 0xFFE2, 0x9CC3, 0x3181, 0x0866, 0x125D, 0x123D, 0x09FC,
    0x53DD, 0x194B, 0x2020, 0x8A64, 0xE762, 0xFFE2, 0xFFE2, 0xFFE2, 0xFFE2, 0xFFC2, 0xFFE2, 0xC663,
    0xAA23, 0xFAB2, 0xFA79, 0xA991, 0xBB22, 0x9A66, 0xEA18, 0xF28D, 0x9382, 0xFFE2, 0xFFC2, 0xFFE2,
    0xFFE2, 0xFFE2, 0xFFC2, 0xFFE1, 0xE763, 0xB363, 0xC204, 0xBDC2, 0xFFE2, 0xFFC2, 0xFFE2, 0xFFE2,
    0xFFE2, 0xFFE2, 0xFFE2, 0xE762, 0x4983, 0x0001, 0xC643, 0xF7A2, 0x6302, 0xA343, 0xDAA6, 0xFA96,
    0xEA36, 0xC9F3, 0xB1D1, 0xA1AF, 0xDA15, 0xDA15, 0xEA36, 0xFA58, 0xF257, 0xFA58, 0xC1D3, 0x30A5,
    0x0040, 0x0000, 0x994F, 0xE9F7, 0xFA58, 0xF277, 0x50E8, 0x0000, 0x0802, 0x3124, 0x82C5, 0xEB64,
    0xBA48, 0x0000, 0xA284, 0x4142, 0x0000, 0x0000, 0x0000, 0x0000, 0x0000, 0x0000, 0x0000, 0x0000,
    0x0000, 0x0000, 0x0000, 0x0000, 0x0000, 0x0000, 0x0020, 0x0000, 0x9283, 0xFFE3, 0xF4A2, 0xFA50,
    0xFA58, 0xFA57, 0xFA36, 0xF3A5, 0xFFE2, 0xCCC3, 0x9241, 0x94F0, 0x019F, 0x9CEB, 0xAA48, 0xF21A,
    0xFAB0, 0x8A22, 0xD702, 0xFFE2, 0xFFE2, 0xFFE2, 0xFFE2, 0xFFE2, 0xFFE2, 0xFFE2, 0xFFE2, 0xFFC2,
    0xFFC2, 0xFFC2, 0xFFC2, 0xFFE2, 0xF7E3, 0x8B62, 0xE288, 0xF2AD, 0x8AE2, 0xF7C2, 0xFFE2, 0xFFE2,
    0xFFE2, 0xFFE2, 0xFFE2, 0xFFC2, 0xF7E2, 0x8302, 0xEAA7, 0xFA58, 0xFACE, 0x9242, 0xD703, 0xFFE2,
    0xFFC2, 0xFFE2, 0xFFE2, 0xFFE2, 0xFFE2, 0xFFE2, 0xFFE2, 0xFFE2, 0xFFE2, 0xAD82, 0x7243, 0xBA24,
    0xFAED, 0xFA76, 0xFA39, 0xFA78, 0x996E, 0x71A4, 0xC4E3, 0xADAD, 0x2ADA, 0x01BE, 0x123D, 0x01D9,
    0xBA0E, 0xCAE4, 0xB4A3, 0xC4C3, 0xC4C3, 0xC4C3, 0xCCC3, 0xB423, 0xDA86, 0x496E, 0x01BE, 0x8CD1,
    0xA2E2, 0xC995, 0xFAB8, 0xB9E7, 0x8C81, 0xFFE2, 0xFFC2, 0xFFE2, 0xFFE2, 0xFFE2, 0xF7C2, 0xFFE2,
    0x8CA2, 0x89A3, 0xA9E3, 0x7382, 0xFFE2, 0xF7C2, 0xFFE2, 0xFFE2, 0xFFE2, 0xF7C1, 0xFFE3, 0x6B63,
    0x0000, 0x110C, 0x125E, 0x09FC, 0x437E, 0x2A0E, 0x2800, 0xA464, 0xFFE2, 0xFFC2, 0xFFE2, 0xFFE2,
    0xFFE2, 0xFFE2, 0xFFA2, 0xFFC3, 0x9382, 0xEA89, 0xFA77, 0xEA37, 0x91A7, 0x89C5, 0xEA38, 0xF26D,
    0x9362, 0xFFE2, 0xFFC2, 0xFFE2, 0xFFE2, 0xFFE2, 0xFFE2, 0xFFC2, 0xFFE2, 0xE763, 0x7A43, 0xB562,
    0xFFE2, 0xFFC2, 0xFFE2, 0xFFE2, 0xFFE2, 0xFFE2, 0xFFA2, 0xE722, 0x61E3, 0x0001, 0xAD62, 0xFFE2,
    0xC483, 0x2821, 0x0000, 0x60E9, 0xC9F3, 0xD1F4, 0x918E, 0x916E, 0xF257, 0xF236, 0xFA57, 0xFA57,
    0xFA57, 0xFA98, 0x2824, 0x8341, 0xDE84, 0x7B83, 0x62E2, 0x5A44, 0x796B, 0xA9B1, 0x812D, 0x2142,
    0x7402, 0x9D23, 0x93A1, 0xEAE6, 0xFA98, 0x3086, 0x3901, 0x38E2, 0x0000, 0x0000, 0x0000, 0x0000,
    0x0000, 0x0000, 0x0000, 0x0000, 0x0000, 0x0000, 0x0000, 0x0000, 0x0000, 0x0000, 0x0020, 0x0000,
    0x9A83, 0xFFE3, 0xF4A2, 0xFA50, 0xFA58, 0xFA57, 0xFA56, 0xF326, 0xFFC2, 0xDD83, 0x89C1, 0xB56C,
    0x019F, 0x9D0C, 0xAA48, 0xF21A, 0xFAD0, 0x8A22, 0xD6E2, 0xFFE2, 0xFFC2, 0xFFE2, 0xFFE2, 0xFFE2,
    0xFFE2, 0xFFE2, 0xFFE2, 0xFFE2, 0xFFE2, 0xFFE2, 0xF7E2, 0xC662, 0x7B21, 0xCA65, 0xFAF2, 0xC207,
    0xAD42, 0xFFE2, 0xFFC2, 0xFFE2, 0xFFE2, 0xFFE2, 0xFFE2, 0xFFC2, 0xFFE2, 0xC643, 0x9A02, 0xFAD0,
    0xFAAE, 0x9261, 0xE742, 0xFFE2, 0xFFC2, 0xFFE2, 0xFFE2, 0xFFE2, 0xFFE2, 0xFFE2, 0xFFE2, 0xF7A2,
    0x6B22, 0x9163, 0xFB26, 0xFAB3, 0xF219, 0xFA57, 0xE235, 0x48A6, 0x9A81, 0xFF83, 0x74F2, 0x013F,
    0x09FD, 0x1A5C, 0x123D, 0x01D9, 0xA9CD, 0xB345, 0xF7E2, 0xFFE2, 0xFFE2, 0xFFE2, 0xFFE2, 0xCEE2,
    0xBA26, 0x498E, 0x01BE, 0x8CD1, 0xA2E2, 0xC995, 0xFAB8, 0xB9E7, 0x8C61, 0xFFE2, 0xF7C2, 0xFFE2,
    0xFFE2, 0xFFE2, 0xFFE2, 0xF7C2, 0xFFE2, 0x8422, 0x5242, 0xFFE2, 0xFFC2, 0xFFE2, 0xFFE2, 0xFFE2,
    0xFFE2, 0xF6C2, 0xFE63, 0x83C3, 0x1001, 0x0000, 0x090C, 0x09FC, 0x53FF, 0x216B, 0x48E1, 0xDEE3,
    0xFFE2, 0xFFC2, 0xFFE2, 0xFFE2, 0xFFE2, 0xFFE2, 0xF742, 0xFDA3, 0xC643, 0xB243, 0xFAB2, 0xFA59,
    0xB1D0, 0x48E4, 0xF258, 0xF26D, 0x9362, 0xFFE2, 0xFFC2, 0xFFE2, 0xFFE2, 0xFFE2, 0xFFE2, 0xFFE2,
    0xFFC2, 0xFFE2, 0xDF02, 0xD6A2, 0xFFE2, 0xFFE2, 0xFFE2, 0xFFE2, 0xFFC2, 0xFFE2, 0xFDE3, 0xDE43,
    0x7243, 0x0000, 0x8C42, 0xFFE2, 0xFDC2, 0xFAE6, 0x58E7, 0x0000, 0x1041, 0x50E8, 0x690A, 0xE215,
    0xFA58, 0xFA57, 0xFA57, 0xFA57, 0xFA99, 0xA9B0, 0x0821, 0x7183, 0x8A83, 0xDB24, 0xFCA4, 0xF623,
    0x8B02, 0x52C2, 0x7C01, 0xDE63, 0xFDE3, 0xF3A4, 0xFB0A, 0xFAB4, 0xA9B1, 0x1003, 0x3062, 0x38A2,
    0x0000, 0x0000, 0x0000, 0x0000, 0x0000, 0x0000, 0x0000, 0x0000, 0x0000, 0x0000, 0x0000, 0x0000,
    0x0000, 0x0000, 0x0020, 0x0000, 0x9A83, 0xFFE3, 0xF4A2, 0xFA50, 0xFA58, 0xFA57, 0xFA58, 0xFAA9,
    0xF682, 0xFF63, 0x8162, 0xDD25, 0x2B3A, 0x846D, 0xAA47, 0xF21A, 0xFAB0, 0x8A22, 0xD6E2, 0xFFE2,
    0xFFC2, 0xFFE2, 0xFFE2, 0xFFE2, 0xFFC2, 0xFFE2, 0xCE82, 0x9442, 0xA481, 0x9C02, 0x8AE2, 0x9203,
    0xE269, 0xFA95, 0xFA90, 0x8A82, 0xEF82, 0xFFE2, 0xFFE2, 0xFFE2, 0xFFE2, 0xFFE2, 0xFFE2, 0xFFE2,
    0xFFC2, 0xFFE2, 0x8BA2, 0xDA67, 0xFAEC, 0x9242, 0xDF42, 0xFFE2, 0xFFE2, 0xFFE2, 0xFFE2, 0xFFE2,
    0xFFE2, 0xFFE2, 0xFFE2, 0xF7C2, 0xBDC3, 0x9303, 0xBA24, 0xFAE9, 0xFAB2, 0xF238, 0xF237, 0xA1AF,
    0x7165, 0xB361, 0xEE65, 0x8531, 0x0A1C, 0x09DD, 0x1A5D, 0x01D9, 0xA9CE, 0xAB04, 0xD762, 0xEF82,
    0xE782, 0xE782, 0xEFA2, 0xBE62, 0xC266, 0x518E, 0x01BE, 0x8CD1, 0xA2E2, 0xC995, 0xFAB8, 0xB9E7,
    0x8C41, 0xFFE2, 0xF7C2, 0xFFE2, 0xFFE2, 0xFFE2, 0xFFE2, 0xFFE2, 0xFFC2, 0xFFE2, 0xF7C2, 0xFFE2,
    0xFFE2, 0xFFE2, 0xFFE2, 0xFFC2, 0xFFE2, 0xF662, 0xFDC3, 0x9C23, 0x58C2, 0x0000, 0x0800, 0x0886,
    0x194A, 0x48C3, 0x8B43, 0xFFE2, 0xFFC2, 0xFFE2, 0xFFE2, 0xFFE2, 0xFFE2, 0xFFC2, 0xFFE2, 0xF5A2,
    0xF6C3, 0x93A2, 0xF28A, 0xFA58, 0xF257, 0x58E8, 0xEA37, 0xFA6D, 0x9362, 0xFFE2, 0xFFC2, 0xFFE2,
    0xFFE2, 0xFFE2, 0xFFE2, 0xFFE2, 0xFFE2, 0xFFE2, 0xFFE2, 0xFFE2, 0xFFE2, 0xFFE2, 0xFFE2, 0xFFE2,
    0xFFC2, 0xFFE2, 0xFDC3, 0xDE42, 0x92A3, 0x2821, 0x52A2, 0xFFE2, 0xF6E2, 0xFB04, 0xFA95, 0xA190,
    0x794B, 0xEA56, 0xFA79, 0xFA58, 0xFA57, 0xFA57, 0xFA57, 0xFA58, 0xB9D2, 0x1861, 0x81E2, 0x9A03,
    0xD284, 0xFB23, 0xF2C3, 0xFB03, 0x79A3, 0x61E2, 0xCB64, 0xFB8A, 0xEA4D, 0xEA32, 0xA190, 0x3888,
    0x0820, 0x9AC2, 0xD484, 0x3122, 0x0000, 0x0000, 0x0000, 0x0000, 0x0000, 0x0000, 0x0000, 0x0000,
    0x0000, 0x0000, 0x0000, 0x0000, 0x0000, 0x0000, 0x0020, 0x0000, 0x9A83, 0xFFE3, 0xF482, 0xFA50,
    0xFA58, 0xFA57, 0xFA58, 0xFA6E, 0xF4A2, 0xFFE2, 0xC403, 0x7941, 0xD589, 0xBE28, 0x9A08, 0xF21A,
    0xFAB0, 0x9222, 0xD6E2, 0xFFE2, 0xFFE2, 0xFFE2, 0xFFE2, 0xFFE2, 0xFFC2, 0xFFE2, 0xA522, 0xA185,
    0xE26A, 0xE24C, 0xFA6F, 0xFAB4, 0xFA78, 0xFA78, 0xCA27, 0x9CA2, 0xFFE2, 0xFFC2, 0xFFE2, 0xFFE2,
    0xFFE2, 0xFFE2, 0xFFE2, 0xFFC2, 0xFFE2, 0xFDE2, 0xCE03, 0x9243, 0xFB47, 0x9203, 0xCEA2, 0xFFE2,
    0xFFC2, 0xFFE2, 0xFFE2, 0xFFE2, 0xFFE2, 0xFFE2, 0xFFE2, 0xFFE2, 0xFFE2, 0xEF82, 0xA543, 0x8AA2,
    0xD263, 0xFB0A, 0xFA94, 0xFA5A, 0xE237, 0x810D, 0x7983, 0xDD01, 0xCE49, 0x3B77, 0x01FE, 0x01DA,
    0xA9EE, 0xD2A9, 0xAAC8, 0xB2E9, 0xB2E8, 0xB2C8, 0xB2E9, 0xA2A8, 0xE289, 0x416E, 0x01BF, 0x8D11,
    0xA302, 0xC995, 0xFAB8, 0xB9E7, 0x8C41, 0xFFE2, 0xF7C2, 0xFFE2, 0xFFE2, 0xFFE2, 0xFFE2, 0xFFE2,
    0xFFE2, 0xFFE2, 0xFFE2, 0xFFC2, 0xFFE2, 0xFFE2, 0xFFE2, 0xFFC2, 0xFFE2, 0xF682, 0xFDE3, 0x8BE2,
    0xCA27, 0x2063, 0x0000, 0x0000, 0x48C2, 0xC245, 0xB5A2, 0xFFE2, 0xFFC2, 0xFFE2, 0xFFC2, 0xFFE2,
    0xFFE2, 0xFFC2, 0xFFE2, 0xF742, 0xFD83, 0xBE03, 0xB244, 0xFAB3, 0xFA58, 0xD213, 0xEA37, 0xF26D,
    0x9342, 0xFFE3, 0xFFC2, 0xFFE2, 0xFFE2, 0xFFE2, 0xFFE2, 0xFFE2, 0xFFE2, 0xFFE2, 0xFFE2, 0xFFC2,
    0xFFE2, 0xFFE2, 0xFFE2, 0xFFE2, 0xFFC2, 0xFFE2, 0xFDC3, 0xDE42, 0x9AC4, 0x48A2, 0x1941, 0xE703,
    0xFFE2, 0xF422, 0xFA70, 0xFA7A, 0xFA78, 0xFA57, 0xFA57, 0xFA57, 0xFA58, 0xFA57, 0xF237, 0xFA99,
    0x60EA, 0x81A2, 0xFACE, 0xF2E8, 0xFB44, 0xFACC, 0xFACD, 0xF2AE, 0x48C4, 0x99AA, 0x710A, 0xA9B1,
    0x2865, 0x1843, 0x1060, 0x5100, 0xCB05, 0xFF83, 0xFFE3, 0x30E1, 0x0000, 0x0000, 0x0000, 0x0000,
    0x0000, 0x0000, 0x0000, 0x0000, 0x0000, 0x0000, 0x0000, 0x0000, 0x0000, 0x0000, 0x0020, 0x0000,
    0x9AA2, 0xFFE3, 0xF482, 0xFA50, 0xFA58, 0xFA57, 0xFA57, 0xFA75, 0xFAE5, 0xF6A2, 0xFFE2, 0x92A3,
    0x6101, 0xD482, 0x91E9, 0xF239, 0xFAB0, 0x9222, 0xD6E2, 0xFFE2, 0xFFC2, 0xFFE2, 0xFFE2, 0xFFE2,
    0xF762, 0xFE83, 0xB582, 0xCA47, 0xFA98, 0xFA58, 0xFA58, 0xFA38, 0xFA38, 0xFAB1, 0x9263, 0xDF22,
    0xFFE2, 0xFFC2, 0xFFE2, 0xFFE2, 0xFF41, 0xFFA1, 0xFFE2, 0xFFE2, 0xFFE2, 0xF6E2, 0xFDE3, 0x9463,
    0xE2A4, 0xBA44, 0xAD62, 0xFFE2, 0xF7C2, 0xFFE2, 0xFFE2, 0xFFE2, 0xFFE2, 0xFFE2, 0xFFE2, 0xFFE2,
    0xFFC2, 0xF682, 0xFDC3, 0xDE83, 0x9463, 0x9A42, 0xE2A4, 0xFAEC, 0xFA75, 0xFA7A, 0xC9F5, 0x70CA,
    0x9A81, 0xE5C3, 0x8C90, 0x29F8, 0x59B1, 0x79F2, 0x79B1, 0x79B1, 0x79B1, 0x81B1, 0x81B0, 0x89D1,
    0x89D0, 0x498F, 0x31D8, 0x9C2E, 0x9A82, 0xC9B4, 0xFAB8, 0xC207, 0x8C41, 0xFFE2, 0xF7C2, 0xFFE2,
    0xFFE2, 0xFFE2, 0xFFE2, 0xFFE2, 0xFFE2, 0xFFE2, 0xFFE2, 0xFFE2, 0xFFE2, 0xFFE2, 0xFFE2, 0xFFC2,
    0xFFE2, 0xF682, 0xFDE3, 0x83C1, 0xEA6B, 0xDA35, 0x48C7, 0x40A7, 0xDA6A, 0x92A3, 0xEFA2, 0xFFE2,
    0xFFE2, 0xFFE2, 0xFFE2, 0xFFE1, 0xFFE1, 0xFFE2, 0xFFC2, 0xFFE2, 0xF5A3, 0xF6C3, 0x9382, 0xF28A,
    0xFA58, 0xFA57, 0xFA58, 0xF26D, 0x9342, 0xFFE3, 0xFFE2, 0xFFE2, 0xFFE2, 0xFFE2, 0xFFE2, 0xFFE2,
    0xFFE2, 0xFFE2, 0xFFE2, 0xFFE2, 0xFFE2, 0xFFE2, 0xFFE2, 0xFFE2, 0xFFC2, 0xFFE2, 0xFDA3, 0xDE42,
    0xA2E4, 0x7944, 0x0040, 0xC5E4, 0xEF83, 0xFE02, 0xFA89, 0xF257, 0xF236, 0xFA57, 0xFA57, 0xFA57,
    0xD1F3, 0xFA57, 0xF237, 0xFA79, 0x914D, 0x4163, 0x928A, 0xBA28, 0xEA70, 0xFA59, 0xF238, 0xF259,
    0x58E9, 0xB1D1, 0x99AF, 0x0000, 0x0820, 0x89C3, 0xF2CC, 0xFAB4, 0xFAAE, 0xF681, 0xFF83, 0x30A1,
    0x0000, 0x0000, 0x0000, 0x0000, 0x0000, 0x0000, 0x0000, 0x0000, 0x0000, 0x0000, 0x0000, 0x0000,
    0x0000, 0x0000, 0x0020, 0x0000, 0x9A83, 0xFFE3, 0xF4A2, 0xFA50, 0xFA58, 0xFA57, 0xFA57, 0xFA58,
    0xFA70, 0xF3A3, 0xF762, 0xFFE2, 0xBC23, 0x7962, 0x91A8, 0xF239, 0xFAB0, 0x9222, 0xD6C2, 0xFFE2,
    0xFFE2, 0xFFE2, 0xFFE2, 0xFFE2, 0xF742, 0xFDE3, 0xB5A2, 0xC227, 0xFA97, 0xFA57, 0xFA57, 0xFA57,
    0xFA77, 0xDA29, 0x9422, 0xFFE2, 0xFFC2, 0xFFE2, 0xFFE2, 0xF563, 0xF2EA, 0xF347, 0xFEC2, 0xFFE2,
    0xFFC2, 0xFFE2, 0xFDA3, 0xDE23, 0x92A3, 0xEA84, 0x8363, 0xFFE2, 0xFFC2, 0xFFE2, 0xFFE2, 0xFFE2,
    0xFFE2, 0xFFE2, 0xFFE2, 0xFFE2, 0xFFE2, 0xFFE2, 0xF6C2, 0xFD43, 0xFE03, 0xC623, 0x8BA3, 0xAA42,
    0xF2E6, 0xFACE, 0xFA77, 0xFA79, 0xB192, 0x7927, 0xCAE2, 0xA2C4, 0x7AC4, 0x7AC4, 0x7AE4, 0x7AE4,
    0x7AE4, 0x7AE4, 0x7AC3, 0x72C3, 0x72C3, 0x82E4, 0x82C3, 0x82E3, 0x5143, 0xD1F4, 0xFA98, 0xC207,
    0x8C21, 0xFFE2, 0xF7C2, 0xFFE2, 0xFFE2, 0xFFE2, 0xFFE2, 0xFFE2, 0xFFE2, 0xFFE2, 0xFFE2, 0xFFE2,
    0xFFE2, 0xFFE2, 0xFFE2, 0xFFC2, 0xFFE2, 0xF682, 0xFDE3, 0x83C2, 0xE249, 0xFA78, 0xFA58, 0xFAB7,
    0xD247, 0x94A2, 0xFFE2, 0xFFC2, 0xFFC2, 0xFFE2, 0xFE82, 0xF3A6, 0xF3C6, 0xF6A2, 0xFFE2, 0xFFE2,
    0xF742, 0xFDA3, 0xBDE3, 0xBA44, 0xFAB3, 0xF238, 0xFA58, 0xF26D, 0x9342, 0xFFE3, 0xFFC2, 0xFFE2,
    0xFFE2, 0xFFE2, 0xFFE2, 0xFFE2, 0xFFE2, 0xFFE2, 0xFFE2, 0xFFE2, 0xFFE2, 0xFFE2, 0xFFE2, 0xFFE2,
    0xFFC2, 0xFFE2, 0xFDC2, 0xDE42, 0xA2C4, 0x6122, 0x0000, 0xAD43, 0xD6A3, 0xF743, 0xFB83, 0xFA90,
    0xFA58, 0xFA57, 0xFA57, 0xFA78, 0xA18F, 0xC9F3, 0xFA58, 0xFA99, 0x68EB, 0x6282, 0xD3E3, 0xEAA8,
    0xF256, 0xFA57, 0xFA57, 0xFABA, 0x998E, 0x2063, 0x3084, 0x0000, 0x81E2, 0xFB0E, 0xFA39, 0xFA39,
    0xF26D, 0xFEC1, 0xF743, 0x2081, 0x0000, 0x0000, 0x0000, 0x0000, 0x0000, 0x0000, 0x0000, 0x0000,
    0x0000, 0x0000, 0x0000, 0x0000, 0x0000, 0x0000, 0x0020, 0x0000, 0x79C2, 0xFFC3, 0xF561, 0xFA6C,
    0xFA58, 0xFA57, 0xFA57, 0xFA57, 0xFA58, 0xFA6F, 0xF3A3, 0xF6A2, 0xFFE2, 0xFF42, 0x91E8, 0xF219,
    0xFAB0, 0x9222, 0xD6C2, 0xFFE2, 0xFFE2, 0xFFE2, 0xFFE2, 0xFFE2, 0xF742, 0xFDE3, 0xB5A2, 0xC227,
    0xFA77, 0xFA57, 0xFA57, 0xFA38, 0xFAB3, 0x9A23, 0xD6C2, 0xFFE2, 0xFFC2, 0xFFE2, 0xFF41, 0xF2CA,
    0xFA39, 0xFA16, 0xF465, 0xFFE1, 0xFFC2, 0xFFE2, 0xF742, 0xFDA3, 0x9CE3, 0xD264, 0x9223, 0xD6E2,
    0xFFE2, 0xFFC2, 0xFFE2, 0xFFE2, 0xFFE2, 0xFFE2, 0xFFE2, 0xFFE2, 0xFFE2, 0xFFE2, 0xFFE2, 0xFFE2,
    0xF662, 0xFD43, 0xF643, 0xB5A3, 0x8AA3, 0xD2A3, 0xFB07, 0xF272, 0xFA79, 0xEA38, 0x7947, 0xF6E2,
    0xF7E2, 0xF7C2, 0xF7E2, 0xF7E2, 0xF7E2, 0xFFE2, 0xFFE2, 0xFFE2, 0xFFE2, 0xFFE2, 0xF7E2, 0xFFE2,
    0x8AC3, 0xC9B4, 0xFAB8, 0xC207, 0x8421, 0xFFE2, 0xF7C2, 0xFFE2, 0xFFE2, 0xFFE2, 0xFFE2, 0xFFE2,
    0xFFE2, 0xFFE2, 0xFFE2, 0xFFE2, 0xFFE2, 0xFFE2, 0xFFE2, 0xFFC2, 0xFFE2, 0xF682, 0xFDE3, 0x83E2,
    0xE249, 0xFA77, 0xF238, 0xFAB0, 0x8A22, 0xDF03, 0xFFE2, 0xFFC2, 0xFFE2, 0xFFC1, 0xF3A7, 0xFA16,
    0xFA16, 0xF3E6, 0xFFE1, 0xFFC2, 0xFFE2, 0xF5A3, 0xF6A3, 0x9362, 0xFA8B, 0xFA58, 0xFA58, 0xF26D,
    0x8B22, 0xFFE3, 0xFFE2, 0xFFE2, 0xFFE2, 0xFFE2, 0xFFE2, 0xFFE2, 0xFFE2, 0xFFE2, 0xFFE2, 0xFFE2,
    0xFFE2, 0xFFE2, 0xFFE2, 0xFFE2, 0xFFC2, 0xFFE2, 0xFDA2, 0xDE63, 0x92A3, 0x6124, 0x0802, 0x52C1,
    0xEF43, 0xD6E3, 0xFD82, 0xFAC6, 0xFA75, 0xFA57, 0xFA57, 0xFA58, 0xD1F4, 0x894D, 0xFA78, 0xFA78,
    0x996F, 0x2880, 0x99E4, 0xBA62, 0xDAA6, 0xFA57, 0xEA36, 0x896D, 0x2063, 0x0000, 0x0000, 0x0800,
    0xD4A4, 0xFB35, 0xFA17, 0xFA58, 0xF2CA, 0xFF61, 0xE683, 0x1000, 0x0000, 0x0000, 0x0000, 0x0000,
    0x0000, 0x0000, 0x0000, 0x0000, 0x0000, 0x0000, 0x0000, 0x0000, 0x0000, 0x0000, 0x0000, 0x0000,
    0x48A2, 0xFEE3, 0xF6C2, 0xFAC7, 0xFA56, 0xFA57, 0xFA57, 0xFA57, 0xFA57, 0xFA58, 0xFA71, 0xFAE6,
    0xF4A2, 0xF601, 0x9207, 0xF219, 0xFAD0, 0x9222, 0xCEC2, 0xFFE2, 0xFFC2, 0xFFE2, 0xFFE2, 0xFFE2,
    0xF742, 0xFDE3, 0xB5C2, 0xC227, 0xFA97, 0xFA57, 0xFA57, 0xFA58, 0xE24A, 0x8BA2, 0xFFE2, 0xFFC2,
    0xFFE2, 0xFFE2, 0xFF81, 0xF348, 0xFA16, 0xFA13, 0xF4E4, 0xFFE2, 0xFFC2, 0xFFC2, 0xFFE2, 0xFDC2,
    0xE623, 0x9B23, 0xDA44, 0x7B62, 0xFFE2, 0xF7C2, 0xFFE2, 0xFFE2, 0xFFE2, 0xFFE2, 0xFFE2, 0xFFE2,
    0xFFE2, 0xFFE2, 0xFFE2, 0xFFE2, 0xFFE2, 0xFFE2, 0xF5C3, 0xFCE3, 0xF7E3, 0x6B03, 0xD283, 0xFAB2,
    0xFA58, 0xC9B3, 0xB343, 0xFFE1, 0xFF81, 0xFFA1, 0xFFA1, 0xFFA1, 0xFF81, 0xFF81, 0xFFA1, 0xFFA1,
    0xFFA1, 0xFF81, 0xF781, 0xFFC2, 0x8AC3, 0xC994, 0xFAB8, 0xC207, 0x8401, 0xFFE2, 0xF7C2, 0xFFE2,
    0xFFE2, 0xFFE2, 0xFFE2, 0xFFE2, 0xFFE2, 0xFFE2, 0xFFE2, 0xFFE2, 0xFFE2, 0xFFE2, 0xFFE2, 0xFFC2,
    0xFFE2, 0xF682, 0xFDE3, 0x83E2, 0xE249, 0xFA58, 0xFA77, 0xE268, 0x8BA2, 0xFFE2, 0xFFC2, 0xFFE2,
    0xFFE2, 0xFFC1, 0xF3A7, 0xFA17, 0xF9F7, 0xF3C6, 0xFFE1, 0xFFE2, 0xFFE2, 0xF742, 0xFDA3, 0xB5A3,
    0xC244, 0xFAB4, 0xFA59, 0xF26D, 0x8B22, 0xF7E3, 0xFFE2, 0xFFE2, 0xFFE2, 0xFFE2, 0xFFE2, 0xFFE2,
    0xFFE2, 0xFFE2, 0xFFE2, 0xFFE2, 0xFFE2, 0xFFE2, 0xFFE2, 0xFFE2, 0xFFC2, 0xFFE2, 0xFDA3, 0xE683,
    0x8AA2, 0xB1EB, 0x40A8, 0x0040, 0xDEE3, 0xD6A3, 0xF763, 0xC2E2, 0xFAAD, 0xFA58, 0xFA57, 0xFA57,
    0xFA78, 0x896D, 0xE235, 0xFA58, 0xF256, 0x1002, 0x71A3, 0xEACC, 0xE271, 0xFA98, 0x712A, 0x0000,
    0x0000, 0x2063, 0x2884, 0x0000, 0xD4C3, 0xFBD3, 0xF9D9, 0xFA55, 0xF385, 0xFFE2, 0xB522, 0x0000,
    0x0020, 0x0000, 0x0000, 0x0000, 0x0000, 0x0000, 0x0000, 0x0000, 0x0000, 0x0000, 0x0000, 0x0000,
    0x0000, 0x0000, 0x0000, 0x0000, 0x1001, 0xE4A3, 0xFFE2, 0xF3C3, 0xFA70, 0xFA58, 0xFA57, 0xFA57,
    0xFA57, 0xFA57, 0xFA58, 0xFA76, 0xFA51, 0xF28D, 0x91A8, 0xF239, 0xFAB1, 0x9222, 0xD6C2, 0xFFE2,
    0xFFC2, 0xFFE2, 0xFFE2, 0xFFE2, 0xF762, 0xFDC3, 0xBDC1, 0xC227, 0xFA77, 0xFA57, 0xF238, 0xFAB4,
    0xA204, 0xC642, 0xFFE2, 0xFFC2, 0xFFE2, 0xFFC2, 0xFFE2, 0xF6A2, 0xF425, 0xF4E4, 0xFF82, 0xFFE2,
    0xFFE2, 0xFFE2, 0xFFE2, 0xF782, 0xFD63, 0xAD43, 0xCA84, 0xAA03, 0x9D22, 0xFFE2, 0xF7C2, 0xFFE2,
    0xFFE2, 0xFFE2, 0xFFE2, 0xFFE2, 0xFFE2, 0xFFC2, 0xFFE2, 0xFFE2, 0xFFE2, 0xFF62, 0xED23, 0xFEA3,
    0xC683, 0x9242, 0xFACD, 0xFA38, 0xFA78, 0x916A, 0xE5A2, 0xFC08, 0xF328, 0xF368, 0xF348, 0xF348,
    0xF349, 0xF348, 0xF348, 0xF348, 0xF348, 0xF369, 0xF309, 0xFE45, 0x8B23, 0xC994, 0xFAB8, 0xC208,
    0x8401, 0xFFE2, 0xF7C2, 0xFFE2, 0xFFE2, 0xFFE2, 0xFFE2, 0xFFE2, 0xFFE2, 0xFFE2, 0xFFC2, 0xFFC2,
    0xFFC2, 0xFFC2, 0xFFC2, 0xFFC2, 0xFFE2, 0xF662, 0xFDE3, 0x83C2, 0xE249, 0xFA59, 0xFAB2, 0xA203,
    0xBE22, 0xFFE2, 0xFFC2, 0xFFE2, 0xFFC2, 0xFFE2, 0xF682, 0xF3A7, 0xF3C7, 0xF6A2, 0xFFE2, 0xFFC2,
    0xFFC2, 0xFFE2, 0xF5A2, 0xEE83, 0x9B42, 0xFAAB, 0xFA59, 0xF26D, 0x8B22, 0xFFE3, 0xFFE2, 0xFFE2,
    0xFFE2, 0xFFE2, 0xFFE2, 0xFFE2, 0xFFE2, 0xFFE2, 0xFFE2, 0xFFE2, 0xFFE2, 0xFFE2, 0xFFE2, 0xFFE2,
    0xFFE2, 0xFFE2, 0xFDA3, 0xE683, 0x92C3, 0xF291, 0xD215, 0x0802, 0x7BE2, 0xE703, 0xFFE2, 0xB542,
    0xBA06, 0xFA97, 0xFA57, 0xFA57, 0xFA58, 0xC9F3, 0xC1F2, 0xFA58, 0xFA79, 0x792B, 0x0000, 0x0802,
    0x2044, 0x1842, 0x0000, 0x0000, 0x3885, 0xEA56, 0xF256, 0x1022, 0x8201, 0xFDE8, 0xF2B7, 0xFA10,
    0xF522, 0xFFE3, 0x6A82, 0x0000, 0x0020, 0x0000, 0x0000, 0x0000, 0x0000, 0x0000, 0x0000, 0x0000,
    0x0000, 0x0000, 0x0000, 0x0000, 0x0000, 0x0000, 0x0000, 0x0020, 0x0000, 0x81C3, 0xFF83, 0xF642,
    0xFAA6, 0xFA76, 0xFA58, 0xFA57, 0xFA57, 0xFA57, 0xFA57, 0xFA57, 0xFA59, 0xFA76, 0x91A9, 0xEA38,
    0xFAD1, 0x9222, 0xCEC2, 0xFFE2, 0xFFC2, 0xFFC2, 0xFFC2, 0xFFE2, 0xF742, 0xFDC3, 0xBDE2, 0xC227,
    0xFA77, 0xFA57, 0xFA58, 0xEA6C, 0x8321, 0xFFE2, 0xFFC2, 0xFFE2, 0xFFE2, 0xFFE2, 0xFFE2, 0xFFE2,
    0xFFE1, 0xFFE2, 0xFFE2, 0xFFE2, 0xFFE2, 0xFFE2, 0xFFE2, 0xFFE2, 0xFE22, 0xF623, 0x9363, 0xFAE4,
    0x81C3, 0xA563, 0xFFE2, 0xFFE2, 0xF7C2, 0xFFE2, 0xFFE2, 0xFFE2, 0xFFE2, 0xFFE2, 0xFFE2, 0xFF62,
    0xF5E2, 0xF523, 0xFF43, 0xBE83, 0x71E1, 0xF2A9, 0xFA57, 0xFA78, 0xB972, 0xAB81, 0xFD4D, 0xF1D8,
    0xFA37, 0xFA37, 0xFA37, 0xFA38, 0xFA38, 0xFA38, 0xFA37, 0xFA38, 0xFA37, 0xFA37, 0xF1B9, 0xFDAC,
    0x8B22, 0xC995, 0xFAB8, 0xCA08, 0x83E1, 0xFFE2, 0xF7C2, 0xFFE2, 0xFFE2, 0xFFE2, 0xFFE2, 0xFFE2,
    0xFFE2, 0xFFE2, 0xFFE2, 0xFFE2, 0xFFE2, 0xFFE2, 0xFFE2, 0xFFE2, 0xFFE2, 0xF6A2, 0xFDC3, 0x83E2,
    0xE249, 0xFA78, 0xF28B, 0x7AC1, 0xF7C2, 0xFFE2, 0xFFE2, 0xFFE2, 0xFFE2, 0xFFE2, 0xFFE2, 0xFFE1,
    0xFFE1, 0xFFE2, 0xFFE2, 0xFFE2, 0xFFE2, 0xFFE2, 0xFF82, 0xFDC3, 0xB583, 0xCA64, 0xFA96, 0xF26E,
    0x8B02, 0xF7E3, 0xFFE1, 0xFFE2, 0xFFE2, 0xFFE2, 0xFFE2, 0xFFE2, 0xFFE2, 0xFFE2, 0xFFE2, 0xFFE2,
    0xFFE2, 0xFFE2, 0xFFE2, 0xFFC2, 0xFFC2, 0xFFC2, 0xFD63, 0xE683, 0x92C3, 0xFA91, 0xFA9A, 0x58C9,
    0x10A0, 0xD684, 0xF762, 0xF7E2, 0x7AC2, 0xE1F2, 0xEA37, 0xFA57, 0xFA57, 0xFA57, 0xC9F3, 0xF257,
    0xFA57, 0xF257, 0x894C, 0x6909, 0x896D, 0x58E8, 0x60E9, 0x996E, 0xEA56, 0xFA57, 0xFA79, 0x610A,
    0x0800, 0xC343, 0xFDE8, 0xF367, 0xFF41, 0xE683, 0x1020, 0x0000, 0x0000, 0x0000, 0x0000, 0x0000,
    0x0000, 0x0000, 0x0000, 0x0000, 0x0000, 0x0000, 0x0000, 0x0000, 0x0000, 0x0000, 0x0000, 0x0000,
    0x0000, 0x1801, 0xE423, 0xFFE2, 0xF4E2, 0xFA88, 0xFA75, 0xFA58, 0xFA57, 0xFA57, 0xFA57, 0xFA57,
    0xFA57, 0xFA74, 0x89A9, 0xEA38, 0xFAD1, 0x9A22, 0xCEA2, 0xFFE2, 0xFFE2, 0xFFE2, 0xFFE2, 0xFFE2,
    0xF782, 0xFDA3, 0xBDE2, 0xCA48, 0xFA77, 0xF238, 0xFA95, 0xA9E5, 0xB5A2, 0xFFE2, 0xF7C2, 0xFFC2,
    0xFFC2, 0xFFC2, 0xFFC2, 0xFFC2, 0xFFC2, 0xFFC2, 0xF7A2, 0xF762, 0xF762, 0xF762, 0xF762, 0xF742,
    0xF722, 0xFCE3, 0xBD63, 0xB243, 0xFB47, 0x89C3, 0x8C62, 0xEFC3, 0xFFE2, 0xFFE2, 0xFFC2, 0xFFC2,
    0xF6C2, 0xF563, 0xF523, 0xFD63, 0xFEC3, 0xF7E3, 0x9502, 0x79C1, 0xF2C9, 0xFA76, 0xFA78, 0xE1F7,
    0x89C4, 0xF625, 0xF2B6, 0xFA37, 0xFA57, 0xFA57, 0xFA57, 0xFA57, 0xFA57, 0xFA57, 0xFA57, 0xFA57,
    0xFA57, 0xFA77, 0xF1F8, 0xFDCB, 0x8B22, 0xC994, 0xFAB8, 0xCA08, 0x83E1, 0xFFC2, 0xF7A2, 0xF7C2,
    0xF7C2, 0xF7C2, 0xF7C2, 0xFFC2, 0xF7C2, 0xF782, 0xF5A2, 0xF583, 0xF583, 0xF563, 0xF563, 0xF543,
    0xF563, 0xEC83, 0xFDE3, 0x83C1, 0xE24A, 0xFAD5, 0xB204, 0x9D02, 0xFFC2, 0xF7A2, 0xFFC2, 0xFFC2,
    0xFFC2, 0xFFC2, 0xF7C2, 0xFFC2, 0xFFC2, 0xF602, 0xF543, 0xF563, 0xF543, 0xF543, 0xF563, 0xF403,
    0xEE83, 0x9B22, 0xFAAD, 0xF26F, 0x8B02, 0xF7C3, 0xFFC2, 0xFFC2, 0xFFC2, 0xFFC2, 0xFFC2, 0xFFC2,
    0xFFC2, 0xFFC2, 0xFFC2, 0xFFC2, 0xF6E2, 0xF4E3, 0xF503, 0xF4E3, 0xF4E3, 0xF4C3, 0xF483, 0xE6C3,
    0x9AC3, 0xFA71, 0xFA7A, 0x714A, 0x0000, 0x7BA3, 0xFFE2, 0xFFC2, 0xE721, 0xF36B, 0xC1D2, 0xE235,
    0xFA57, 0xFA57, 0xF236, 0xF236, 0xFA58, 0xC9F3, 0xF256, 0xFA9A, 0xFA79, 0xFA78, 0xFA99, 0xFA99,
    0xFA57, 0xF236, 0xFA78, 0xC9F2, 0x0000, 0x2021, 0xE363, 0xF6E2, 0xFFE3, 0x59E2, 0x0000, 0x0020,
    0x0000, 0x0000, 0x0000, 0x0000, 0x0000, 0x0000, 0x0000, 0x0000, 0x0000, 0x0000, 0x0000, 0x0000,
    0x0000, 0x0000, 0x0000, 0x0000, 0x0000, 0x0000, 0x50C2, 0xFDA3, 0xFFE2, 0xF4E2, 0xFAA6, 0xFA70,
    0xFA57, 0xFA58, 0xFA58, 0xFA58, 0xFA38, 0xFA76, 0x89A9, 0xEA38, 0xFAB1, 0x9A42, 0xDEE2, 0xFFE2,
    0xFE82, 0xFDE3, 0xFDE3, 0xFDE3, 0xFD63, 0xFDC3, 0xCE62, 0xC248, 0xFA77, 0xFA58, 0xF28E, 0x8B02,
    0xFFE3, 0xFFE2, 0xFFE2, 0xFFE2, 0xFFE2, 0xFFE2, 0xFFE2, 0xFFE2, 0xFFE2, 0xFFE2, 0xFF42, 0xFDC3,
    0xFDE3, 0xFDE3, 0xFDE3, 0xFDE3, 0xFDE3, 0xFD43, 0xFF43, 0xA443, 0xEAA9, 0xFAEF, 0xB204, 0x7AA1,
    0xA542, 0xDF42, 0xFFE2, 0xFFE2, 0xFFA3, 0xFEE3, 0xFF83, 0xE763, 0xA5A2, 0x72C1, 0xA1C3, 0xFACD,
    0xFA57, 0xFA58, 0xEA37, 0x8148, 0xE5A3, 0xFBD3, 0xF9F8, 0xFA57, 0xFA58, 0xFA58, 0xFA58, 0xFA58,
    0xFA58, 0xFA58, 0xFA58, 0xFA38, 0xFA58, 0xFA58, 0xF1D9, 0xFDAC, 0x8B22, 0xC994, 0xFAB8, 0xCA08,
    0x8C22, 0xFFE3, 0xFFE2, 0xFFE2, 0xFFE2, 0xFFE2, 0xFFE2, 0xFFE2, 0xFFE2, 0xFFE2, 0xFF83, 0xFF83,
    0xFF83, 0xFF83, 0xFF83, 0xFFA3, 0xFF83, 0xFF83, 0xFFE3, 0x83A2, 0xE24B, 0xFACE, 0x8282, 0xEFE3,
    0xFFE2, 0xFFE2, 0xFFE2, 0xFFE2, 0xFFE2, 0xFFE2, 0xFFE2, 0xFFE2, 0xFFE2, 0xFFA3, 0xFF63, 0xFF63,
    0xFF63, 0xFF63, 0xFF63, 0xFF63, 0xFFE2, 0xBDA3, 0xD266, 0xFAAC, 0x8B03, 0xFFE3, 0xFFE2, 0xFFE2,
    0xFFE2, 0xFFE2, 0xFFE2, 0xFFE2, 0xFFE2, 0xFFE2, 0xFFE2, 0xFFE2, 0xFFE2, 0xFFE2, 0xFFE2, 0xFFE2,
    0xFFE2, 0xFFE2, 0xFFE2, 0xEFE3, 0x92A3, 0xFA71, 0xFA7A, 0x690A, 0x0000, 0x1061, 0xD6A3, 0xFFE2,
    0xD683, 0x7263, 0xB9CF, 0xC1F2, 0xEA56, 0xB1D1, 0xFA57, 0xFA78, 0xFA78, 0xEA56, 0x894D, 0xE236,
    0xE235, 0xFA78, 0x996E, 0x794C, 0xFA78, 0xFA58, 0xFA57, 0xFA79, 0x58E8, 0x0000, 0x89C3, 0xFF44,
    0x9BE2, 0x0000, 0x0020, 0x0000, 0x0000, 0x0000, 0x0000, 0x0000, 0x0000, 0x0000, 0x0000, 0x0000,
    0x0000, 0x0000, 0x0000, 0x0000, 0x0000, 0x0000, 0x0000, 0x0000, 0x0000, 0x0000, 0x0000, 0x7142,
    0xFDC3, 0xFFE2, 0xF642, 0xF3C2, 0xFAC7, 0xFA6D, 0xFA50, 0xFA52, 0xFA33, 0xFA70, 0x8988, 0xEA18,
    0xFAB1, 0x9222, 0x9D83, 0xCEA3, 0xC5E3, 0xCDA3, 0xC5A3, 0xC5C3, 0xC5A3, 0xCE43, 0x9D02, 0xC247,
    0xFA77, 0xFA96, 0xB1E5, 0x7C22, 0xCEA3, 0xC642, 0xC662, 0xC642, 0xBE42, 0xBE22, 0xBE22, 0xBE02,
    0xBE02, 0xB5E2, 0xB5E1, 0xB5E1, 0xB5C1, 0xB5C1, 0xB5C2, 0xB5A2, 0xB5A2, 0xADA2, 0xB582, 0x8422,
    0xA221, 0xFAD0, 0xFA95, 0xF28B, 0xB205, 0x8A62, 0x8B42, 0x9422, 0x9482, 0x9462, 0x8361, 0x8242,
    0xA1E4, 0xEA8A, 0xFAB3, 0xF238, 0xFA78, 0xE217, 0x8108, 0xD4E2, 0xFC0F, 0xF1B6, 0xFA55, 0xFA35,
    0xFA35, 0xFA35, 0xFA34, 0xFA54, 0xFA54, 0xFA54, 0xFA54, 0xFA54, 0xF254, 0xFA73, 0xF214, 0xFDCA,
    0x8B22, 0xC194, 0xFA98, 0xD268, 0x4201, 0x7C22, 0x7BE2, 0x7BE2, 0x7BE2, 0x7BE2, 0x7BC2, 0x7BC2,
    0x7BC2, 0x7BC2, 0x7C01, 0x7BE1, 0x7BE1, 0x7BE1, 0x7BE1, 0x7BE1, 0x7BE1, 0x7BC1, 0x7BA1, 0x5A00,
    0xF2E7, 0xDA86, 0x6281, 0xB522, 0xACE1, 0xACE2, 0xA4C2, 0xA4C2, 0xA4A2, 0xA4A2, 0x9C82, 0x9C62,
    0x9C62, 0x9C82, 0x9C82, 0x9C62, 0x9462, 0x9442, 0x9442, 0x9422, 0x9402, 0x7B82, 0x9A22, 0xFB44,
    0x7A22, 0x83C2, 0x8BC1, 0x8BC1, 0x93C1, 0x93E1, 0x93E1, 0x93E1, 0x93E1, 0x93E1, 0x93E1, 0x9BE1,
    0x9BE1, 0x9C01, 0x9C01, 0x9C21, 0xA421, 0xA421, 0xA421, 0x93E2, 0xA261, 0xFA91, 0xFA7A, 0x690A,
    0x0000, 0x0000, 0x4A61, 0xF784, 0x20E1, 0x0000, 0x5908, 0xDA35, 0xC9F3, 0xFA77, 0xC9F3, 0x6109,
    0x3085, 0x712B, 0xCA13, 0x814C, 0x692A, 0xEA57, 0xA18F, 0x0000, 0xA18F, 0xE235, 0xEA36, 0xD214,
    0xEA57, 0x2864, 0x0000, 0x5142, 0x0800, 0x0000, 0x0000, 0x0000, 0x0000, 0x0000, 0x0000, 0x0000,
    0x0000, 0x0000, 0x0000, 0x0000, 0x0000, 0x0000, 0x0000, 0x0000, 0x0000, 0x0000, 0x0000, 0x0000,
    0x0000, 0x0000, 0x0000, 0x0000, 0x6922, 0xF4C4, 0xFFA3, 0xFFE2, 0xF6A2, 0xF542, 0xF4A2, 0xF463,
    0xF463, 0xF4A2, 0x89C6, 0xEA18, 0xFAB1, 0xD2A4, 0x99E4, 0xAA45, 0xAA65, 0xAA65, 0xB266, 0xB286,
    0xBA87, 0xBA67, 0xBA67, 0xF2CA, 0xFA79, 0xFAD2, 0xC265, 0x9206, 0x9A06, 0x99E6, 0x99E6, 0x99E6,
    0xA1E7, 0xA1E6, 0xA1E6, 0xA1E6, 0xAA07, 0xAA07, 0xB207, 0xB207, 0xB207, 0xB207, 0xB1E7, 0xB1E7,
    0xB1E7, 0xB9E7, 0xBA07, 0xBA27, 0xDAA7, 0xF2EA, 0xF237, 0xFA58, 0xFA95, 0xFA90, 0xEA6D, 0xDA4A,
    0xD229, 0xDA2A, 0xEA6C, 0xFAB0, 0xFAB4, 0xFA57, 0xFA58, 0xFA79, 0xB993, 0x7966, 0xDDA1, 0xFF63,
    0xF5E4, 0xF644, 0xF644, 0xF664, 0xF663, 0xF683, 0xF683, 0xF6A3, 0xF6A3, 0xF6A3, 0xF6C3, 0xF6C3,
    0xF6E3, 0xF6E3, 0xF6C2, 0xFFA2, 0x8AC3, 0xC9B4, 0xFA78, 0xF2CA, 0xAA05, 0xA1A6, 0xA1A6, 0xA9C6,
    0xA9C6, 0xA9C7, 0xB1C7, 0xB1C7, 0xB1E7, 0xB9E7, 0xB9E8, 0xB9E8, 0xC1E8, 0xC208, 0xC208, 0xCA09,
    0xCA09, 0xCA29, 0xCA09, 0xE289, 0xFAEA, 0xF2C9, 0xDA89, 0xD229, 0xD229, 0xDA2A, 0xDA2A, 0xDA2A,
    0xDA2A, 0xDA2A, 0xDA4A, 0xDA2A, 0xDA2A, 0xDA2A, 0xDA2A, 0xDA2A, 0xDA2A, 0xDA2B, 0xE24B, 0xDA4A,
    0xE24B, 0xE24B, 0xEAAB, 0xFAEA, 0xEAAB, 0xE24B, 0xE24B, 0xE24B, 0xE24C, 0xE24C, 0xE24C, 0xE24C,
    0xE24C, 0xE24C, 0xE24D, 0xEA4D, 0xEA4D, 0xEA4D, 0xEA4D, 0xEA4D, 0xEA4D, 0xEA4E, 0xEA4E, 0xEA4E,
    0xFAAE, 0xF254, 0xFA79, 0x710A, 0x0000, 0x0000, 0x0020, 0x4202, 0x0000, 0x0820, 0x0000, 0x712B,
    0xD235, 0x916E, 0x1021, 0x0000, 0x0000, 0x0000, 0x58E8, 0xE236, 0xE235, 0xFA58, 0xF277, 0x1022,
    0x1842, 0x5908, 0x794B, 0x918D, 0xDA35, 0xF278, 0x40A6, 0x0000, 0x0000, 0x0000, 0x0000, 0x0000,
    0x0000, 0x0000, 0x0000, 0x0000, 0x0000, 0x0000, 0x0000, 0x0000, 0x0000, 0x0000, 0x0000, 0x0000,
    0x0000, 0x0000, 0x0000, 0x0000, 0x0000, 0x0000, 0x0000, 0x0000, 0x0000, 0x3061, 0xAA63, 0xF4E3,
    0xFEC3, 0xFFC3, 0xFFE3, 0xFFE2, 0xFFE2, 0xFFE2, 0x8A26, 0xE9F7, 0xFA56, 0xBAEF, 0xCB10, 0xE211,
    0xD210, 0xF253, 0xC9F0, 0xB1CF, 0xC1D0, 0xC1F0, 0xD212, 0xE214, 0xA990, 0xB1B0, 0xEA54, 0xD212,
    0xD212, 0xFA75, 0xE233, 0xF255, 0xD212, 0xDA33, 0xDA33, 0xE233, 0xDA13, 0xDA13, 0xD212, 0xDA33,
    0xDA33, 0xDA34, 0xFAB8, 0xFA98, 0xFA98, 0xFAB8, 0xFAB9, 0xFA98, 0xFA99, 0xFA78, 0xFA78, 0xFA78,
    0xFA59, 0xFA59, 0xFA58, 0xFA78, 0xFA78, 0xFA78, 0xFA58, 0xFA59, 0xFA59, 0xFA78, 0xDA15, 0x918C,
    0xA303, 0xFF02, 0xFFE2, 0xFFE2, 0xFFE2, 0xFFE2, 0xFFE2, 0xFFE2, 0xFFE2, 0xFFE2, 0xFFE2, 0xFFE2,
    0xFFE2, 0xFFE2, 0xFFE2, 0xFFE2, 0xFFE2, 0xFFE2, 0xFFE2, 0xFFE2, 0x92C3, 0xC994, 0xFA78, 0xFA56,
    0xFA96, 0xFAB7, 0xFA97, 0xFA97, 0xFA97, 0xFA97, 0xFA97, 0xFA97, 0xFA97, 0xFA97, 0xFA97, 0xFA98,
    0xFA98, 0xFA98, 0xFA78, 0xFA78, 0xFA78, 0xFA78, 0xFA78, 0xFA58, 0xFA58, 0xFA58, 0xFA78, 0xFA78,
    0xFA78, 0xFA78, 0xFA78, 0xFA78, 0xFA78, 0xFA78, 0xFA78, 0xFA78, 0xFA78, 0xFA78, 0xFA78, 0xFA78,
    0xFA78, 0xFA78, 0xFA78, 0xFA78, 0xFA78, 0xFA78, 0xFA59, 0xFA58, 0xFA58, 0xFA78, 0xFA79, 0xFA79,
    0xFA79, 0xFA79, 0xFA79, 0xFA79, 0xFA79, 0xFA79, 0xFA79, 0xFA79, 0xFA79, 0xFA79, 0xFA79, 0xFA59,
    0xFA59, 0xFA79, 0xFA79, 0xFA79, 0xFA59, 0xFA58, 0xFA99, 0x712B, 0x0000, 0x0800, 0x0000, 0x0000,
    0x0000, 0x0000, 0x0000, 0x0000, 0x1021, 0x0000, 0x0000, 0x0800, 0x0000, 0x0800, 0x0000, 0x38A5,
    0xA1B0, 0xB9D2, 0x6109, 0x0821, 0x0000, 0x0000, 0x2063, 0x38C6, 0x2864, 0x794C, 0x40A6, 0x0020,
    0x0000, 0x0000, 0x0000, 0x0000, 0x0000, 0x0000, 0x0000, 0x0000, 0x0000, 0x0000, 0x0000, 0x0000,
    0x0000, 0x0000, 0x0000, 0x0000, 0x0000, 0x0000, 0x0000, 0x0000, 0x0000, 0x0000, 0x0000, 0x0000,
    0x0000, 0x0000, 0x0000, 0x2841, 0x6922, 0x9A23, 0xB2E3, 0xC363, 0xCB83, 0xCB63, 0x7166, 0xEA37,
    0xFA58, 0x9AD2, 0xA2F2, 0xC9B3, 0xB1B2, 0xD215, 0xB1B1, 0xA190, 0xA9B0, 0xA9B0, 0xB9F2, 0xD213,
    0xA1AF, 0xB1D1, 0xC1F2, 0xB1D1, 0xA9B1, 0xC1F3, 0xB1B1, 0xB9D2, 0xA9B1, 0xA190, 0xB1B1, 0xA9B1,
    0xA1B0, 0x998F, 0x998F, 0xA1B0, 0x998F, 0x998F, 0xB9D1, 0xB1D1, 0xB1D1, 0xB1B1, 0xA9B0, 0xA9B0,
    0xA9B0, 0xA9B0, 0xA1B0, 0xA1AF, 0xA1AF, 0xC9F3, 0xEA56, 0xFA77, 0xFA78, 0xFA77, 0xF256, 0xDA34,
    0xA9B0, 0x6109, 0x5923, 0xA242, 0xCBA4, 0xC3C3, 0xBB63, 0xBB63, 0xBB43, 0xBB23, 0xBB23, 0xBB03,
    0xBB03, 0xBB03, 0xB2E3, 0xB2E3, 0xB2E3, 0xB2C3, 0xB2C3, 0xB2C3, 0xB2A3, 0xB2A3, 0xAAA3, 0xB2C3,
    0x6163, 0xC9F4, 0xFA78, 0xF257, 0xF257, 0xF257, 0xF257, 0xF257, 0xF257, 0xF257, 0xF257, 0xF257,
    0xF257, 0xF257, 0xF257, 0xF257, 0xF256, 0xF256, 0xF257, 0xF256, 0xF256, 0xF256, 0xEA56, 0xEA56,
    0xF256, 0xEA56, 0xEA56, 0xEA36, 0xEA36, 0xEA36, 0xEA36, 0xEA36, 0xEA36, 0xEA56, 0xEA36, 0xEA36,
    0xEA36, 0xEA36, 0xE235, 0xEA35, 0xE235, 0xE235, 0xE235, 0xE235, 0xE235, 0xE235, 0xE235, 0xE235,
    0xE235, 0xE235, 0xE235, 0xE235, 0xE235, 0xDA35, 0xDA34, 0xDA35, 0xDA34, 0xDA34, 0xDA34, 0xDA34,
    0xDA34, 0xDA14, 0xDA14, 0xDA14, 0xDA14, 0xDA14, 0xD214, 0xD214, 0xD214, 0xD213, 0xDA35, 0x6109,
    0x0000, 0x0000, 0x0000, 0x0020, 0x0000, 0x0000, 0x0000, 0x0000, 0x0000, 0x0000, 0x0000, 0x0000,
    0x0000, 0x0000, 0x0000, 0x0000, 0x0000, 0x0000, 0x0000, 0x0000, 0x0000, 0x0000, 0x0000, 0x0000,
    0x0000, 0x0000, 0x0000, 0x0000, 0x0000, 0x0000, 0x0000, 0x0000, 0x0000, 0x0000, 0x0000, 0x0000,
    0x0000, 0x0000, 0x0000, 0x0000, 0x0000, 0x0000, 0x0000, 0x0000, 0x0000, 0x0000, 0x0000, 0x0000,
    0x0000, 0x0000, 0x0000, 0x0000, 0x0000, 0x0000, 0x0000, 0x0000, 0x0000, 0x0000, 0x0000, 0x0000,
    0x0000, 0x0000, 0x0801, 0x3084, 0x2884, 0x2844, 0x2844, 0x3084, 0x2864, 0x2863, 0x2864, 0x2864,
    0x2863, 0x2063, 0x2063, 0x1842, 0x2063, 0x1862, 0x1842, 0x1842, 0x1042, 0x1041, 0x1021, 0x0821,
    0x1021, 0x0821, 0x0800, 0x0800, 0x0821, 0x0820, 0x0000, 0x0000, 0x0000, 0x0000, 0x0000, 0x0000,
    0x0000, 0x0000, 0x0000, 0x0000, 0x0000, 0x0000, 0x0000, 0x0000, 0x0000, 0x0020, 0x2063, 0x3085,
    0x40A6, 0x3885, 0x2864, 0x0821, 0x0000, 0x0000, 0x0820, 0x0000, 0x0000, 0x0000, 0x0000, 0x0000,
    0x0000, 0x0000, 0x0000, 0x0000, 0x0000, 0x0000, 0x0000, 0x0000, 0x0000, 0x0000, 0x0000, 0x0000,
    0x0000, 0x0000, 0x0000, 0x0000, 0x0000, 0x2864, 0x3084, 0x2884, 0x2864, 0x2864, 0x2864, 0x2864,
    0x2864, 0x2864, 0x2864, 0x2864, 0x2864, 0x2864, 0x2864, 0x2864, 0x2063, 0x2063, 0x2063, 0x2063,
    0x2063, 0x2063, 0x2043, 0x2043, 0x2043, 0x2043, 0x2043, 0x2043, 0x2043, 0x1843, 0x1843, 0x1842,
    0x1842, 0x1842, 0x1842, 0x1842, 0x1842, 0x1842, 0x1842, 0x1842, 0x1842, 0x1842, 0x1842, 0x1842,
    0x1042, 0x1042, 0x1042, 0x1042, 0x1042, 0x1042, 0x1021, 0x1021, 0x1021, 0x1021, 0x1021, 0x1021,
    0x1021, 0x1021, 0x0821, 0x0821, 0x0821, 0x0821, 0x0821, 0x0821, 0x0821, 0x0821, 0x0821, 0x0821,
    0x0821, 0x0821, 0x0821, 0x0000, 0x0000, 0x0000, 0x0000, 0x0000, 0x0000, 0x0000, 0x0000, 0x0000,
    0x0000, 0x0000, 0x0000, 0x0000, 0x0000, 0x0000, 0x0000, 0x0000, 0x0000, 0x0000, 0x0000, 0x0000,
    0x0000, 0x0000, 0x0000, 0x0000, 0x0000, 0x0000, 0x0000, 0x0000, 0x0000, 0x0000, 0x0000, 0x0000,
    0x0000, 0x0000, 0x0000, 0x0000, 0x0000, 0x0000, 0x0000, 0x0000, 0x0000, 0x0000, 0x0000, 0x0000,
    0x0000, 0x0000, 0x0000, 0x0000, 0x0000, 0x0000, 0x0000, 0x0000, 0x0000, 0x0000, 0x0000, 0x0000,
    0x0000, 0x0000, 0x0020, 0x0020, 0x0000, 0x0000, 0x0000, 0x0000, 0x0000, 0x0000, 0x0000, 0x0000,
    0x0000, 0x0000, 0x0000, 0x0000, 0x0000, 0x0000, 0x0000, 0x0000, 0x0000, 0x0000, 0x0000, 0x0000,
    0x0000, 0x0000, 0x0000, 0x0000, 0x0000, 0x0000, 0x0000, 0x0000, 0x0000, 0x0000, 0x0000, 0x0000,
    0x0000, 0x0000, 0x0000, 0x0000, 0x0000, 0x0000, 0x0000, 0x0000, 0x0000, 0x0000, 0x0000, 0x0000,
    0x0000, 0x0000, 0x0000, 0x0000, 0x0000, 0x0000, 0x0000, 0x0000, 0x0000, 0x0000, 0x0000, 0x0000,
    0x0000, 0x0000, 0x0020, 0x0000, 0x0020, 0x0020, 0x0000, 0x0020, 0x0000, 0x0000, 0x0000, 0x0000,
    0x0000, 0x0020, 0x0000, 0x0000, 0x0000, 0x0000, 0x0000, 0x0000, 0x0000, 0x0000, 0x0000, 0x0000,
    0x0000, 0x0000, 0x0000, 0x0000, 0x0000, 0x0000, 0x0000, 0x0000, 0x0000, 0x0000, 0x0000, 0x0000,
    0x0000, 0x0000, 0x0000, 0x0000, 0x0000, 0x0000, 0x0000, 0x0000, 0x0000, 0x0000, 0x0000, 0x0000,
    0x0000, 0x0000, 0x0000, 0x0000, 0x0000, 0x0000, 0x0000, 0x0000, 0x0000, 0x0000, 0x0000, 0x0000,
    0x0000, 0x0000, 0x0000, 0x0000, 0x0000, 0x0000, 0x0000, 0x0000, 0x0000, 0x0000, 0x0000, 0x0000,
    0x0000, 0x0000, 0x0000, 0x0000, 0x0000, 0x0000, 0x0000, 0x0000, 0x0000, 0x0000, 0x0000, 0x0000,
    0x0000, 0x0000, 0x0000, 0x0000, 0x0000, 0x0000, 0x0000, 0x0000, 0x0000, 0x0000, 0x0000, 0x0000,
    0x0000, 0x0000, 0x0000, 0x0000, 0x0000, 0x0000, 0x0000, 0x0000, 0x0000, 0x0000, 0x0000, 0x0000,
    0x0000, 0x0000, 0x0000, 0x0000, 0x0000, 0x0000, 0x0000, 0x0000, 0x0000, 0x0000, 0x0000, 0x0000,
    0x0000, 0x0000, 0x0000, 0x0000, 0x0000, 0x0000, 0x0000, 0x0000, 0x0000, 0x0000, 0x0000, 0x0000,
    0x0000, 0x0000, 0x0000, 0x0000, 0x0000, 0x0000, 0x0000, 0x0000, 0x0000, 0x0000, 0x0000, 0x0000,
    0x0000, 0x0000, 0x0000, 0x0000, 0x0000, 0x0000, 0x0000, 0x0000, 0x0000, 0x0000, 0x0000, 0x0000,
    0x0000, 0x0000, 0x0000, 0x0000, 0x0000, 0x0000, 0x0000, 0x0000, 0x0000, 0x0000, 0x0000, 0x0000,
    0x0000, 0x0000, 0x0000, 0x0000, 0x0000, 0x0000, 0x0000, 0x0000, 0x0000, 0x0000, 0x0000, 0x0000,
    0x0000, 0x0000, 0x0000, 0x0000, 0x0000, 0x0000, 0x0000, 0x0000, 0x0000, 0x0000, 0x0000, 0x0000,
    0x0000, 0x0000, 0x0000, 0x0000, 0x0000, 0x0000, 0x0000, 0x0000, 0x0000, 0x0000, 0x0000, 0x0000,
    0x0000, 0x0000, 0x0000, 0x0000, 0x0000, 0x0000, 0x0000, 0x0000, 0x0000, 0x0000, 0x0000, 0x0000,
    0x0000, 0x0000, 0x0000, 0x0000, 0x0000, 0x0000, 0x0000, 0x0000, 0x0000, 0x0000, 0x0000, 0x0000,
    0x0000, 0x0000, 0x0000, 0x0000, 0x0000, 0x0000, 0x0000, 0x0000, 0x0000, 0x0000, 0x0000, 0x0000,
    0x0000, 0x0000, 0x0000, 0x0000, 0x0000, 0x0000, 0x0000, 0x0000, 0x0000, 0x0000, 0x0000, 0x0000,
    0x0000, 0x0000, 0x0000, 0x0000, 0x0000, 0x0000, 0x0000, 0x0000, 0x0000, 0x0000, 0x0000, 0x0000,
    0x0000, 0x0000, 0x0000, 0x0000, 0x0000, 0x0000, 0x0000, 0x0000, 0x0000, 0x0000, 0x0000, 0x0000,
    0x0000, 0x0000, 0x0000, 0x0000, 0x0000, 0x0000, 0x0000, 0x0000, 0x0000, 0x0000, 0x0000, 0x0000,
    0x0000, 0x0000, 0x0000, 0x0000, 0x0000, 0x0000, 0x0000, 0x0000, 0x0000, 0x0000, 0x0000, 0x0000,
    0x0000, 0x0000, 0x0000, 0x0000, 0x0000, 0x0000, 0x0000, 0x0000, 0x0000, 0x0000, 0x0000, 0x0000,
    0x0000, 0x0000, 0x0000, 0x0000, 0x0000, 0x0000, 0x0000, 0x0000, 0x0000, 0x0000, 0x0000, 0x0000,
    0x0000, 0x0000, 0x0000, 0x0000, 0x0000, 0x0000, 0x0000, 0x0000, 0x0000, 0x0000, 0x0000, 0x0000,
    0x0000, 0x0000, 0x0000, 0x0000, 0x0000, 0x0000, 0x0000, 0x0000, 0x0000, 0x0000, 0x0000, 0x0000,
    0x0000, 0x0000, 0x0000, 0x0000, 0x0000, 0x0000, 0x0000, 0x0000, 0x0000, 0x0000, 0x0000, 0x0000,
    0x0000, 0x0000, 0x0000, 0x0000, 0x0000, 0x0000, 0x0000, 0x0000, 0x0000, 0x0000, 0x0000, 0x0000,
    0x0000, 0x0000, 0x0000, 0x0000, 0x0000, 0x0000, 0x0000, 0x0000, 0x0000, 0x0000, 0x0000, 0x0000,
    0x0000, 0x0000, 0x0000, 0x0000, 0x0000, 0x0000, 0x0000, 0x0000, 0x0000, 0x0000, 0x0000, 0x0000,
    0x0000, 0x0000, 0x0000, 0x0000, 0x0000, 0x0000, 0x0000, 0x0000, 0x0000, 0x0000, 0x0000, 0x0000,
    0x0000, 0x0000, 0x0000, 0x0000, 0x0000, 0x0000, 0x0000, 0x0000, 0x0000, 0x0000, 0x0000, 0x0000,
    0x0000, 0x0000, 0x0000, 0x0000, 0x0000, 0x0000, 0x0000, 0x0000, 0x0000, 0x0000, 0x0000, 0x0000,
    0x0000, 0x0000, 0x0000, 0x0000, 0x0000, 0x0000, 0x0000, 0x0000, 0x0000, 0x0000, 0x0000, 0x0000,
    0x0000, 0x0000, 0x0000, 0x0000, 0x0000, 0x0000, 0x0000, 0x0000, 0x0000, 0x0000, 0x0000, 0x0000,
    0x0000, 0x0000, 0x0000, 0x0000, 0x0000, 0x0000, 0x0000, 0x0000, 0x0000, 0x0000, 0x0000, 0x0000,
    0x0000, 0x0000, 0x0000, 0x0000, 0x0000, 0x0000, 0x0000, 0x0000, 0x0000, 0x0000, 0x0000, 0x0000,
    0x0000, 0x0000, 0x0000, 0x0000, 0x0000, 0x0000, 0x0000, 0x0000, 0x0000, 0x0000, 0x0000, 0x0000,
    0x0000, 0x0000, 0x0000, 0x0000, 0x0000, 0x0000, 0x0000, 0x0000, 0x0000, 0x0000, 0x0000, 0x0000,
    0x0000, 0x0000, 0x0000, 0x0000, 0x0000, 0x0000, 0x0000, 0x0000, 0x0000, 0x0000, 0x0000, 0x0000,
    0x0000, 0x0000, 0x0000, 0x0000, 0x0000, 0x0000, 0x0000, 0x0000, 0x0000, 0x0000, 0x0000, 0x0000,
    0x0000, 0x0000, 0x0000, 0x0000, 0x0000, 0x0000, 0x0000, 0x0000, 0x0000, 0x0000, 0x0000, 0x0000,
    0x0000, 0x0000, 0x0000, 0x0000, 0x0000, 0x0000, 0x0000, 0x0000,
};
