// Rally-X — 208x81 RGB565, generated
#include "marquees.h"

const uint16_t marquee_rallyx_data[16848] = {
    0xFEC5, 0xFEC5, 0xFEC5, 0xFEC5, 0xFEC5, 0xFEC5, 0xFEC5, 0xFEC5, 0xFEC5, 0xFEC5, 0xFEC5, 0xFEC5,
    0xFEC5, 0xFEC5, 0xFEC5, 0xFEC5, 0xFEC5, 0xFEC5, 0xFEC5, 0xFEC5, 0xFEC5, 0xFEC5, 0xFEC5, 0xFEC5,
    0xFEC5, 0xFEC5, 0xFEC5, 0xFEC5, 0xFEC5, 0xFEC5, 0xFEC5, 0xFEC5, 0xFEC5, 0xFEC5, 0xFEC5, 0xFEC5,
    0xFEC5, 0xFEC5, 0xFEC5, 0xFEC5, 0xFEC5, 0xFEC5, 0xFEC5, 0xFEC5, 0xFEC5, 0xFEC5, 0xFEC5, 0xFEC5,
    0xFEC5, 0xFEC5, 0xFEC5, 0xFEC5, 0xFEC5, 0xFEC5, 0xFEC5, 0xFEC5, 0xFEC5, 0xFEC5, 0xFEC5, 0xFEC5,
    0xFEC5, 0xFEC5, 0xFEC5, 0xFEC5, 0xFEC5, 0xFEC5, 0xFEC5, 0xFEC5, 0xFEC5, 0xFEC5, 0xFEC5, 0xFEC5,
    0xFEC5, 0xFEC5, 0xFEC5, 0xFEC5, 0xFEC5, 0xFEC5, 0xFEC5, 0xFEC5, 0xFEC5, 0xFEC5, 0xFEC5, 0xFEC5,
    0xFEC5, 0xFEC5, 0xFEC5, 0xFEC5, 0xFEC5, 0xFEC5, 0xFEC5, 0xFEC5, 0xFEC5, 0xFEC5, 0xFEC5, 0xFEC5,
    0xFEC5, 0xFEC5, 0xFEC5, 0xFEC5, 0xFEC5, 0xFEC5, 0xFEC5, 0xFEC5, 0xFEC5, 0xFEC5, 0xFEC5, 0xFEC5,
    0xFEC5, 0xFEC5, 0xFEC5, 0xFEC5, 0xFEC5, 0xFEC5, 0xFEC5, 0xFEC5, 0xFEC5, 0xFEC5, 0xFEC5, 0xFEC5,
    0xFEC5, 0xFEC5, 0xFEC5, 0xFEC5, 0xFEC5, 0xFEC5, 0xFEC5, 0xFEC5, 0xFEC5, 0xFEC5, 0xFEC5, 0xFEC5,
    0xFEC5, 0xFEC5, 0xFEC5, 0xFEC5, 0xFEC5, 0xFEC5, 0xFEC5, 0xFEC5, 0xFEC5, 0xFEC5, 0xFEC5, 0xFEC5,
    0xFEC5, 0xFEC5, 0xFEC5, 0xFEC5, 0xFEC5, 0xFEC5, 0xFEC5, 0xFEC5, 0xFEC5, 0xFEC5, 0xFEC5, 0xFEC5,
    0xFEC5, 0xFEC5, 0xFEC5, 0xFEC5, 0xFEC5, 0xFEC5, 0xFEC5, 0xFEC5, 0xFEC5, 0xFEC5, 0xFEC5, 0xFEC5,
    0xFEC5, 0xFEC5, 0xFEC5, 0xFEC5, 0xFEC5, 0xFEC5, 0xFEC5, 0xFEC5, 0xFEC5, 0xFEC5, 0xFEC5, 0xFEC5,
    0xFEC5, 0xFEC5, 0xFEC5, 0xFEC5, 0xFEC5, 0xFEC5, 0xFEC5, 0xFEC5, 0xFEC5, 0xFEC5, 0xFEC5, 0xFEC5,
    0xFEC5, 0xFEC5, 0xFEC5, 0xFEC5, 0xFEC5, 0xFEC5, 0xFEC5, 0xFEC5, 0xFEC5, 0xFEC5, 0xFEC5, 0xFEC5,
    0xFEC5, 0xFEC5, 0xFEC5, 0xFEC5, 0xFEC5, 0xFEC5, 0xFEC5, 0xFEC5, 0xFEC5, 0xFEC5, 0xFEC5, 0xFEC5,
    0xFEC5, 0xFEC5, 0xFEC5, 0xFEC5, 0xFEC5, 0xFEC5, 0xFEC5, 0xFEC5, 0xFEC5, 0xFEC5, 0xFEC5, 0xFEC5,
    0xFEC5, 0xFEC5, 0xFEC5, 0xFEC5, 0xFEC5, 0xFEC5, 0xFEC5, 0xFEC5, 0xFEC5, 0xFEC5, 0xFEC5, 0xFEC5,
    0xFEC5, 0xFEC5, 0xFEC5, 0xFEC5, 0xFEC5, 0xFEC5, 0xFEC5, 0xFEC5, 0xFEC5, 0xFEC5, 0xFEC5, 0xFEC5,
    0xFEC5, 0xFEC5, 0xFEC5, 0xFEC5, 0xFEC5, 0xFEC5, 0xFEC5, 0xFEC5, 0xFEC5, 0xFEC5, 0xFEC5, 0xFEC5,
    0xFEC5, 0xFEC5, 0xFEC5, 0xFEC5, 0xFEC5, 0xFEC5, 0xFEC5, 0xFEC5, 0xFEC5, 0xFEC5, 0xFEC5, 0xFEC5,
    0xFEC5, 0xFEC5, 0xFEC5, 0xFEC5, 0xFEC5, 0xFEC5, 0xFEC5, 0xFEC5, 0xFEC5, 0xFEC5, 0xFEC5, 0xFEC5,
    0xFEC5, 0xFEC5, 0xFEC5, 0xFEC5, 0xFEC5, 0xFEC5, 0xFEC5, 0xFEC5, 0xFEC5, 0xFEC5, 0xFEC5, 0xFEC5,
    0xFEC5, 0xFEC5, 0xFEC5, 0xFEC5, 0xFEC5, 0xFEC5, 0xFEC5, 0xFEC5, 0xFEC5, 0xFEC5, 0xFEC5, 0xFEC5,
    0xFEC5, 0xFEC5, 0xFEC5, 0xFEC5, 0xFEC5, 0xFEC5, 0xFEC5, 0xFEC5, 0xFEC5, 0xFEC5, 0xFEC5, 0xFEC5,
    0xFEC5, 0xFEC5, 0xFEC5, 0xFEC5, 0xFEC5, 0xFEC5, 0xFEC5, 0xFEC5, 0xFEC5, 0xFEC5, 0xFEC5, 0xFEC5,
    0xFEC5, 0xFEC5, 0xFEC5, 0xFEC5, 0xFEC5, 0xFEC5, 0xFEC5, 0xFEC5, 0xFEC5, 0xFEC5, 0xFEC5, 0xFEC5,
    0xFEC5, 0xFEC5, 0xFEC5, 0xFEC5, 0xFEC5, 0xFEC5, 0xFEC5, 0xFEC5, 0xFEC5, 0xFEC5, 0xFEC5, 0xFEC5,
    0xFEC5, 0xFEC5, 0xFEC5, 0xFEC5, 0xFEC5, 0xFEC5, 0xFEC5, 0xFEC5, 0xFEC5, 0xFEC5, 0xFEC5, 0xFEC5,
    0xFEC5, 0xFEC5, 0xFEC5, 0xFEC5, 0xFEC5, 0xFEC5, 0xFEC5, 0xFEC5, 0xFEC5, 0xFEC5, 0xFEC5, 0xFEC5,
    0xFEC5, 0xFEC5, 0xFEC5, 0xFEC5, 0xFEC5, 0xFEC5, 0xFEC5, 0xFEC5, 0xFEC5, 0xFEC5, 0xFEC5, 0xFEC5,
    0xFEC5, 0xFEC5, 0xFEC5, 0xFEC5, 0xFEC5, 0xFEC5, 0xFEC5, 0xFEC5, 0xFEC5, 0xFEC5, 0xFEC5, 0xFEC5,
    0xFEC5, 0xFEC5, 0xFEC5, 0xFEC5, 0xFEC5, 0xFEC5, 0xFEC5, 0xFEC5, 0xFEC5, 0xFEC5, 0xFEC5, 0xFEC5,
    0xFEC5, 0xFEC5, 0xFEC5, 0xFEC5, 0xFEC5, 0xFEC5, 0xFEC5, 0xFEC5, 0xFEC5, 0xFEC5, 0xFEC5, 0xFEC5,
    0xFEC5, 0xFEC5, 0xFEC5, 0xFEC5, 0xFEC5, 0xFEC5, 0xFEC5, 0xFEC5, 0xFEC5, 0xFEC5, 0xFEC5, 0xFEC5,
    0xFEC5, 0xFEC5, 0xFEC5, 0xFEC5, 0xFEC5, 0xFEC5, 0xFEC5, 0xFEC5, 0xFEC5, 0xFEC5, 0xFEC5, 0xFEC5,
    0xFEC5, 0xFEC5, 0xFEC5, 0xFEC5, 0xFEC5, 0xFEC5, 0xFEC5, 0xFEC5, 0xFEC5, 0xFEC5, 0xFEC5, 0xFEC5,
    0xFEC5, 0xFEC5, 0xFEC5, 0xFEC5, 0xFEC5, 0xFEC5, 0xFEC5, 0xFEC5, 0xFEC5, 0xFEC5, 0xFEC5, 0xFEC5,
    0xFEC5, 0xFEC5, 0xFEC5, 0xFEC5, 0xFEC5, 0xFEC5, 0xFEC5, 0xFEC5, 0xFEC5, 0xFEC5, 0xFEC5, 0xFEC5,
    0xFEC5, 0xFEC5, 0xFEC5, 0xFEC5, 0xFEC5, 0xFEC5, 0xFEC5, 0xFEC5, 0xFEC5, 0xFEC5, 0xFEC5, 0xFEC5,
    0xFEC5, 0xFEC5, 0xFEC5, 0xFEC5, 0xFEC5, 0xFEC5, 0xFEC5, 0xFEC5, 0xFEC5, 0xFEC5, 0xFEC5, 0xFEC5,
    0xFEC5, 0xFEC5, 0xFEC5, 0xFEC5, 0xFEC5, 0xFEC5, 0xFEC5, 0xFEC5, 0xFEC5, 0xFEC5, 0xFEC5, 0xFEC5,
    0xFEC5, 0xFEC5, 0xFEC5, 0xFEC5, 0xFEC5, 0xFEC5, 0xFEC5, 0xFEC5, 0xFEC5, 0xFEC5, 0xFEC5, 0xFEC5,
    0xFEC5, 0xFEC5, 0xFEC5, 0xFEC5, 0xFEC5, 0xFEC5, 0xFEC5, 0xFEC5, 0xFEC5, 0xFEC5, 0xFEC5, 0xFEC5,
    0xFEC5, 0xFEC5, 0xFEC5, 0xFEC5, 0xFEC5, 0xFEC5, 0xFEC5, 0xFEC5, 0xFEC5, 0xFEC5, 0xFEC5, 0xFEC5,
    0xFEC5, 0xFEC5, 0xFEC5, 0xFEC5, 0xFEC5, 0xFEC5, 0xFEC5, 0xFEC5, 0xFEC5, 0xFEC5, 0xFEC5, 0xFEC5,
    0xFEC5, 0xFEC5, 0xFEC5, 0xFEC5, 0xFEC5, 0xFEC5, 0xFEC5, 0xFEC5, 0xFEC5, 0xFEC5, 0xFEC5, 0xFEC5,
    0xFEC5, 0xFEC5, 0xFEC5, 0xFEC5, 0xFEC5, 0xFEC5, 0xFEC5, 0xFEC5, 0xFEC5, 0xFEC5, 0xFEC5, 0xFEC5,
    0xFEC5, 0xFEC5, 0xFEC5, 0xFEC5, 0xFEC5, 0xFEC5, 0xFEC5, 0xFEC5, 0xFEC5, 0xFEC5, 0xFEC5, 0xFEC5,
    0xFEC5, 0xFEC5, 0xFEC5, 0xFEC5, 0xFEC5, 0xFEC5, 0xFEC5, 0xFEC5, 0xFEC5, 0xFEC5, 0xFEC5, 0xFEC5,
    0xFEC5, 0xFEC5, 0xFEC5, 0xFEC5, 0xFEC5, 0xFEC5, 0xFEC5, 0xFEC5, 0xFEC5, 0xFEC5, 0xFEC5, 0xFEC5,
    0xFEC5, 0xFEC5, 0xFEC5, 0xFEC5, 0xFEC5, 0xFEC5, 0xFEC5, 0xFEC5, 0xFEC5, 0xFEC5, 0xFEC5, 0xFEC5,
    0xFEC5, 0xFEC5, 0xFEC5, 0xFEC5, 0xFEC5, 0xFEC5, 0xFEC5, 0xFEC5, 0xFEC5, 0xFEC5, 0xFEC5, 0xFEC5,
    0xFEC5, 0xFEC5, 0xFEC5, 0xFEC5, 0xFEC5, 0xFEC5, 0xFEC5, 0xFEC5, 0xFEC5, 0xFEC5, 0xFEC5, 0xFEC5,
    0xFEC5, 0xFEC5, 0xFEC5, 0xFEC5, 0xFEC5, 0xFEC5, 0xFEC5, 0xFEC5, 0xFEC5, 0xFEC5, 0xFEC5, 0xFEC5,
    0xFEC5, 0xFEC5, 0xFEC5, 0xFEC5, 0xFEC5, 0xFEC5, 0xFEC5, 0xFEC5, 0xFEC5, 0xFEC5, 0xFEC5, 0xFEC5,
    0xFEC5, 0xFEC5, 0xFEC5, 0xFEC5, 0xFEC5, 0xFEC5, 0xFEC5, 0xFEC5, 0xFEC5, 0xFEC5, 0xFEC5, 0xFEC5,
    0xFEC5, 0xFEC5, 0xFEC5, 0xFEC5, 0xFEC5, 0xFEC5, 0xFEC5, 0xFEC5, 0xFEC5, 0xFEC5, 0xFEC5, 0xFEC5,
    0xFEC5, 0xFEC5, 0xFEC5, 0xFEC5, 0xFEC5, 0xFEC5, 0xFEC5, 0xFEC5, 0xFEC5, 0xFEC5, 0xFEC5, 0xFEC5,
    0xFEC5, 0xFEC5, 0xFEC5, 0xFEC5, 0xFEC5, 0xFEC5, 0xFEC5, 0xFEC5, 0xFEC5, 0xFEC5, 0xFEC5, 0xFEC5,
    0xFEC5, 0xFEC5, 0xFEC5, 0xFEC5, 0xFEC5, 0xFEC5, 0xFEC5, 0xFEC5, 0xFEC5, 0xFEC5, 0xFEC5, 0xFEC5,
    0xFEC5, 0xFEC5, 0xFEC5, 0xFEC5, 0xFEC5, 0xFEC5, 0xFEC5, 0xFEC5, 0xFEC5, 0xFEC5, 0xFEC5, 0xFEC5,
    0xFEC5, 0xFEC5, 0xFEC5, 0xFEC5, 0xFEC5, 0xFEC5, 0xFEC5, 0xFEC5, 0xFEC5, 0xFEC5, 0xFEC5, 0xFEC5,
    0xFEC5, 0xFEC5, 0xFEC5, 0xFEC5, 0xFEC5, 0xFEC5, 0xFEC5, 0xFEC5, 0xFEC5, 0xFEC5, 0xFEC5, 0xFEC5,
    0xFEC5, 0xFEC5, 0xFEC5, 0xFEC5, 0xFEC5, 0xFEC5, 0xFEC5, 0xFEC5, 0xFEC5, 0xFEC5, 0xFEC5, 0xFEC5,
    0xFEC5, 0xFEC5, 0xFEC5, 0xFEC5, 0xFEC5, 0xFEC5, 0xFEC5, 0xFEC5, 0xFEC5, 0xFEC5, 0xFEC5, 0xFEC5,
    0xFEC5, 0xFEC5, 0xFEC5, 0xFEC5, 0xFEC5, 0xFEC5, 0xFEC5, 0xFEC5, 0xFEC5, 0xFEC5, 0xFEC5, 0xFEC5,
    0xFEC5, 0xFEC5, 0xFEC5, 0xFEC5, 0xFEC5, 0xFEC5, 0xFEC5, 0xFEC5, 0xFEC5, 0xFEC5, 0xFEC5, 0xFEC5,
    0xFEC5, 0xFEC5, 0xFEC5, 0xFEC5, 0xFEC5, 0xFEC5, 0xFEC5, 0xFEC5, 0xFEC5, 0xFEC5, 0xFEC5, 0xFEC5,
    0xFEC5, 0xFEC5, 0xFEC5, 0xFEC5, 0xFEC5, 0xFEC5, 0xFEC5, 0xFEC5, 0xFEC5, 0xFEC5, 0xFEC5, 0xFEC5,
    0xFEC5, 0xFEC5, 0xFEC5, 0xFEC5, 0xFEC5, 0xFEC5, 0xFEC5, 0xFEC5, 0xFEC5, 0xFEC5, 0xFEC5, 0xFEC5,
    0xFEC5, 0xFEC5, 0xFEC5, 0xFEC5, 0xFEC5, 0xFEC5, 0xFEC5, 0xFEC5, 0xFEC5, 0xFEC5, 0xFEC5, 0xFEC5,
    0xFEC5, 0xFEC5, 0xFEC5, 0xFEC5, 0xFEC5, 0xFEC5, 0xFEC5, 0xFEC5, 0xFEC5, 0xFEC5, 0xFEC5, 0xFEC5,
    0xFEC5, 0xFEC5, 0xFEC5, 0xFEC5, 0xFEC5, 0xFEC5, 0xFEC5, 0xFEC5, 0xFEC5, 0xFEC5, 0xFEC5, 0xFEC5,
    0xFEC5, 0xFEC5, 0xFEC5, 0xFEC5, 0xFEC5, 0xFEC5, 0xFEC5, 0xFEC5, 0xFEC5, 0xFEC5, 0xFEC5, 0xFEC5,
    0xFEC5, 0xFEC5, 0xFEC5, 0xFEC5, 0xFEC5, 0xFEC5, 0xFEC5, 0xFEC5, 0xFEC5, 0xFEC5, 0xFEC5, 0xFEC5,
    0xFEC5, 0xFEC5, 0xFEC5, 0xFEC5, 0xFEC5, 0xFEC5, 0xFEC5, 0xFEC5, 0xFEC5, 0xFEC5, 0xFEC5, 0xFEC5,
    0xFEC5, 0xFEC5, 0xFEC5, 0xFEC5, 0xFEC5, 0xFEC5, 0xFEC5, 0xFEC5, 0xFEC5, 0xFEC5, 0xFEC5, 0xFEC5,
    0xFEC5, 0xFEC5, 0xFEC5, 0xFEC5, 0xFEC5, 0xFEC5, 0xFEC5, 0xFEC5, 0xFEC5, 0xFEC5, 0xFEC5, 0xFEC5,
    0xFEC5, 0xFEC5, 0xFEC5, 0xFEC5, 0xFEC5, 0xFEC5, 0xFEC5, 0xFEC5, 0xFEC5, 0xFEC5, 0xFEC5, 0xFEC5,
    0xFEC5, 0xFEC5, 0xFEC5, 0xFEC5, 0xFEC5, 0xFEC5, 0xFEC5, 0xFEC5, 0xFEC5, 0xFEC5, 0xFEC5, 0xFEC5,
    0xFEC5, 0xFEC5, 0xFEC5, 0xFEC5, 0xFEC5, 0xFEC5, 0xFEC5, 0xFEC5, 0xFEC5, 0xFEC5, 0xFEC5, 0xFEC5,
    0xFEC5, 0xFEC5, 0xFEC5, 0xFEC5, 0xFEC5, 0xFEC5, 0xFEC5, 0xFEC5, 0xFEC5, 0xFEC5, 0xFEC5, 0xFEC5,
    0xFEC5, 0xFEC5, 0xFEC5, 0xFEC5, 0xFEC5, 0xFEC5, 0xFEC5, 0xFEC5, 0xFEC5, 0xFEC5, 0xFEC5, 0xFEC5,
    0xFEC5, 0xFEC5, 0xFEC5, 0xFEC5, 0xFEC5, 0xFEC5, 0xFEC5, 0xFEC5, 0xFEC5, 0xFEC5, 0xFEC5, 0xFEC5,
    0xFEC5, 0xFEC5, 0xFEC5, 0xFEC5, 0xFEC5, 0xFEC5, 0xFEC5, 0xFEC5, 0xFEC5, 0xFEC5, 0xFEC5, 0xFEC5,
    0xFEC5, 0xFEC5, 0xFEC5, 0xFEC5, 0xFEC5, 0xFEC5, 0xFEC5, 0xFEC5, 0xFEC5, 0xFEC5, 0xFEC5, 0xFEC5,
    0xFEC5, 0xFEC5, 0xFEC5, 0xFEC5, 0xFEC5, 0xFEC5, 0xFEC5, 0xFEC5, 0xFEC5, 0xFEC5, 0xFEC5, 0xFEC5,
    0xFEC5, 0xFEC5, 0xFEC5, 0xFEC5, 0xFEC5, 0xFEC5, 0xFEC5, 0xFEC5, 0xFEC5, 0xFEC5, 0xFEC5, 0xFEC5,
    0xFEC5, 0xFEC5, 0xFEC5, 0xFEC5, 0xFEC5, 0xFEC5, 0xFEC5, 0xFEC5, 0xFEC5, 0xFEC5, 0xFEC5, 0xFEC5,
    0xFEC5, 0xFEC5, 0xFEC5, 0xFEC5, 0xFEC5, 0xFEC5, 0xFEC5, 0xFEC5, 0xFEC5, 0xFEC5, 0xFEC5, 0xFEC5,
    0xFEC5, 0xFEC5, 0xFEC5, 0xFEC5, 0xFEC5, 0xFEC5, 0xFEC5, 0xFEC5, 0xFEC5, 0xFEC5, 0xFEC5, 0xFEC5,
    0xFEC5, 0xFEC5, 0xFEC5, 0xFEC5, 0xFEC5, 0xFEC5, 0xFEC5, 0xFEC5, 0xFEC5, 0xFEC5, 0xFEC5, 0xFEC5,
    0xFEC5, 0xFEC5, 0xFEC5, 0xFEC5, 0xFEC5, 0xFEC5, 0xFEC5, 0xFEC5, 0xFEC5, 0xFEC5, 0xFEC5, 0xFEC5,
    0xFEC5, 0xFEC5, 0xFEC5, 0xFEC5, 0xFEC5, 0xFEC5, 0xFEC5, 0xFEC5, 0xFEC5, 0xFEC5, 0xFEC5, 0xFEC5,
    0xFEC5, 0xFEC5, 0xFEC5, 0xFEC5, 0xFEC5, 0xFEC5, 0xFEC5, 0xFEC5, 0xFEC5, 0xFEC5, 0xFEC5, 0xFEC5,
    0xFEC5, 0xFEC5, 0xFEC5, 0xFEC5, 0xFEC5, 0xFEC5, 0xFEC5, 0xFEC5, 0xFEA5, 0xFEA5, 0xFEC5, 0xFEC5,
    0xFEC5, 0xFEC5, 0xFEC5, 0xFEC5, 0xFEC5, 0xFEC5, 0xFEC5, 0xFEC5, 0xFEC5, 0xFEC5, 0xFEC5, 0xFEC5,
    0xFEC5, 0xFEC5, 0xFEC5, 0xFEC5, 0xFEC5, 0xFEC5, 0xFEC5, 0xFEC5, 0xFEC5, 0xFEC5, 0xFEC5, 0xFEC5,
    0xFEC5, 0xFEC5, 0xFEC5, 0xFEC5, 0xFEC5, 0xFEC5, 0xFEC5, 0xFEC5, 0xFEC5, 0xFEC5, 0xFEC5, 0xFEC5,
    0xFEC5, 0xFEC5, 0xFEC5, 0xFEC5, 0xFEC5, 0xFEC5, 0xFEC5, 0xFEC5, 0xFEC5, 0xFEC5, 0xFEC5, 0xFEC5,
    0xFEC5, 0xFEC5, 0xFEC5, 0xFEC5, 0xFEC5, 0xFEC5, 0xFEC5, 0xFEC5, 0xFEC5, 0xFEC5, 0xFEC5, 0xFEC5,
    0xFEC5, 0xFEC5, 0xFEC5, 0xFEC5, 0xFEC5, 0xFEC5, 0xFEC5, 0xFEA5, 0xFEA5, 0xFEA5, 0xFEA5, 0xFEA5,
    0xFEA5, 0xFEA5, 0xFEA5, 0xFEA5, 0xFEA5, 0xFEA5, 0xFEA5, 0xFEA5, 0xFEA5, 0xFEA5, 0xFEA5, 0xFEA5,
    0xFEA5, 0xFEA5, 0xFEA5, 0xFEA5, 0xFEA5, 0xFEA5, 0xFEA5, 0xFEA5, 0xFEA5, 0xFEA5, 0xFEA5, 0xFEA5,
    0xFEA5, 0xFEA5, 0xFEA5, 0xFEA5, 0xFEA5, 0xFEA5, 0xFEA5, 0xFEA5, 0xFEA5, 0xFEA5, 0xFEA5, 0xFEA5,
    0xFEA5, 0xFEA5, 0xFEA5, 0xFEA5, 0xFEA5, 0xFEA5, 0xFEA5, 0xFEA5, 0xFEA5, 0xFEA5, 0xFEA5, 0xFEA5,
    0xFEA5, 0xFEA5, 0xFEA5, 0xFEA5, 0xFEA5, 0xFEA5, 0xFEA5, 0xFEA5, 0xFEA5, 0xFEA5, 0xFEA5, 0xFEA5,
    0xFEA5, 0xFEA5, 0xFEA5, 0xFEA5, 0xFEA5, 0xFEA5, 0xFEA5, 0xFEA5, 0xFEA5, 0xFEA5, 0xFEA5, 0xFEA5,
    0xFEA5, 0xFEA5, 0xFEA5, 0xFEA5, 0xFEA5, 0xFEA5, 0xFEA5, 0xFEA5, 0xFEA5, 0xFEA5, 0xFEA5, 0xFEA5,
    0xFEA5, 0xFEA5, 0xFEA5, 0xFEA5, 0xFEA5, 0xFEA5, 0xFEA5, 0xFEA5, 0xFEA5, 0xFEA5, 0xFEA5, 0xFEA5,
    0xFEA5, 0xFEA5, 0xFEA5, 0xFEA5, 0xFEA5, 0xFEA5, 0xFEA5, 0xFEA5, 0xFEA5, 0xFEA5, 0xFEA5, 0xFEA5,
    0xFEA5, 0xFEA5, 0xFEA5, 0xFEA5, 0xFEA5, 0xFEA5, 0xFEA5, 0xFEA5, 0xFEA5, 0xFEA5, 0xFEA5, 0xFEA5,
    0xFEA5, 0xFEA5, 0xFEA5, 0xFEA5, 0xFEA5, 0xFEA5, 0xFEA5, 0xFEA5, 0xFEA5, 0xFEA5, 0xFEA5, 0xFEC5,
    0xFF25, 0xFF25, 0xFEE5, 0xFEA5, 0xFEA5, 0xFEA5, 0xFEA5, 0xFEA5, 0xFEA5, 0xFEA5, 0xFEA5, 0xFEA5,
    0xFEA5, 0xFEA5, 0xFEA5, 0xFEA5, 0xFEA5, 0xFEA5, 0xFEA5, 0xFEA5, 0xFEA5, 0xFEA5, 0xFEA5, 0xFEA5,
    0xFEA5, 0xFEA5, 0xFEA5, 0xFEA5, 0xFEA5, 0xFEA5, 0xFEA5, 0xFEA5, 0xFEA5, 0xFEA5, 0xFEA5, 0xFEA5,
    0xFEA5, 0xFEA5, 0xFEA5, 0xFEA5, 0xFEA5, 0xFEA5, 0xFEA5, 0xFEA5, 0xFEA5, 0xFEA5, 0xFEA5, 0xFEA5,
    0xFEA5, 0xFEA5, 0xFEA5, 0xFEA5, 0xFEA5, 0xFEA5, 0xFEA5, 0xFEA5, 0xFEA5, 0xFEC5, 0xFEC5, 0xFEC5,
    0xFEC5, 0xFEC5, 0xFEC5, 0xFEC5, 0xFEC5, 0xFEC5, 0xFEC5, 0xFEC5, 0xFEC5, 0xFEC5, 0xFEA5, 0xFF05,
    0xFF45, 0xFF45, 0xFF45, 0xFF45, 0xFF45, 0xFF45, 0xFF45, 0xFF45, 0xFF45, 0xFF45, 0xFF45, 0xFF45,
    0xFF45, 0xFF45, 0xFF45, 0xFF45, 0xFF45, 0xFF45, 0xFF45, 0xFF45, 0xFF45, 0xFF45, 0xFF45, 0xFF45,
    0xFF45, 0xFF45, 0xFF45, 0xFF45, 0xFF45, 0xFF45, 0xFF45, 0xFF45, 0xFF45, 0xFF45, 0xFF45, 0xFF45,
    0xFF45, 0xFF45, 0xFF45, 0xFF45, 0xFF45, 0xFF45, 0xFF45, 0xFF45, 0xFF45, 0xFF45, 0xFF45, 0xFF45,
    0xFF45, 0xFF45, 0xFF45, 0xFF45, 0xFF45, 0xFF45, 0xFF45, 0xFF45, 0xFF45, 0xFF45, 0xFF45, 0xFF45,
    0xFF45, 0xFF45, 0xFF45, 0xFF45, 0xFF45, 0xFF45, 0xFF45, 0xFF45, 0xFF45, 0xFF45, 0xFF45, 0xFF45,
    0xFF45, 0xFF45, 0xFF45, 0xFF45, 0xFF45, 0xFF45, 0xFF45, 0xFF45, 0xFF25, 0xFF45, 0xFF45, 0xFF45,
    0xFF45, 0xFF25, 0xFF45, 0xFF45, 0xFF25, 0xFF25, 0xFF45, 0xFF45, 0xFF25, 0xFF25, 0xFF45, 0xFF45,
    0xFF25, 0xFF25, 0xFF45, 0xFF45, 0xFF45, 0xFF45, 0xFF45, 0xFF45, 0xFF45, 0xFF45, 0xFF45, 0xFF45,
    0xFF45, 0xFF45, 0xFF45, 0xFF45, 0xFF45, 0xFF45, 0xFF45, 0xFF45, 0xFF45, 0xFF45, 0xFF45, 0xFF45,
    0xFF45, 0xFF45, 0xFF45, 0xFF45, 0xFF45, 0xFF45, 0xFF45, 0xFF45, 0xFF45, 0xFF45, 0xFF45, 0xFF45,
    0xFF45, 0xFF25, 0xFF45, 0xF6A5, 0xA4C4, 0xA483, 0xD5E4, 0xFF45, 0xFF25, 0xFF25, 0xFF25, 0xFF25,
    0xFF25, 0xFF25, 0xFF25, 0xFF25, 0xFF25, 0xFF25, 0xFF25, 0xFF25, 0xFF25, 0xFF25, 0xFF25, 0xFF25,
    0xFF25, 0xFF25, 0xFF45, 0xFF45, 0xFF45, 0xFF45, 0xFF45, 0xFF45, 0xFF45, 0xFF25, 0xFF25, 0xFF25,
    0xFF45, 0xFF45, 0xFF25, 0xFF25, 0xFF25, 0xFF45, 0xFF45, 0xFF45, 0xFF45, 0xFF45, 0xFF25, 0xFF45,
    0xFF45, 0xFF24, 0xFF24, 0xFF44, 0xFF24, 0xFF24, 0xFF44, 0xFF44, 0xFF44, 0xFF45, 0xFF45, 0xFF25,
    0xFF05, 0xFEC5, 0xFEA5, 0xFEC5, 0xFEC5, 0xFEC5, 0xFEC5, 0xFEC5, 0xFEC5, 0xFEC5, 0xFEC5, 0xFEC5,
    0xFEA5, 0xFEC5, 0xFF24, 0xDDC2, 0x9C23, 0x7B64, 0x7324, 0x7344, 0x7344, 0x7B44, 0x7B64, 0x7B64,
    0x7B64, 0x7B64, 0x7B64, 0x8384, 0x8384, 0x8384, 0x8384, 0x8384, 0x8384, 0x8384, 0x8384, 0x8384,
    0x8384, 0x8384, 0x8384, 0x8384, 0x8384, 0x8384, 0x8384, 0x8BA4, 0x8BA4, 0x8BA4, 0x8BA4, 0x8BA4,
    0x8BA4, 0x8BA4, 0x8BA4, 0x8BC4, 0x8BA4, 0x8BA4, 0x8BC4, 0x8BC4, 0x8BC4, 0x8BC4, 0x8BC4, 0x8BC4,
    0x8BC4, 0x8BE4, 0x93E4, 0x8BE4, 0x8BC4, 0x8BE4, 0x93E4, 0x93E4, 0x8BC4, 0x8BE4, 0x93E4, 0x93E4,
    0x8BE4, 0x93E4, 0x9404, 0x9404, 0x93E4, 0x93E4, 0x9404, 0x9424, 0x9424, 0x9404, 0x9404, 0x9C24,
    0x9C24, 0x9404, 0x9424, 0x9C24, 0x9C24, 0x9C25, 0x9C25, 0x9C24, 0x9C24, 0x9C44, 0x9C24, 0x9C24,
    0x9C45, 0x9C45, 0x9C24, 0x9C24, 0x9C45, 0x9C45, 0x9C24, 0x9C24, 0xA445, 0x9C45, 0x9C25, 0x9C25,
    0xA445, 0x9C45, 0x9C25, 0x9C45, 0x9C45, 0x9C45, 0x9C24, 0x9C24, 0x9C24, 0x9C24, 0x9425, 0x9C24,
    0x9C24, 0x9C25, 0x9404, 0x9424, 0x9C24, 0x9C25, 0x9C25, 0x9424, 0x9C24, 0x9C24, 0x9424, 0x9404,
    0x9424, 0x9C24, 0x9C24, 0x9C24, 0x9424, 0x9C24, 0x9C24, 0x9424, 0x9404, 0x9424, 0x9C24, 0x9C24,
    0x9424, 0x9C24, 0x9C24, 0x9C24, 0x9424, 0x9C24, 0x9424, 0x5A01, 0xA220, 0xBAA0, 0x69C0, 0x83A4,
    0xA485, 0xA444, 0xA464, 0xA464, 0xA464, 0xA464, 0xA464, 0xA464, 0xA464, 0xA444, 0xA464, 0xA464,
    0xA444, 0xA464, 0xA464, 0xA464, 0xA464, 0xA444, 0x9C44, 0x9C44, 0x9C24, 0x9C44, 0x9C24, 0x9C45,
    0x9C45, 0x9C45, 0x9C45, 0x9C45, 0x9C45, 0x9C45, 0x9C45, 0x9C45, 0x9C45, 0x9C45, 0x9C45, 0x9C45,
    0x9C45, 0x9C25, 0x9C45, 0x9C25, 0x9C25, 0x9C45, 0x9C25, 0x9425, 0x9C25, 0x9C25, 0x9C25, 0x9C25,
    0x9425, 0x9405, 0x9424, 0xA464, 0xD5A3, 0xFF03, 0xFF05, 0xFEA5, 0xFEC5, 0xFEC5, 0xFEC5, 0xFEC5,
    0xFEC5, 0xFEC5, 0xFEC5, 0xFEC5, 0xFEE5, 0xF6A3, 0x6B05, 0x08B1, 0x0078, 0x0078, 0x0058, 0x0057,
    0x0058, 0x0058, 0x0057, 0x0058, 0x0078, 0x0057, 0x0058, 0x0057, 0x0057, 0x0058, 0x0057, 0x0058,
    0x0058, 0x0058, 0x0058, 0x0058, 0x0058, 0x0078, 0x0058, 0x0058, 0x0058, 0x0057, 0x0058, 0x0078,
    0x0058, 0x0078, 0x0078, 0x0078, 0x0078, 0x0057, 0x0078, 0x0078, 0x0078, 0x0078, 0x0078, 0x0078,
    0x0078, 0x0078, 0x0078, 0x0078, 0x0078, 0x0078, 0x0078, 0x0058, 0x0058, 0x0078, 0x0078, 0x0078,
    0x0078, 0x0078, 0x0078, 0x0078, 0x0079, 0x0078, 0x0078, 0x0078, 0x0078, 0x0078, 0x0078, 0x0078,
    0x0078, 0x0078, 0x0079, 0x0079, 0x0079, 0x0078, 0x0078, 0x0078, 0x0079, 0x0079, 0x0079, 0x0079,
    0x0078, 0x0079, 0x0079, 0x0079, 0x0079, 0x0079, 0x0079, 0x0079, 0x0079, 0x0079, 0x0079, 0x0079,
    0x0079, 0x0079, 0x0079, 0x0079, 0x0079, 0x0079, 0x0079, 0x0079, 0x0079, 0x0079, 0x0079, 0x0079,
    0x0079, 0x0079, 0x0079, 0x0079, 0x0079, 0x0079, 0x0079, 0x0078, 0x0079, 0x0079, 0x0079, 0x0078,
    0x0079, 0x0079, 0x0079, 0x0078, 0x0079, 0x0079, 0x0078, 0x0078, 0x0079, 0x0079, 0x0078, 0x0079,
    0x0079, 0x0079, 0x0078, 0x0078, 0x0079, 0x0079, 0x0078, 0x0078, 0x0078, 0x007A, 0x000A, 0xC2A0,
    0x9221, 0x4900, 0xAA60, 0x2064, 0x0058, 0x0078, 0x0078, 0x0078, 0x0078, 0x0079, 0x0079, 0x0078,
    0x0078, 0x0078, 0x0078, 0x0078, 0x0079, 0x0079, 0x0079, 0x0078, 0x0078, 0x0078, 0x0079, 0x0079,
    0x0079, 0x0079, 0x0079, 0x0079, 0x0079, 0x0079, 0x0079, 0x0079, 0x0079, 0x0079, 0x0079, 0x0079,
    0x0079, 0x0079, 0x0079, 0x0079, 0x0079, 0x0079, 0x0079, 0x0079, 0x0079, 0x007A, 0x007A, 0x007A,
    0x007A, 0x007A, 0x007A, 0x007A, 0x007A, 0x0079, 0x0078, 0x0078, 0x00B4, 0x4A2A, 0xCDA3, 0xFF25,
    0xFEA5, 0xFEC5, 0xFEC5, 0xFEC5, 0xFEC5, 0xFEC5, 0xFEC5, 0xFEC5, 0xF6C3, 0x4208, 0x005A, 0x00D7,
    0x40CB, 0x68C7, 0x60A6, 0x60C6, 0x60A6, 0x60A6, 0x60A6, 0x60A6, 0x60A6, 0x60A7, 0x58C7, 0x58C7,
    0x58C7, 0x58C7, 0x58C7, 0x58C7, 0x58C7, 0x58C7, 0x50A7, 0x50A7, 0x50A7, 0x50C7, 0x50C7, 0x50C7,
    0x50C7, 0x50C7, 0x50C8, 0x50C8, 0x50C8, 0x50C8, 0x50C8, 0x50C8, 0x50A8, 0x50A8, 0x50C8, 0x50A8,
    0x50A8, 0x50A8, 0x50A8, 0x50A8, 0x50A8, 0x50C8, 0x50C8, 0x50C8, 0x50C8, 0x50C8, 0x50C8, 0x50C8,
    0x48C8, 0x48A8, 0x50C8, 0x50C8, 0x50C8, 0x50C8, 0x50C8, 0x48A8, 0x48A8, 0x48A8, 0x48A8, 0x48A8,
    0x48A9, 0x48A8, 0x48A8, 0x48A9, 0x48A9, 0x48A8, 0x48A9, 0x48A9, 0x48C9, 0x48C9, 0x48C9, 0x48C9,
    0x48A9, 0x48A9, 0x48A9, 0x40A9, 0x48A9, 0x48A9, 0x48A9, 0x48A9, 0x40A9, 0x40A9, 0x48A9, 0x48A9,
    0x48A9, 0x48C9, 0x48A9, 0x48A9, 0x48A9, 0x48A9, 0x48A9, 0x48C9, 0x48CA, 0x48C9, 0x48CA, 0x48CA,
    0x48C9, 0x48C9, 0x48CA, 0x48C9, 0x48C9, 0x48C9, 0x48C9, 0x48A9, 0x48A9, 0x48A9, 0x48A9, 0x48A9,
    0x48A9, 0x48A9, 0x48A9, 0x48A9, 0x48A9, 0x48A9, 0x48A9, 0x48A9, 0x40A9, 0x40A9, 0x40A9, 0x48A9,
    0x48A9, 0x48A9, 0x48A9, 0x48A9, 0x48A9, 0x40A9, 0x40A9, 0x40A9, 0x40A9, 0x40A9, 0x40A9, 0x40A9,
    0x48A9, 0x3069, 0x5962, 0xBAC0, 0x0000, 0x0000, 0x30C0, 0xA280, 0x1848, 0x40CB, 0x40CB, 0x40AA,
    0x40AB, 0x488A, 0x4069, 0x4889, 0x40AA, 0x40AB, 0x40CA, 0x48CA, 0x40CA, 0x40CA, 0x48CA, 0x40CA,
    0x48CA, 0x48CA, 0x48CA, 0x48CA, 0x48AA, 0x48AA, 0x48CA, 0x48C9, 0x48CA, 0x48C9, 0x48CA, 0x48C9,
    0x48C9, 0x48C9, 0x48C9, 0x48C9, 0x48C9, 0x48CA, 0x48CA, 0x48C9, 0x48CA, 0x48C9, 0x48CA, 0x48CA,
    0x48C9, 0x48C9, 0x50A9, 0x50A9, 0x48C9, 0x48C9, 0x48C9, 0x48C9, 0x48A9, 0x48A9, 0x48A9, 0x40AC,
    0x08D4, 0x009C, 0x10D2, 0xC543, 0xFF05, 0xFEA5, 0xFEC5, 0xFEC5, 0xFEC5, 0xFEC5, 0xFEA5, 0xFF24,
    0x7B67, 0x005A, 0x10D2, 0xA080, 0xE860, 0xE860, 0xE860, 0xF040, 0xF040, 0xF040, 0xF040, 0xF040,
    0xF020, 0xF040, 0xE860, 0xE860, 0xE860, 0xE860, 0xE860, 0xE860, 0xE860, 0xE860, 0xF080, 0xF0A0,
    0xF080, 0xE860, 0xE840, 0xE840, 0xE840, 0xE840, 0xE860, 0xE860, 0xE860, 0xE860, 0xE860, 0xE040,
    0xE020, 0xE860, 0xE040, 0xD800, 0xD800, 0xE020, 0xE820, 0xF040, 0xF040, 0xE840, 0xE040, 0xE020,
    0xD820, 0xE020, 0xE040, 0xE840, 0xE840, 0xE860, 0xE060, 0xE060, 0xE860, 0xE860, 0xE860, 0xE880,
    0xF080, 0xE880, 0xE880, 0xE860, 0xE840, 0xE820, 0xE800, 0xE820, 0xE820, 0xE820, 0xE020, 0xE020,
    0xE020, 0xE820, 0xE820, 0xE820, 0xE820, 0xE820, 0xE820, 0xE820, 0xE820, 0xE820, 0xE820, 0xE820,
    0xE820, 0xE820, 0xE820, 0xE820, 0xE840, 0xE840, 0xE040, 0xE060, 0xE880, 0xE880, 0xE860, 0xE060,
    0xE040, 0xE040, 0xE040, 0xE040, 0xE860, 0xE860, 0xE860, 0xE860, 0xE860, 0xE860, 0xE840, 0xE840,
    0xE840, 0xE840, 0xE840, 0xE840, 0xE840, 0xE840, 0xE840, 0xE840, 0xE840, 0xE840, 0xE840, 0xE840,
    0xE840, 0xE840, 0xE860, 0xE860, 0xE840, 0xE840, 0xE840, 0xE840, 0xE860, 0xE860, 0xE860, 0xE860,
    0xE860, 0xE880, 0xE880, 0xE080, 0xE0C0, 0xB840, 0x81A0, 0x8A00, 0x0000, 0x0000, 0x1840, 0xE360,
    0x5900, 0xC040, 0xE860, 0xE080, 0xE0A0, 0xC921, 0xB183, 0xB141, 0xC8A0, 0xE880, 0xE080, 0xE080,
    0xE880, 0xE860, 0xE860, 0xE860, 0xE860, 0xE820, 0xE840, 0xE840, 0xE820, 0xE840, 0xE840, 0xE840,
    0xE840, 0xE840, 0xE840, 0xE860, 0xE840, 0xE840, 0xE840, 0xE840, 0xE840, 0xE860, 0xE840, 0xE860,
    0xE840, 0xE840, 0xE840, 0xE840, 0xE860, 0xE860, 0xF040, 0xF020, 0xE880, 0xE080, 0xE060, 0xE060,
    0xE040, 0xE040, 0xE880, 0xE040, 0xB820, 0x4089, 0x00BC, 0x214F, 0xEE62, 0xFEE5, 0xFEC5, 0xFEC5,
    0xFEC5, 0xFEC5, 0xFEE5, 0xEE43, 0x1132, 0x00D8, 0x9061, 0xF080, 0xE2C2, 0xEC83, 0xEC43, 0xEC23,
    0xEC43, 0xEC43, 0xEC43, 0xEC43, 0xEC23, 0xEC43, 0xEC43, 0xEC43, 0xEC43, 0xEC43, 0xEC43, 0xEC43,
    0xEC63, 0xD3C3, 0xBB26, 0xBB4B, 0xD3F0, 0xE492, 0xF514, 0xFD34, 0xF533, 0xF4F2, 0xECF2, 0xECD2,
    0xECF2, 0xECF2, 0xECF2, 0xECF2, 0xF553, 0xDC50, 0xECF3, 0xE4F3, 0xBCAD, 0x9426, 0x7BE1, 0x83A4,
    0xA3E9, 0xC46D, 0xE4D1, 0xECF4, 0xE4D3, 0xBC8D, 0x9428, 0x83E4, 0x6381, 0xA2C1, 0xEC41, 0xE421,
    0xEC21, 0xEC22, 0xEC63, 0xA282, 0x5101, 0x61E2, 0x6241, 0x62E0, 0x5B80, 0x63C0, 0x63E0, 0x6BE0,
    0x6BA1, 0x7BA1, 0x9BC1, 0x93C0, 0x7BC0, 0x6BA0, 0x63A0, 0x63A0, 0x63C0, 0x63C0, 0x63C0, 0x63C0,
    0x63C0, 0x6BC0, 0x6BC0, 0x6BC0, 0x6BC0, 0x6BC0, 0x6BC0, 0x6BC0, 0x7BC0, 0xC422, 0xC3A6, 0xCBAA,
    0xCBCD, 0xD430, 0xDC72, 0xE515, 0xED76, 0xF575, 0xF551, 0xF52B, 0xF4C6, 0xECA3, 0xEC82, 0xEC81,
    0xEC81, 0xEC82, 0xECA3, 0xECC4, 0xECC4, 0xECC4, 0xECA4, 0xECA4, 0xECA4, 0xF4A3, 0xF4A3, 0xF4A3,
    0xF4A3, 0xF4A3, 0xF4C3, 0xF4C4, 0xF4C4, 0xF4E4, 0xF4E4, 0xF4E4, 0xF4E4, 0xF4E4, 0xF4C4, 0xF4E4,
    0xF4E4, 0xF4E4, 0xF4E4, 0xECE4, 0xECE4, 0xECC2, 0xB367, 0x7A8A, 0x5A49, 0x4167, 0x71A0, 0xC2C0,
    0x9A40, 0x0000, 0x1840, 0xD300, 0xB2A0, 0x5981, 0xFD24, 0xD403, 0x7A68, 0x31E8, 0x2166, 0x2186,
    0x5AAB, 0x9AA6, 0xECA3, 0xECA4, 0xECA3, 0xECA3, 0xF4A3, 0xECA3, 0xEC83, 0xF4E4, 0xF4A4, 0xF4A3,
    0xF504, 0xF4C4, 0xF504, 0xF4C4, 0xF504, 0xF524, 0xF4E4, 0xF4C3, 0xF4E4, 0xF4C3, 0xF4E4, 0xF4C4,
    0xF504, 0xF4C3, 0xF524, 0xF4C4, 0xF4E4, 0xF4C4, 0xF4E4, 0xF504, 0xECA3, 0xF4C4, 0xF4C4, 0xF4C4,
    0xECC4, 0xECA3, 0xEC82, 0xF4C4, 0xECC6, 0xDC65, 0xAB44, 0xC366, 0xE122, 0xC000, 0x20AE, 0x007A,
    0x9405, 0xFF44, 0xFEA5, 0xFEC5, 0xFEC5, 0xFEA5, 0xFF25, 0xBD03, 0x0097, 0x20CF, 0xD860, 0xE2A2,
    0xFF45, 0xFF25, 0xFF25, 0xFF25, 0xFF25, 0xFF25, 0xFF25, 0xFF25, 0xFF25, 0xFF25, 0xFF25, 0xFF25,
    0xFF25, 0xFF25, 0xFF25, 0xFF25, 0xFF25, 0xFF25, 0xF6E5, 0xDE66, 0xC5C8, 0xB58C, 0xADB1, 0xBE58,
    0xD73D, 0xF7FF, 0xFFFF, 0xFFFF, 0xFFFF, 0xFFFF, 0xFFFF, 0xFFFF, 0xC61A, 0x3BE7, 0x6F6A, 0x8F51,
    0x9EB7, 0xBF9A, 0xBFF8, 0x9F74, 0x6630, 0x5E8B, 0x5F28, 0x6709, 0x7F4D, 0xA7B2, 0xB7D6, 0xC7F7,
    0xB758, 0xE779, 0xFFF8, 0xFFD3, 0xFF8D, 0xFF49, 0xFF86, 0x7401, 0x0D40, 0x2E01, 0x3D05, 0x4487,
    0x4C68, 0x44A7, 0x3D04, 0x2D80, 0x2620, 0x2660, 0x36A0, 0x5EC0, 0x7F00, 0x9700, 0x86E0, 0x7EC0,
    0x6EC0, 0x46A0, 0x3680, 0x2E80, 0x2E80, 0x2680, 0x2680, 0x2680, 0x2680, 0x2680, 0x2680, 0x2680,
    0x2680, 0x3680, 0x4E80, 0x6E81, 0x8642, 0x9E04, 0xADA7, 0xBDAC, 0xCE11, 0xCE97, 0xCEFA, 0xDF5D,
    0xEFDD, 0xF7FC, 0xFFFA, 0xFFF5, 0xFFCF, 0xFF8A, 0xFF66, 0xFF24, 0xFF03, 0xFF03, 0xFF03, 0xFF04,
    0xFF04, 0xFF25, 0xFF25, 0xFF26, 0xFF26, 0xFF25, 0xFF25, 0xFF25, 0xFF25, 0xFF25, 0xFF25, 0xFF25,
    0xFF25, 0xFF25, 0xFF25, 0xFF25, 0xFF25, 0xFF25, 0xFF25, 0xFF25, 0xF704, 0xAD4B, 0x3A29, 0x0882,
    0x10A2, 0x0000, 0x8200, 0xCAE0, 0xCB01, 0x5940, 0x1020, 0xAA80, 0xC2C0, 0x8220, 0xA523, 0x94CC,
    0x7C52, 0x52AA, 0x0841, 0x0000, 0x8C71, 0x52EC, 0x9CC6, 0xFF65, 0xFF25, 0xFF25, 0xFF25, 0xFF25,
    0xFF05, 0xEBE2, 0xF584, 0xF5A4, 0xEBA2, 0xFE85, 0xF443, 0xFEA5, 0xF403, 0xEB42, 0xF544, 0xFEA5,
    0xF483, 0xFE04, 0xF4C3, 0xF5E4, 0xF4A3, 0xFF65, 0xEBA2, 0xFE04, 0xF4E3, 0xF564, 0xF5C4, 0xEC43,
    0xFF46, 0xFF25, 0xFF04, 0xFF04, 0xFF25, 0xFF67, 0xFF8B, 0xE70C, 0xBDC7, 0x7BE4, 0x948A, 0xBE49,
    0xCCC2, 0xE060, 0x7043, 0x009A, 0x4A6B, 0xFF03, 0xFEA5, 0xFEC5, 0xFEC5, 0xFEA5, 0xFF25, 0x9C64,
    0x0099, 0x40AB, 0xE040, 0xEC84, 0xFF25, 0xFE85, 0xFEA5, 0xFEA5, 0xFEA5, 0xFEA5, 0xFEA5, 0xFEA5,
    0xFEA5, 0xFEA5, 0xFEA5, 0xFEA5, 0xFEA5, 0xFEA5, 0xFEA5, 0xFEA5, 0xFEA5, 0xFEA5, 0xFEC5, 0xFEE5,
    0xFEE4, 0xFEC3, 0xEE42, 0xD5A2, 0xBD04, 0xACC9, 0xA4EE, 0xB594, 0xCE59, 0xE71D, 0xF7BF, 0x9CD2,
    0x1320, 0x3600, 0x2E20, 0x03A3, 0x02A5, 0x0306, 0x238A, 0x5CCF, 0xB753, 0xD798, 0xD779, 0xBF55,
    0x9EF0, 0x6E89, 0x4E23, 0x3E41, 0x2C41, 0x4324, 0xE68D, 0xFF54, 0xFF99, 0xFFBB, 0xFFBB, 0xBE35,
    0x8EEE, 0x76C9, 0x56A4, 0x4E83, 0x5644, 0x6E49, 0x8E2E, 0x95B0, 0x85ED, 0x8E2A, 0x7DA6, 0x7562,
    0x7580, 0x8E00, 0x7640, 0x6E60, 0x9EA0, 0xAEA0, 0xB6A0, 0x9E60, 0x9660, 0xA680, 0x9E80, 0x9680,
    0x8640, 0x7E20, 0x7E40, 0x7640, 0x6620, 0x5620, 0x4620, 0x3620, 0x3620, 0x3640, 0x4640, 0x6640,
    0x9E40, 0xE622, 0xDDC3, 0xCD85, 0xC568, 0xD60C, 0xF733, 0xDED8, 0xDEFB, 0xE71C, 0xEF3B, 0xF77A,
    0xFF78, 0xFF95, 0xFF91, 0xFF4D, 0xFF29, 0xFEE5, 0xFEC4, 0xFEA3, 0xFE83, 0xFE83, 0xFE83, 0xFE84,
    0xFEA4, 0xFEA5, 0xFEA5, 0xFEA5, 0xFEA5, 0xFEA5, 0xFEA5, 0xFEA5, 0xFEA5, 0xFEA5, 0xFEA5, 0xFEE4,
    0xC567, 0x9494, 0xA4F3, 0x6B4E, 0x73AF, 0x1905, 0x8180, 0xB44C, 0x5A4C, 0xD2E0, 0x2080, 0xDB40,
    0x8A01, 0xBA80, 0x61C3, 0xA535, 0xF79E, 0xCE7A, 0xA534, 0x2104, 0x4208, 0x2925, 0x5ACB, 0xDE05,
    0xFEC5, 0xFEA5, 0xFEA5, 0xFEE5, 0xF5C4, 0xD820, 0xE261, 0xE160, 0xE160, 0xF4A3, 0xE1A0, 0xF544,
    0xE120, 0xEBC2, 0xE120, 0xF503, 0xE1E1, 0xEA61, 0xE1C1, 0xE221, 0xF463, 0xF4C3, 0xD800, 0xEBE3,
    0xF4E4, 0xD900, 0xE160, 0xF4E2, 0xFEE4, 0xFEA6, 0xFF08, 0xFF2B, 0xF6ED, 0xDE6C, 0xA4C8, 0x7322,
    0x83A5, 0x8BE9, 0xDE0B, 0x4423, 0xAD22, 0xE920, 0x7802, 0x00B9, 0x39CC, 0xFEE3, 0xFEC5, 0xFEC5,
    0xFEC5, 0xFEA5, 0xFF25, 0x9C45, 0x0079, 0x40AA, 0xE020, 0xEC62, 0xFF44, 0xFEE5, 0xFF05, 0xFEE5,
    0xFEC5, 0xFEC5, 0xFEA5, 0xFEA5, 0xFEC5, 0xFEC5, 0xFEC5, 0xFEC5, 0xFEC5, 0xFEC5, 0xFEC5, 0xFEC5,
    0xFEC5, 0xFEC5, 0xFEC5, 0xFEC5, 0xFEA5, 0xFEC5, 0xFEE5, 0xFF05, 0xFF05, 0xFEE4, 0xF683, 0xDDE3,
    0xC564, 0xB527, 0xA4CB, 0x3BC4, 0x35C0, 0x3DA0, 0x2462, 0x0247, 0x02A7, 0x02E7, 0x02A7, 0x0C42,
    0x2E60, 0x3E40, 0x56A4, 0x76AA, 0xAF71, 0xCFB6, 0xDFD9, 0xD7B8, 0xB7B4, 0x862E, 0x94CA, 0x9526,
    0xDE46, 0xFF27, 0xA4E6, 0x4DE7, 0x76E9, 0x7ECB, 0x7ECC, 0x6EA9, 0x5686, 0x3DC1, 0x2DA0, 0x4681,
    0x56A5, 0x76CA, 0x8ECE, 0x9E90, 0xADF0, 0xAD2D, 0x8D08, 0x6D04, 0x7D42, 0x8D80, 0xADE0, 0x9E00,
    0x75C0, 0x6580, 0x7561, 0x8D81, 0xBE60, 0xCEC0, 0xDEC0, 0xDEA0, 0xE6A0, 0xEEA0, 0xEEA0, 0xE6A0,
    0xDEA0, 0xCE80, 0xBE60, 0xAE60, 0x8660, 0x9681, 0xFEE4, 0xFF05, 0xFEE4, 0xFEC3, 0xFEA3, 0xF663,
    0xEE44, 0xDE05, 0xC588, 0xB54B, 0xAD0E, 0xAD30, 0xAD53, 0xB5B6, 0xC637, 0xD696, 0xE6F4, 0xF753,
    0xFF51, 0xFF4E, 0xFF4C, 0xFF29, 0xFF28, 0xFF26, 0xFF04, 0xFEE4, 0xFEC3, 0xFEC3, 0xFEC4, 0xFEA4,
    0xFEA4, 0xFEA4, 0xFEC5, 0xFEA4, 0x9CAC, 0xCE5A, 0xFFDF, 0xCDCC, 0xACEA, 0x4A6B, 0x48E0, 0x6B0C,
    0x2108, 0xDAE0, 0x5140, 0xDB20, 0x8AE6, 0x5A26, 0x8308, 0xD6FD, 0xD675, 0x9404, 0x632D, 0x5ACD,
    0x0821, 0x52AA, 0xAD76, 0xA4A5, 0xFF25, 0xFEA5, 0xFEA5, 0xFF25, 0xF483, 0xE100, 0xE100, 0xE0C0,
    0xEB42, 0xEBA2, 0xEB02, 0xF443, 0xEA41, 0xFE04, 0xE0E0, 0xFDC4, 0xE1A1, 0xE100, 0xE0E0, 0xE221,
    0xFE04, 0xE0E0, 0xE140, 0xE260, 0xFF03, 0xD8E0, 0xEC24, 0xFFCC, 0xFF4E, 0xF70E, 0xD64E, 0xB52A,
    0xB506, 0x9425, 0x6B25, 0x7BC8, 0xA4C8, 0x7B84, 0x2384, 0x2361, 0xDD84, 0xE0E0, 0x7002, 0x00B9,
    0x39EC, 0xFEE3, 0xFEC5, 0xFEC5, 0xFEC5, 0xFEA5, 0xFF25, 0x9C45, 0x0099, 0x40AB, 0xE020, 0xEC88,
    0xCE0A, 0xC545, 0xD5A3, 0xE623, 0xFEA3, 0xFEE4, 0xFF05, 0xFF25, 0xFF05, 0xFEE5, 0xFEC5, 0xFEA5,
    0xFEA5, 0xFEC5, 0xFEC5, 0xFEC5, 0xFEC5, 0xFEC5, 0xFEC5, 0xFEC5, 0xFEC5, 0xFEC5, 0xFEC5, 0xFEC5,
    0xFEA5, 0xFEC5, 0xFEC5, 0xFF05, 0xFF05, 0xFF04, 0x7E40, 0x2E00, 0x3DE0, 0x35C0, 0x2D00, 0x2400,
    0x1B02, 0x0A62, 0x0A24, 0x1304, 0x2D01, 0x2D41, 0x14A3, 0x0364, 0x14E1, 0x1D80, 0x2505, 0x44CB,
    0x86EC, 0xA790, 0xB795, 0xBE77, 0xF7DB, 0xFFFB, 0xEED5, 0x760B, 0x5EA6, 0x4643, 0x3600, 0x3680,
    0x2480, 0x0000, 0x0000, 0x09E0, 0x3640, 0x2E00, 0x3620, 0x4663, 0x5EC8, 0x7EED, 0x8ED0, 0x8E70,
    0x8E11, 0x8570, 0x74EE, 0x642D, 0x4BAC, 0x2B0A, 0x12EA, 0x0329, 0x0346, 0x2C62, 0x6540, 0x7DE0,
    0x9640, 0xA660, 0xA680, 0x9621, 0x9E61, 0xB6C0, 0xD6E0, 0xF700, 0xFF00, 0xD6C0, 0xA6A1, 0xFEC5,
    0xFEC5, 0xFEC6, 0xFEC6, 0xFEC5, 0xFEE5, 0xFEE5, 0xFEE4, 0xFEE3, 0xFEA3, 0xF662, 0xE602, 0xDDC3,
    0xCD84, 0xC566, 0xCDA8, 0xEECE, 0xE6D3, 0xCE34, 0xCE55, 0xCE55, 0xC635, 0xC613, 0xC5F0, 0xDE4F,
    0xEEAE, 0xF6ED, 0xFEEB, 0xFF09, 0xFF08, 0xFF07, 0xFF06, 0xFF25, 0x9CAD, 0xDF1D, 0xCEBA, 0x8380,
    0x6AE0, 0x294C, 0x4A22, 0x41A0, 0x9401, 0xC422, 0x38C0, 0xC280, 0x7AC8, 0x42B1, 0x530F, 0xE75D,
    0xBDB1, 0x5240, 0x39E9, 0x0889, 0x1083, 0xDF1B, 0xB5D8, 0x9C66, 0xFF25, 0xFEA5, 0xFEA5, 0xFF25,
    0xEB62, 0xEAE2, 0xEA61, 0xEA81, 0xF463, 0xEAC2, 0xF443, 0xEBC2, 0xE0E0, 0xE161, 0xF423, 0xFF26,
    0xE1C1, 0xEB42, 0xE180, 0xF481, 0xEB40, 0xEA81, 0xEB44, 0xEA46, 0xFECD, 0xEA42, 0xFEAF, 0xEEF0,
    0xCDED, 0xCE0D, 0xDE2A, 0xB507, 0x9468, 0x7389, 0x840B, 0xB507, 0xACA8, 0x2267, 0x0323, 0x43A1,
    0xF624, 0xE0E0, 0x7802, 0x00BA, 0x39EC, 0xFEE3, 0xFEC5, 0xFEC5, 0xFEC5, 0xFEA5, 0xFF25, 0x9C45,
    0x0099, 0x40AB, 0xE000, 0xED13, 0xEFBF, 0xD6BB, 0xB5B6, 0xA4F0, 0x9CCC, 0xACE9, 0xB4E5, 0xBD23,
    0xD582, 0xE623, 0xFEC4, 0xFF05, 0xFF05, 0xFEE5, 0xFEC5, 0xFEC5, 0xFEC5, 0xFEA5, 0xFEC5, 0xFEC5,
    0xFEA5, 0xFEA5, 0xFEA5, 0xFEA5, 0xFEA5, 0xFEA5, 0xFEA5, 0xFEC5, 0xFEC5, 0xBE63, 0x2E20, 0x3E40,
    0x3E20, 0x3E20, 0x3E60, 0x3E80, 0x3E60, 0x3E20, 0x35C0, 0x2D00, 0x2440, 0x1B41, 0x0A63, 0x0A04,
    0x0226, 0x0206, 0x0103, 0x0205, 0x03A3, 0x1520, 0x0C81, 0x2222, 0xFEC6, 0x83A8, 0x5CCB, 0xA771,
    0xAF13, 0xAF53, 0xB773, 0xA713, 0x966F, 0x5BCB, 0x4CC7, 0x3CC3, 0x3E21, 0x3E00, 0x3E00, 0x3E00,
    0x3E00, 0x4642, 0x5684, 0x5EA6, 0x66C7, 0x6EE9, 0x870C, 0x8F2E, 0x972F, 0xA6F1, 0xB6F4, 0xB716,
    0xAE96, 0x8554, 0x6C91, 0x5C4E, 0x4BCB, 0x2B08, 0x0AA6, 0x0245, 0x0284, 0x0323, 0x0C02, 0x3D41,
    0x75C1, 0x6DC1, 0x35C1, 0x8E81, 0xB6C2, 0xBEE2, 0xF704, 0xFEC5, 0xFEC5, 0xFEA5, 0xFEA5, 0xFEA5,
    0xFEC5, 0xFEC5, 0xFEE5, 0xFF05, 0xFF05, 0xFF05, 0xFEE4, 0xFEC3, 0xFEA3, 0xF683, 0xEE43, 0xE623,
    0xDDE4, 0xC565, 0xB4E5, 0xACC7, 0xB529, 0xBD6B, 0xBD8D, 0xBD8D, 0xBD6D, 0xC5CE, 0xCE2F, 0x83C8,
    0x630A, 0xCE38, 0xFE33, 0xA4D0, 0x94B3, 0x5289, 0x39A0, 0x52A9, 0x5A27, 0xD5A3, 0xBD44, 0x93A2,
    0x6AC6, 0x79E4, 0x7245, 0xC638, 0xF54E, 0xD5F5, 0xE73C, 0x5B2C, 0xC510, 0xFED7, 0x94D5, 0xBD25,
    0xFF05, 0xFEA5, 0xFF05, 0xFF04, 0xFE84, 0xFEC5, 0xFEC5, 0xFEA4, 0xF663, 0xFE84, 0xFEA5, 0xFE65,
    0xFE04, 0xFE64, 0xFEE3, 0xFEA3, 0xFE63, 0xFEE5, 0xFEA9, 0xFF2E, 0xFED1, 0xFFB3, 0xFFB2, 0xFECD,
    0xEEAB, 0xCD89, 0xB54C, 0xB56C, 0xCDA8, 0xEEA9, 0xEEAD, 0xCE0F, 0x9CAC, 0x83E9, 0xB4E5, 0x9428,
    0x22A8, 0x01A4, 0x1403, 0x5461, 0xFE65, 0xD8E0, 0x7002, 0x00BA, 0x39EC, 0xFEE3, 0xFEC5, 0xFEC5,
    0xFEC5, 0xFEA5, 0xFF25, 0x9C45, 0x0099, 0x40AB, 0xE000, 0xECF2, 0xFFFF, 0xFFFF, 0xFFFF, 0xFFFF,
    0xFFFF, 0xFFDF, 0xE73C, 0xC637, 0xAD53, 0x9C8D, 0x9C68, 0xB4E5, 0xCD84, 0xE604, 0xF684, 0xFEA4,
    0xFEC3, 0xFF05, 0xFF05, 0xFEE5, 0xFF25, 0xFF24, 0xFF24, 0xFF24, 0xFF24, 0xFF24, 0xFF25, 0xFEA5,
    0xFEE5, 0xBE23, 0x25C0, 0x3E20, 0x3E80, 0x3E80, 0x3E60, 0x3E60, 0x3E20, 0x3601, 0x2DC1, 0x35E1,
    0x3601, 0x3640, 0x3E60, 0x3E00, 0x35A0, 0x34C0, 0x2C00, 0x23A0, 0x1B23, 0x12C5, 0x0903, 0x7B63,
    0xCD42, 0x1B80, 0x3680, 0x2E60, 0x3660, 0x3660, 0x1CA4, 0x12E9, 0x3D67, 0x6745, 0x5EE5, 0x56E4,
    0x46A0, 0x3E80, 0x3E80, 0x3E80, 0x3E80, 0x3E60, 0x4662, 0x4E64, 0x5665, 0x56A4, 0x5665, 0x4E64,
    0x4E44, 0x4EA4, 0x56E3, 0x5EE4, 0x6F26, 0x7F69, 0x7709, 0x7ECA, 0x8EAD, 0x8E4F, 0x9610, 0x958F,
    0x84CE, 0x6C2C, 0x4B6A, 0x22A9, 0x1B08, 0x0B88, 0x0307, 0x0345, 0x0365, 0x0384, 0x4503, 0xDEE3,
    0xFEE4, 0xFEE4, 0xFF04, 0xFEE4, 0xFEE5, 0xFEE5, 0xFEE5, 0xFEC5, 0xFEC5, 0xFEC5, 0xFEC5, 0xFEC5,
    0xFEC6, 0xFEC6, 0xFEE5, 0xFEE5, 0xFEE5, 0xFF05, 0xFF05, 0xFF04, 0xFEE4, 0xFEC3, 0xFEA3, 0xF6A3,
    0xEE63, 0xF6E4, 0x9423, 0x94B5, 0xC618, 0x9471, 0xE571, 0xFE33, 0xFF38, 0x6AA9, 0x50E0, 0x6AAB,
    0x6987, 0xBAE0, 0xE665, 0xFF65, 0x9443, 0x82E1, 0x59C1, 0x632E, 0xF675, 0xFD8F, 0xFE34, 0xFE74,
    0xFDAE, 0xCD11, 0x7BEB, 0xEE62, 0xFEC4, 0xFF04, 0xD5C3, 0xB507, 0xAD09, 0xCDA4, 0xE623, 0xA4A7,
    0x948D, 0xA4A6, 0xFEC3, 0xFEC4, 0xFF06, 0xFF29, 0xFF4E, 0xFF53, 0xEF56, 0xE6F7, 0xDED5, 0xEEEF,
    0xFF0A, 0xFEE6, 0xFF08, 0xCE0C, 0xB56F, 0xB58E, 0xCDE7, 0xD5C5, 0xC5CC, 0xBDAE, 0xB56B, 0x8C2C,
    0x9C66, 0xD5A5, 0x8CEA, 0x1386, 0x0285, 0x0AA6, 0x1C41, 0x5461, 0xFE65, 0xD8E0, 0x7802, 0x00BA,
    0x39EC, 0xFEE3, 0xFEC5, 0xFEC5, 0xFEC5, 0xFEA5, 0xFF25, 0x9C45, 0x0099, 0x48AB, 0xE000, 0xECF2,
    0xFFFF, 0xFFFF, 0xE73B, 0x6B70, 0x322E, 0x324E, 0x3A6F, 0x42B0, 0x42D0, 0x3A90, 0x21ED, 0x112B,
    0x08E8, 0x1107, 0x29C6, 0x8C2A, 0xB52B, 0xB505, 0xCD84, 0xEE64, 0x9424, 0x4245, 0x3A26, 0x4246,
    0x4245, 0x4A85, 0x9C44, 0xFEE5, 0xFEC5, 0xF685, 0x5543, 0x3640, 0x2420, 0x0243, 0x0204, 0x0204,
    0x0205, 0x23E1, 0x35E1, 0x2D61, 0x2522, 0x24A3, 0x24C3, 0x2D21, 0x1B22, 0x0A84, 0x0AA4, 0x0A83,
    0x12A2, 0x2C80, 0xC640, 0x8BE0, 0x10A5, 0x09E4, 0x0A85, 0x0A65, 0x0A65, 0x09E5, 0x0225, 0x02C7,
    0x02C6, 0x1483, 0x25A1, 0x2D40, 0x12C2, 0x0AA4, 0x0AA4, 0x0AA4, 0x12E3, 0x3540, 0x3621, 0x13C4,
    0x13E5, 0x2484, 0x1C07, 0x4E63, 0x56E4, 0x4CC6, 0x2288, 0x0264, 0x0244, 0x1B41, 0x4E43, 0x4E43,
    0x3E41, 0x3E80, 0x23C1, 0x12A6, 0x2328, 0x2B29, 0x43C6, 0x4E03, 0x34C5, 0x1C25, 0x0343, 0x1C80,
    0x1C20, 0x1301, 0x01A3, 0x2301, 0xAD0A, 0xB508, 0xBD67, 0xCDA6, 0xD5C5, 0xDDE4, 0xE624, 0xF684,
    0xF683, 0xEE63, 0xF683, 0xFEC4, 0xFEC3, 0xFEC3, 0xFEE4, 0xFEE4, 0xFF04, 0xFF05, 0xFF25, 0xFF25,
    0xFF26, 0xFF46, 0xFF26, 0xFF05, 0xFF46, 0xFEC3, 0x8C08, 0xFFFF, 0xFFFF, 0xB596, 0x9492, 0xBCD0,
    0xD50F, 0xA40D, 0x81C0, 0x72CB, 0x61C5, 0xE300, 0xB483, 0xFF85, 0x4A01, 0x10A1, 0x6B22, 0x62C4,
    0x7BF1, 0xCDD6, 0xDD50, 0xDD92, 0xB4F2, 0x6BAF, 0xC5A9, 0xFF6B, 0xFF6D, 0xA4C7, 0xA512, 0xE73E,
    0xEF9F, 0xBE16, 0x840C, 0xDF1D, 0xFFFF, 0x94B3, 0xBDAF, 0xFFFA, 0xF77C, 0xE73B, 0xCE55, 0xC5EF,
    0xCDC9, 0xCDA4, 0xCDA3, 0xCDA7, 0xD64F, 0xE6D5, 0xCE54, 0xD62E, 0xDE24, 0xDE03, 0xCDED, 0xBDB1,
    0xB54A, 0xCE2B, 0x9CAB, 0xC544, 0xD5A7, 0x6B49, 0x2CC3, 0x0365, 0x0AA5, 0x13E6, 0x02A4, 0x8D02,
    0xFEC5, 0xD8C0, 0x7802, 0x00B9, 0x420D, 0xFEE3, 0xFEC5, 0xFEC5, 0xFEC5, 0xFEA5, 0xFF25, 0x9C25,
    0x0079, 0x40AB, 0xE040, 0xED12, 0xFFFF, 0xF79C, 0x31CD, 0x0008, 0x5804, 0x6803, 0x6003, 0x6003,
    0x6003, 0x6003, 0x6803, 0x6823, 0x6823, 0x6824, 0x5003, 0x18C6, 0xAD77, 0xDF1D, 0xD69A, 0x6B6D,
    0x0006, 0x4804, 0x6004, 0x5804, 0x5804, 0x5004, 0x0805, 0x7343, 0xFF44, 0xFEE5, 0xCF22, 0x13A1,
    0x1005, 0x5004, 0x5004, 0x5804, 0x3808, 0x000D, 0x23E1, 0x3EA0, 0x3E40, 0x3E40, 0x3E41, 0x0A04,
    0x1007, 0x5804, 0x5804, 0x5804, 0x3807, 0x0029, 0x94C0, 0x31A8, 0x082F, 0x5804, 0x5804, 0x5005,
    0x5804, 0x2808, 0x0067, 0x12C2, 0x0AC4, 0x0225, 0x0284, 0x0108, 0x100B, 0x5804, 0x5805, 0x5804,
    0x3805, 0x0866, 0x0285, 0x0308, 0x02E7, 0x02C7, 0x02C7, 0x1424, 0x1C41, 0x0027, 0x3007, 0x5805,
    0x5006, 0x080C, 0x43A8, 0x872C, 0x9F4F, 0x6CCD, 0x0809, 0x4805, 0x5004, 0x4005, 0x000B, 0x3B88,
    0x75D1, 0x764D, 0x76AB, 0x7729, 0x66E6, 0x56A5, 0x2BA8, 0xB577, 0xFFFF, 0xEF7F, 0xE75E, 0xEF9F,
    0xEF3E, 0xEF5C, 0xE73B, 0xF779, 0xE6F6, 0xCE33, 0xB570, 0x946A, 0xA4CB, 0xA4CB, 0x9C89, 0x9C67,
    0x9405, 0x9C45, 0xA464, 0xA483, 0xA462, 0xA462, 0xBD02, 0xCD84, 0xC582, 0x7B84, 0xA514, 0xFFDF,
    0xFFFF, 0xFFFF, 0xCE79, 0x9D14, 0x8C92, 0x5B4E, 0x71A1, 0x62ED, 0x69C4, 0xE320, 0xAC63, 0xFF65,
    0x2101, 0x39A1, 0x3161, 0xD5C4, 0x7B83, 0x6B4C, 0x8452, 0x8451, 0x9D14, 0xDEDA, 0xB5B6, 0xC659,
    0x9493, 0x94B4, 0xFFFF, 0xFFFF, 0xFFFF, 0xFFFF, 0xFFFF, 0xFFFF, 0xFFFF, 0xD6BA, 0x7BF1, 0x946B,
    0xE6A9, 0xDE04, 0xDDC1, 0xF6A5, 0xD62B, 0xCE53, 0xCE79, 0xE73C, 0xE715, 0xD5C7, 0xE641, 0xDE23,
    0xCDEF, 0xCE56, 0xCE2E, 0xAD08, 0xBDB0, 0xCDEC, 0xD5A4, 0xACED, 0x4407, 0x24C0, 0x1CA4, 0x0B05,
    0x1C43, 0x1C84, 0x0C03, 0xA5C2, 0xFEA5, 0xD8E0, 0x8002, 0x00B9, 0x39EC, 0xFEE3, 0xFEC5, 0xFEC5,
    0xFEC5, 0xFEA5, 0xFF45, 0x9405, 0x0079, 0x40AB, 0xE020, 0xECF2, 0xFFFF, 0xAD55, 0x0008, 0xB8E0,
    0xFA00, 0xF220, 0xFA20, 0xFA20, 0xFA00, 0xFA20, 0xF240, 0xF240, 0xF220, 0xF240, 0xF9E0, 0x8820,
    0x0884, 0xE73C, 0xFFFF, 0x322E, 0x4805, 0xF980, 0xF240, 0xF220, 0xF220, 0xFA20, 0xB8C0, 0x0005,
    0x8C05, 0xBD67, 0xBD61, 0x08C4, 0x8822, 0xF1A0, 0xEA00, 0xEA20, 0xE960, 0x5826, 0x006B, 0x3560,
    0x3E40, 0x3600, 0x3E40, 0x0167, 0x6824, 0xF120, 0xEA00, 0xEA00, 0xE940, 0x4807, 0x2145, 0x31E6,
    0x3006, 0xF0A0, 0xE9E0, 0xE9E0, 0xF200, 0xD0C0, 0x2008, 0x12C4, 0x3E60, 0x3DE0, 0x1A62, 0x000E,
    0xA041, 0xF1A0, 0xE9E0, 0xEA00, 0xE0C0, 0x202A, 0x00E8, 0x0285, 0x0287, 0x02A6, 0x02A6, 0x02C8,
    0x01C6, 0x0807, 0xC040, 0xE9C0, 0xF180, 0x7824, 0x0089, 0x2540, 0x2DC0, 0x00E8, 0x7004, 0xF160,
    0xEA20, 0xE920, 0x3007, 0x21EB, 0x664A, 0x6588, 0x3987, 0x5C29, 0x6E88, 0x6E88, 0x76A9, 0x8F4D,
    0x95B0, 0xFFFF, 0xFFFF, 0xB5F5, 0x746D, 0xA574, 0xDF1B, 0xFFFF, 0xFFFF, 0xEF5F, 0x5B8D, 0x2403,
    0x3328, 0x94D5, 0xF7BF, 0xEF7F, 0xD6DC, 0xBE19, 0xB597, 0xAD97, 0xAD56, 0x9CF4, 0x8431, 0x2124,
    0x6B4C, 0xAD55, 0xFFFF, 0xFFDF, 0xFFFF, 0xFFFF, 0xFFFF, 0xFFFF, 0xFFFF, 0xC638, 0x61A1, 0x6B70,
    0x5143, 0x9A60, 0xDE45, 0xD584, 0x0000, 0x18A0, 0x62A2, 0x9403, 0x41C1, 0x6B03, 0xDEDA, 0xFFDE,
    0xFFFF, 0xFFFF, 0x7BEF, 0xC638, 0x8C50, 0xE75C, 0xFFFF, 0xFFFF, 0xFFFF, 0xFFFF, 0xFFFF, 0xFFFF,
    0xFFFF, 0xFFFF, 0xD69A, 0x948E, 0x8C08, 0xCE13, 0xEF5B, 0xEF9F, 0xCE9B, 0xC612, 0xDE4B, 0xF6A5,
    0xEE61, 0xDE48, 0xEF15, 0xCE58, 0xC5F0, 0xBD68, 0xA4EE, 0xBD90, 0xDE46, 0xCD68, 0x844F, 0x3524,
    0x3620, 0x1CA4, 0x35A1, 0x3601, 0x3E20, 0x1345, 0x1340, 0x9CA3, 0xFEE5, 0xD8C0, 0x7802, 0x00B9,
    0x39EC, 0xFEE3, 0xFEC5, 0xFEC5, 0xFEC5, 0xFEA5, 0xFF45, 0x93E5, 0x0079, 0x40AA, 0xD800, 0xECF2,
    0xFFFF, 0x9515, 0x1806, 0xE960, 0xE3A0, 0xE380, 0xE380, 0xE3A0, 0xE3C0, 0xE3C0, 0xE3C0, 0xE3A0,
    0xE380, 0xE380, 0xE3A0, 0xE960, 0x2006, 0x3A6E, 0xF79C, 0x092C, 0x7803, 0xF2C0, 0xE3C0, 0xE380,
    0xE380, 0xE3C0, 0xE9C0, 0x2828, 0x196D, 0xDEFB, 0xC618, 0x10C8, 0xA001, 0xEB20, 0xE3A0, 0xE3A0,
    0xF320, 0x9860, 0x0054, 0x1A64, 0x3E80, 0x3E41, 0x3E80, 0x0187, 0x6804, 0xEA60, 0xE3C0, 0xE3C0,
    0xF2A0, 0x7823, 0x00B1, 0x5A80, 0x006A, 0x9041, 0xEB00, 0xE3C0, 0xE3A0, 0xEAA0, 0xA041, 0x000B,
    0x2CA1, 0x3540, 0x008E, 0x6804, 0xE9A0, 0xE3A0, 0xE3C0, 0xEAE0, 0x9040, 0x08D5, 0x00AD, 0x23A0,
    0x23E1, 0x1B61, 0x1B22, 0x1323, 0x1302, 0x00A8, 0x8003, 0xEA80, 0xEBC0, 0xD0E0, 0x200B, 0x0185,
    0x09C5, 0x2009, 0xD0C0, 0xE380, 0xEBC0, 0xC0E0, 0x1030, 0x0188, 0x0C61, 0x2540, 0x1CA0, 0x2DC0,
    0x2E20, 0x3620, 0x3640, 0x1D40, 0x6BCC, 0xCE79, 0xAD95, 0x1AA1, 0x1BC0, 0x1420, 0x13C0, 0x9D2E,
    0xFF95, 0xF755, 0xE6F5, 0xB5AF, 0xC613, 0xE71A, 0xFFFF, 0xCE79, 0x630B, 0xC617, 0xDEDA, 0xF79C,
    0xFFFF, 0xFFFF, 0x9492, 0xC618, 0xFFFF, 0xFFFF, 0xFFDF, 0xFFFF, 0xFFFF, 0xFFDF, 0xF7DE, 0xF7DE,
    0xF7BE, 0x83EC, 0x5263, 0x8477, 0x0023, 0x5AA1, 0xE685, 0xACC3, 0x3181, 0x5221, 0x5A61, 0x7362,
    0x0001, 0x8BA1, 0xD672, 0xFFFF, 0xF7DE, 0xF7BE, 0x73AD, 0x8C71, 0x9CF3, 0xFFFF, 0xFFFF, 0xFFFF,
    0xFFFF, 0xFFFF, 0xFFFF, 0xFFFF, 0xFFDF, 0xFFDF, 0xF7DE, 0xFFFF, 0x73B0, 0xCE58, 0xD695, 0xC5CB,
    0xDE04, 0xF661, 0xEE62, 0xD608, 0xCE35, 0xE73C, 0xD671, 0xBD67, 0xAD0C, 0xAD32, 0xD629, 0xE604,
    0xACAE, 0x4B8A, 0x2DA0, 0x2DE1, 0x1C84, 0x35E1, 0x3E40, 0x3E60, 0x2481, 0x0AE4, 0x2C00, 0xDDE4,
    0xFEC5, 0xD8C0, 0x7802, 0x00BA, 0x420C, 0xFEE3, 0xFEC5, 0xFEC5, 0xFEC5, 0xFEA5, 0xFF45, 0x93E5,
    0x0079, 0x40AA, 0xE000, 0xECD1, 0xFFFF, 0x9D36, 0x1806, 0xE160, 0xEB80, 0xE340, 0xEB60, 0xE300,
    0xEA20, 0xEA40, 0xEA60, 0xEB40, 0xEB60, 0xEB40, 0xE380, 0xE980, 0x4049, 0x0094, 0x5A89, 0x08AB,
    0xA061, 0xF320, 0xE360, 0xE380, 0xEB60, 0xE380, 0xF240, 0x6067, 0x0053, 0x9492, 0xFFFF, 0x1109,
    0x9001, 0xF2E0, 0xE360, 0xE360, 0xF300, 0x9860, 0x00D7, 0x0091, 0x1B00, 0x24A0, 0x2CA0, 0x0127,
    0x7004, 0xEA40, 0xE380, 0xE360, 0xF2A0, 0x8042, 0x0099, 0x39C5, 0x31C7, 0x100C, 0xC880, 0xEB40,
    0xE340, 0xE3A0, 0xE9C0, 0x6804, 0x00E9, 0x0929, 0x3009, 0xE0C0, 0xE360, 0xE360, 0xEB40, 0xC880,
    0x184D, 0x013C, 0x0074, 0x2C40, 0x3EE0, 0x3E60, 0x3E60, 0x3EA0, 0x46E0, 0x0A07, 0x200D, 0xD080,
    0xE380, 0xF280, 0x8023, 0x006A, 0x0049, 0x8823, 0xF260, 0xE3C0, 0xEA20, 0x5804, 0x00FB, 0x090C,
    0x0AC3, 0x0AE5, 0x1384, 0x1BC4, 0x2D21, 0x35A0, 0x35E0, 0x3582, 0x3503, 0x1361, 0x8471, 0xE6FB,
    0xEF3E, 0xC678, 0xADD5, 0xEF7C, 0xFFFD, 0xFFFD, 0xFFFE, 0xFFFE, 0xFFFC, 0xFFFF, 0xFFFC, 0xE718,
    0xC634, 0xC613, 0xC5F1, 0xBDB0, 0xB56F, 0xBDB2, 0x6B6D, 0xFFFF, 0xFFFF, 0xDF1B, 0xFFFF, 0xFFFF,
    0xFFFF, 0xFFFF, 0xFFFF, 0xFFFF, 0xCE14, 0x4A02, 0x39A3, 0x5AEA, 0x4A24, 0xAC82, 0x9BA2, 0xAC63,
    0xD624, 0x9C83, 0x8BE3, 0x20E1, 0x5A82, 0xFF43, 0xC614, 0xFFFF, 0xFFFF, 0xFFFF, 0xF79D, 0xFFFF,
    0xFFFF, 0xFFFF, 0xFFFF, 0xFFFF, 0xFFFF, 0xFFFF, 0xFFFF, 0xFFFF, 0xFFFF, 0xFFFF, 0xFFFF, 0xF7BE,
    0x7BCE, 0x9427, 0xD5A2, 0xFEE2, 0xEE84, 0xEECE, 0xBDD6, 0xC5F6, 0xD62C, 0xFF07, 0xE68D, 0xAD53,
    0xBD8B, 0xE663, 0xE60C, 0x9D92, 0x3C85, 0x2DA0, 0x1CE5, 0x1CC4, 0x3E40, 0x2523, 0x1444, 0x3E20,
    0x1324, 0x1BE1, 0x44E0, 0xF645, 0xFEA5, 0xE0C0, 0x8002, 0x00BA, 0x420C, 0xFEE3, 0xFEC5, 0xFEC5,
    0xFEC5, 0xFEA5, 0xFF45, 0x8BC5, 0x0079, 0x48AA, 0xE000, 0xECD1, 0xFFFF, 0x9D36, 0x2006, 0xE160,
    0xEB80, 0xE340, 0xE380, 0xEA60, 0xC800, 0x2824, 0x5002, 0xE1C0, 0xEB80, 0xE340, 0xE3A0, 0xE960,
    0x4827, 0x011C, 0x004E, 0x102A, 0xC8C0, 0xEB60, 0xE360, 0xEA60, 0xEAE0, 0xE3A0, 0xF2A0, 0x8841,
    0x00D9, 0x08AE, 0xD676, 0x218B, 0x8801, 0xF2E0, 0xE380, 0xE360, 0xF300, 0xA060, 0x00D5, 0x00BB,
    0x1167, 0x6667, 0x55C5, 0x0127, 0x7004, 0xEA60, 0xE380, 0xE380, 0xF2C0, 0x8042, 0x00F9, 0x08D2,
    0x2960, 0x00B4, 0x5006, 0xE160, 0xE3A0, 0xE360, 0xEB60, 0xD8C0, 0x2829, 0x084D, 0xC040, 0xEAE0,
    0xE360, 0xE380, 0xE980, 0x5005, 0x011A, 0x0119, 0x0099, 0x1204, 0x3E60, 0x3600, 0x3600, 0x2420,
    0x2CE0, 0x2342, 0x0055, 0x8003, 0xEA00, 0xE3C0, 0xD900, 0x184C, 0x284A, 0xE100, 0xE380, 0xEB60,
    0xB880, 0x0890, 0x011C, 0x00AE, 0x2420, 0x2CA0, 0x2440, 0x2460, 0x2440, 0x2440, 0x2CC0, 0x2481,
    0x1C42, 0x0A81, 0x1963, 0x21C5, 0x8C70, 0xDED9, 0xEF3C, 0xFFFE, 0xE73B, 0xD6DA, 0xCE79, 0xC659,
    0xBDF8, 0xBDF7, 0xC638, 0xBDF7, 0xBDD6, 0xAD55, 0x9D14, 0xA534, 0xA534, 0xC616, 0x94B1, 0x6B4D,
    0x5ACB, 0xCE79, 0xFFFF, 0xFFFF, 0xDF1B, 0xAE52, 0x95CF, 0x750B, 0x5C46, 0x4326, 0x2143, 0x18A0,
    0x2880, 0xE320, 0xDB20, 0xCAA0, 0x9A81, 0xACA3, 0xC584, 0xACE3, 0x7B82, 0x5AA4, 0xA556, 0xBE19,
    0xC65A, 0xD6BB, 0xDEFD, 0xDEFD, 0xDF1D, 0xE73E, 0xE75E, 0xEF9F, 0xFFFF, 0xE75C, 0xD6BA, 0xC638,
    0xBDD7, 0xB596, 0xAD75, 0x9CF3, 0xE71C, 0xEF7E, 0x738A, 0xBD8E, 0xCE59, 0xCE56, 0xCDC9, 0xCDA3,
    0xDE4D, 0xDEB6, 0x9CCE, 0xC583, 0xEEAB, 0xC5F3, 0x4BEA, 0x3DE1, 0x3660, 0x1CA4, 0x1C43, 0x35C0,
    0x3E60, 0x24C3, 0x35E1, 0x2CE1, 0x1364, 0x2480, 0x6521, 0xFEA5, 0xF685, 0xE0C0, 0x8002, 0x00BA,
    0x420C, 0xFEE3, 0xFEC5, 0xFEC5, 0xFEC5, 0xFEA5, 0xFF45, 0x8BC5, 0x0079, 0x40AA, 0xE000, 0xDC70,
    0xE75E, 0x9D16, 0x2006, 0xE160, 0xEB80, 0xE340, 0xEB80, 0xEA80, 0xD840, 0x9861, 0xA860, 0xE220,
    0xEB80, 0xE340, 0xE380, 0xE960, 0x4827, 0x011A, 0x013C, 0x284B, 0xE140, 0xE3A0, 0xEAC0, 0x8800,
    0xC120, 0xEB80, 0xF320, 0xB080, 0x00D4, 0x00B9, 0x39E9, 0x192A, 0x9001, 0xF2E0, 0xE380, 0xE360,
    0xF320, 0xA080, 0x00B5, 0x013B, 0x0054, 0x4C27, 0x5F04, 0x0147, 0x7004, 0xEA60, 0xE380, 0xE360,
    0xF2C0, 0x8862, 0x00F8, 0x009A, 0x11E3, 0x1A09, 0x0096, 0x9001, 0xEA80, 0xE380, 0xE380, 0xF2C0,
    0xA860, 0x9000, 0xEA20, 0xE380, 0xE380, 0xF280, 0x9001, 0x00D5, 0x011A, 0x00F8, 0x00FB, 0x00CC,
    0x35A0, 0x3E60, 0x3580, 0x0000, 0x0000, 0x2360, 0x00D4, 0x186F, 0xD080, 0xE380, 0xF2C0, 0x9020,
    0x9840, 0xF2C0, 0xE3C0, 0xEA00, 0x5025, 0x00F9, 0x011A, 0x0072, 0x2CE0, 0x3E60, 0x3C80, 0x3D20,
    0x45A0, 0x4540, 0x3E20, 0x3E40, 0x3E00, 0x55C5, 0x3BC7, 0x42E5, 0x9443, 0xB4E4, 0xBD24, 0xD5E7,
    0xCDC6, 0xDE06, 0xD5C4, 0xD5A3, 0xCD82, 0xCD63, 0xCD64, 0xCD63, 0xD5A3, 0xD5A3, 0xCD63, 0xCD83,
    0xD5C3, 0xD5C3, 0x6B28, 0x7BCF, 0x5AEB, 0xFFFF, 0xFFFF, 0x95B0, 0x1B21, 0x0123, 0x0144, 0x3AC8,
    0x2A2B, 0x22E4, 0x23C0, 0x11C3, 0x524A, 0xBB02, 0xE300, 0xF3A0, 0xFBA0, 0x50E0, 0x6B42, 0xB523,
    0x8C03, 0xA4C4, 0xACA3, 0x9C63, 0x9C23, 0x9424, 0x9404, 0x9405, 0x8C05, 0x8BE6, 0x8C07, 0x7367,
    0x4208, 0x7BCF, 0xA534, 0xB5D6, 0xD69A, 0xE71C, 0xF7BE, 0xD6BA, 0xD69A, 0xFFFF, 0x94D4, 0x948E,
    0xDE69, 0xCDA2, 0xDE6C, 0xC617, 0xB5B2, 0xC5A6, 0xE627, 0xC5B1, 0x6C8F, 0x3523, 0x3640, 0x2542,
    0x1445, 0x2D21, 0x2380, 0x3600, 0x3620, 0x3E40, 0x3E40, 0x1405, 0x23A2, 0x2520, 0x8522, 0xFEE5,
    0xF685, 0xE0E0, 0x8002, 0x00BA, 0x422D, 0xFEE3, 0xFEC5, 0xFEC5, 0xFEC5, 0xFEA5, 0xFF45, 0x8BC4,
    0x0079, 0x40AB, 0xE020, 0xD384, 0xB5A7, 0x6329, 0x2007, 0xE160, 0xEB80, 0xE360, 0xEB60, 0xEB40,
    0xEAC0, 0xF2C0, 0xF300, 0xEB60, 0xEB60, 0xEB40, 0xE3A0, 0xE960, 0x3028, 0x011A, 0x00FA, 0x5027,
    0xE9E0, 0xE3C0, 0xF200, 0x3004, 0x98A1, 0xF320, 0xEB80, 0xD0E0, 0x106F, 0x013D, 0x0070, 0x0026,
    0x9022, 0xF2E0, 0xE380, 0xE360, 0xF320, 0xA080, 0x00B5, 0x091A, 0x00DA, 0x08EA, 0x3DA0, 0x0167,
    0x7004, 0xEA40, 0xE380, 0xE360, 0xF2C0, 0x8862, 0x00D7, 0x08FB, 0x10F0, 0x4B65, 0x00D6, 0x188E,
    0xC060, 0xEB20, 0xE360, 0xE3A0, 0xE1E0, 0xE140, 0xE380, 0xE360, 0xEB20, 0xC860, 0x106E, 0x011B,
    0x00F8, 0x00F9, 0x011A, 0x0054, 0x2C00, 0x4700, 0x3E40, 0x23E0, 0x3561, 0x35C0, 0x090C, 0x00DA,
    0x7802, 0xF220, 0xE3C0, 0xE140, 0xE180, 0xE3A0, 0xF340, 0xB080, 0x0092, 0x011A, 0x011A, 0x0056,
    0x23C0, 0x3580, 0x3AE0, 0x5B80, 0x6360, 0x4AE0, 0x3520, 0x3640, 0x6E2A, 0xBF16, 0xC757, 0xB673,
    0x9511, 0xB532, 0xAD52, 0xAD52, 0xC615, 0xF778, 0xFFF9, 0xFFFA, 0xFFF9, 0xFFD4, 0xFF6B, 0xFF26,
    0xFF26, 0xFF26, 0xFF26, 0xFF26, 0xFFA6, 0xC542, 0xBDF7, 0xFFFF, 0xF7BE, 0xF7DE, 0xCEB9, 0x12C0,
    0x004E, 0x52BF, 0x947F, 0x6B9F, 0xA4FF, 0x42B0, 0x01C0, 0x38E2, 0x9BAE, 0xB618, 0xB48E, 0xC2A0,
    0xFBA0, 0x5940, 0x7BC3, 0x9403, 0xA483, 0xD604, 0xD5C4, 0xDE04, 0xD5E4, 0xDE04, 0xDE04, 0xDDE4,
    0xD5E4, 0xDE04, 0xCDC3, 0x9C83, 0x8471, 0xE75C, 0xFFFF, 0xFFFF, 0xFFFF, 0xFFFF, 0xFFFF, 0xDEDB,
    0xD6BA, 0xFFFF, 0x8C72, 0x8BC1, 0xCE0D, 0xCE57, 0xBDD2, 0xC587, 0xD584, 0x9408, 0x640C, 0x4545,
    0x2DC0, 0x3E60, 0x24E4, 0x1465, 0x3641, 0x1B81, 0x2D21, 0x3E60, 0x3E20, 0x3E40, 0x3600, 0x24E3,
    0x2BE0, 0x2501, 0xA4E3, 0xFF25, 0xF685, 0xE0E0, 0x8002, 0x00BA, 0x420D, 0xFEE3, 0xFEC5, 0xFEC5,
    0xFEC5, 0xFEA5, 0xFF45, 0x93E4, 0x0079, 0x48AA, 0xE000, 0xEC03, 0xFFE4, 0x9C64, 0x2008, 0xE160,
    0xEB80, 0xEB60, 0xEB60, 0xEB60, 0xEB80, 0xE380, 0xE380, 0xEB60, 0xEB60, 0xE3A0, 0xFB20, 0xA880,
    0x086F, 0x011B, 0x00F8, 0x7803, 0xF260, 0xEBA0, 0xE140, 0x1027, 0x7022, 0xF260, 0xE3C0, 0xE980,
    0x384A, 0x011B, 0x091A, 0x00D5, 0x9021, 0xF2C0, 0xE380, 0xE360, 0xF300, 0xA080, 0x00B4, 0x011A,
    0x013A, 0x0078, 0x1AA1, 0x01A6, 0x7004, 0xEA40, 0xE380, 0xE360, 0xF2E0, 0x8061, 0x00D6, 0x013B,
    0x0098, 0x2A67, 0x324E, 0x00BB, 0x4826, 0xE120, 0xEB80, 0xEB60, 0xE340, 0xE340, 0xEB60, 0xEB80,
    0xE940, 0x4026, 0x011A, 0x00F9, 0x00FA, 0x011A, 0x011A, 0x00DA, 0x0107, 0x0A43, 0x2320, 0x2D00,
    0x24A0, 0x24C0, 0x0965, 0x00DB, 0x188E, 0xC8A0, 0xEB40, 0xE2E0, 0xE2E0, 0xE3A0, 0xE9E0, 0x4827,
    0x00FA, 0x00F9, 0x0119, 0x0078, 0x1AA3, 0x46E0, 0x3EA0, 0x3620, 0x2DC0, 0x3640, 0x3660, 0x33C0,
    0x6B81, 0x63A0, 0x4C00, 0x2E20, 0x3660, 0x4CA0, 0xCD64, 0xF6A6, 0xD585, 0xFEC6, 0xFEE6, 0xFEC7,
    0xF6C7, 0xF684, 0xF662, 0xEE43, 0xE623, 0xEE43, 0xEE44, 0xDE03, 0xC543, 0x6B29, 0xE73C, 0xF7DE,
    0xFFDF, 0xFFFF, 0xBE36, 0x09C0, 0x7377, 0x8495, 0x3AAD, 0x5370, 0x196D, 0x1262, 0x1AE0, 0x1000,
    0x8800, 0xA904, 0xBDF8, 0xAD75, 0xD321, 0x48E0, 0x4201, 0x41E1, 0x7B82, 0x9423, 0x62C2, 0xA463,
    0x8BE3, 0x83A3, 0xB4E3, 0x9403, 0x9C63, 0x7B83, 0xBD23, 0xBD65, 0x94F4, 0xE75C, 0xFFDF, 0xFFDE,
    0xFFDE, 0xFFDF, 0xFFFF, 0xD6FA, 0xDEDA, 0xF7BE, 0x528A, 0xB596, 0xD674, 0xC587, 0xC584, 0xB52C,
    0x6CAA, 0x5D2A, 0x4D65, 0x2520, 0x3E40, 0x35C1, 0x2DA1, 0x3E40, 0x24A1, 0x2522, 0x3E60, 0x3E40,
    0x3540, 0x3560, 0x3E80, 0x2CA0, 0x2481, 0x1BA3, 0xD584, 0xFF25, 0xF685, 0xE0E0, 0x8002, 0x00BA,
    0x420C, 0xFEE3, 0xFEC5, 0xFEC5, 0xFEC5, 0xFEA5, 0xFF45, 0x8BC4, 0x0079, 0x48AA, 0xE000, 0xE3E3,
    0xFF85, 0x9C65, 0x2008, 0xE160, 0xEB80, 0xE360, 0xEB60, 0xEB60, 0xEB60, 0xEB60, 0xEB60, 0xEB60,
    0xE360, 0xEA20, 0x9060, 0x086D, 0x00FA, 0x00FA, 0x00D5, 0xA020, 0xF2E0, 0xE380, 0xE160, 0xB8A0,
    0xC8A0, 0xEA60, 0xE3C0, 0xF200, 0x5826, 0x00FA, 0x08F9, 0x00D7, 0x8821, 0xF2C0, 0xE380, 0xE360,
    0xEB00, 0xC060, 0x5803, 0x5825, 0x4826, 0x08B3, 0x008D, 0x0065, 0x7004, 0xEA20, 0xE380, 0xE360,
    0xEAE0, 0xC040, 0x5803, 0x5025, 0x5826, 0x2046, 0x1982, 0x08D6, 0x00F6, 0x8002, 0xEA20, 0xE380,
    0xEB60, 0xEB60, 0xE380, 0xEA40, 0x7802, 0x00D6, 0x00FA, 0x00FA, 0x08B1, 0x4826, 0x5006, 0x4806,
    0x4806, 0x3006, 0x0045, 0xA633, 0xBF16, 0xA732, 0x4B88, 0x0077, 0x00D3, 0xB060, 0xEB20, 0xE380,
    0xE380, 0xF320, 0xB080, 0x00B3, 0x011A, 0x00F9, 0x0119, 0x00B9, 0x00C4, 0x1321, 0x1302, 0x23E0,
    0x2420, 0x2420, 0x2CA0, 0x2C20, 0x2C40, 0x3D40, 0x3500, 0x2CE0, 0x2C80, 0x3BA5, 0xC548, 0x6BC0,
    0x3460, 0x73E3, 0xBD6B, 0xBDAD, 0xB54D, 0xAD0E, 0xA50F, 0xAD51, 0xAD51, 0xA511, 0x5AC8, 0x738C,
    0x39C7, 0xDEDB, 0xFFFF, 0xFFFF, 0xFFFF, 0xFFFF, 0xEF5D, 0x3383, 0x1A80, 0x0080, 0x1160, 0x0940,
    0x1AE0, 0x2420, 0x32E3, 0x39C6, 0x2944, 0x7800, 0xC000, 0x9B8E, 0x59E5, 0x30A0, 0x0021, 0x3181,
    0x5AC2, 0x4A22, 0x39C1, 0x7342, 0x0820, 0x10A1, 0x5AA2, 0x0840, 0x7342, 0x3161, 0xF6E4, 0xCDA7,
    0x94F5, 0xF79D, 0xFFFF, 0xFFDF, 0xFFFF, 0xFFFD, 0xFE90, 0xC3A8, 0xEFBE, 0xE71C, 0xAD75, 0xA533,
    0x83A4, 0xB56E, 0x52AA, 0x422A, 0x5C49, 0x74CD, 0xDEFB, 0xBD98, 0x2C02, 0x46E0, 0x35A1, 0x1A81,
    0x2CA0, 0x3E80, 0x3600, 0x3E60, 0x2D00, 0x2440, 0x3E20, 0x2380, 0x2581, 0x4461, 0xF645, 0xFEE5,
    0xF6A5, 0xE0E0, 0x7802, 0x00BA, 0x420C, 0xFEE3, 0xFEC5, 0xFEC5, 0xFEC5, 0xFEA5, 0xFF45, 0x8BC4,
    0x0079, 0x40AA, 0xE000, 0xEC03, 0xFFA5, 0x9C65, 0x2008, 0xE180, 0xEB80, 0xE360, 0xEB60, 0xEB60,
    0xEB60, 0xE360, 0xEB60, 0xEB60, 0xE360, 0xEA80, 0xC8A0, 0x288C, 0x00FA, 0x011A, 0x0891, 0xC0A0,
    0xEB60, 0xE360, 0xEB60, 0xEB40, 0xEB40, 0xEB60, 0xE380, 0xF2A0, 0x8842, 0x00D7, 0x091A, 0x00D7,
    0x8821, 0xF2C0, 0xE380, 0xEB60, 0xE360, 0xEA40, 0xF1E0, 0xEA00, 0xF180, 0x8020, 0x00B3, 0x006A,
    0x7003, 0xEA20, 0xE3A0, 0xEB60, 0xE340, 0xEA20, 0xE9E0, 0xE9E0, 0xF160, 0x8801, 0x0083, 0x090A,
    0x00FD, 0x106C, 0xD0A0, 0xEB60, 0xE360, 0xE360, 0xEB80, 0xE120, 0x204A, 0x011B, 0x08F8, 0x00F9,
    0x5804, 0xE8C0, 0xE9E0, 0xE9C0, 0xE9E0, 0xE900, 0x2802, 0x73F2, 0xFFFF, 0xEFFD, 0x6D49, 0x0073,
    0x306B, 0xE140, 0xEB80, 0xE340, 0xE360, 0xEB40, 0xC8E0, 0x1090, 0x011B, 0x00F8, 0x011A, 0x0093,
    0x53E9, 0x75D1, 0x6DAF, 0x76AA, 0x76AA, 0x6E6A, 0x6E89, 0x6E89, 0x6EAA, 0x770A, 0x764B, 0x6B6E,
    0x7B6F, 0xC5B7, 0xEF9E, 0x9D75, 0xBED7, 0xC699, 0xF7DF, 0xFFFF, 0xFFFF, 0xFFDD, 0xFFFE, 0xDEDB,
    0xB5B7, 0xC618, 0xEF7E, 0xEF9E, 0x3186, 0xEF5C, 0xFFFF, 0xFFFF, 0xFFFF, 0xFFFF, 0xFFFF, 0x8430,
    0x19A4, 0x00C8, 0x18CD, 0x000A, 0x0127, 0x0949, 0x212F, 0x4A4F, 0xAD76, 0x9D76, 0x8124, 0x9185,
    0x88A2, 0x3921, 0xD4E1, 0xCCE1, 0xD502, 0xB461, 0xAC41, 0xEE03, 0xA442, 0xB4C2, 0xB4E3, 0xA483,
    0xB4E3, 0xD5C4, 0xFF64, 0xB507, 0xA536, 0xF7DF, 0xFFFF, 0xFFFB, 0xFEEE, 0xFBE3, 0xCA44, 0xB4D3,
    0xFFFF, 0xFFFF, 0xFFFF, 0xFFFF, 0x7C31, 0x11E3, 0x94D2, 0xF79D, 0xFFBF, 0xA515, 0xAD95, 0xFFDF,
    0x2BC2, 0x1502, 0x12A2, 0x3540, 0x3E60, 0x3620, 0x3620, 0x3E60, 0x1C43, 0x2D81, 0x3520, 0x2441,
    0x1D63, 0x4C40, 0xFE65, 0xFEE5, 0xFEA5, 0xE120, 0x8002, 0x00BA, 0x422C, 0xFEE3, 0xFEC5, 0xFEC5,
    0xFEC5, 0xFEA5, 0xFF45, 0x8BA4, 0x0079, 0x48AA, 0xE020, 0xEC03, 0xFFA5, 0x9C65, 0x2008, 0xE180,
    0xEB80, 0xE360, 0xEB60, 0xEB60, 0xEB80, 0xEB60, 0xEB60, 0xEB60, 0xEB60, 0xE3C0, 0xFA60, 0x7820,
    0x00D6, 0x011B, 0x204C, 0xD920, 0xEB80, 0xE360, 0xEB60, 0xE360, 0xE360, 0xEB60, 0xE360, 0xF320,
    0xB080, 0x00B4, 0x011B, 0x00D7, 0x8821, 0xF2C0, 0xE380, 0xEB60, 0xEB60, 0xEB80, 0xE3A0, 0xE3A0,
    0xEB80, 0xB8A0, 0x0891, 0x008C, 0x7003, 0xF220, 0xE3A0, 0xEB40, 0xEB60, 0xEB80, 0xE380, 0xE3C0,
    0xEB20, 0xA061, 0x0090, 0x08E2, 0x00F8, 0x108F, 0xC880, 0xEB40, 0xE360, 0xE360, 0xEB80, 0xE140,
    0x286C, 0x011B, 0x08F9, 0x00F9, 0x6005, 0xEA00, 0xE3E0, 0xE380, 0xE3E0, 0xEA00, 0x5005, 0x19AC,
    0xA710, 0x9F30, 0x866B, 0x00EB, 0x6805, 0xF240, 0xE380, 0xEB60, 0xEB60, 0xE380, 0xF1A0, 0x4848,
    0x011B, 0x00F9, 0x00DA, 0x08C9, 0x5CEE, 0x768B, 0x6EC7, 0x45A7, 0x3546, 0x3621, 0x2E00, 0x3640,
    0x3640, 0x3E21, 0x4E43, 0x34A6, 0x2B89, 0x3349, 0xD6DB, 0xFFFF, 0xD672, 0xE713, 0xF778, 0xFFB9,
    0xFF75, 0xFF95, 0xE6F4, 0x9CF2, 0xFFFF, 0xFFFF, 0xFFFF, 0x7BCF, 0xC638, 0xFFFF, 0xFFFF, 0xFFFF,
    0xFFFF, 0xFFFF, 0xF79D, 0x52CF, 0x18EE, 0x4128, 0x94D7, 0x9472, 0x89E3, 0x3904, 0x18A4, 0x39EE,
    0x52AE, 0xFFFF, 0xC6DB, 0x51C7, 0xA840, 0x7101, 0xF4EA, 0xFD4B, 0xFD2A, 0xFD49, 0xFD49, 0xFCE8,
    0xFD27, 0xFD06, 0xFD05, 0xFD05, 0xFD04, 0xFD04, 0xFE85, 0xB54A, 0xAD56, 0xFFF8, 0xFF0C, 0xFC22,
    0xEA22, 0xC38E, 0xCEBB, 0xFFFF, 0xFFFF, 0xFFFF, 0xF7BE, 0xFFFF, 0x94F2, 0x8450, 0xFFFF, 0xFFFF,
    0xFFFF, 0xF7BE, 0x7BEF, 0xEF7D, 0x63CD, 0x3248, 0x2B41, 0x3E80, 0x3620, 0x3600, 0x3EA0, 0x2461,
    0x2482, 0x3E80, 0x2CC0, 0x24E3, 0x25A1, 0x7482, 0xFEC5, 0xFEC5, 0xFEA5, 0xE120, 0x8022, 0x00BA,
    0x420C, 0xFEE3, 0xFEC5, 0xFEC5, 0xFEC5, 0xFEA5, 0xFF45, 0x8BA4, 0x0079, 0x48A9, 0xE020, 0xEBE3,
    0xFFA5, 0x9C65, 0x2008, 0xE980, 0xEB80, 0xEB60, 0xEB60, 0xEB60, 0xE1C0, 0xD100, 0xEAE0, 0xEB80,
    0xEB40, 0xE380, 0xF2A0, 0x8041, 0x00D6, 0x011B, 0x4828, 0xE9C0, 0xE3A0, 0xEB40, 0xEB60, 0xEB60,
    0xEB60, 0xEB60, 0xE360, 0xEB60, 0xD100, 0x1090, 0x011B, 0x00D6, 0x8821, 0xF2C0, 0xE380, 0xEB60,
    0xEB60, 0xEB60, 0xEB40, 0xE360, 0xEB40, 0xB8A0, 0x0892, 0x00F7, 0x7003, 0xEA20, 0xE3A0, 0xEB40,
    0xEB60, 0xEB60, 0xEB40, 0xE360, 0xF300, 0xA060, 0x00B7, 0x0888, 0x00AD, 0x1091, 0xC880, 0xEB40,
    0xE360, 0xE360, 0xEB80, 0xE160, 0x286C, 0x011B, 0x08F9, 0x00F9, 0x5805, 0xEA00, 0xE3C0, 0xE360,
    0xE3C0, 0xE9E0, 0x5807, 0x008F, 0x3500, 0x4EC3, 0x45E3, 0x0085, 0xA841, 0xEB00, 0xE380, 0xEB60,
    0xEB60, 0xE380, 0xF2A0, 0x8842, 0x00F8, 0x011B, 0x0093, 0x12A5, 0x1C49, 0x4605, 0x4E27, 0x558C,
    0x766D, 0x7EEC, 0x974E, 0xA770, 0xAF73, 0xB795, 0xBF17, 0xE7DB, 0xFFFF, 0xF7FF, 0xFFFF, 0xB5D6,
    0x1B01, 0x2BA4, 0x642C, 0xFFFF, 0xFFFF, 0xFFFF, 0xA515, 0x9CF3, 0xDEFB, 0xFFFF, 0xF79E, 0x9CF3,
    0xFFFF, 0xFFFF, 0xFFFF, 0xFFFF, 0xFFFF, 0xFFFF, 0xDEFB, 0x738E, 0x2060, 0x40A0, 0xACF1, 0xAB04,
    0x5981, 0x73CF, 0xAD54, 0xDF1A, 0xBDD6, 0xBE17, 0xC5F7, 0x6B2D, 0x6289, 0xA840, 0x72AB, 0x7C31,
    0x8431, 0x8451, 0x8C52, 0x9472, 0x9CD3, 0xAD13, 0xAD13, 0xAD13, 0xA4B1, 0xACD1, 0xB511, 0x738E,
    0x9C8B, 0xFD02, 0xF201, 0xD2AA, 0xBD96, 0xE7BE, 0xFFFF, 0xFFDF, 0xFFFF, 0xFFFF, 0xFFFF, 0xFFFF,
    0xCE59, 0xF7BE, 0xFFFF, 0xFFFF, 0xFFFF, 0xF79E, 0xA514, 0x8C71, 0xA4F4, 0xEF7D, 0x9CD4, 0x2460,
    0x3E80, 0x3E60, 0x2462, 0x23E1, 0x3E80, 0x3E20, 0x2DA1, 0x2D43, 0x2DE0, 0xB583, 0xFF05, 0xFEC5,
    0xFE85, 0xE100, 0x8022, 0x00BA, 0x420C, 0xFEE3, 0xFEC5, 0xFEC5, 0xFEC5, 0xFEA5, 0xFF45, 0x8BA4,
    0x0078, 0x40AA, 0xE020, 0xEBC3, 0xFFA5, 0x9C65, 0x2008, 0xE1A0, 0xEB80, 0xEB40, 0xE380, 0xEAE0,
    0xD060, 0x6800, 0xEA20, 0xE380, 0xEB40, 0xE380, 0xF2A0, 0x8041, 0x00D6, 0x00FA, 0x7024, 0xF260,
    0xE380, 0xEB60, 0xEB60, 0xEB60, 0xEB60, 0xEB60, 0xE360, 0xEB80, 0xE180, 0x304B, 0x011B, 0x00D6,
    0x8821, 0xF2C0, 0xE380, 0xEB60, 0xEB60, 0xEB60, 0xEB60, 0xE360, 0xEB60, 0xB8A0, 0x0892, 0x011A,
    0x7003, 0xEA20, 0xE3A0, 0xEB40, 0xEB60, 0xEB60, 0xEB60, 0xE360, 0xF320, 0xA860, 0x00D6, 0x00B4,
    0x0064, 0x106D, 0xC880, 0xEB40, 0xE360, 0xE360, 0xEB80, 0xE160, 0x286C, 0x011B, 0x08F9, 0x00F9,
    0x6004, 0xF160, 0xEAE0, 0xF2C0, 0xEAE0, 0xF160, 0x5825, 0x0076, 0x3304, 0x5E85, 0x3C46, 0x2005,
    0xD920, 0xEB80, 0xE360, 0xEB60, 0xEB60, 0xE360, 0xEB40, 0xC0C0, 0x08B2, 0x00FC, 0x0088, 0x02E7,
    0x1329, 0x132A, 0x1B0B, 0x3D27, 0x4DC5, 0x2CC5, 0x2445, 0x1347, 0x0AE8, 0x0B68, 0x19A6, 0x52AB,
    0x7C91, 0xEF7C, 0xDEFB, 0xBE16, 0x8C70, 0x8C2F, 0x83ED, 0xA4EF, 0xA50D, 0x5AA8, 0x94B2, 0xC618,
    0x8C51, 0xB596, 0xEF7D, 0x9492, 0x9CD3, 0xB5B6, 0xF7DE, 0xFFFF, 0xFFFF, 0xFFFF, 0xD6DB, 0xA513,
    0xA513, 0x7C11, 0xAD34, 0x9470, 0x10C4, 0x6B2D, 0xFFFF, 0xDEFB, 0xBDF7, 0x5AE9, 0x41C0, 0x4162,
    0xB5D7, 0x59E7, 0x9C50, 0xC658, 0xC617, 0xBDF7, 0xB5D7, 0x7BAD, 0x3880, 0x0000, 0x0000, 0x0000,
    0x632D, 0x8C92, 0x8431, 0x7BF0, 0x5AA9, 0x88A2, 0xC492, 0xC6DB, 0xF7FF, 0xFFFF, 0xFFFF, 0xFFFF,
    0xFFFF, 0xFFFF, 0xFFFF, 0xFFFF, 0xFFFF, 0xFFFF, 0xFFFF, 0xFFFF, 0xF7BE, 0xFFFF, 0xFFFF, 0xDEFB,
    0xCE99, 0xAD55, 0x9D13, 0x1CE0, 0x3EE0, 0x24E4, 0x0B05, 0x3E60, 0x35E0, 0x35E0, 0x35C1, 0x3560,
    0x23C0, 0xCDA4, 0xFF05, 0xFEC5, 0xFE85, 0xE100, 0x8023, 0x00BA, 0x420C, 0xFEE2, 0xFEC5, 0xFEC5,
    0xFEC5, 0xFEA5, 0xFF45, 0x93C4, 0x0079, 0x48AA, 0xD820, 0xE3E3, 0xFFA5, 0x9C65, 0x2008, 0xE1A0,
    0xEB80, 0xE340, 0xE380, 0xEAC0, 0xD0C0, 0x6820, 0xEA20, 0xEB80, 0xEB40, 0xE380, 0xF2A0, 0x8041,
    0x00D7, 0x00D7, 0x9041, 0xF2E0, 0xE380, 0xEB60, 0xEB60, 0xEB60, 0xEB60, 0xEB60, 0xEB60, 0xE3A0,
    0xF220, 0x5846, 0x011B, 0x00D7, 0x8022, 0xF2C0, 0xE380, 0xEB60, 0xEB60, 0xEB60, 0xEB60, 0xE360,
    0xEB60, 0xB8C0, 0x0892, 0x011A, 0x7003, 0xEA20, 0xE3A0, 0xEB40, 0xEB60, 0xEB60, 0xEB60, 0xE360,
    0xF320, 0xA060, 0x00B4, 0x011B, 0x0047, 0x1026, 0xC080, 0xEB40, 0xE360, 0xE360, 0xEB80, 0xE160,
    0x306C, 0x011B, 0x00F8, 0x00FA, 0x206B, 0x8001, 0x8021, 0x8021, 0x8021, 0x7820, 0x186A, 0x00FB,
    0x00A7, 0x1B65, 0x0125, 0x5804, 0xEA00, 0xE3A0, 0xEB40, 0xEB60, 0xEB60, 0xEB60, 0xEB80, 0xE180,
    0x306C, 0x0095, 0x2362, 0x2CC2, 0x2C21, 0x2C41, 0x4420, 0x6480, 0x8500, 0x6C61, 0x4BC2, 0x43A2,
    0x53E2, 0x3B83, 0x02C6, 0x02C7, 0x3427, 0xEEA8, 0xDE07, 0xDE06, 0xDE06, 0xDE05, 0xE624, 0xEE63,
    0xEE41, 0x7BCB, 0xFFFF, 0xFFFF, 0xFFFF, 0xAD75, 0xB596, 0xA534, 0xFFFF, 0xA534, 0xF79E, 0xFFFF,
    0xFFFF, 0xFFFF, 0xE73C, 0xD6DA, 0xFFFF, 0xFFFF, 0xFFFF, 0xF7BE, 0x39C7, 0x8C51, 0xFFDF, 0xCE79,
    0xBDD7, 0x4206, 0x49A0, 0x5960, 0x83AC, 0xB5D7, 0xE75D, 0xFFFF, 0xFFFF, 0xFFFF, 0xFFFF, 0xDE78,
    0x6140, 0x2104, 0x0000, 0x4A49, 0xFFFF, 0xFFFF, 0xFFFF, 0xFFFF, 0xE73C, 0xADF7, 0xE77D, 0xFFFF,
    0xFFFF, 0xFFFF, 0xDEFB, 0xE75C, 0xFFFF, 0xFFFF, 0xFFFF, 0xFFFF, 0xFFFF, 0xFFFF, 0xFFFF, 0xF7BE,
    0xD6BA, 0xA555, 0xDEFB, 0xFFFF, 0xFFFF, 0x9CF4, 0x4AA8, 0x4C26, 0x3BC5, 0x0305, 0x3641, 0x3E60,
    0x2CA0, 0x2C60, 0x3E60, 0x1BE0, 0x4241, 0xF6A5, 0xFEC5, 0xFEC5, 0xFE85, 0xE100, 0x7822, 0x00BA,
    0x420C, 0xFEE2, 0xFEC5, 0xFEC5, 0xFEC5, 0xFEA5, 0xFF45, 0x93C4, 0x0079, 0x48AA, 0xE020, 0xE3E3,
    0xFFA5, 0x9C65, 0x2008, 0xE1A0, 0xEB80, 0xE340, 0xE380, 0xEAC0, 0xD080, 0x6820, 0xEA00, 0xE380,
    0xEB40, 0xE380, 0xF2A0, 0x8021, 0x00F8, 0x08B3, 0xB880, 0xEB40, 0xE360, 0xEB60, 0xEB60, 0xEB60,
    0xEB60, 0xEB60, 0xEB60, 0xE380, 0xF2A0, 0x8043, 0x00F9, 0x00F8, 0x8022, 0xF2A0, 0xE380, 0xEB60,
    0xEB60, 0xEB60, 0xEB60, 0xE360, 0xEB60, 0xB8C0, 0x08B2, 0x011A, 0x7003, 0xEA20, 0xE3A0, 0xEB40,
    0xEB60, 0xEB60, 0xEB60, 0xE360, 0xF320, 0xA880, 0x00B4, 0x011B, 0x00B2, 0x1026, 0xC080, 0xEB40,
    0xE360, 0xE360, 0xEB80, 0xE160, 0x304C, 0x011B, 0x00F9, 0x00F9, 0x011B, 0x00F7, 0x00D6, 0x00D6,
    0x00D6, 0x00D6, 0x00F9, 0x00FB, 0x08AF, 0x8D72, 0x196A, 0x9021, 0xF2E0, 0xE380, 0xEB60, 0xEB60,
    0xEB60, 0xEB60, 0xE380, 0xF260, 0x7026, 0x00CD, 0xA6D0, 0x8F8E, 0x56E6, 0x46C0, 0x4EE0, 0x6F00,
    0x9F20, 0xBF40, 0xD760, 0xCF40, 0xDF60, 0xF760, 0xA6A4, 0xDF93, 0xFFF9, 0xFFDA, 0xFFFA, 0xFFFA,
    0xFFD8, 0xFFD6, 0xFF2A, 0xFF25, 0x83A2, 0xAD75, 0xFFFF, 0xF7DE, 0xFFFF, 0xFFFF, 0xFFFF, 0xFFFF,
    0xFFFF, 0xF7DE, 0xFFFF, 0xFFFF, 0xFFFF, 0xFFFF, 0xFFFF, 0xAD55, 0xFFDF, 0xFFFF, 0xFFFF, 0xFFFF,
    0xFFFF, 0xF7BE, 0xFFDF, 0xCE79, 0xAD54, 0x39A3, 0x2902, 0x5140, 0x8BAB, 0x9CF4, 0xFFDE, 0xFFFF,
    0xFFFF, 0xF7DE, 0xFFDF, 0xACD0, 0x8B08, 0xEFBE, 0x1062, 0xB596, 0xF7DE, 0xDEFB, 0xDF1C, 0xFFFF,
    0xFFFF, 0xFFFF, 0xFFFF, 0xFFDF, 0xFFFF, 0xC658, 0x9CD3, 0xDEDB, 0xFFFF, 0xFFFF, 0xFFFF, 0xFFFF,
    0xFFFF, 0xFFFF, 0xFFFF, 0xFFFF, 0xFFFF, 0xBE18, 0x8430, 0xFFFF, 0xF7DE, 0xDEFB, 0xEF5D, 0xFFBF,
    0xF73E, 0x94F1, 0x2CC0, 0x3E60, 0x35E0, 0x3560, 0x35C0, 0x0B00, 0x6402, 0xFEE5, 0xFEA5, 0xFEC5,
    0xF685, 0xE120, 0x7822, 0x009A, 0x422B, 0xFEE2, 0xFEC5, 0xFEC5, 0xFEC5, 0xFEA5, 0xFF45, 0x8BC4,
    0x0078, 0x48AA, 0xE020, 0xEBC3, 0xFFA5, 0x9465, 0x2008, 0xE9A0, 0xEB80, 0xEB40, 0xEB80, 0xEAA0,
    0xD060, 0x6820, 0xEA00, 0xE380, 0xEB40, 0xE380, 0xF280, 0x8820, 0x00F8, 0x206E, 0xD100, 0xEB80,
    0xE360, 0xEB60, 0xEB60, 0xEB60, 0xEB60, 0xEB60, 0xEB60, 0xE360, 0xF320, 0xA860, 0x00D6, 0x00F9,
    0x8022, 0xF2A0, 0xE380, 0xEB60, 0xEB60, 0xEB60, 0xEB60, 0xE360, 0xEB60, 0xB8C0, 0x08B2, 0x011A,
    0x7003, 0xEA20, 0xE3A0, 0xEB40, 0xEB60, 0xEB60, 0xEB60, 0xE360, 0xF320, 0xA880, 0x00B4, 0x011A,
    0x00F8, 0x104C, 0xC080, 0xEB40, 0xE360, 0xE340, 0xEB80, 0xE160, 0x304B, 0x011B, 0x00F9, 0x00FA,
    0x0072, 0x00F8, 0x00FA, 0x00FA, 0x00FA, 0x00FA, 0x00F9, 0x011A, 0x00B3, 0x0102, 0x1826, 0xC8C0,
    0xEB60, 0xE360, 0xEB80, 0xE240, 0xE2C0, 0xEB80, 0xE360, 0xF320, 0xB081, 0x002C, 0x3C61, 0x65C1,
    0x7D60, 0x9540, 0x8CC1, 0x8CA1, 0x8CC1, 0x9580, 0x9E00, 0xBEE0, 0xDEE0, 0xEF00, 0xDE60, 0xA542,
    0xD607, 0xFEE6, 0xFEC5, 0xFEC5, 0xFEC5, 0xFEA5, 0xFF25, 0xACA2, 0x7BF1, 0xFFFF, 0xFFFF, 0xFFFF,
    0xFFFF, 0xFFFF, 0xFFFF, 0xFFFF, 0xFFFF, 0xFFFF, 0xFFFF, 0xFFFF, 0xFFFF, 0xFFFF, 0xDEDB, 0x7BCF,
    0xEF7D, 0xC638, 0xF7BE, 0xCE79, 0xFFDF, 0xF7BE, 0xFFFF, 0xD6BA, 0xA534, 0xA534, 0xAD75, 0x632B,
    0xB5D6, 0xBDD7, 0xFFFF, 0xFFFF, 0xFFFF, 0xFFFF, 0xFFFF, 0x9BCB, 0x832A, 0x6B6E, 0x4208, 0xF7BE,
    0xFFFF, 0xC638, 0xB5D7, 0xD6BA, 0xAD75, 0xF7DE, 0xFFDF, 0xFFFF, 0xEF9D, 0xA534, 0xFFFF, 0xFFFF,
    0xFFFF, 0xFFFF, 0xFFFF, 0xFFFF, 0xFFFF, 0xFFFF, 0xFFFF, 0xFFDF, 0xFFFF, 0x9492, 0x8C51, 0xFFFF,
    0xFFFF, 0xFFFF, 0xFFFF, 0xFFFF, 0xFFFF, 0xFFFF, 0x4AE8, 0x2540, 0x3E20, 0x3EC0, 0x2C40, 0x0AC1,
    0x6BE2, 0xFEE5, 0xFEA5, 0xFEC5, 0xF685, 0xE100, 0x7822, 0x00BA, 0x420B, 0xFEE2, 0xFEC5, 0xFEC5,
    0xFEC5, 0xFEA5, 0xFF45, 0x8BC4, 0x0078, 0x48AA, 0xE020, 0xE3E3, 0xFFA5, 0x9445, 0x2008, 0xE9A0,
    0xEB80, 0xE340, 0xEB80, 0xEAC0, 0xC8A0, 0x6000, 0xE200, 0xEBA0, 0xEB40, 0xE380, 0xF2A0, 0x8020,
    0x00F8, 0x402A, 0xE1A0, 0xEBA0, 0xEB40, 0xEB60, 0xEB60, 0xEB60, 0xEB60, 0xEB60, 0xEB60, 0xE360,
    0xEB60, 0xC8C0, 0x1091, 0x00F9, 0x8022, 0xF2A0, 0xE380, 0xEB60, 0xEB60, 0xEB60, 0xEB60, 0xE360,
    0xEB60, 0xB8C0, 0x08B2, 0x011A, 0x7003, 0xEA00, 0xE3A0, 0xEB40, 0xEB60, 0xEB60, 0xEB60, 0xE360,
    0xF320, 0xA880, 0x00B4, 0x00FA, 0x011B, 0x1091, 0xC060, 0xEB40, 0xE360, 0xE340, 0xEB80, 0xE160,
    0x304B, 0x011B, 0x00FA, 0x00D3, 0x1160, 0x00B3, 0x00FA, 0x00F9, 0x00F9, 0x00F9, 0x00F9, 0x00FA,
    0x00D6, 0x0023, 0x4804, 0xE9C0, 0xE3A0, 0xE340, 0xEB80, 0xE120, 0xE1E0, 0xEBA0, 0xE340, 0xEB80,
    0xD940, 0x200A, 0x09C5, 0x1364, 0x0266, 0x02E5, 0x0B84, 0x1BE2, 0x13C1, 0x1C40, 0x2480, 0x34A0,
    0x9580, 0xD6A0, 0x54E7, 0x2BCC, 0xCEDB, 0xFFB8, 0xFF0B, 0xFF0A, 0xFEC5, 0xFEA5, 0xFF25, 0xB4C2,
    0xAD77, 0xFFFF, 0xF7DE, 0xFFFF, 0xFFFF, 0xFFFF, 0xFFFF, 0xFFFF, 0xFFFF, 0xFFFF, 0xFFFF, 0xFFFF,
    0xFFFF, 0xEF7D, 0x94D3, 0x4228, 0xBDF7, 0xF79E, 0xDEFB, 0xA534, 0xB596, 0xAD75, 0xC638, 0xDEFB,
    0xAD75, 0xE73B, 0xFFFF, 0xE75D, 0xBDD7, 0x9492, 0xF7DE, 0xFFFF, 0xFFFF, 0xFFFF, 0xF7DF, 0x82A5,
    0x732B, 0x31A6, 0x94B2, 0xF7FF, 0xBDF8, 0x31A7, 0x1041, 0x3186, 0xE75C, 0xF7BE, 0xFFFF, 0xFFFF,
    0xFFDF, 0xAD75, 0xFFFF, 0xF7DE, 0xFFFF, 0xFFFF, 0xFFFF, 0xFFFF, 0xFFFF, 0xFFFF, 0xFFFF, 0xFFFF,
    0xFFDF, 0xAD96, 0xCE99, 0xBDD7, 0xE75C, 0xFFFF, 0xFFFF, 0xFFFF, 0xF7DE, 0xFFFF, 0x7BB0, 0x1BE0,
    0x3EA0, 0x3E20, 0x1281, 0x0AE1, 0xB4C3, 0xFF25, 0xFEA5, 0xFEC5, 0xF685, 0xE100, 0x8022, 0x009A,
    0x4A2B, 0xFEE2, 0xFEC5, 0xFEC5, 0xFEC5, 0xFEA5, 0xFF45, 0x8BC4, 0x0078, 0x48AA, 0xE000, 0xE3C3,
    0xFFA5, 0x9445, 0x2007, 0xE180, 0xEB80, 0xE340, 0xEB80, 0xEAA0, 0xC880, 0x6000, 0xE1E0, 0xEBA0,
    0xE340, 0xE380, 0xF280, 0x8001, 0x00F7, 0x6006, 0xEA40, 0xE3A0, 0xEB40, 0xEB60, 0xEB60, 0xEB60,
    0xEB60, 0xEB60, 0xEB60, 0xE360, 0xEB80, 0xD920, 0x284D, 0x011A, 0x7802, 0xF2A0, 0xE380, 0xEB60,
    0xEB60, 0xEB60, 0xEB60, 0xE360, 0xEB40, 0xB8A0, 0x0892, 0x011A, 0x7003, 0xEA00, 0xE3A0, 0xEB40,
    0xEB60, 0xEB60, 0xEB60, 0xE360, 0xF320, 0xA860, 0x00B4, 0x00FA, 0x011A, 0x1090, 0xC060, 0xEB40,
    0xE360, 0xE340, 0xEBA0, 0xE140, 0x284B, 0x011A, 0x00DB, 0x08EA, 0x3580, 0x090A, 0x00DB, 0x00F9,
    0x00F9, 0x00F9, 0x00F9, 0x00FA, 0x00D5, 0x0025, 0x8802, 0xEAA0, 0xE380, 0xE360, 0xEB00, 0xB840,
    0xD0C0, 0xEB60, 0xE360, 0xE3A0, 0xF220, 0x5807, 0x01A8, 0x4D21, 0x3BA4, 0x4CA1, 0x6D60, 0x8D20,
    0x94C0, 0xB4E1, 0xD5E4, 0xF6C9, 0xD62B, 0x952E, 0xA572, 0xBDB2, 0xBD91, 0xBDD1, 0xF732, 0xFF0C,
    0xFEC6, 0xFEC5, 0xFEC5, 0xFEC4, 0xBD48, 0x738B, 0xE73C, 0xFFFF, 0xFFFF, 0xFFFF, 0xFFFF, 0xFFFF,
    0xFFFF, 0xFFFF, 0xFFFF, 0xFFFF, 0xF7DE, 0x9CD2, 0x4A69, 0x4228, 0x738E, 0xB5B6, 0xAD55, 0xC618,
    0xEF7D, 0xFFFF, 0xF7DE, 0xF7DE, 0x8C73, 0x9494, 0xB594, 0x9491, 0xFFFF, 0xC638, 0xD69A, 0xFFFF,
    0xFFDF, 0xFFFF, 0xEF9D, 0x8AA5, 0x9CB2, 0x9CD3, 0xAD97, 0xAC2A, 0x9AA1, 0x7180, 0x4060, 0x1062,
    0x9D13, 0xE73C, 0xFFFF, 0xDEFB, 0x9CD3, 0x8430, 0xEF7D, 0xFFFF, 0xFFFF, 0xFFFF, 0xFFFF, 0xFFFF,
    0xFFFF, 0xFFFF, 0xFFFF, 0xFFFF, 0xFFFF, 0xFFFF, 0xFFFF, 0xDEFB, 0x9492, 0xFFFF, 0xFFFF, 0xFFFF,
    0xFFDF, 0xFFFF, 0x83D0, 0x1360, 0x4700, 0x2C60, 0x0222, 0x3401, 0xEE04, 0xFEE5, 0xFEC5, 0xFEC5,
    0xF685, 0xE0E0, 0x8022, 0x009A, 0x420B, 0xFEE3, 0xFEC5, 0xFEC5, 0xFEC5, 0xFEA5, 0xFF45, 0x8BC4,
    0x0078, 0x48AA, 0xE020, 0xE3C3, 0xFFA5, 0x9425, 0x2007, 0xE1A0, 0xEB80, 0xE340, 0xEB80, 0xEAA0,
    0xC8A0, 0x6000, 0xE1E0, 0xEBA0, 0xE340, 0xE380, 0xF280, 0x8022, 0x00D5, 0x8822, 0xF2C0, 0xE380,
    0xEB60, 0xEB60, 0xEB60, 0xEB60, 0xEB60, 0xEB60, 0xEB60, 0xEB40, 0xE3A0, 0xE9C0, 0x4828, 0x00F9,
    0x7802, 0xF280, 0xE380, 0xEB40, 0xEB60, 0xEB60, 0xEB60, 0xE360, 0xEB40, 0xB8A0, 0x0892, 0x011A,
    0x7003, 0xEA00, 0xE380, 0xEB40, 0xEB60, 0xEB60, 0xEB60, 0xE360, 0xF320, 0xA860, 0x00B3, 0x00FA,
    0x011A, 0x0890, 0xC060, 0xEB20, 0xE360, 0xE340, 0xEB80, 0xD960, 0x284B, 0x011A, 0x00DB, 0x00EB,
    0x3E40, 0x1AA2, 0x0077, 0x0119, 0x00F9, 0x00F9, 0x00F9, 0x00F9, 0x00FA, 0x086E, 0xB880, 0xEB40,
    0xE340, 0xE380, 0xF220, 0x4003, 0x9021, 0xF280, 0xE380, 0xE360, 0xF2E0, 0xA042, 0x006B, 0xC560,
    0xF6E0, 0xEEA0, 0xDE40, 0xC602, 0xB603, 0xAE05, 0xA609, 0xAE09, 0xB608, 0xB606, 0x8D84, 0xA5E4,
    0xF6E4, 0xFF03, 0xFEE2, 0xFF03, 0xFEE4, 0xFEC4, 0xFEA4, 0xF6C4, 0x9C41, 0x6B4C, 0xFFDF, 0xFFFF,
    0xFFFF, 0xFFFF, 0xFFFF, 0xFFFF, 0xFFFF, 0xFFFF, 0xFFFF, 0xFFFF, 0xCE7A, 0x18E9, 0x2124, 0xFFFF,
    0xF7BE, 0xE73C, 0xF7DE, 0xFFFF, 0xFFFF, 0xFFDF, 0xFFFF, 0xDEDA, 0x0866, 0x000C, 0x2150, 0x7BF4,
    0xEF7B, 0xFFFF, 0xC638, 0xFFFF, 0xFFFF, 0xEF9E, 0x9CB1, 0x8285, 0xFFFF, 0xA534, 0xA4A4, 0xEE43,
    0xFEC5, 0xED02, 0x3080, 0x0000, 0xDEFB, 0xFFFF, 0xDF1B, 0x6B4D, 0xA554, 0xF7BE, 0xC638, 0xDEFA,
    0xFFFF, 0xFFFF, 0xFFFF, 0xFFFF, 0xFFFF, 0xFFFF, 0xFFFF, 0xFFFF, 0xFFFF, 0xFFDF, 0xFFFF, 0xE71C,
    0x8410, 0xFFFF, 0xFFDF, 0xFFFF, 0xFFDF, 0xFFFF, 0x5AAB, 0x1C40, 0x46E0, 0x1201, 0x0B43, 0x6BE2,
    0xFF05, 0xFEA5, 0xFEC5, 0xFEC5, 0xF685, 0xE100, 0x7822, 0x00BA, 0x422C, 0xFEE3, 0xFEC5, 0xFEC5,
    0xFEC5, 0xFEA5, 0xFF45, 0x93E4, 0x0079, 0x48AA, 0xE020, 0xEBE3, 0xFFE5, 0x9425, 0x2007, 0xE9C0,
    0xE380, 0xE340, 0xE380, 0xE2A0, 0xC8A0, 0x6000, 0xE1E0, 0xE3A0, 0xE340, 0xE3A0, 0xF2A0, 0x7822,
    0x0091, 0xB080, 0xEB40, 0xE360, 0xE360, 0xE360, 0xE360, 0xE360, 0xE360, 0xE360, 0xE360, 0xE360,
    0xE3A0, 0xEA80, 0x7024, 0x00F7, 0x7803, 0xEAA0, 0xE3A0, 0xE360, 0xE360, 0xE360, 0xE360, 0xE380,
    0xEB80, 0xB8A0, 0x0892, 0x0119, 0x7002, 0xEA20, 0xE3C0, 0xE360, 0xE380, 0xE380, 0xE380, 0xE380,
    0xEB40, 0xA860, 0x00B3, 0x00FA, 0x011A, 0x0890, 0xB860, 0xEB60, 0xE380, 0xE360, 0xE3C0, 0xD960,
    0x282A, 0x011A, 0x00DB, 0x00EC, 0x3600, 0x2CE0, 0x0071, 0x011B, 0x00F8, 0x00F9, 0x00F9, 0x00F8,
    0x011B, 0x3829, 0xD9A0, 0xE3E1, 0xE380, 0xEBA1, 0xD0E0, 0x086F, 0x4849, 0xE940, 0xE3C1, 0xE380,
    0xEBC0, 0xD120, 0x080B, 0x7C02, 0xDF60, 0xB6E0, 0x5E02, 0x2523, 0x5543, 0x7543, 0x6503, 0x6D02,
    0x85A1, 0x45C0, 0x1E00, 0x03C2, 0x6404, 0xC587, 0xB509, 0x9427, 0x83E6, 0x8428, 0x9CED, 0xBDD2,
    0x528A, 0xFFDF, 0xFFFF, 0xFFFF, 0xFFFF, 0xFFDF, 0xFFBF, 0xFFFF, 0xFFFF, 0xFFFF, 0xE75D, 0xFFFF,
    0xF7BE, 0x4AD5, 0x0007, 0xD6B9, 0xFFFF, 0xFFFF, 0xFFFF, 0xF7DE, 0xF7DE, 0xFFFF, 0xCE59, 0x1082,
    0x3181, 0xA4A3, 0x2947, 0x000E, 0x2972, 0x9D17, 0xB596, 0xFFFF, 0xE73C, 0xAD96, 0x940D, 0x7A85,
    0x636F, 0x8C2A, 0xE6D3, 0xE73B, 0xDE68, 0x9C45, 0xB5B7, 0xC638, 0xC638, 0xFFFF, 0xB5D6, 0xCE9A,
    0xFFFF, 0xFFFF, 0x5C49, 0x33C3, 0xF77E, 0xFFFF, 0xFFFF, 0xFFFF, 0xFFFF, 0xFFFF, 0xFFFF, 0xFFFF,
    0xFFFF, 0xFFFF, 0xF7DE, 0x8C71, 0xCE79, 0xFFFF, 0xFFFF, 0xFFFF, 0xFFFF, 0xEF5E, 0x21A3, 0x3660,
    0x2C60, 0x0A64, 0x1C61, 0xBCE3, 0xFF25, 0xFEA5, 0xFEC5, 0xFEC5, 0xF685, 0xE100, 0x7823, 0x009A,
    0x4A2C, 0xFF03, 0xFEC5, 0xFEC5, 0xFEC5, 0xFEA5, 0xFF45, 0x9404, 0x0079, 0x48AA, 0xE840, 0xC2E4,
    0xBDE6, 0x6304, 0x1807, 0xE960, 0xF360, 0xF360, 0xF380, 0xFA20, 0xB060, 0x4000, 0xE960, 0xF380,
    0xF340, 0xF360, 0xF9C0, 0x5825, 0x0091, 0xC060, 0xF300, 0xF360, 0xF340, 0xF340, 0xF340, 0xF340,
    0xF340, 0xF340, 0xF340, 0xF320, 0xEB40, 0xF1E0, 0x6803, 0x00F8, 0x7002, 0xF1C0, 0xEB40, 0xF320,
    0xF320, 0xF320, 0xF300, 0xF320, 0xFA80, 0x9840, 0x00D5, 0x00FA, 0x6003, 0xF140, 0xF300, 0xF2E0,
    0xF300, 0xF2E0, 0xF2E0, 0xEB00, 0xFA40, 0x8820, 0x00D5, 0x00FA, 0x011A, 0x08B0, 0xB820, 0xF220,
    0xEAE0, 0xEAC0, 0xF2A0, 0xD0A0, 0x186D, 0x011B, 0x00FB, 0x00EC, 0x35A0, 0x3E40, 0x0987, 0x009B,
    0x011B, 0x00FB, 0x00DB, 0x00DB, 0x0095, 0x7000, 0xF140, 0xEA80, 0xEA60, 0xF9E0, 0x9020, 0x00D7,
    0x10B1, 0xC040, 0xF200, 0xEA40, 0xEA40, 0xE8E0, 0x2808, 0x3A45, 0xC5C0, 0xAD40, 0x7CC0, 0x5400,
    0x73E0, 0x8420, 0x7460, 0x5C60, 0x54A1, 0x4564, 0x5E87, 0x4D29, 0xA5D6, 0xE6FD, 0x642D, 0x3BA6,
    0x3C25, 0x2C23, 0x6C4C, 0xEF3E, 0x7BEF, 0xFFFF, 0xFFFF, 0xFFFF, 0xFFDF, 0x7D4D, 0x4464, 0xFFDF,
    0xEF9D, 0xE71C, 0x43C6, 0xD6D9, 0xFFFF, 0xFFFF, 0x8432, 0xF7BE, 0xFFFF, 0xFFFF, 0xFFFF, 0xFFFF,
    0xFFFF, 0xD6DA, 0x3A66, 0x5A62, 0x6AC2, 0x2928, 0x0048, 0x0041, 0x000D, 0x0011, 0x94D5, 0xE77D,
    0xAD32, 0x7C15, 0x30E9, 0x72A6, 0x4249, 0x8C51, 0x94D6, 0xBDF5, 0x9CAD, 0xD6BB, 0xFFFF, 0xFFFF,
    0xFFFF, 0xF7BE, 0xDF1C, 0xD69A, 0xFFDF, 0xFFFF, 0xB5F5, 0xD6FA, 0xFFFF, 0xFFFF, 0xFFFF, 0xFFFF,
    0xFFFF, 0xFFFF, 0xFFFF, 0xFFFF, 0xFFFF, 0xFFDF, 0xA534, 0xC638, 0xFFFF, 0xFFFF, 0xFFFF, 0xFFDF,
    0xFFFF, 0x8C70, 0x1C00, 0x3E60, 0x1B82, 0x1CC3, 0x3C80, 0xE5E5, 0xFEE5, 0xFEC5, 0xFEC5, 0xFEC5,
    0xF685, 0xE100, 0x7822, 0x00BA, 0x4A2B, 0xFF03, 0xFEC5, 0xFEC5, 0xFEC5, 0xFEA5, 0xFF45, 0x93C4,
    0x0078, 0x48AB, 0xE000, 0xE3EF, 0xE73D, 0xC5F7, 0x0069, 0x5846, 0xB0E0, 0xA8E0, 0xA8C0, 0x8861,
    0x1848, 0x00B3, 0x6823, 0xA080, 0x98A0, 0xA880, 0x7822, 0x08B3, 0x00F9, 0x4046, 0xA040, 0xA080,
    0xA080, 0xA080, 0xA080, 0xA880, 0xA080, 0xA080, 0xA080, 0xA060, 0xA060, 0x8821, 0x108F, 0x011B,
    0x188F, 0x7801, 0xA040, 0xA060, 0xA060, 0xA060, 0xA060, 0xA060, 0x8021, 0x186D, 0x00FA, 0x00FA,
    0x08B1, 0x7002, 0x9820, 0x9840, 0xA040, 0x9840, 0x9840, 0x9840, 0x8001, 0x108D, 0x00FA, 0x00F9,
    0x00F9, 0x00F9, 0x3069, 0x9001, 0x9820, 0x9820, 0x9800, 0x4026, 0x00F7, 0x00F9, 0x00FB, 0x00ED,
    0x3580, 0x3EA0, 0x2320, 0x0104, 0x0089, 0x0047, 0x0147, 0x0147, 0x0922, 0x184A, 0x5026, 0x5027,
    0x5827, 0x5826, 0x188E, 0x00FA, 0x00F9, 0x286A, 0x6026, 0x5826, 0x6006, 0x4827, 0x0894, 0x0909,
    0x3C42, 0x3482, 0x44E4, 0x4544, 0x3D25, 0x3D86, 0x45E7, 0x6648, 0x7EAB, 0x9F0D, 0xC750, 0xAF90,
    0x75F0, 0x5B4B, 0x8C90, 0xADD4, 0x9512, 0xDEFC, 0xF7DF, 0xF7DF, 0xA556, 0x9CF4, 0xE73D, 0xFFFF,
    0xFFFF, 0xCEF9, 0xA5D3, 0xB5D6, 0xCE79, 0xFFFF, 0xB5D6, 0xB5D6, 0xFFFF, 0xCED8, 0xB615, 0xA514,
    0x740D, 0xAD75, 0xC678, 0x9492, 0x5C29, 0x2440, 0x2C40, 0x3D61, 0x1300, 0x0000, 0x2945, 0x59E4,
    0x8203, 0xB281, 0xBDF8, 0xBD53, 0x8B0B, 0x1157, 0x6A2A, 0xACCF, 0xBDF7, 0x8457, 0x528C, 0xE73B,
    0xFFFF, 0xFFFF, 0xDF1B, 0xA554, 0x9CD3, 0xDF1B, 0xFFFF, 0xF7BE, 0xFFFF, 0xFFFF, 0xFFFF, 0xFFFF,
    0xFFFF, 0xFFFF, 0xFFFF, 0xFFFF, 0xFFFF, 0xFFFF, 0xFFFF, 0xFFFF, 0xFFFF, 0xFFFF, 0xD69A, 0xBDF7,
    0xFFFF, 0xFFFF, 0xFFFF, 0xFFFF, 0xFFDF, 0x6CCA, 0x2E40, 0x0AC4, 0x2BE0, 0x2DC0, 0x6C82, 0xFEC5,
    0xFEC5, 0xFEC5, 0xFEC5, 0xFEC5, 0xFEA5, 0xE100, 0x7803, 0x00BA, 0x4A2C, 0xFF03, 0xFEC5, 0xFEC5,
    0xFEC5, 0xFEA5, 0xFF45, 0x93C4, 0x0078, 0x48AB, 0xE000, 0xF450, 0xFFFF, 0xFFFF, 0xA534, 0x002D,
    0x00B6, 0x00B4, 0x00B4, 0x00D6, 0x00FA, 0x011B, 0x00D7, 0x00B5, 0x00B5, 0x00B5, 0x00D7, 0x00FA,
    0x00F9, 0x00F9, 0x00B5, 0x00B4, 0x00B5, 0x00B5, 0x00B5, 0x00B4, 0x00B4, 0x00B4, 0x00B4, 0x00B4,
    0x00B4, 0x00D6, 0x00FA, 0x00F9, 0x00FA, 0x00D6, 0x00B5, 0x00B5, 0x00B5, 0x00B5, 0x00B5, 0x00B5,
    0x00D6, 0x00FA, 0x00F9, 0x00F9, 0x00FA, 0x00F7, 0x00D5, 0x00D5, 0x00D5, 0x00D5, 0x00D5, 0x00D5,
    0x00D6, 0x00FA, 0x00F9, 0x00F9, 0x011B, 0x0091, 0x0092, 0x00F8, 0x00D5, 0x00D5, 0x00D5, 0x00F9,
    0x00FA, 0x00F9, 0x00FB, 0x00CD, 0x3D81, 0x4642, 0x3BC4, 0x5644, 0x22E5, 0x4C24, 0x66A6, 0x6705,
    0x44A3, 0x0032, 0x013C, 0x00FA, 0x011A, 0x011A, 0x00FA, 0x00F9, 0x00F9, 0x00FA, 0x00FA, 0x011A,
    0x00FA, 0x011A, 0x00DC, 0x114D, 0x33E3, 0x3DC1, 0x3E04, 0x23A3, 0x4661, 0x4660, 0xAEC0, 0xEF00,
    0xE6E0, 0xDEC0, 0x86A0, 0x1D40, 0x02E5, 0x1247, 0x7BF1, 0x2A44, 0x19A0, 0x944C, 0xAD0A, 0xCDEA,
    0xFF4E, 0xC543, 0x840A, 0xDEDB, 0xD6B9, 0xAD54, 0x7BAF, 0xC639, 0xEF9D, 0x9CF2, 0x738D, 0xF7BD,
    0xBE37, 0x8D31, 0x7C2F, 0x0000, 0x4346, 0x5B4B, 0x29E1, 0x1200, 0x1300, 0x3C62, 0x3660, 0x3EA0,
    0x3580, 0x0020, 0x6B2D, 0xE340, 0xFB80, 0xDAE0, 0x8B07, 0x9AC5, 0x2970, 0xD6FE, 0x9B46, 0xDE98,
    0xC65C, 0x396A, 0x732A, 0xF7FF, 0xBDD6, 0x732C, 0x2946, 0x0000, 0x2125, 0xFFFF, 0xFFFF, 0xFFFF,
    0xFFFF, 0xFFFF, 0xFFFF, 0xFFFF, 0xFFFF, 0xFFFF, 0xFFFF, 0xFFFF, 0xFFFF, 0xFFFF, 0xFFFF, 0xFFFF,
    0xFFFF, 0xFFFF, 0xFFFF, 0x73AE, 0xFFDE, 0xFFFF, 0xFFFF, 0xFFDF, 0xFFFF, 0xB5B5, 0x02C2, 0x1BC3,
    0x3E40, 0x1C60, 0xB503, 0xFF25, 0xFEA5, 0xFEC5, 0xFEC5, 0xFEC5, 0xFE85, 0xE100, 0x8003, 0x00BA,
    0x4A2C, 0xFF03, 0xFEC5, 0xFEC5, 0xFEC5, 0xFEA5, 0xFF45, 0x93E4, 0x0078, 0x48AB, 0xE020, 0xEC4F,
    0xFFFF, 0xFFBE, 0xFFFF, 0xA513, 0x004F, 0x011C, 0x011A, 0x00FA, 0x00F9, 0x00F9, 0x00F9, 0x011A,
    0x011A, 0x011A, 0x00FA, 0x00F9, 0x00F9, 0x00F9, 0x011A, 0x011A, 0x011A, 0x011A, 0x011A, 0x011A,
    0x011A, 0x011A, 0x011A, 0x011A, 0x011A, 0x00FA, 0x00F9, 0x00F9, 0x00F9, 0x00FA, 0x011A, 0x011A,
    0x011A, 0x011A, 0x00FA, 0x011A, 0x00FA, 0x00F9, 0x00F9, 0x00F9, 0x00F9, 0x00F9, 0x011A, 0x00FA,
    0x00FA, 0x00FA, 0x00FA, 0x00FA, 0x00FA, 0x00F9, 0x00F9, 0x00F9, 0x011B, 0x00AE, 0x0064, 0x00FB,
    0x011A, 0x00FA, 0x00FA, 0x00F9, 0x00F9, 0x00F9, 0x00FB, 0x08CF, 0xDF19, 0xF7DE, 0xBF16, 0xB737,
    0x8DB1, 0x96F0, 0x6F09, 0x4D45, 0x1962, 0x08A9, 0x00FB, 0x00F8, 0x00F9, 0x00F9, 0x00F9, 0x00F9,
    0x00F9, 0x00F9, 0x00F9, 0x00F9, 0x00F9, 0x00F9, 0x011B, 0x0050, 0x1B00, 0x3641, 0x0A23, 0x11A1,
    0x3661, 0x7E62, 0xB6C3, 0xA6C4, 0x8682, 0x5660, 0x25E1, 0x1345, 0x6B67, 0xD5CA, 0xC565, 0xCD84,
    0xE626, 0xEE87, 0xFF09, 0xFEC4, 0xFF03, 0xEE42, 0x422D, 0x0916, 0x0093, 0x0011, 0x3A34, 0xA534,
    0x528B, 0x10ED, 0x6354, 0x8435, 0x6BCC, 0xBE36, 0x20E4, 0x738E, 0xFFFF, 0x8430, 0x7A66, 0xC48B,
    0xA4CD, 0x9552, 0x34E2, 0x3600, 0x4D63, 0x1901, 0x738E, 0xA346, 0xA368, 0x6AEA, 0xA260, 0x312D,
    0xE75F, 0xF7FF, 0x7A25, 0xDEFB, 0xA490, 0x71A1, 0xAD75, 0xBD8C, 0xD420, 0x9A80, 0xB2E0, 0x4880,
    0x0000, 0x7BEF, 0xEF5D, 0xFFFF, 0xFFFF, 0xFFFF, 0xFFFF, 0xFFFF, 0xFFFF, 0xFFFF, 0xFFFF, 0xF7DE,
    0xFFFF, 0xFFFF, 0xFFFF, 0xFFFF, 0xFFFF, 0xFFFF, 0xF7DE, 0x3186, 0xB5B6, 0xFFFF, 0xFFDF, 0xFFFF,
    0xF7BE, 0x52AB, 0x0181, 0x3E00, 0x2E20, 0x6401, 0xF685, 0xFEC5, 0xFEC5, 0xFEC5, 0xFEC5, 0xFEC5,
    0xF685, 0xE900, 0x7822, 0x009A, 0x4A4C, 0xFF03, 0xFEC5, 0xFEC5, 0xFEC5, 0xFEA5, 0xFF45, 0x8BC4,
    0x0078, 0x48AA, 0xE000, 0xEC50, 0xFFFF, 0xFFDF, 0xFFDF, 0xFFFF, 0x9CF2, 0x004E, 0x00FB, 0x00F9,
    0x00F9, 0x00F9, 0x00F9, 0x00F9, 0x00F9, 0x00F9, 0x00F9, 0x00F9, 0x00F9, 0x00F9, 0x00F9, 0x00F9,
    0x00F9, 0x00F9, 0x00F9, 0x00F9, 0x00F9, 0x00F9, 0x00F9, 0x00F9, 0x00F9, 0x00F9, 0x00F9, 0x00F9,
    0x00F9, 0x00F9, 0x00F9, 0x00F9, 0x00F9, 0x00F9, 0x00F9, 0x00F9, 0x00F9, 0x00F9, 0x00F9, 0x00F9,
    0x00F9, 0x00F9, 0x00F9, 0x00F9, 0x00F9, 0x00F9, 0x00F9, 0x00F9, 0x00F9, 0x00F9, 0x00F9, 0x00F9,
    0x00FB, 0x00D1, 0x1AE0, 0x00B2, 0x00FA, 0x00F9, 0x00F9, 0x00F9, 0x00F9, 0x00F9, 0x00FB, 0x08CF,
    0xAE72, 0xB794, 0x6C6B, 0x6589, 0x3C0A, 0x1AE1, 0x2DE0, 0x0040, 0x2CE0, 0x1B04, 0x0079, 0x0119,
    0x00F9, 0x00F9, 0x00F9, 0x00F9, 0x00F9, 0x00F9, 0x00F9, 0x00F9, 0x00F9, 0x00F9, 0x011A, 0x0055,
    0x2C60, 0x2543, 0x2364, 0x6E88, 0x76A5, 0x7664, 0x7E83, 0x8E82, 0x9E81, 0xAEA0, 0x9E22, 0xD627,
    0xFF27, 0xFF28, 0xFF8C, 0xFFD1, 0xFFB2, 0xFF70, 0xF6ED, 0xFF05, 0xC564, 0x18EF, 0x00BA, 0x00DA,
    0x199C, 0x7C3B, 0x632E, 0x10EC, 0x0096, 0x011B, 0x0038, 0x4AF9, 0x845A, 0x294D, 0x1083, 0xBDF6,
    0x8450, 0x5AED, 0x4A49, 0x8BEE, 0x93AD, 0xDEDB, 0xE71D, 0x5D09, 0x4A85, 0x3923, 0x2965, 0x9CF3,
    0x8309, 0x630B, 0x398B, 0x7418, 0xC67F, 0x5AD5, 0x69C3, 0x528A, 0x6B0B, 0x738F, 0xA4C9, 0xFF49,
    0xE64B, 0xFEE7, 0x9B61, 0x30E4, 0xB5B7, 0xCE59, 0xE73D, 0xEF7D, 0xEF9D, 0xFFFF, 0xFFFF, 0xFFFF,
    0xF7DE, 0xD6BA, 0xC659, 0xEF9E, 0xFFDF, 0xFFDF, 0xFFFF, 0xBDF7, 0xDEFB, 0xD6DA, 0x6B6D, 0x7BEF,
    0x7BEF, 0xDEFB, 0xFFFF, 0xFFFF, 0xF79E, 0x2A46, 0x2D80, 0x3E41, 0x1CA0, 0xA4A3, 0xFF45, 0xFEA5,
    0xFEC5, 0xFEC5, 0xFEC5, 0xFEC5, 0xF685, 0xE900, 0x7822, 0x00BA, 0x4A2C, 0xFF03, 0xFEC5, 0xFEC5,
    0xFEC5, 0xFEA5, 0xFF45, 0x8BA4, 0x0078, 0x48A9, 0xE000, 0xEC4F, 0xFFFF, 0xFFDE, 0xFFFF, 0xF7DE,
    0xFFFF, 0x9CF2, 0x004F, 0x00FB, 0x00F9, 0x00F9, 0x00F9, 0x00F9, 0x00F9, 0x00F9, 0x00F9, 0x00F9,
    0x00F9, 0x00F9, 0x00F9, 0x00F9, 0x00F9, 0x00F9, 0x00F9, 0x00F9, 0x00F9, 0x00F9, 0x00F9, 0x00F9,
    0x00F9, 0x00F9, 0x00F9, 0x00F9, 0x00F9, 0x00F9, 0x00F9, 0x00F9, 0x00F9, 0x00F9, 0x00F9, 0x00F9,
    0x00F9, 0x00F9, 0x00F9, 0x00F9, 0x00F9, 0x011A, 0x004C, 0x00D6, 0x011A, 0x00F9, 0x00F9, 0x00F9,
    0x00F9, 0x00F9, 0x00F9, 0x00F9, 0x011A, 0x0072, 0x2CE0, 0x1206, 0x009A, 0x0119, 0x00F9, 0x00F9,
    0x00F9, 0x00F9, 0x00FB, 0x00CF, 0x55A6, 0x5F06, 0x3C43, 0x2480, 0x0B02, 0x1260, 0x1AE0, 0x34C0,
    0x3EC1, 0x09A1, 0x0073, 0x011A, 0x00F9, 0x00F9, 0x00F9, 0x00F9, 0x011A, 0x00B3, 0x0091, 0x011B,
    0x00F9, 0x00F9, 0x011A, 0x0078, 0x1AA3, 0x0263, 0x4A60, 0xB700, 0x6E20, 0x7640, 0x7660, 0x6660,
    0xAEC0, 0xF701, 0xFF04, 0xFF04, 0xF6C6, 0xEE66, 0xD5E6, 0xCDA6, 0xC588, 0xBD8B, 0xD672, 0xBDB0,
    0x08B1, 0x00DB, 0x00D9, 0x3A37, 0x94B6, 0x3A11, 0x0074, 0x093B, 0x011A, 0x0098, 0x4ADB, 0x847C,
    0x00DC, 0x000C, 0x41E6, 0x298C, 0x4274, 0x5B19, 0x10A8, 0x31EA, 0x5B0C, 0xB5D6, 0xFFFF, 0xD6BA,
    0x1320, 0x2CE1, 0x1300, 0x5A29, 0x61C2, 0x422E, 0x6350, 0x41C7, 0x416A, 0x4921, 0x69C2, 0x4208,
    0x6B6F, 0xE77F, 0x736B, 0xC65A, 0xEF76, 0xC500, 0x5A89, 0xCEBA, 0xDED9, 0xC637, 0xFFFF, 0x6D0B,
    0x9591, 0xFFFF, 0xEF9D, 0xBDD7, 0xAD55, 0xCE59, 0xF7DE, 0xFFFF, 0xFFFF, 0xFFFF, 0xA514, 0x7BCF,
    0xBDF7, 0x8C71, 0x73AE, 0xCE99, 0xF7BE, 0x73AE, 0xF7DE, 0xFFFF, 0xE6FC, 0x4483, 0x2E21, 0x2DC2,
    0x23A0, 0xD564, 0xFF05, 0xFEA5, 0xFEC5, 0xFEC5, 0xFEC5, 0xFEC5, 0xF685, 0xE900, 0x7822, 0x009A,
    0x4A4C, 0xFF03, 0xFEC5, 0xFEC5, 0xFEC5, 0xFEA5, 0xFF45, 0x8BA4, 0x0078, 0x4889, 0xE000, 0xEC30,
    0xFFFF, 0xFFFF, 0xFFFF, 0xFFFF, 0xFFFF, 0xFFFF, 0xA512, 0x086F, 0x091B, 0x0119, 0x00F9, 0x00F9,
    0x00F9, 0x00F9, 0x00F9, 0x00F9, 0x00F9, 0x00F9, 0x00F9, 0x00F9, 0x00F9, 0x00F9, 0x00FA, 0x00F9,
    0x00F9, 0x00F9, 0x00F9, 0x00F9, 0x00F9, 0x00F9, 0x00F9, 0x00F9, 0x00F9, 0x00F9, 0x00F9, 0x00F9,
    0x00F9, 0x00F9, 0x00F9, 0x00F9, 0x00F9, 0x00F9, 0x00F9, 0x00F9, 0x00F9, 0x00FB, 0x00A6, 0x0089,
    0x00FB, 0x00F9, 0x00F9, 0x00F9, 0x00F9, 0x00F9, 0x00F9, 0x00F9, 0x011A, 0x0052, 0x2CE0, 0x1C01,
    0x0052, 0x011A, 0x00F9, 0x00F9, 0x00F9, 0x00F9, 0x00FB, 0x00AF, 0x55A7, 0x56C7, 0x4504, 0x22E1,
    0x3500, 0x1140, 0x2CA0, 0x3642, 0x01C3, 0x18E0, 0x08EC, 0x00FB, 0x00F9, 0x00F9, 0x00F9, 0x00F9,
    0x00FB, 0x08AA, 0x08A8, 0x00FB, 0x00F9, 0x00F9, 0x00F9, 0x00FA, 0x0046, 0x2920, 0xDE40, 0xCEA1,
    0x9EA0, 0x8EA0, 0x2E00, 0x1DA0, 0x4540, 0xBD63, 0xB528, 0xAD0A, 0xAD2C, 0xBDB0, 0xCE56, 0xDF1D,
    0xEF9F, 0xFFFF, 0xEF9E, 0x2172, 0x00BA, 0x0119, 0x00F9, 0x08F4, 0x0055, 0x113B, 0x3A7C, 0x1999,
    0x00B9, 0x199A, 0x73FC, 0x00BA, 0x00D7, 0x0865, 0x3188, 0x21B5, 0xCE7F, 0x6B96, 0x0070, 0x00B8,
    0x2946, 0x8410, 0xCE59, 0x84F0, 0x2DC0, 0x3DE1, 0x1B60, 0x20C4, 0x3A2D, 0x6B74, 0x62C9, 0x0800,
    0x20A0, 0x6AA8, 0x7A86, 0xCE79, 0x94F8, 0x8438, 0x39A8, 0xB5B6, 0x8C4A, 0x18EB, 0x4271, 0x5AF1,
    0x214E, 0x6B94, 0x8C97, 0xDF3C, 0xFFDD, 0xCE57, 0xAD54, 0xDEBA, 0xBE95, 0x650A, 0xFFDF, 0xCE79,
    0xBDD7, 0x7BEF, 0x6B6D, 0xFFFF, 0xE73C, 0xF7DE, 0xAD75, 0xAD55, 0xDEDB, 0x73CF, 0xFFFF, 0xFFDF,
    0xCE59, 0x648A, 0x1423, 0x2DA1, 0x42C1, 0xFEC5, 0xFEC5, 0xFEC5, 0xFEC5, 0xFEC5, 0xFEC5, 0xFEC5,
    0xFE85, 0xE0E0, 0x8002, 0x00BA, 0x422C, 0xFEE3, 0xFEC5, 0xFEC5, 0xFEC5, 0xFEA5, 0xFF45, 0x8BA4,
    0x0078, 0x4889, 0xE000, 0xEC2F, 0xDF1C, 0xD69B, 0xDF1D, 0xE73D, 0xE75E, 0xF7BF, 0xEF7E, 0x7BF0,
    0x0009, 0x00D9, 0x011A, 0x0119, 0x0119, 0x0119, 0x0119, 0x011B, 0x011A, 0x0119, 0x0119, 0x00F9,
    0x0119, 0x00F8, 0x00D5, 0x011A, 0x0119, 0x00F9, 0x00F9, 0x0119, 0x0119, 0x0119, 0x0119, 0x0119,
    0x0119, 0x00F9, 0x011A, 0x00D6, 0x0049, 0x011A, 0x0119, 0x0119, 0x0119, 0x0119, 0x0119, 0x0119,
    0x0118, 0x00BB, 0x09A9, 0x2340, 0x0075, 0x013A, 0x00F8, 0x00F9, 0x0119, 0x0119, 0x0119, 0x00F8,
    0x011B, 0x0052, 0x1322, 0x0B64, 0x0005, 0x00FA, 0x0119, 0x00F9, 0x0119, 0x00F8, 0x011B, 0x0090,
    0x4300, 0x74E1, 0x29A0, 0x1BE0, 0x3E60, 0x2D81, 0x1404, 0x00A3, 0x6AE2, 0xEEE4, 0x4206, 0x009A,
    0x0119, 0x00F9, 0x00F9, 0x0119, 0x007A, 0x5AA5, 0x5245, 0x009B, 0x0939, 0x0119, 0x0119, 0x095C,
    0x0008, 0x8BE0, 0xF760, 0xB640, 0xAD80, 0x74E3, 0x5D09, 0x9D91, 0xCE57, 0xE6FB, 0xE6F6, 0xEED0,
    0xF711, 0xFFB4, 0xFFF7, 0xFFFB, 0xFFB6, 0xFF96, 0x6330, 0x0057, 0x0939, 0x00F9, 0x0058, 0x325C,
    0x9D3D, 0x3A39, 0x0919, 0x00F9, 0x00B9, 0x5B3B, 0x199A, 0x00B8, 0x0024, 0x18C3, 0x10CC, 0x7C3C,
    0x9CDA, 0x18A2, 0x0090, 0x004B, 0x296D, 0x5ACB, 0x6B0C, 0x2381, 0x3640, 0x46C0, 0x2440, 0x1042,
    0x52B0, 0x7BF1, 0x2082, 0x1061, 0x31CB, 0x39AA, 0x6A45, 0xAD96, 0x3987, 0x38A1, 0xC617, 0xB5D7,
    0x1933, 0x0092, 0x0051, 0x0098, 0x007A, 0x00B9, 0x52F7, 0xA536, 0x4252, 0x29AF, 0x7C14, 0xB5B8,
    0xADB4, 0x9DD1, 0xFFFF, 0xFFFF, 0xD6BA, 0xCE79, 0xFFFF, 0xB5D6, 0xAD75, 0xF79E, 0x73CE, 0x7BEF,
    0x94D2, 0x8C72, 0xF7BE, 0xFFDF, 0xFFFF, 0xEEBD, 0x2B62, 0x24E0, 0xAC63, 0xFF25, 0xFEA5, 0xFEC5,
    0xFEC5, 0xFEC5, 0xFEC5, 0xFEC5, 0xF685, 0xE0E0, 0x7802, 0x00BA, 0x4A2B, 0xFEE3, 0xFEC5, 0xFEC5,
    0xFEC5, 0xFEA5, 0xFF45, 0x8BA4, 0x0078, 0x4889, 0xE000, 0xEBA4, 0xD646, 0xBD24, 0xBD25, 0xB506,
    0xBD47, 0xE66B, 0xB506, 0xACE7, 0x9422, 0x2129, 0x0079, 0x00BA, 0x00BA, 0x00BA, 0x009A, 0x002D,
    0x0074, 0x00BB, 0x00BA, 0x00FA, 0x00BC, 0x00B2, 0x0843, 0x0079, 0x00BB, 0x00FA, 0x00DA, 0x00BA,
    0x00BA, 0x00BA, 0x00BA, 0x00BA, 0x00BA, 0x00DA, 0x00FB, 0x00B3, 0x0060, 0x000C, 0x009B, 0x00BA,
    0x00BA, 0x00BA, 0x00BA, 0x00BA, 0x00FB, 0x0056, 0x1AA3, 0x3E40, 0x00C7, 0x0059, 0x00FA, 0x00DA,
    0x00BA, 0x00BA, 0x00BB, 0x00DA, 0x00B9, 0x00A9, 0x0264, 0x1102, 0x9401, 0x10CB, 0x00D9, 0x00DB,
    0x00BA, 0x00FA, 0x00DB, 0x10C9, 0xF683, 0xE5C5, 0x2AC1, 0x3660, 0x3E60, 0x1CA3, 0x0062, 0x8BA2,
    0xFEE5, 0xFF45, 0x9C43, 0x0033, 0x00BA, 0x00D9, 0x011A, 0x00FB, 0x0850, 0xD583, 0xBCE3, 0x000F,
    0x0099, 0x0099, 0x0099, 0x0011, 0x10C0, 0xC600, 0x8561, 0x5C8B, 0xBE78, 0xEF7E, 0xFFFF, 0xFFFF,
    0xDF1C, 0xCE58, 0xD696, 0xEF15, 0xF732, 0xF70F, 0xD62E, 0xBD4A, 0xB505, 0x83C4, 0x0093, 0x091B,
    0x00F8, 0x00B9, 0x845D, 0xD6B9, 0x52D2, 0x0097, 0x00F9, 0x00D9, 0x199A, 0x3A7A, 0x00BA, 0x0069,
    0x0000, 0x31A8, 0x21B4, 0xB5DF, 0x420C, 0x0006, 0x0002, 0x0867, 0x3A0F, 0x10C9, 0x4A6C, 0x634A,
    0x2263, 0x25C1, 0x2400, 0x20E5, 0x5AF2, 0x52A9, 0x0821, 0x39EB, 0x422D, 0x28E3, 0x5982, 0x39E8,
    0x3164, 0xEF5C, 0xB5D7, 0x0072, 0x00D9, 0x00F6, 0x011A, 0x0919, 0x5B5B, 0x73F9, 0x3A33, 0x0095,
    0x0099, 0x00DA, 0x0077, 0x0056, 0x08F6, 0x31D6, 0x4274, 0x94D7, 0xFFFE, 0xFFDF, 0x7BCF, 0xAD55,
    0xFFFF, 0xF7DE, 0xEF9D, 0xBDF7, 0xFFFF, 0x7BCF, 0xF7BE, 0xFFFF, 0xF7DE, 0xE6FD, 0x2381, 0x4BE1,
    0xFE85, 0xFEC5, 0xFEC5, 0xFEC5, 0xFEC5, 0xFEC5, 0xFEC5, 0xFEC5, 0xFEA5, 0xE900, 0x7802, 0x00BA,
    0x4A2B, 0xFEE3, 0xFEC5, 0xFEC5, 0xFEC5, 0xFEA5, 0xFF45, 0x8BA4, 0x0078, 0x4889, 0xE000, 0xEBA2,
    0xFF65, 0xFF05, 0xFF05, 0xFF04, 0xFEE4, 0xFEC4, 0xFF04, 0xFEE4, 0xFF66, 0xD5C3, 0x4A26, 0x39E8,
    0x39E8, 0x39E9, 0x4A27, 0xACC2, 0x6B24, 0x39C8, 0x3168, 0x0088, 0x11C8, 0x0063, 0x7B41, 0x5AA6,
    0x31C9, 0x0868, 0x0968, 0x11C8, 0x09A8, 0x11A8, 0x11A8, 0x09A8, 0x11C8, 0x0949, 0x010A, 0x00C4,
    0x31A1, 0x9C43, 0x4207, 0x31C9, 0x31A9, 0x31A9, 0x31A9, 0x31A9, 0x2129, 0x0982, 0x3E40, 0x2543,
    0x19A3, 0x5A85, 0x18E8, 0x00E8, 0x11C8, 0x0988, 0x11C8, 0x0909, 0x0106, 0x01E3, 0x0062, 0x8BC2,
    0xFFE6, 0xB4C2, 0x0064, 0x0988, 0x1188, 0x010A, 0x0846, 0xB4C2, 0xFF65, 0x3A01, 0x2520, 0x4680,
    0x2D82, 0x00E3, 0x93A2, 0xFFE6, 0xFEC5, 0xFF65, 0xC524, 0x08A1, 0x1A45, 0x0127, 0x0026, 0x0024,
    0x4260, 0x9501, 0x73C2, 0x1160, 0x1244, 0x1A25, 0x2A68, 0x4AE9, 0x968D, 0xB730, 0xCED8, 0xFFFF,
    0xFFFF, 0xDEDA, 0x630B, 0x2944, 0x39E7, 0xBDF7, 0xDEDC, 0xCE57, 0xBDD5, 0xAD55, 0xB529, 0xD5C4,
    0xFF44, 0x6B07, 0x0099, 0x00D8, 0x00DA, 0xAD9C, 0x9CD1, 0x10D0, 0x0078, 0x0119, 0x00F9, 0x00F9,
    0x1139, 0x091A, 0x00D5, 0x0000, 0x0842, 0x0869, 0x639B, 0xAD7D, 0x2945, 0x004D, 0x0069, 0x31F4,
    0x0843, 0x0079, 0x0091, 0x1062, 0x0801, 0x7263, 0xA280, 0x526F, 0x73D3, 0x28C1, 0x2106, 0x3A0D,
    0x20E3, 0x20C2, 0x51E5, 0x3A09, 0x49C6, 0xBDD5, 0x10F1, 0x00DB, 0x0119, 0x00FA, 0x00F9, 0x0939,
    0x429B, 0x00F9, 0x009A, 0x011A, 0x0119, 0x0119, 0x0119, 0x011A, 0x00FA, 0x0059, 0x5B3B, 0xAD7B,
    0x8C98, 0x4A6A, 0xB5B6, 0xFFFF, 0xFFFF, 0xFFFF, 0xFFFF, 0xFFFF, 0xCE79, 0x73AE, 0xC638, 0xFFFF,
    0xFFFF, 0x9471, 0x0300, 0x8C23, 0xFF25, 0xFEA5, 0xFEC5, 0xFEC5, 0xFEC5, 0xFEC5, 0xFEC5, 0xFEC5,
    0xFEA5, 0xE100, 0x7802, 0x009A, 0x4A4C, 0xFF03, 0xFEC5, 0xFEC5, 0xFEC5, 0xFEA5, 0xFF45, 0x8BA4,
    0x0078, 0x4889, 0xE000, 0xEBA3, 0xFF25, 0xFEA5, 0xFEA5, 0xFEA5, 0xFEC5, 0xFEC5, 0xFEA5, 0xFEA5,
    0xFEA5, 0xFEE5, 0xFF04, 0xFEE4, 0xFEE4, 0xFEE4, 0xFF04, 0xFF25, 0xFF05, 0xFEE4, 0xFEC3, 0x3A00,
    0x2D80, 0x0163, 0x8B62, 0xFFE5, 0xBCE2, 0x11A0, 0x3E60, 0x3E40, 0x3E40, 0x3E40, 0x3E40, 0x3E60,
    0x35E0, 0x0B65, 0x0204, 0x1921, 0xD5C4, 0xFF65, 0xFF04, 0xFEE3, 0xFEC3, 0xFEC3, 0xFEA3, 0xFF43,
    0x93A1, 0x1320, 0x4700, 0x02E4, 0x7383, 0xE623, 0x2100, 0x2D40, 0x3E60, 0x3E40, 0x2D60, 0x0B65,
    0x01E5, 0x1922, 0xB4C3, 0xFEC5, 0xFF45, 0x72E3, 0x1340, 0x46C0, 0x35E0, 0x01C3, 0x6AC0, 0xFFE6,
    0xA3E3, 0x12C0, 0x46C0, 0x3E40, 0x0305, 0x18C0, 0xCDA3, 0xC564, 0xC565, 0xAD06, 0x1900, 0x1D00,
    0x25E0, 0x0264, 0x1A60, 0x3D81, 0x5606, 0x96F1, 0xDF1D, 0xE79B, 0xF7FC, 0xF7FC, 0xEF9C, 0xFFFF,
    0xEFBD, 0xE77D, 0xFFFF, 0xFFFF, 0xF7BE, 0xE71C, 0x9D15, 0x7C11, 0xAD97, 0xC639, 0xCE58, 0xDED7,
    0xF755, 0xFFAF, 0xFF46, 0xFEC5, 0xD5C4, 0x216E, 0x007A, 0x197B, 0x94B9, 0x4A6F, 0x0036, 0x00FC,
    0x013B, 0x00FA, 0x00FA, 0x00FA, 0x0919, 0x011B, 0x004A, 0x0820, 0x2105, 0x08AC, 0x9D1E, 0x6B50,
    0x000A, 0x000A, 0x10ED, 0x18C8, 0x0889, 0x3216, 0x422B, 0x62C5, 0x5AEB, 0xC2A0, 0xA2E4, 0x4AD4,
    0x630C, 0x28E2, 0x4270, 0x41E9, 0x3145, 0x6B6E, 0x0042, 0x1840, 0xBAC0, 0x20EA, 0x00DA, 0x0119,
    0x00F9, 0x00F9, 0x00F9, 0x00F9, 0x0099, 0x00F9, 0x0119, 0x00F9, 0x00F9, 0x00F9, 0x00F9, 0x00F9,
    0x0099, 0xA55D, 0xB5DD, 0x31FA, 0x0079, 0x4AB5, 0xFFFF, 0xFFDF, 0xFFFF, 0xD6FA, 0xF7DE, 0xFFFF,
    0xF7BE, 0xFFFF, 0xAD55, 0x8CB1, 0x94B1, 0x23C0, 0x2340, 0xDD84, 0xFF05, 0xFEC5, 0xFEC5, 0xFEC5,
    0xFEC5, 0xFEC5, 0xFEC5, 0xFEC5, 0xFE85, 0xE100, 0x7802, 0x00BA, 0x420C, 0xFEE3, 0xFEC5, 0xFEC5,
    0xFEC5, 0xFEA5, 0xFF45, 0x8BC4, 0x0078, 0x4889, 0xE000, 0xEBA3, 0xFF25, 0xFEA5, 0xFEC5, 0xFEC5,
    0xFEC5, 0xFEC5, 0xFEC5, 0xFEC5, 0xFEC5, 0xFEA5, 0xFEA5, 0xFEA5, 0xFEA5, 0xFEA5, 0xFEA5, 0xF6A5,
    0xF6A5, 0xFEA5, 0xFEC5, 0x4221, 0x2501, 0x01E5, 0x4A21, 0xD604, 0x20A1, 0x2500, 0x3E80, 0x3E20,
    0x3E20, 0x3620, 0x3600, 0x3E40, 0x1425, 0x0227, 0x41C2, 0xDE04, 0xFF05, 0xFEA5, 0xFEC6, 0xFEE6,
    0xFF06, 0xFF06, 0xFF06, 0xFF26, 0x4222, 0x2500, 0x46A0, 0x1363, 0x49C1, 0x1080, 0x1C00, 0x3E80,
    0x3600, 0x3E20, 0x0BE7, 0x01C5, 0x3960, 0xC542, 0xFF23, 0xF6C3, 0xBCE2, 0x0100, 0x3E40, 0x3E40,
    0x0B86, 0x10E3, 0xC546, 0x8363, 0x11E0, 0x3600, 0x3E40, 0x24E4, 0x0AA5, 0x634B, 0xC638, 0xCE59,
    0xDEFC, 0xDEFD, 0xA5F3, 0xB793, 0xAED6, 0xB676, 0xD7B9, 0xEFFD, 0xF7FE, 0xCE59, 0xCF77, 0xBEF7,
    0x9614, 0x5B0C, 0x43E6, 0x660D, 0x29E8, 0xB574, 0xC614, 0xC5D1, 0xC615, 0xC637, 0xEF36, 0xFFB5,
    0xFF4F, 0xFF2B, 0xFF08, 0xF6C6, 0xDDE5, 0xA465, 0x6B07, 0x4A87, 0x10E0, 0x000F, 0x4ADE, 0x9D16,
    0x2944, 0x0007, 0x08AD, 0x008D, 0x0091, 0x00B3, 0x00D4, 0x00F6, 0x011B, 0x011A, 0x0024, 0x10A4,
    0x2949, 0x6B2C, 0x6B90, 0x424A, 0x3A2D, 0x4A8C, 0x5ACC, 0x6B46, 0x7BAA, 0x6AA8, 0x62C4, 0x294A,
    0x1153, 0x7309, 0x7A86, 0x5B33, 0x5ACA, 0x31A9, 0x52B1, 0x3144, 0x4A4A, 0x3102, 0x8A00, 0xEB60,
    0x79E2, 0x00B7, 0x011A, 0x00F9, 0x00F9, 0x00F9, 0x00F9, 0x00F9, 0x0119, 0x00F9, 0x00F9, 0x00F9,
    0x00F9, 0x00F9, 0x0119, 0x0079, 0x94DD, 0x951D, 0x0058, 0x00B9, 0x0058, 0x0916, 0xEF5D, 0xFFFF,
    0xDF1B, 0x3BA5, 0xDF1B, 0xFFFF, 0xFFFF, 0xFFFF, 0xEF1D, 0x2300, 0x2DC0, 0x2580, 0x7BE2, 0xFF25,
    0xFEA5, 0xFEC5, 0xFEC5, 0xFEC5, 0xFEC5, 0xFEC5, 0xFEC5, 0xFEC5, 0xF685, 0xE100, 0x7802, 0x009A,
    0x4A2B, 0xFEE3, 0xFEC5, 0xFEC5, 0xFEC5, 0xFEA5, 0xFF45, 0x8BA4, 0x0078, 0x4888, 0xE000, 0xEBC3,
    0xFF46, 0xFEC5, 0xFEC5, 0xFEC5, 0xFEC5, 0xFEE5, 0xFEE5, 0xFEE5, 0xFEE5, 0xFEE5, 0xFEE5, 0xFF05,
    0xFF05, 0xFF05, 0xFF05, 0xFF05, 0xFF05, 0xFF25, 0xF644, 0x1960, 0x3600, 0x0B85, 0x10A1, 0x1840,
    0x1BC0, 0x3E80, 0x3E20, 0x35C1, 0x35E1, 0x3E40, 0x3E80, 0x2D42, 0x0328, 0x1142, 0xE603, 0xFF24,
    0xF663, 0xF663, 0xEE43, 0xE603, 0xDDE2, 0xDDC2, 0xD582, 0xDDE4, 0x4281, 0x2DE0, 0x3E60, 0x13C5,
    0x09E2, 0x3580, 0x3E80, 0x3E20, 0x4680, 0x2DC3, 0x02A4, 0x20E3, 0xB54B, 0xBD8D, 0xB56F, 0xCE51,
    0xB553, 0x2A44, 0x3E20, 0x3E01, 0x1C84, 0x11E5, 0x3187, 0x0B00, 0x3E60, 0x4E84, 0x5E67, 0x558C,
    0x64CC, 0xBDF7, 0xFFFF, 0xFFFF, 0xFFFF, 0xEF5D, 0x84CE, 0x86AD, 0x4D6B, 0x22A8, 0x3BE4, 0x6687,
    0x2A64, 0x1C20, 0x3680, 0x0C63, 0x0183, 0x0000, 0x0262, 0x0960, 0x8BE2, 0xEE84, 0xEE43, 0xFEA3,
    0xFF49, 0xFF48, 0xB4E4, 0x9422, 0xD5E8, 0xBD4B, 0x9C6C, 0x7BCD, 0x4AAA, 0x11E8, 0x0265, 0x0126,
    0x0090, 0x73D9, 0xA556, 0x18ED, 0x002D, 0x0069, 0x0007, 0x0844, 0x0022, 0x0025, 0x0004, 0x0009,
    0x0093, 0x000A, 0x0001, 0x10A6, 0x3902, 0xE50D, 0xCCAD, 0xBAE2, 0xC321, 0xCB01, 0x93A3, 0x6B02,
    0x5A81, 0x7342, 0x83E2, 0x5262, 0x1133, 0xBDB5, 0x4A09, 0x73D6, 0x3143, 0x52AF, 0x6B50, 0x2040,
    0x48A0, 0xA240, 0xB280, 0x4920, 0x006D, 0x011B, 0x00F9, 0x00F9, 0x0119, 0x00F9, 0x00F9, 0x00D9,
    0x00D9, 0x00F9, 0x00F9, 0x00F9, 0x00F9, 0x0119, 0x0099, 0x4ADB, 0xAD7D, 0x0078, 0x00FA, 0x0916,
    0x8477, 0x4250, 0xC63A, 0xFFFF, 0xFFFF, 0xEF5D, 0xF79E, 0xFFFF, 0xFFDF, 0xFFFF, 0xD63A, 0x2401,
    0x3EC1, 0x1261, 0xD564, 0xFF05, 0xFEA5, 0xFEC5, 0xFEC5, 0xFEC5, 0xFEC5, 0xFEC5, 0xFEC5, 0xFEC5,
    0xF685, 0xE100, 0x7822, 0x009A, 0x4A2B, 0xFEE3, 0xFEC5, 0xFEC5, 0xFEC5, 0xFEA5, 0xFF45, 0x93E4,
    0x0078, 0x4888, 0xE020, 0xEBC2, 0xF6E3, 0xF663, 0xF683, 0xF683, 0xF663, 0xEE43, 0xE603, 0xDDE3,
    0xE603, 0xDDE3, 0xDDE4, 0xD5C4, 0xC563, 0xC563, 0xC563, 0xCD63, 0xC543, 0xCD64, 0xDE25, 0x5A62,
    0x1BA0, 0x2D83, 0x00C4, 0x1B00, 0x3EC0, 0x3E20, 0x35C1, 0x1CC3, 0x3E40, 0x2D81, 0x1C64, 0x13E6,
    0x00C2, 0x6B27, 0xCE0B, 0xAD0C, 0xAD2E, 0xB54F, 0xB571, 0xA531, 0x9CD1, 0x9490, 0xA553, 0x6AEC,
    0x11E0, 0x4681, 0x35C2, 0x1C45, 0x3E61, 0x3640, 0x2E00, 0x25C0, 0x0CA1, 0x0263, 0x18E3, 0xC618,
    0xF7FF, 0xF7DF, 0xFFFF, 0xFFFF, 0xFFFF, 0x526A, 0x0BC0, 0x3680, 0x3640, 0x24C3, 0x4504, 0x6727,
    0x76AB, 0x970E, 0xA6F3, 0x9E76, 0x9D74, 0xEF5C, 0xFFFF, 0xFFFF, 0xFFFF, 0xE6FD, 0x1260, 0x1E00,
    0x3680, 0x2501, 0x0161, 0x0120, 0x1B80, 0x46E0, 0x35C2, 0x13A7, 0x1102, 0x7B63, 0xCD44, 0xEE25,
    0xD564, 0xDDE4, 0xF6A5, 0xF6A7, 0xC544, 0x5BA1, 0x2D20, 0x23A2, 0x5B0F, 0x32AA, 0x1287, 0x0246,
    0x0286, 0x1CC3, 0x12A3, 0x0077, 0x21BA, 0x5B12, 0x0095, 0x00DB, 0x011A, 0x00DB, 0x42B9, 0x73F8,
    0x1909, 0x0000, 0x18C1, 0x2921, 0x18A0, 0x39E6, 0x2923, 0x0028, 0x59E7, 0xD54F, 0xDD2E, 0xD363,
    0xC345, 0x9A43, 0xCD65, 0xA462, 0x4A82, 0x8B22, 0x82E2, 0x636A, 0x194F, 0x5ACA, 0x3968, 0x73D4,
    0x4183, 0x6B51, 0x39EB, 0x4144, 0x7AC8, 0x4AAC, 0x29A7, 0x0001, 0x00F7, 0x00FA, 0x0119, 0x0119,
    0x0099, 0x00D9, 0x00FA, 0x199A, 0x29DA, 0x00F9, 0x00F9, 0x00F9, 0x00F9, 0x00F9, 0x00D9, 0x9D1D,
    0x1979, 0x00D9, 0x08F7, 0x8432, 0x738C, 0xB594, 0xC638, 0xFFFF, 0xDF1C, 0xB5B6, 0xEF7D, 0xFFFF,
    0xFFDF, 0xFFDF, 0x63EB, 0x2540, 0x2562, 0x63A2, 0xFEC5, 0xFEC5, 0xFEC5, 0xFEC5, 0xFEC5, 0xFEC5,
    0xFEC5, 0xFEC5, 0xFEC5, 0xFEC5, 0xF685, 0xE100, 0x7022, 0x009A, 0x4A2B, 0xFF03, 0xFEC5, 0xFEC5,
    0xFEC5, 0xFEA5, 0xFF25, 0x9404, 0x0098, 0x4889, 0xE020, 0xE3E9, 0xC652, 0xC5F2, 0xD671, 0xDE92,
    0xDEB3, 0xD6B6, 0xD697, 0xBDD4, 0xB593, 0xBDF5, 0xCE78, 0xCE99, 0xC638, 0xC638, 0xC618, 0xC618,
    0xC638, 0xCE59, 0xDEFB, 0x9CD3, 0x0100, 0x2D63, 0x1C64, 0x3E80, 0x3E40, 0x3601, 0x24C4, 0x3E01,
    0x4680, 0x1425, 0x02C8, 0x00C1, 0x62EC, 0xFFDF, 0xF7BF, 0xFFFF, 0xFFFF, 0xFFFF, 0xFFFF, 0xFFFF,
    0xFFFF, 0xFFFF, 0xBDF8, 0x750D, 0x5E66, 0x4E84, 0x4E44, 0x4E65, 0x4E64, 0x4E43, 0x66A6, 0x768C,
    0x8E73, 0xB695, 0xE77C, 0xFFFF, 0xFFFF, 0xFFFE, 0xFFDE, 0xF7DE, 0xFFDE, 0xB5D5, 0x764B, 0x870C,
    0x86ED, 0x8F2D, 0x872D, 0x76CA, 0x76EA, 0x6EE7, 0x4D68, 0x2489, 0x0A85, 0xCE5A, 0xDF1D, 0xD6BB,
    0xD699, 0xCE56, 0x7B89, 0x2A01, 0x2501, 0x46C0, 0x3DC1, 0x3DC1, 0x3EA0, 0x2501, 0x02C5, 0x00A2,
    0x7B61, 0xFFA6, 0xD5C5, 0x4B81, 0x1B40, 0x29E3, 0x6B6B, 0x5B6C, 0x2228, 0x0BC1, 0x2C80, 0x23E1,
    0x0C02, 0x14A2, 0x0BC5, 0x1C84, 0x3622, 0x2C00, 0x0052, 0x011B, 0x00F8, 0x0099, 0x011A, 0x0119,
    0x00D9, 0x4278, 0x3A0E, 0x0091, 0x00B5, 0x2101, 0xD5C4, 0xF6E5, 0x83A2, 0x528A, 0x10C8, 0x00FB,
    0x1136, 0x29D1, 0x3A53, 0x3210, 0x73A8, 0x5284, 0x5242, 0x9C87, 0x93A2, 0xD300, 0xEB40, 0x9AC5,
    0x20A1, 0x81C0, 0x6269, 0x6352, 0x3985, 0x422A, 0x3A2C, 0x7AC8, 0x6B4E, 0xC65A, 0xB574, 0x190C,
    0x00FA, 0x0119, 0x0099, 0x0079, 0x531C, 0x5B5D, 0x2998, 0x31F5, 0x1979, 0x00F9, 0x00F9, 0x00F9,
    0x0119, 0x0099, 0x429B, 0x639C, 0x0099, 0x00B8, 0x5B34, 0x4226, 0x0003, 0x94D5, 0xE75C, 0xBDF7,
    0x9CF3, 0xEF7D, 0xFFFF, 0xFFDF, 0xFFFF, 0xD65A, 0x3305, 0x1CE3, 0x2541, 0xC5E3, 0xFF05, 0xFEC5,
    0xFEC5, 0xFEC5, 0xFEC5, 0xFEC5, 0xFEC5, 0xFEC5, 0xFEC5, 0xFEC5, 0xF685, 0xE920, 0x7022, 0x009A,
    0x4A4B, 0xFF03, 0xFEA5, 0xFEC5, 0xFEC5, 0xFEA5, 0xFF45, 0x8BC4, 0x0078, 0x48A9, 0xE000, 0xEC50,
    0xFFFF, 0xFFFF, 0xFFFF, 0xFFFF, 0xFFFF, 0xFFFF, 0xFFFF, 0xFFFF, 0xFFFF, 0xFFFF, 0xFFFF, 0xFFFF,
    0xFFFF, 0xFFFF, 0xFFFF, 0xFFFF, 0xFFFF, 0xFFFF, 0xFFFF, 0xDEDC, 0x1A02, 0x3620, 0x3620, 0x3E20,
    0x2DE0, 0x14A2, 0x2DE0, 0x3640, 0x1D00, 0x0366, 0x0A43, 0x8C30, 0xFFFF, 0xFFFF, 0xFFFF, 0xFFFF,
    0xFFFF, 0xFFFF, 0xFFFF, 0xFFDF, 0xF7DE, 0xFFFF, 0x6C8C, 0x766B, 0xA750, 0xAF32, 0xC776, 0xD7B8,
    0xD7B9, 0xCF78, 0xBF58, 0x9DF4, 0x9CB2, 0xFFFF, 0xFFFF, 0xFFFF, 0xFFFF, 0xFFFF, 0xFFFF, 0xFFFF,
    0xFFFF, 0xFFFF, 0xFFFE, 0xDFBB, 0xB737, 0xAF34, 0x9F30, 0x8690, 0x654F, 0x4C8D, 0x346B, 0x09E5,
    0x62E4, 0xC5A9, 0xC546, 0xCD84, 0xD5C4, 0xE603, 0xFEE4, 0xEE64, 0x4A40, 0x1480, 0x2E60, 0x2E20,
    0x2DA1, 0x23EA, 0x4BCC, 0x734C, 0x9CAE, 0x7BCC, 0x3A28, 0x1422, 0x2481, 0x0142, 0x02A6, 0x0305,
    0x1444, 0x3581, 0x2CE0, 0x2D20, 0x46A0, 0x3E20, 0x3E40, 0x3E80, 0x35C0, 0x0908, 0x00DA, 0x00F8,
    0x00F9, 0x0119, 0x00F8, 0x00D9, 0x1179, 0x298F, 0x0004, 0x0000, 0x000D, 0x6307, 0xC543, 0xACE4,
    0xACC3, 0x0001, 0x6A06, 0x31F5, 0x0078, 0x00DB, 0x0059, 0x6B05, 0xF6C3, 0xF6C4, 0x8BE2, 0x4A8B,
    0x5164, 0xF380, 0xBAC0, 0x89E0, 0xCAE0, 0xF380, 0xAC0C, 0x6B30, 0x3985, 0x5940, 0xAAA0, 0x7980,
    0x3964, 0xB596, 0x630F, 0x08D2, 0x011B, 0x0098, 0x429B, 0xC65E, 0xEF7B, 0x5AF3, 0x0092, 0x00D8,
    0x00D9, 0x00F9, 0x00F9, 0x00F9, 0x0119, 0x00B9, 0x4ABB, 0x1999, 0x00B9, 0x1977, 0x6B2C, 0x0009,
    0x113B, 0x8479, 0x8C70, 0xA535, 0xFFFF, 0xFFFF, 0xFFFF, 0xFFFF, 0xFFFF, 0xFFDF, 0xF73F, 0x2AE4,
    0x33C0, 0xEE05, 0xFEE5, 0xFEC5, 0xFEC5, 0xFEC5, 0xFEC5, 0xFEC5, 0xFEC5, 0xFEC5, 0xFEC5, 0xFEC5,
    0xFEA5, 0xE920, 0x7802, 0x009A, 0x4A4B, 0xFF03, 0xFEC5, 0xFEC5, 0xFEC5, 0xFEA5, 0xFF25, 0x8C04,
    0x0098, 0x4889, 0xE000, 0xEC2F, 0xFFFF, 0xFFDE, 0xFFFF, 0xFFFF, 0xFFFF, 0xFFFF, 0xFFFF, 0xFFFF,
    0xFFDF, 0xFFFF, 0xFFFF, 0xFFFF, 0xFFFF, 0xFFFF, 0xFFFF, 0xFFFF, 0xFFFF, 0xFFFF, 0xFFFF, 0xFFFF,
    0x39E7, 0x24E0, 0x46A0, 0x4641, 0x3506, 0x5626, 0x66C7, 0x6EA9, 0x8EF1, 0xA6B4, 0xB695, 0xFFFF,
    0xFFDF, 0xFFFF, 0xFFFF, 0xFFFF, 0xFFFF, 0xFFFF, 0xFFFF, 0xFFFF, 0xFFFF, 0xE73C, 0xE79C, 0xEFFC,
    0xD77B, 0xCF79, 0xC776, 0xAF73, 0x8ECF, 0x556C, 0x1C46, 0x0182, 0xC63A, 0xF7DF, 0xEF9F, 0xE75E,
    0xDEFC, 0xCE79, 0xBDF6, 0xB5B3, 0xCE53, 0x6B0B, 0x3364, 0x4DE8, 0x1BC7, 0x4682, 0x1CC3, 0x02E6,
    0x02A5, 0x0325, 0x0163, 0x5A41, 0xFF45, 0xFEE4, 0xFF44, 0xFF64, 0xFF65, 0xFF46, 0xFEC7, 0xFF09,
    0xB4CA, 0x6CCD, 0xB793, 0xC776, 0xCF98, 0xC6F9, 0x7BEF, 0x42C9, 0x11E6, 0x01C5, 0x0285, 0x0B65,
    0x0B65, 0x1323, 0x1BC2, 0x2D02, 0x3621, 0x3E40, 0x3EA0, 0x3E80, 0x2DA1, 0x2D62, 0x1CA3, 0x1445,
    0x0A63, 0x0074, 0x013C, 0x00FA, 0x011B, 0x011B, 0x011B, 0x011C, 0x0916, 0x004A, 0x0000, 0x0821,
    0x6940, 0xAC03, 0xFF85, 0xFF25, 0xA4C4, 0x1820, 0xE3C3, 0xABEA, 0x422C, 0x318D, 0x41E9, 0xB502,
    0xBD44, 0xBD44, 0xCD63, 0x0861, 0x30E2, 0xA260, 0x9A40, 0xEB60, 0xFBA0, 0xEB80, 0xAA80, 0x9241,
    0x312B, 0x10D4, 0x10F2, 0x0090, 0x004D, 0x008D, 0x0028, 0x000F, 0x007A, 0x5B5C, 0xF7BC, 0x9493,
    0x1931, 0x0096, 0x011A, 0x00F9, 0x00F9, 0x00F9, 0x00F9, 0x00F9, 0x00F9, 0x0939, 0x323A, 0x00F9,
    0x00B9, 0x4AB3, 0x62E9, 0x7C5C, 0x31D8, 0x8434, 0xCE58, 0xFFFF, 0xFFFF, 0xFFFF, 0xFFFF, 0xFFFF,
    0xFFFF, 0xFFFF, 0xC638, 0x0A41, 0x73A2, 0xFF25, 0xFEA5, 0xFEC5, 0xFEC5, 0xFEC5, 0xFEC5, 0xFEC5,
    0xFEC5, 0xFEC5, 0xFEC5, 0xFEC5, 0xF685, 0xE920, 0x7822, 0x009A, 0x4A4B, 0xFF03, 0xFEA5, 0xFEC5,
    0xFEC5, 0xFEA5, 0xFF25, 0x8C04, 0x0098, 0x4889, 0xE000, 0xEC4F, 0xFFFF, 0xFFDF, 0xFFFF, 0xFFFF,
    0xFFFF, 0xFFFF, 0xFFFF, 0xFFFF, 0xFFFF, 0xFFFF, 0xFFFF, 0xFFFF, 0xFFFF, 0xFFFF, 0xFFFF, 0xFFDF,
    0xFFDF, 0xFFDE, 0xFFFF, 0xF7BF, 0x2184, 0x2DA0, 0x35A4, 0x2CA8, 0x66A7, 0x76C9, 0x44AC, 0x2C0C,
    0x2B09, 0x2104, 0xC5F8, 0xFFFF, 0xFFFF, 0xFFFF, 0xFFFF, 0xFFFF, 0xFFFF, 0xFFFF, 0xFFDF, 0xFFFF,
    0xC5F8, 0x18A3, 0x3561, 0x3620, 0x14A2, 0x2E00, 0x2E00, 0x2E20, 0x0C24, 0x0246, 0x0061, 0x7B8A,
    0xCE11, 0xAD0B, 0xACE9, 0xB527, 0xC565, 0xCDA4, 0xD5C3, 0xE643, 0xE643, 0x1860, 0x13C0, 0x1483,
    0x2DC0, 0x35E0, 0x0306, 0x02A7, 0x1425, 0x1B22, 0x20A0, 0xAC63, 0x9C43, 0x3AA1, 0xACC6, 0xBD2B,
    0x9409, 0x73A7, 0x5B66, 0x4405, 0x2AC4, 0x5C2A, 0x8F4D, 0x6EC8, 0x3D29, 0x0A66, 0x00C1, 0x02C5,
    0x0345, 0x13E5, 0x1425, 0x2523, 0x0A85, 0x1220, 0x3E40, 0x3E60, 0x3E40, 0x3E20, 0x2D42, 0x1425,
    0x13A4, 0x1C43, 0x24C3, 0x2D82, 0x1A60, 0x0004, 0x0067, 0x0047, 0x0048, 0x0049, 0x006C, 0x008D,
    0x006D, 0x0029, 0x0861, 0x0820, 0x30E2, 0x20C0, 0x9443, 0xC5A5, 0x51E2, 0x8A22, 0xFCE9, 0xFEB6,
    0xF654, 0xDB00, 0xB300, 0xE665, 0xFEE5, 0xFF25, 0xCDA4, 0x0820, 0x71C0, 0xBAA0, 0xD320, 0xCAE0,
    0xB2A0, 0x5120, 0x0820, 0x006F, 0x00FB, 0x00FA, 0x00FA, 0x011B, 0x011B, 0x00DB, 0x091B, 0x4ADA,
    0xA53A, 0x94B4, 0x2192, 0x0056, 0x00DA, 0x0119, 0x00F9, 0x00F9, 0x00F9, 0x00F9, 0x00F9, 0x00F9,
    0x00D9, 0x1159, 0x21BA, 0x00D9, 0x1137, 0x52AD, 0x9CF1, 0xADBF, 0xA55A, 0x9D15, 0xE75C, 0xFFFF,
    0xF79E, 0xFFDF, 0xFFFF, 0xFFFF, 0xFFFF, 0xFFDF, 0x63AC, 0x1AC0, 0xE625, 0xFEE5, 0xFEC5, 0xFEC5,
    0xFEC5, 0xFEC5, 0xFEC5, 0xFEC5, 0xFEC5, 0xFEC5, 0xFEC5, 0xFEC5, 0xF685, 0xE920, 0x7022, 0x009A,
    0x4A4B, 0xFF03, 0xFEA5, 0xFEC5, 0xFEC5, 0xFEA5, 0xFF45, 0x8BC4, 0x0078, 0x4889, 0xE000, 0xEC2F,
    0xFFFF, 0xFFDE, 0xFFFF, 0xFFFF, 0xFFFF, 0xFFFF, 0xFFFF, 0xFFFF, 0xFFFF, 0xFFFF, 0xFFFF, 0xFFFF,
    0xFFFF, 0xFFFF, 0xFFFF, 0xFFFF, 0xFFFF, 0xFFFF, 0xFFFF, 0x7B8F, 0x1B80, 0x3641, 0x02E6, 0x02C7,
    0x2541, 0x2E00, 0x0365, 0x01A3, 0x2126, 0xAD56, 0xEF7E, 0xDEFB, 0xDEDA, 0xDEFA, 0xF7BC, 0xD6B7,
    0xAD50, 0xA50E, 0xA50C, 0x7BA9, 0x08E1, 0x2440, 0x3EA0, 0x1C84, 0x35C1, 0x3E40, 0x3E40, 0x1CC5,
    0x0226, 0x20E1, 0xACC3, 0xFEE4, 0xF683, 0xFEC4, 0xFEE4, 0xFF05, 0xFF25, 0xFF25, 0xFF45, 0xEE65,
    0x2901, 0x1340, 0x14A3, 0x2DC0, 0x2542, 0x02E7, 0x0306, 0x1425, 0x23E1, 0x0800, 0x2220, 0x1BC0,
    0x2460, 0x3620, 0x2420, 0x2401, 0x24A0, 0x1CA0, 0x1D01, 0x1C61, 0x0960, 0x24E0, 0x2E80, 0x1461,
    0x0306, 0x01A3, 0x1BA4, 0x1CA5, 0x1404, 0x13E5, 0x1405, 0x0224, 0x1261, 0x3E20, 0x3600, 0x2D62,
    0x2D82, 0x2562, 0x24E3, 0x1BA2, 0x09E3, 0x1242, 0x1322, 0x0B63, 0x0106, 0x006E, 0x0046, 0x0023,
    0x0000, 0x0001, 0x0024, 0x0000, 0x0001, 0x73D2, 0x8C71, 0x10A3, 0x1082, 0x0883, 0x2040, 0x7AC9,
    0x8A64, 0xBA80, 0xB3EA, 0xEF7D, 0xE448, 0xE320, 0xC2A0, 0x93A2, 0xEEC5, 0xEEA4, 0x6282, 0x89C0,
    0xCB00, 0xB2A0, 0xA260, 0x71C0, 0x8A01, 0x71A0, 0x20CB, 0x00FB, 0x00F9, 0x00F9, 0x00F9, 0x00F9,
    0x00D9, 0x29B7, 0x9496, 0x94F9, 0x3215, 0x0055, 0x0095, 0x0119, 0x00F9, 0x00FA, 0x00FA, 0x00FA,
    0x00FA, 0x00F9, 0x00F9, 0x00F9, 0x00D9, 0x219A, 0x1159, 0x0099, 0x3A35, 0x4A48, 0xD6BA, 0xA55F,
    0xBE1A, 0xA556, 0xEF7D, 0xF7BE, 0x4CC6, 0xB675, 0xFFFF, 0xF7DE, 0xF7BE, 0xFFFF, 0x9D15, 0x93E1,
    0xFF66, 0xFEA5, 0xFEC5, 0xFEC5, 0xFEC5, 0xFEC5, 0xFEC5, 0xFEC5, 0xFEC5, 0xFEC5, 0xFEC5, 0xFEC5,
    0xF685, 0xE900, 0x7023, 0x009A, 0x4A4B, 0xFF03, 0xFEA5, 0xFEC5, 0xFEC5, 0xFEA5, 0xFF25, 0x8BE4,
    0x0098, 0x4889, 0xE000, 0xEC50, 0xFFFF, 0xFFFF, 0xFFFF, 0xFFFF, 0xF7DF, 0xEF9F, 0xE75E, 0xE75D,
    0xDF1D, 0xDEDB, 0xF7BF, 0xDF1C, 0xD6BB, 0xD6BB, 0xC638, 0xBDD6, 0xB574, 0xB571, 0x8C2D, 0x0960,
    0x3E80, 0x2542, 0x02C7, 0x0327, 0x2DA2, 0x3E40, 0x0346, 0x31C3, 0xEECD, 0xEEAB, 0xDE07, 0xD5E5,
    0xDDE4, 0xE624, 0xFEA5, 0xEE64, 0xEE23, 0xF6A3, 0xFF04, 0x4AA0, 0x2DC0, 0x3EA1, 0x1C64, 0x2542,
    0x3E40, 0x3E40, 0x2543, 0x02E8, 0x2162, 0xEE65, 0xFF66, 0xFEE5, 0xFEE5, 0xFEE4, 0xFEC4, 0xF683,
    0xE622, 0xDDE3, 0xE685, 0x9C64, 0x2441, 0x3E05, 0x4DE6, 0x56A4, 0x1445, 0x0B86, 0x3621, 0x2C60,
    0x0880, 0x2440, 0x3620, 0x3EA0, 0x3E41, 0x2D81, 0x2D62, 0x2503, 0x24E4, 0x0BA6, 0x0287, 0x0062,
    0x2C60, 0x3EA0, 0x2503, 0x0308, 0x02A6, 0x00E3, 0x0286, 0x0285, 0x02A7, 0x0267, 0x01C6, 0x0941,
    0x35E0, 0x2DC2, 0x1CC4, 0x2523, 0x3580, 0x2440, 0x1AE1, 0x0A03, 0x1405, 0x0BA6, 0x0B86, 0x3621,
    0x1183, 0x004C, 0x008D, 0x008E, 0x008E, 0x00AF, 0x0092, 0x214F, 0x8473, 0xD6DB, 0x7B6C, 0x4A06,
    0x4A8A, 0x28E2, 0xDB20, 0xE360, 0xCB85, 0xE50D, 0xA555, 0xA4B1, 0xB2A1, 0xAA80, 0xBAA0, 0xC2C0,
    0xA301, 0x73AB, 0x79E2, 0xCAE0, 0x7203, 0xBAC1, 0xD300, 0x8A01, 0xAA80, 0x69A3, 0x00B8, 0x0119,
    0x00F9, 0x00F9, 0x00F9, 0x00F9, 0x00FA, 0x0916, 0x08F4, 0x0099, 0x00B9, 0x1112, 0x008D, 0x00B3,
    0x00B2, 0x00B3, 0x00D5, 0x00D6, 0x00F7, 0x00F9, 0x00FA, 0x011A, 0x00FB, 0x08F6, 0x0919, 0x0098,
    0x6333, 0xA533, 0xDEFE, 0xB5BE, 0xBDD8, 0xAD56, 0xFFFF, 0xF7BE, 0xB636, 0xFFFF, 0xFFFF, 0xFFFF,
    0xFFFF, 0xF7BF, 0x7369, 0xEE83, 0xFEC5, 0xFEC5, 0xFEC5, 0xFEC5, 0xFEC5, 0xFEC5, 0xFEC5, 0xFEC5,
    0xFEC5, 0xFEC5, 0xFEC5, 0xFEC5, 0xF685, 0xE0E0, 0x7023, 0x009A, 0x4A4B, 0xFF03, 0xFEA5, 0xFEC5,
    0xFEC5, 0xFEA5, 0xFF45, 0x8BE4, 0x0078, 0x4889, 0xE000, 0xDBCB, 0xB5B1, 0xB54E, 0xCE10, 0xD62E,
    0xD60B, 0xC5A8, 0xC587, 0xCDA7, 0xBD46, 0xC545, 0xEEA9, 0xCDA6, 0xBD04, 0xCD84, 0xCD83, 0xD5A3,
    0xE643, 0xF6E3, 0x49A0, 0x1C00, 0x46E0, 0x1C64, 0x02C7, 0x2D62, 0x3E80, 0x2D63, 0x0226, 0x83A3,
    0xFF44, 0xFEA4, 0xFEE4, 0xFEE5, 0xFF05, 0xFF05, 0xFF05, 0xFF05, 0xFF46, 0xEE65, 0x6283, 0x2CA0,
    0x2DA2, 0x0BA6, 0x24E4, 0x3E60, 0x3E60, 0x35C2, 0x0347, 0x0121, 0xB4E1, 0xF703, 0xEE43, 0xE624,
    0xDDE4, 0xBD47, 0xA4CA, 0xBDD0, 0xD676, 0xD658, 0xD659, 0xDF1A, 0xBFB5, 0xA751, 0x8E90, 0x23EA,
    0x0306, 0x2DC2, 0x2400, 0x08A0, 0x2CC0, 0x3661, 0x2D81, 0x2D42, 0x1C83, 0x1C63, 0x1C64, 0x1404,
    0x1C44, 0x1484, 0x0A42, 0x23A0, 0x3622, 0x24C3, 0x0B66, 0x02C7, 0x0982, 0x1AC0, 0x23A0, 0x11A0,
    0x0962, 0x1B41, 0x2C60, 0x35E0, 0x2D81, 0x2CE1, 0x23C0, 0x12A1, 0x0204, 0x02A4, 0x0BA5, 0x2582,
    0x3E40, 0x3E40, 0x3600, 0x3EA0, 0x1220, 0x0007, 0x0046, 0x0001, 0x0000, 0x0000, 0x2946, 0x8C72,
    0xB40A, 0xC2C0, 0xC2A0, 0xC301, 0x59E4, 0xBAA0, 0xAAC2, 0x72C8, 0x7C10, 0x4AAC, 0x73AD, 0x8C50,
    0xBC4D, 0xF381, 0xEB80, 0xF3A0, 0xEB40, 0xA347, 0xC2E1, 0xF380, 0xA260, 0x6980, 0x4920, 0x40C0,
    0x38A0, 0x088C, 0x00FB, 0x00F8, 0x00F9, 0x00F9, 0x00F9, 0x00F9, 0x00F9, 0x011A, 0x091A, 0x011A,
    0x08CD, 0x1080, 0x006B, 0x00D5, 0x00B2, 0x00B2, 0x0091, 0x0090, 0x0090, 0x0090, 0x00B1, 0x00B2,
    0x0090, 0x0091, 0x011B, 0x00D6, 0x8C53, 0xFFDE, 0xBDFE, 0xE73F, 0xBE1C, 0xCE59, 0xE75C, 0xDEDB,
    0xE75D, 0x9D92, 0xFFFF, 0xB5B6, 0x9D54, 0x6B6A, 0xCDA3, 0xFF05, 0xFEA5, 0xFEC5, 0xFEC5, 0xFEC5,
    0xFEC5, 0xFEC5, 0xFEC5, 0xFEC5, 0xFEC5, 0xFEC5, 0xFEC5, 0xFEC5, 0xF685, 0xE0E0, 0x7002, 0x009A,
    0x4A4B, 0xFF03, 0xFEA5, 0xFEC5, 0xFEC5, 0xFEA5, 0xFF45, 0x8BC4, 0x0078, 0x48A8, 0xD820, 0xE3A2,
    0xF6E3, 0xF663, 0xFEA3, 0xFEC3, 0xFEC4, 0xFEE4, 0xFEE4, 0xFEE5, 0xFF05, 0xFF05, 0xFEC4, 0xFEE4,
    0xFF05, 0xFEE5, 0xFEE5, 0xFF66, 0xC564, 0x4162, 0x09A1, 0x46A0, 0x2542, 0x0307, 0x2D62, 0x3E80,
    0x35C1, 0x0B47, 0x0082, 0xC523, 0xFF45, 0xFEE4, 0xFEC4, 0xFEC4, 0xF683, 0xEE43, 0xDDE3, 0xD5C3,
    0xC564, 0x2120, 0x1400, 0x2DE1, 0x03A4, 0x2DE0, 0x3640, 0x2E00, 0x2561, 0x0385, 0x0903, 0x6B07,
    0xCE0D, 0xCE11, 0xD695, 0xDED8, 0xEF7C, 0xFFFF, 0xF7BF, 0xCE3B, 0x8490, 0x5C49, 0x2A64, 0x4DC5,
    0x4681, 0x2DA1, 0x0345, 0x02A6, 0x2583, 0x2C80, 0x11A0, 0x35E0, 0x3E80, 0x3600, 0x3600, 0x3E20,
    0x3E40, 0x3E60, 0x3E60, 0x3E40, 0x3E80, 0x3E40, 0x1180, 0x3540, 0x1CE3, 0x2D42, 0x0327, 0x13C3,
    0x23C0, 0x3EE0, 0x3E80, 0x35E0, 0x3DE0, 0x3E40, 0x2D40, 0x1B81, 0x0A62, 0x0A24, 0x0AE4, 0x0B85,
    0x1425, 0x2543, 0x2D82, 0x3E20, 0x3E20, 0x3E20, 0x3E20, 0x3E60, 0x3540, 0x08F3, 0x199C, 0x1114,
    0x1135, 0x10ED, 0x94D4, 0x630C, 0x3902, 0x7245, 0x8A83, 0x6980, 0xAA60, 0x9B48, 0x8CD4, 0xDF3B,
    0xC616, 0x10AD, 0x29B6, 0x94B4, 0x8472, 0xC302, 0xF360, 0xE320, 0xF340, 0xF360, 0xD320, 0xB2A0,
    0xDB40, 0x38C0, 0x0002, 0x530D, 0x5AEB, 0x00B2, 0x011C, 0x00FA, 0x00FA, 0x00F9, 0x00F9, 0x00F9,
    0x00D9, 0x21DA, 0x115A, 0x00B5, 0x0001, 0x006D, 0x006D, 0x00B4, 0x00B2, 0x00B2, 0x00B2, 0x00B2,
    0x00B2, 0x00B1, 0x0090, 0x008F, 0x0025, 0x00B2, 0x00DB, 0x29D7, 0x6B4C, 0xB5B6, 0xEF9F, 0xEF9D,
    0xD6BA, 0xAD75, 0x9CB3, 0xA534, 0xDEBB, 0x6C4C, 0xC5B9, 0x2401, 0x0AE0, 0xACA2, 0xFF45, 0xFEA5,
    0xFEC5, 0xFEC5, 0xFEC5, 0xFEC5, 0xFEC5, 0xFEC5, 0xFEC5, 0xFEC5, 0xFEC5, 0xFEC5, 0xFEC5, 0xFEC5,
    0xFE85, 0xE100, 0x6822, 0x009A, 0x4A4A, 0xFF03, 0xFEA5, 0xFEC5, 0xFEC5, 0xFEA5, 0xFF25, 0x9404,
    0x0099, 0x48A8, 0xD840, 0xEBC3, 0xFF46, 0xFEA5, 0xFEC6, 0xFEC6, 0xFEC6, 0xFEC5, 0xFEC5, 0xFEC5,
    0xFEC5, 0xFEE5, 0xFF25, 0xFF05, 0xFF05, 0xFEE4, 0xFF65, 0xB4E4, 0x0060, 0x1B40, 0x3E40, 0x2542,
    0x02C7, 0x24C3, 0x3E60, 0x3E20, 0x1C85, 0x0062, 0x5A62, 0xC5A5, 0xCD86, 0xC587, 0xD5E9, 0xBD6B,
    0xA4ED, 0xA530, 0xAD73, 0xC637, 0x2105, 0x2462, 0x5722, 0x3508, 0x662A, 0x7EEB, 0x86ED, 0x86CE,
    0x6DCE, 0x8DB1, 0xD6FA, 0xFFFF, 0xFFFF, 0xFFFF, 0xFFFF, 0xFFFF, 0xB5D7, 0x73ED, 0x5368, 0x2380,
    0x14A0, 0x0AA0, 0x2440, 0x3680, 0x35E0, 0x0B67, 0x02E7, 0x2DE2, 0x2CC0, 0x11E0, 0x3E60, 0x3E60,
    0x3600, 0x3E20, 0x3E20, 0x3E20, 0x3E20, 0x3620, 0x3600, 0x3E60, 0x3E40, 0x08E0, 0x1220, 0x35E1,
    0x1424, 0x2DC1, 0x2523, 0x1AE0, 0x2CA0, 0x3E60, 0x35E0, 0x3E40, 0x2D01, 0x1BE2, 0x2462, 0x2D21,
    0x2D62, 0x2D62, 0x3600, 0x3E40, 0x3E40, 0x3E40, 0x3E20, 0x3600, 0x3620, 0x3E20, 0x3E20, 0x3E20,
    0x23C0, 0x0060, 0x0887, 0x0068, 0x10CB, 0x8473, 0xA490, 0x5AAA, 0x31A8, 0x31E9, 0x0085, 0xA240,
    0xCB63, 0x9536, 0xD6B9, 0x52B1, 0x08B0, 0x08B0, 0x0091, 0x29CC, 0x73AE, 0xDB21, 0x92C0, 0x3280,
    0x52C0, 0x92A0, 0xCAE0, 0xDB40, 0xE360, 0x79E0, 0x4920, 0x4142, 0x41A5, 0x006C, 0x0075, 0x08D1,
    0x08F4, 0x00FA, 0x00F9, 0x00FA, 0x00F9, 0x1976, 0x011C, 0x006B, 0x52D0, 0x0919, 0x0026, 0x006B,
    0x006D, 0x008E, 0x008F, 0x0090, 0x0090, 0x0090, 0x0091, 0x00B1, 0x0047, 0x00D5, 0x009B, 0x4252,
    0x632D, 0x8459, 0xFFFF, 0xC638, 0x8430, 0x6AED, 0x5448, 0x2500, 0x648A, 0x740D, 0x3422, 0x1460,
    0x9C43, 0xFF25, 0xFEA5, 0xFEC5, 0xFEA5, 0xFEC5, 0xFEC5, 0xFEC5, 0xFEC5, 0xFEC5, 0xFEC5, 0xFEC5,
    0xFEC5, 0xFEC5, 0xFEC5, 0xFEC5, 0xF685, 0xE100, 0x6823, 0x009A, 0x524A, 0xFF03, 0xFEA5, 0xFEC5,
    0xFEC5, 0xFEA5, 0xFF45, 0x8BE4, 0x0078, 0x4888, 0xD800, 0xE3A2, 0xFF44, 0xFEA4, 0xFEC4, 0xFEA3,
    0xFEA3, 0xFEA3, 0xEE63, 0xEE63, 0xEE43, 0xD5A3, 0xBD23, 0xBD24, 0xACA4, 0x9C66, 0x8C05, 0x18A0,
    0x2CE0, 0x4700, 0x1CA3, 0x02A7, 0x13E5, 0x3E40, 0x3E20, 0x4701, 0x0220, 0x62ED, 0xE73B, 0xD6DB,
    0xE73D, 0xEF7E, 0xF7BF, 0xFFFF, 0xFFFF, 0xFFFF, 0xFFFF, 0x7B90, 0x12C1, 0x4F22, 0x2CC5, 0x3545,
    0x56C4, 0x56A4, 0x4D87, 0x240C, 0x0963, 0xBDB7, 0xFFFF, 0xF7DE, 0xFFDE, 0xFFDE, 0xFFDE, 0xFFBF,
    0x3C24, 0x14A0, 0x1461, 0x1CA4, 0x0164, 0x2361, 0x3E80, 0x3E40, 0x2542, 0x0306, 0x2DE2, 0x2C80,
    0x1180, 0x35E0, 0x3E40, 0x3600, 0x3E20, 0x3E20, 0x3620, 0x3600, 0x3600, 0x3E20, 0x3E80, 0x3580,
    0x1AA0, 0x2380, 0x3EC0, 0x1404, 0x0B65, 0x3E80, 0x23C0, 0x1AC0, 0x3E80, 0x3E60, 0x3EA0, 0x3E80,
    0x3640, 0x3E60, 0x35E0, 0x3540, 0x2CE0, 0x2CE0, 0x3E20, 0x3EA0, 0x3E80, 0x3E60, 0x3E80, 0x3E80,
    0x3E60, 0x3E60, 0x3620, 0x23C0, 0x0060, 0x0000, 0x0000, 0x0000, 0x0020, 0x3A07, 0x41A4, 0x7245,
    0x8264, 0x7A45, 0x28E2, 0xB2A1, 0xDB20, 0xA3EC, 0x7C0F, 0x3189, 0x3A0B, 0x6B6D, 0x630B, 0x6AA7,
    0xBAC1, 0xF380, 0x7201, 0x1B41, 0x1540, 0x6280, 0xEB20, 0xBAA0, 0xA240, 0x9200, 0xAA60, 0xA240,
    0xA200, 0x71E1, 0x5B0F, 0x9CD4, 0x10CB, 0x008F, 0x008F, 0x00B2, 0x008E, 0x00B3, 0x00DA, 0x296B,
    0xEF9E, 0x5B15, 0x0000, 0x0000, 0x0000, 0x0001, 0x0023, 0x0025, 0x0047, 0x0049, 0x006B, 0x006D,
    0x0025, 0x00D2, 0x000A, 0x6B2A, 0x4A8F, 0x111A, 0xCE9D, 0xBE16, 0x8C12, 0x3B66, 0x2E00, 0x3E80,
    0x2DE0, 0x2E00, 0x2600, 0x6401, 0xFEA5, 0xFEE5, 0xFEA5, 0xFEE5, 0xFF05, 0xFEC5, 0xFEC5, 0xFEE5,
    0xFEC5, 0xFEC5, 0xFEC5, 0xFEC5, 0xFEC5, 0xFEC5, 0xFEC5, 0xFEC5, 0xF685, 0xE0E0, 0x7023, 0x009A,
    0x4A4A, 0xFF03, 0xFEA5, 0xFEC5, 0xFEC5, 0xFEA5, 0xFF45, 0x8BC4, 0x0078, 0x4888, 0xE000, 0xE3A4,
    0xB589, 0xA4C9, 0xACEA, 0xAD0B, 0xDE6E, 0xF70F, 0xBDB1, 0xCE12, 0xC633, 0xBDD5, 0xB5D7, 0xC659,
    0xDEFC, 0xC65A, 0x20C6, 0x1BE0, 0x46E0, 0x1CA3, 0x02A7, 0x0326, 0x35C1, 0x3E80, 0x35E0, 0x1280,
    0x4208, 0xE75D, 0xFFFF, 0xFFFF, 0xFFFF, 0xFFFF, 0xFFFF, 0xFFFF, 0xFFFF, 0xFFFF, 0x734E, 0x0A60,
    0x46E0, 0x2D81, 0x1444, 0x3E60, 0x2541, 0x0BA4, 0x0365, 0x0100, 0x4228, 0xEF9D, 0xFFFF, 0xFFFF,
    0xFFFF, 0xFFFF, 0xFFFF, 0x83D1, 0x2420, 0x2D83, 0x2544, 0x09A1, 0x2360, 0x3EA0, 0x3600, 0x3E60,
    0x1CA3, 0x1CC4, 0x2C80, 0x0900, 0x35A0, 0x3E60, 0x3600, 0x3E20, 0x3600, 0x3E20, 0x3E80, 0x3EA0,
    0x3EA0, 0x3E60, 0x2340, 0x0920, 0x2C40, 0x3EA0, 0x1404, 0x0267, 0x1C43, 0x3EA0, 0x2360, 0x35C0,
    0x3E40, 0x2CE0, 0x23E0, 0x1B00, 0x23E0, 0x1AE0, 0x1AC0, 0x1AA0, 0x2360, 0x2C80, 0x2380, 0x2360,
    0x23C0, 0x2440, 0x2420, 0x2380, 0x2C40, 0x2CE0, 0x2360, 0x2C60, 0x1180, 0x08E0, 0x1A80, 0x08E0,
    0x0000, 0x0000, 0x0000, 0x0000, 0x0861, 0x1082, 0x69C2, 0x71E1, 0x4900, 0x61E4, 0x8CB3, 0x73AE,
    0x6205, 0x8AA5, 0xA282, 0xC2C0, 0xAB04, 0x7A44, 0xAA61, 0x92C0, 0x1AA0, 0x8A40, 0x9B27, 0x8AA5,
    0x9B27, 0x9B05, 0xAB03, 0xC2C0, 0x8264, 0x94B4, 0xFFFE, 0xDED2, 0x006D, 0x008F, 0x008E, 0x0090,
    0x006A, 0x00F7, 0x0097, 0x3A0B, 0xFFFF, 0x5ACC, 0x0000, 0x0021, 0x0000, 0x0000, 0x0000, 0x0000,
    0x0000, 0x0000, 0x0000, 0x0001, 0x0001, 0x0021, 0x0000, 0x738D, 0x4A6D, 0x0895, 0x73F7, 0xB535,
    0x4387, 0x3600, 0x3E40, 0x35E0, 0x4680, 0x24E0, 0x5302, 0xFF45, 0xFEE5, 0xFEA5, 0xFEE5, 0xE624,
    0xC544, 0xF6A5, 0xFEC5, 0xDE04, 0xFEE5, 0xFEC5, 0xFEC5, 0xFEA5, 0xFEA5, 0xFEA5, 0xFEA5, 0xFEE5,
    0xF665, 0xE0C0, 0x6823, 0x009A, 0x4A4A, 0xFF03, 0xFEA5, 0xFEC5, 0xFEC5, 0xFEA5, 0xFF45, 0x8BA4,
    0x0078, 0x48A9, 0xE000, 0xEC2F, 0xF7DF, 0xF7BF, 0xFFFF, 0xFFFF, 0xFFFF, 0xFFFF, 0xFFFF, 0xFFFF,
    0xFFFF, 0xFFFF, 0xFFFF, 0xFFFF, 0xD6BA, 0x20E4, 0x2420, 0x3EA0, 0x3E60, 0x1C64, 0x02A7, 0x1C64,
    0x3EA0, 0x2D80, 0x1983, 0x9453, 0xFFFF, 0xFFFF, 0xFFFF, 0xFFFF, 0xFFFF, 0xFFFF, 0xFFFF, 0xFFFF,
    0xA4F4, 0x524B, 0x0A20, 0x46E0, 0x2D42, 0x0BA5, 0x35E1, 0x3E20, 0x0B46, 0x02E8, 0x0983, 0x738E,
    0xFFFF, 0xFFFF, 0xF79F, 0xC5F9, 0x7BAF, 0x4A68, 0x4A89, 0x12E0, 0x3EA0, 0x3E20, 0x1AA0, 0x2340,
    0x3EC0, 0x3600, 0x3E40, 0x3E60, 0x0BA5, 0x1CA3, 0x1AC0, 0x35C0, 0x3E60, 0x3600, 0x3E20, 0x3E60,
    0x3EA0, 0x3E80, 0x2440, 0x1A60, 0x23E0, 0x11E0, 0x1AA0, 0x3E60, 0x3601, 0x0326, 0x0287, 0x0B65,
    0x35C1, 0x3E80, 0x23A0, 0x2CA0, 0x2360, 0x1B40, 0x2420, 0x2CC0, 0x3540, 0x3540, 0x3540, 0x2CA0,
    0x2C60, 0x2CC0, 0x2400, 0x2C40, 0x2C80, 0x2D20, 0x2CE0, 0x2CC0, 0x2D20, 0x3560, 0x2CC0, 0x35E0,
    0x3E60, 0x3E20, 0x46E0, 0x3580, 0x23C0, 0x23C1, 0x23C0, 0x1220, 0x0000, 0x0000, 0x5120, 0xFBE0,
    0xE360, 0xCB22, 0xC364, 0x9AA4, 0x71C1, 0x7A23, 0xA3AA, 0xA513, 0x8AA5, 0xE341, 0xF3A0, 0xEB81,
    0xCAC1, 0xBBC8, 0x5249, 0x29CC, 0x218D, 0x322D, 0x214A, 0x6226, 0xAD74, 0xEF73, 0xFD46, 0xBA41,
    0x0048, 0x0049, 0x0048, 0x004A, 0x0049, 0x00D4, 0x0025, 0x18EB, 0x849C, 0x0842, 0x0000, 0x0000,
    0x0000, 0x0000, 0x0000, 0x0000, 0x0001, 0x0001, 0x0000, 0x0000, 0x0000, 0x0020, 0x0021, 0x6B4D,
    0x4A49, 0x0000, 0x9CF4, 0x4CC6, 0x2DE0, 0x3E40, 0x3600, 0x3E80, 0x25A0, 0x4AE1, 0xDDA4, 0xA483,
    0xF6A5, 0xFEE5, 0xCDA4, 0x62E2, 0x4A21, 0xBD43, 0xACE3, 0x4A21, 0xACA3, 0xEEA5, 0xFEC5, 0xFF05,
    0xFF05, 0xFF05, 0xFF25, 0xFEC5, 0xF685, 0xE0E0, 0x6802, 0x0099, 0x4A4A, 0xFF03, 0xFEA5, 0xFEC5,
    0xFEC5, 0xFEA5, 0xFF45, 0x8BA4, 0x0078, 0x50A9, 0xE000, 0xEC2F, 0xFFFF, 0xFFDE, 0xFFFF, 0xFFFF,
    0xFFFF, 0xFFFF, 0xFFFF, 0xFFFF, 0xFFFF, 0xF7DE, 0xF7DE, 0x8C31, 0x18A4, 0x1C00, 0x46C0, 0x3E40,
    0x2522, 0x0307, 0x02E7, 0x2D81, 0x3EA0, 0x0980, 0xAD16, 0xFFFF, 0xFFDF, 0xFFFF, 0xFFFF, 0xFFFF,
    0xFFFF, 0xFFDF, 0xFFFF, 0x7BD0, 0x0140, 0x1BC0, 0x3E21, 0x1C64, 0x0B66, 0x24E3, 0x3EA0, 0x24C3,
    0x02E8, 0x01C3, 0x20A4, 0xB576, 0xC5B8, 0x6B4D, 0x42E6, 0x1AA0, 0x1BE0, 0x2540, 0x2520, 0x3EE0,
    0x2CE0, 0x0960, 0x2360, 0x3E60, 0x3600, 0x3E40, 0x3601, 0x13C5, 0x0B66, 0x3540, 0x1AC0, 0x3E60,
    0x3600, 0x3E80, 0x3E40, 0x3540, 0x23A0, 0x1180, 0x11A0, 0x1AC0, 0x1240, 0x2D20, 0x3EA0, 0x3E40,
    0x0B46, 0x0B46, 0x2503, 0x3600, 0x3E40, 0x3E20, 0x1B00, 0x35E0, 0x3620, 0x3E80, 0x3E80, 0x3E80,
    0x3E60, 0x3E40, 0x3600, 0x3E60, 0x3600, 0x35E0, 0x3600, 0x35E0, 0x3600, 0x35C0, 0x35C0, 0x35C0,
    0x35A0, 0x35A0, 0x3E20, 0x3E20, 0x3E40, 0x2DA1, 0x24E2, 0x24E3, 0x2543, 0x3601, 0x23A0, 0x0880,
    0x0020, 0x0020, 0x0000, 0x40E0, 0x9220, 0xCB00, 0xEB40, 0xFBA0, 0xFBC0, 0xF360, 0xF3E3, 0xB387,
    0xFB60, 0xF380, 0xE320, 0xE300, 0xBAA0, 0xAB46, 0x9284, 0x5987, 0x4946, 0x4988, 0x38E4, 0x6BCF,
    0xDCE7, 0xF2E2, 0xD2EB, 0x7AEB, 0x0020, 0x0000, 0x0000, 0x0001, 0x0022, 0x0001, 0x0000, 0x0866,
    0x006B, 0x08F5, 0x0074, 0x000E, 0x0009, 0x0005, 0x0002, 0x0000, 0x0000, 0x0000, 0x0000, 0x0000,
    0x0000, 0x0000, 0x0000, 0x3186, 0xAD75, 0xA534, 0x630B, 0x24E0, 0x3E80, 0x3600, 0x3E80, 0x2DA0,
    0x2A41, 0xEE64, 0x6B02, 0x0860, 0xF6A5, 0xEE65, 0x9443, 0x8C03, 0x5A82, 0x5AA2, 0x6B02, 0x5A82,
    0x6B22, 0xB503, 0xFF25, 0xA463, 0x9423, 0xB4E4, 0x9C43, 0xFF05, 0xF685, 0xE0E0, 0x6003, 0x009A,
    0x4A4A, 0xFF03, 0xFEA5, 0xFEC5, 0xFEC5, 0xFEA5, 0xFF45, 0x93E3, 0x0078, 0x48AA, 0xE000, 0xE3CE,
    0xFFFF, 0xFFBE, 0xFFFF, 0xFFDF, 0xFFDF, 0xFFDF, 0xFFDF, 0xFFDF, 0xFFBE, 0xFFFF, 0x9C72, 0x0060,
    0x23C0, 0x3E80, 0x3E20, 0x2502, 0x02A7, 0x02A7, 0x0B06, 0x3E60, 0x2460, 0x1042, 0xF7DE, 0xFFDE,
    0xFFDE, 0xFFDF, 0xFFDF, 0xFFDF, 0xFFDE, 0xFFFF, 0x9C74, 0x0960, 0x46A1, 0x3E81, 0x24A3, 0x2D22,
    0x3E20, 0x3E20, 0x3E20, 0x13C5, 0x0226, 0x08C0, 0x2CA0, 0x1BC0, 0x1B00, 0x2480, 0x35E0, 0x3E80,
    0x4680, 0x3E40, 0x46C0, 0x2C00, 0x1160, 0x3520, 0x3EA0, 0x3E00, 0x3E40, 0x35A1, 0x0B26, 0x0287,
    0x2D61, 0x3E00, 0x1A80, 0x3DE0, 0x3E80, 0x2C00, 0x11C0, 0x1A20, 0x1A60, 0x2C20, 0x3E40, 0x3EA0,
    0x3E80, 0x3E40, 0x3E20, 0x2463, 0x0B06, 0x35E0, 0x3E60, 0x3E00, 0x3E80, 0x23E0, 0x23C0, 0x3E80,
    0x3E00, 0x3E00, 0x3E00, 0x3E00, 0x3E00, 0x3E20, 0x23C0, 0x2C40, 0x2400, 0x1AE0, 0x2360, 0x23A0,
    0x23E0, 0x1B20, 0x1B00, 0x1B00, 0x2380, 0x1B00, 0x2CE0, 0x46C0, 0x24E2, 0x0287, 0x0B66, 0x2523,
    0x2D01, 0x23A0, 0x2340, 0x2C60, 0x3560, 0x08C0, 0x0000, 0x0020, 0x0000, 0x0000, 0x2080, 0x40E0,
    0x69A0, 0x9220, 0xBAE2, 0x8B28, 0xB280, 0xC323, 0xBC0A, 0xBD11, 0xDE99, 0xDF1C, 0xCE58, 0xCDF5,
    0xBD74, 0xA40C, 0x8B69, 0xAAEB, 0xDAA9, 0xAC52, 0x532D, 0x0026, 0x0005, 0x0003, 0x0001, 0x0000,
    0x0000, 0x0000, 0x528A, 0x9491, 0x630C, 0xA539, 0x8CBB, 0x741D, 0x7C5F, 0x639E, 0x321B, 0x08F6,
    0x0052, 0x000D, 0x0009, 0x0005, 0x0003, 0x0021, 0x6B6D, 0xD6BA, 0x94B2, 0x4228, 0x0000, 0x3540,
    0x3E40, 0x3E60, 0x24C0, 0x3201, 0xDDE4, 0xFF05, 0xDDE4, 0xDDE4, 0xFEE5, 0xDDE4, 0x83A2, 0x7B62,
    0x7B62, 0x7B82, 0x8BC2, 0x9423, 0x7362, 0xB4E3, 0xFF45, 0x62A2, 0x7342, 0x5A82, 0x5242, 0xB504,
    0xF665, 0xE0A0, 0x6028, 0x00BC, 0x4A4B, 0xFF03, 0xFEA5, 0xFEC5, 0xFEC5, 0xFEA5, 0xFF25, 0xBD02,
    0x0075, 0x18D1, 0xD020, 0xE165, 0xF73C, 0xFFFF, 0xFFFF, 0xFFFF, 0xFFFF, 0xFFFF, 0xFFFF, 0xFFFF,
    0xFFFF, 0xC69A, 0x0A02, 0x2E81, 0x3700, 0x2E80, 0x2621, 0x0327, 0x0307, 0x02E7, 0x0386, 0x3700,
    0x13A1, 0x634E, 0xFFFF, 0xFFFF, 0xFFFF, 0xFFFF, 0xFFFF, 0xFFFF, 0xFFFF, 0xADD7, 0x0221, 0x2E60,
    0x2EA0, 0x2E40, 0x2E80, 0x36C0, 0x2E80, 0x2E60, 0x36A0, 0x0C84, 0x0226, 0x00A0, 0x2E40, 0x3700,
    0x36E0, 0x36E0, 0x2E80, 0x2E60, 0x2E60, 0x2EC0, 0x24E0, 0x0AC0, 0x2EA0, 0x36C0, 0x2E60, 0x2E80,
    0x2E60, 0x0386, 0x02A7, 0x03C5, 0x2EA0, 0x2E80, 0x1360, 0x2E40, 0x1CC0, 0x1C00, 0x2E00, 0x2EA0,
    0x3700, 0x36E0, 0x2E80, 0x2E60, 0x2E60, 0x2E80, 0x2E41, 0x1D82, 0x2E80, 0x2EA0, 0x2E60, 0x2E80,
    0x2E60, 0x13C0, 0x2E80, 0x2E80, 0x2E80, 0x2E80, 0x2E80, 0x2E80, 0x36A0, 0x3640, 0x3E20, 0x3600,
    0x3E40, 0x3E40, 0x3E40, 0x3E40, 0x3E40, 0x3E40, 0x3E40, 0x3E40, 0x3E60, 0x3E80, 0x3620, 0x2D42,
    0x13C5, 0x13A5, 0x2CE1, 0x3DC0, 0x35E0, 0x3560, 0x2D20, 0x2C40, 0x2380, 0x1240, 0x2420, 0x35A0,
    0x3560, 0x0920, 0x0000, 0x0000, 0x0000, 0x0000, 0x0021, 0x0841, 0x4208, 0xE77D, 0xFFFF, 0xFFFF,
    0xEFBE, 0xB5B6, 0xB5B6, 0xFFFF, 0xEF7E, 0xFFFF, 0x73CF, 0x8BAE, 0xC679, 0xE79D, 0xBDB6, 0x6B74,
    0x3A12, 0x2192, 0x1952, 0x29D4, 0x2153, 0x8C76, 0xEF9D, 0x73AE, 0xC618, 0xC617, 0xBDF6, 0xBDD5,
    0xB5B4, 0xA533, 0xBDD8, 0xBE1C, 0xB5DF, 0x951F, 0x743F, 0x5B7E, 0x3A38, 0x426E, 0xFFFF, 0xC638,
    0x1082, 0x0000, 0x2C61, 0x3E60, 0x3E60, 0x2560, 0x3A21, 0xE665, 0xFF65, 0xFEE5, 0xFF45, 0xFF45,
    0xFF05, 0xFF25, 0xCDC4, 0xDE64, 0xF6E5, 0xF6E5, 0xFF05, 0xF705, 0xA4E3, 0xD5E4, 0xFF45, 0xFF05,
    0xFF05, 0xF6E5, 0xF6E5, 0xEEC5, 0xE3A3, 0xD800, 0x38AE, 0x009B, 0x6B28, 0xFF24, 0xFEA5, 0xFEC5,
    0xFEC5, 0xFEC5, 0xFEC5, 0xF6A3, 0x296C, 0x00BB, 0x6063, 0xE840, 0xE984, 0xF36C, 0xF30A, 0xF30A,
    0xF32B, 0xF36C, 0xF36B, 0xF34B, 0xFB6C, 0xBA05, 0x81E0, 0x9280, 0x8A20, 0x8A60, 0x81C1, 0x7103,
    0x7122, 0x7103, 0x7942, 0x8240, 0x9A43, 0xEB2C, 0xEB0B, 0xEB0B, 0xEB2B, 0xEB6C, 0xF36C, 0xF36B,
    0xF36C, 0xA184, 0x8A40, 0x9280, 0x8A40, 0x8A40, 0x8A60, 0x8A60, 0x8A60, 0x8A40, 0x8A40, 0x89E1,
    0x7903, 0x7881, 0x89A0, 0x8A20, 0x8A00, 0x9220, 0x9240, 0x8A40, 0x8A40, 0x9260, 0x8940, 0x9220,
    0x8A60, 0x8A20, 0x9220, 0x9240, 0x89E1, 0x7902, 0x7902, 0x8162, 0x8A40, 0x8A20, 0x8A00, 0x8A20,
    0x8980, 0x9280, 0x8A60, 0x8A20, 0x8A20, 0x8A20, 0x8A20, 0x8A00, 0x8A20, 0x8A20, 0x8A20, 0x8A60,
    0x8A40, 0x8A20, 0x8A20, 0x8A40, 0x8A00, 0x8A00, 0x8240, 0x8220, 0x8220, 0x8A40, 0x8A40, 0x8A40,
    0x7A00, 0x5B60, 0x3DE0, 0x3640, 0x3E20, 0x3E20, 0x3E20, 0x3E20, 0x3E20, 0x3E20, 0x3E20, 0x3E40,
    0x35E1, 0x2503, 0x24C3, 0x2502, 0x35E1, 0x3580, 0x2C60, 0x3540, 0x35E0, 0x3560, 0x2C60, 0x1B00,
    0x23A0, 0x3560, 0x3E80, 0x3E60, 0x3580, 0x2340, 0x2CC0, 0x3520, 0x2BE0, 0x0900, 0x0000, 0x0000,
    0x4208, 0xFFFF, 0xF7BE, 0x8C71, 0x2124, 0x0000, 0x94B2, 0xA534, 0x4208, 0x738E, 0x0000, 0x7BEF,
    0xFFFF, 0xEF5D, 0xF7BE, 0x9CF2, 0xF7BC, 0xD699, 0xB596, 0x39E8, 0x39C9, 0x52AC, 0x2104, 0x0000,
    0xBDD7, 0xD6BA, 0xD6BB, 0x94B2, 0x4A6A, 0x0000, 0x0000, 0x18A1, 0x39A5, 0x5AA9, 0x73AC, 0x9491,
    0x9CF3, 0x94B2, 0x5B0B, 0x0000, 0x0020, 0x23A0, 0x3E60, 0x3E80, 0x2D60, 0x60E0, 0xE201, 0xEA82,
    0xE241, 0xEA62, 0xEA82, 0xEA62, 0xEA62, 0xEA62, 0xF2A2, 0xF2A2, 0xEA82, 0xEA82, 0xEA82, 0xEA62,
    0xF282, 0xF282, 0xEA61, 0xEA62, 0xEA62, 0xEA62, 0xEA82, 0xF221, 0xE840, 0x8001, 0x08F6, 0x0096,
    0xC543, 0xFF25, 0xFEA5, 0xFEC5, 0xFEC5, 0xFEC5, 0xFEA5, 0xFF25, 0xB4C3, 0x0075, 0x00D7, 0x4885,
    0xA840, 0xC000, 0xB020, 0xB800, 0xB820, 0xB800, 0xB800, 0xB820, 0xC000, 0xC040, 0xC020, 0xC000,
    0xB800, 0xB800, 0xB800, 0xC000, 0xC000, 0xC000, 0xC000, 0xC000, 0xC000, 0xB000, 0xB800, 0xB800,
    0xB800, 0xB820, 0xC020, 0xB820, 0xB820, 0xC860, 0xC820, 0xC800, 0xC800, 0xC800, 0xC000, 0xC000,
    0xC000, 0xC000, 0xC000, 0xC000, 0xC000, 0xC020, 0xC000, 0xC000, 0xC000, 0xC000, 0xC000, 0xC800,
    0xC800, 0xC000, 0xC820, 0xC000, 0xC000, 0xC000, 0xC000, 0xC000, 0xC000, 0xC820, 0xC820, 0xC800,
    0xC000, 0xC000, 0xC000, 0xC000, 0xC000, 0xC800, 0xC000, 0xC000, 0xC000, 0xC000, 0xC000, 0xC000,
    0xC000, 0xC800, 0xC000, 0xC000, 0xC000, 0xC000, 0xC000, 0xC000, 0xC000, 0xC000, 0xB800, 0xC000,
    0xB800, 0xB801, 0xB800, 0xB800, 0x6B80, 0x3DE0, 0x3E20, 0x3E20, 0x3E20, 0x3E20, 0x3E20, 0x3E20,
    0x3E20, 0x3E40, 0x3600, 0x35C1, 0x24E3, 0x2D42, 0x3E20, 0x3EC0, 0x35A0, 0x1B42, 0x0A84, 0x0124,
    0x1261, 0x3520, 0x2C40, 0x3540, 0x3E20, 0x3E40, 0x3600, 0x3E20, 0x3580, 0x3600, 0x3E80, 0x3E80,
    0x2400, 0x0920, 0x11C0, 0x11A0, 0x0000, 0x20E4, 0x20A4, 0x8410, 0xA554, 0x0861, 0x0000, 0x0000,
    0x0000, 0x0000, 0x0000, 0x2104, 0x630C, 0x18C3, 0x20E4, 0x0000, 0x9492, 0xD6BB, 0x94B2, 0x0000,
    0x0000, 0x0000, 0x0000, 0x0000, 0x0000, 0x0000, 0x0000, 0x0000, 0x0000, 0x0020, 0x0000, 0x0000,
    0x0000, 0x0000, 0x0000, 0x0000, 0x0000, 0x0000, 0x0000, 0x0940, 0x3580, 0x3E80, 0x3E60, 0x2D40,
    0x4100, 0xC000, 0xB800, 0xB800, 0xB800, 0xC020, 0xC040, 0xC020, 0xC020, 0xC020, 0xC020, 0xC020,
    0xC020, 0xC020, 0xC000, 0xC800, 0xC020, 0xC020, 0xC020, 0xC020, 0xC020, 0xB820, 0xB820, 0xB020,
    0x6086, 0x00F5, 0x007D, 0x62CD, 0xFF04, 0xFEC5, 0xFEC5, 0xFEC5, 0xFEC5, 0xFEC5, 0xFEC5, 0xFEA5,
    0xFF24, 0x9C44, 0x08B4, 0x007A, 0x00B6, 0x00B5, 0x00B5, 0x00B5, 0x00B5, 0x00D5, 0x00B5, 0x00B5,
    0x00D5, 0x00B5, 0x00B5, 0x00B4, 0x00B4, 0x00B4, 0x00B4, 0x00B4, 0x00B3, 0x00B4, 0x00B4, 0x00D4,
    0x00D4, 0x00B5, 0x08B5, 0x00B4, 0x00D4, 0x00D5, 0x00D5, 0x00D4, 0x00B4, 0x00B4, 0x00B4, 0x00D4,
    0x00D4, 0x00D4, 0x00D4, 0x00D4, 0x00D4, 0x00D4, 0x00D4, 0x00D4, 0x00B4, 0x00B4, 0x00B4, 0x00D4,
    0x00D4, 0x00D5, 0x00D5, 0x00D5, 0x00D5, 0x00D5, 0x00B5, 0x00D5, 0x00D5, 0x00D4, 0x00D4, 0x00D5,
    0x00D5, 0x00B5, 0x00B5, 0x00B4, 0x00D4, 0x00D4, 0x00D4, 0x00B4, 0x00B4, 0x00D4, 0x00B4, 0x00D4,
    0x00D4, 0x00B4, 0x00B4, 0x00D4, 0x08D4, 0x08D4, 0x00D4, 0x00D4, 0x08D4, 0x00B4, 0x00B3, 0x00D4,
    0x00D4, 0x00B3, 0x00B4, 0x0073, 0x08CB, 0x19E4, 0x2360, 0x3500, 0x36A0, 0x3640, 0x3620, 0x3620,
    0x3E20, 0x3E20, 0x3600, 0x3E60, 0x3E60, 0x3E40, 0x35C1, 0x3601, 0x3E60, 0x3E60, 0x3E60, 0x3540,
    0x09E1, 0x0184, 0x12C2, 0x1AC1, 0x11E1, 0x2C80, 0x3E20, 0x3E60, 0x3E20, 0x3E20, 0x3E20, 0x3E20,
    0x3E40, 0x3E20, 0x3E40, 0x2CE0, 0x2340, 0x3580, 0x3EC0, 0x35C0, 0x1180, 0x0100, 0x09A0, 0x0020,
    0x0001, 0x0000, 0x0880, 0x0000, 0x0000, 0x0000, 0x0000, 0x0000, 0x0000, 0x0000, 0x0000, 0x0000,
    0x0000, 0x0000, 0x0000, 0x0000, 0x0000, 0x0020, 0x0000, 0x0000, 0x0000, 0x0000, 0x0000, 0x0000,
    0x0020, 0x0000, 0x0000, 0x0000, 0x0000, 0x0020, 0x0020, 0x0000, 0x0040, 0x0000, 0x1A21, 0x35E0,
    0x3E60, 0x3E80, 0x2CA0, 0x004A, 0x0094, 0x00B3, 0x00B3, 0x00B3, 0x08D3, 0x08B3, 0x00D3, 0x08B3,
    0x08B3, 0x08D3, 0x08D3, 0x08B3, 0x08D3, 0x08D3, 0x08D3, 0x08D3, 0x08D4, 0x08D4, 0x08D3, 0x00D3,
    0x00D4, 0x00D4, 0x00B3, 0x00B5, 0x009B, 0x0076, 0x5AAA, 0xFEC5, 0xFEC5, 0xFEC5, 0xFEC5, 0xFEC5,
    0xFEC5, 0xFEC5, 0xFEC5, 0xFEC5, 0xFEA5, 0xFF25, 0xD5A3, 0x6AE9, 0x2990, 0x1952, 0x1931, 0x1131,
    0x1111, 0x1111, 0x1131, 0x1131, 0x1132, 0x1132, 0x1132, 0x1132, 0x1132, 0x1132, 0x1132, 0x1132,
    0x1132, 0x1112, 0x1112, 0x1112, 0x1132, 0x1112, 0x1112, 0x1132, 0x1112, 0x0912, 0x1112, 0x1112,
    0x1112, 0x1112, 0x1112, 0x1133, 0x1112, 0x1112, 0x0913, 0x1112, 0x1111, 0x1133, 0x1132, 0x1112,
    0x1112, 0x1112, 0x1132, 0x1132, 0x1132, 0x1132, 0x1132, 0x1132, 0x1132, 0x1132, 0x1133, 0x1132,
    0x1132, 0x1132, 0x1133, 0x1133, 0x1133, 0x1133, 0x1133, 0x1133, 0x1133, 0x1113, 0x1113, 0x1133,
    0x0913, 0x0913, 0x0913, 0x0913, 0x0913, 0x0913, 0x0913, 0x0913, 0x0913, 0x0913, 0x0913, 0x0913,
    0x0913, 0x0913, 0x1113, 0x1913, 0x10F3, 0x0914, 0x0974, 0x1B88, 0x35A0, 0x3660, 0x3E80, 0x3E80,
    0x3E60, 0x3E40, 0x3E60, 0x3E60, 0x3600, 0x3600, 0x3E80, 0x3560, 0x2360, 0x35A0, 0x3E00, 0x35A0,
    0x35C0, 0x3620, 0x2D20, 0x23E0, 0x2CA0, 0x35A0, 0x3E20, 0x3E80, 0x3E60, 0x3E80, 0x3E20, 0x3E20,
    0x3E20, 0x3E20, 0x3E20, 0x3E20, 0x3E20, 0x3E20, 0x3E20, 0x3600, 0x3EE0, 0x3E60, 0x2D00, 0x2C80,
    0x3580, 0x3E80, 0x3E20, 0x1A40, 0x2380, 0x23E0, 0x1180, 0x08E0, 0x2340, 0x1180, 0x0000, 0x0020,
    0x0020, 0x0000, 0x0000, 0x0000, 0x0020, 0x0000, 0x0020, 0x0000, 0x0000, 0x0000, 0x0000, 0x0000,
    0x0000, 0x0000, 0x0000, 0x0000, 0x0000, 0x0000, 0x0000, 0x0000, 0x0000, 0x0000, 0x0000, 0x0960,
    0x1220, 0x2380, 0x3E80, 0x3E40, 0x3640, 0x23C0, 0x0885, 0x08D3, 0x1134, 0x0914, 0x08F4, 0x08F3,
    0x0913, 0x0913, 0x0913, 0x0914, 0x08F4, 0x08F3, 0x08F4, 0x08F3, 0x08F3, 0x08F3, 0x00F4, 0x00F3,
    0x08F3, 0x08F3, 0x08F3, 0x08F3, 0x08F3, 0x08F3, 0x08F3, 0x1951, 0x526A, 0xB4E3, 0xFF03, 0xFEC5,
    0xFEC5, 0xFEC5, 0xFEC5, 0xFEC5, 0xFEC5, 0xFEC5, 0xFEC5, 0xFEC5, 0xFEC5, 0xFEA5, 0xFF05, 0xFF24,
    0xFEA3, 0xEE63, 0xEE43, 0xEE43, 0xEE23, 0xEE43, 0xEE43, 0xEE43, 0xEE43, 0xEE43, 0xEE43, 0xEE43,
    0xEE43, 0xEE23, 0xEE43, 0xEE23, 0xEE23, 0xE623, 0xE623, 0xEE23, 0xEE23, 0xEE23, 0xEE23, 0xEE23,
    0xE623, 0xE623, 0xE623, 0xEE23, 0xEE23, 0xEE23, 0xEE23, 0xEE23, 0xEE23, 0xEE23, 0xE623, 0xE623,
    0xEE23, 0xEE23, 0xEE23, 0xEE23, 0xE623, 0xEE23, 0xEE23, 0xEE43, 0xEE23, 0xEE43, 0xEE43, 0xEE43,
    0xEE43, 0xEE23, 0xEE43, 0xEE23, 0xEE23, 0xEE23, 0xEE23, 0xEE23, 0xEE43, 0xEE43, 0xEE23, 0xEE23,
    0xEE23, 0xE623, 0xE623, 0xEE23, 0xE623, 0xE623, 0xE603, 0xE623, 0xE603, 0xE623, 0xE623, 0xE603,
    0xDE03, 0xE603, 0xEE23, 0xE603, 0xE603, 0xF623, 0xCDE1, 0x85A0, 0x4D80, 0x3D80, 0x3E00, 0x3E80,
    0x3E60, 0x3E60, 0x3E80, 0x35E1, 0x24E1, 0x2DA1, 0x2502, 0x1C44, 0x0BA5, 0x2502, 0x2C20, 0x2320,
    0x23E0, 0x2CE0, 0x3640, 0x2CA0, 0x3540, 0x3E20, 0x35C0, 0x3E60, 0x3E80, 0x3E40, 0x3E20, 0x3600,
    0x3E20, 0x3620, 0x3E20, 0x3E20, 0x3E20, 0x3E20, 0x3E20, 0x3620, 0x3600, 0x3600, 0x3E60, 0x3E80,
    0x2CA0, 0x2400, 0x3540, 0x3E80, 0x3600, 0x3600, 0x35E0, 0x3E20, 0x3540, 0x2320, 0x2400, 0x3E80,
    0x35C0, 0x08A0, 0x0000, 0x0000, 0x0000, 0x0020, 0x0000, 0x0000, 0x0000, 0x0000, 0x0000, 0x0000,
    0x0020, 0x0000, 0x0000, 0x0000, 0x0000, 0x0000, 0x0020, 0x0020, 0x0000, 0x0000, 0x0000, 0x0000,
    0x0000, 0x0000, 0x1200, 0x23E0, 0x2CE0, 0x3E60, 0x3E40, 0x2E00, 0x4481, 0xBD05, 0xDE04, 0xDE03,
    0xE623, 0xE603, 0xDE03, 0xDE03, 0xDE03, 0xDE03, 0xDE03, 0xDE03, 0xDDE3, 0xDDE3, 0xDDE3, 0xDDE3,
    0xDDE3, 0xDDE3, 0xDDE3, 0xDDE3, 0xDE03, 0xDDE3, 0xDDE3, 0xDDE3, 0xDDE3, 0xDDE3, 0xE603, 0xF663,
    0xFF04, 0xFF25, 0xFEC5, 0xFEC5, 0xFEC5, 0xFEC5, 0xFEC5, 0xFEC5, 0xFEC5, 0xFEC5, 0xFEC5, 0xFEC5,
    0xFEC5, 0xFEC5, 0xFEA5, 0xFEA5, 0xFEC5, 0xFEE5, 0xFEE5, 0xFEE5, 0xFEE5, 0xFEE5, 0xFEE5, 0xFEE5,
    0xFEE5, 0xFEE5, 0xFEE5, 0xFEE5, 0xFEE5, 0xFEE5, 0xFEE5, 0xFEE5, 0xFEE5, 0xFEE5, 0xFEE5, 0xFEE5,
    0xFEE5, 0xFEE5, 0xFEE5, 0xFEE5, 0xFEE5, 0xFEE5, 0xFEE5, 0xFEE5, 0xFEE5, 0xFEE5, 0xFEE5, 0xFEE5,
    0xFEE5, 0xFEE5, 0xFEE5, 0xFEE5, 0xFEE5, 0xFEE5, 0xFEE5, 0xFEE5, 0xFEE5, 0xFEE5, 0xFEE5, 0xFEE5,
    0xFEE5, 0xFEE5, 0xFEE5, 0xFEE5, 0xFEE5, 0xFEE5, 0xFEE5, 0xFEE5, 0xFEE5, 0xFEE5, 0xFEE5, 0xFEE5,
    0xFEE5, 0xFEE5, 0xFEE5, 0xFEE5, 0xFEE5, 0xFEE5, 0xFEE5, 0xFEE5, 0xFEE5, 0xFEE5, 0xFEE5, 0xFEE5,
    0xFEE5, 0xFEE5, 0xFEE5, 0xFEE6, 0xFF05, 0xFEE5, 0xEEC4, 0xF6E4, 0xEEE4, 0x9E81, 0x4E40, 0x3640,
    0x3640, 0x3640, 0x3E20, 0x3E20, 0x2DA1, 0x2482, 0x1322, 0x0A62, 0x09A1, 0x0205, 0x02A7, 0x02C7,
    0x1CA3, 0x2461, 0x24C2, 0x24A1, 0x1C43, 0x1425, 0x2D81, 0x3E40, 0x3E40, 0x3E20, 0x3E40, 0x3E20,
    0x3620, 0x3E20, 0x3E20, 0x3E20, 0x3E20, 0x3E20, 0x3E20, 0x3E20, 0x3E20, 0x3620, 0x3E20, 0x3E80,
    0x3E80, 0x3EA0, 0x3580, 0x1B20, 0x23C0, 0x3E20, 0x3EA0, 0x3540, 0x3540, 0x3E20, 0x3600, 0x2CE0,
    0x2CA0, 0x3600, 0x3EE0, 0x3520, 0x1180, 0x1AA0, 0x2CA0, 0x3560, 0x1A80, 0x0000, 0x0000, 0x0900,
    0x0020, 0x0000, 0x0000, 0x0000, 0x0000, 0x0000, 0x0020, 0x0960, 0x11C0, 0x0020, 0x0000, 0x0000,
    0x0000, 0x0000, 0x0000, 0x0000, 0x0000, 0x23C0, 0x3E80, 0x35E0, 0x3E60, 0x3E20, 0x25C0, 0x4CC1,
    0xE644, 0xFF25, 0xFEE5, 0xFEE5, 0xFEE5, 0xFEE5, 0xFEE5, 0xFEE5, 0xFEE5, 0xFEE5, 0xFEE5, 0xFEE5,
    0xFEE5, 0xFEE5, 0xFEE5, 0xFEE5, 0xFEE5, 0xFEE5, 0xFEE5, 0xFEE5, 0xFEE5, 0xFEE5, 0xFEE5, 0xFEE5,
    0xFEE5, 0xFEE5, 0xFEE5, 0xFEE5, 0xFEA5, 0xFEA5, 0xFEC5, 0xFEC5, 0xFEC5, 0xFEC5, 0xFEC5, 0xFEC5,
    0xFEC5, 0xFEC5, 0xFEC5, 0xFEC5, 0xFEC5, 0xFEC5, 0xFEC5, 0xFEC5, 0xFEC5, 0xFEC5, 0xFEC5, 0xFEC5,
    0xFEA5, 0xFEC5, 0xFEC5, 0xFEA5, 0xFEC5, 0xFEC5, 0xFEA5, 0xFEC5, 0xFEC5, 0xFEA5, 0xFEC5, 0xFEC5,
    0xFEC5, 0xFEC5, 0xFEC5, 0xFEC5, 0xFEC5, 0xFEC5, 0xFEC5, 0xFEC5, 0xFEC5, 0xFEC5, 0xFEC5, 0xFEC5,
    0xFEC5, 0xFEC5, 0xFEC5, 0xFEC5, 0xFEC5, 0xFEC5, 0xFEC5, 0xFEC5, 0xFEC5, 0xFEC5, 0xFEC5, 0xFEC5,
    0xFEC5, 0xFEC5, 0xFEC5, 0xFEC5, 0xFEC5, 0xFEC5, 0xFEC5, 0xFEC5, 0xFEC5, 0xFEC5, 0xFEC5, 0xFEC5,
    0xFEC5, 0xFEC5, 0xFEC5, 0xFEC5, 0xFEC5, 0xFEC5, 0xFEC5, 0xFEC5, 0xFEC5, 0xFEC5, 0xFEC5, 0xFEC5,
    0xFEC5, 0xFEC5, 0xFEA5, 0xFEC5, 0xFEC5, 0xFEC5, 0xFEC4, 0xDEA3, 0xA661, 0x6640, 0x4620, 0x4620,
    0x4620, 0x2E00, 0x3620, 0x3E00, 0x3E20, 0x3E40, 0x3E60, 0x2542, 0x01C5, 0x2340, 0x2CA0, 0x23A0,
    0x2562, 0x1C42, 0x1444, 0x1464, 0x14A3, 0x1464, 0x14A4, 0x2543, 0x2DC1, 0x3620, 0x3E20, 0x3E20,
    0x3E20, 0x3E20, 0x3E20, 0x3E20, 0x3E20, 0x3E20, 0x3E20, 0x3E20, 0x3E20, 0x3E20, 0x3E20, 0x3E20,
    0x3E20, 0x3E80, 0x3600, 0x2C60, 0x23A0, 0x2360, 0x2340, 0x3560, 0x3EC0, 0x35E0, 0x2CC0, 0x3580,
    0x3E60, 0x3600, 0x35C0, 0x35A0, 0x3EA0, 0x3E40, 0x2CA0, 0x2CA0, 0x3600, 0x3E80, 0x3EE0, 0x2CA0,
    0x0920, 0x1AA0, 0x35A0, 0x2C80, 0x0000, 0x0960, 0x11E0, 0x0920, 0x2340, 0x2C80, 0x3580, 0x3E40,
    0x1240, 0x0000, 0x1200, 0x23E0, 0x23E0, 0x0020, 0x08E0, 0x11E0, 0x2D00, 0x3E80, 0x3620, 0x3E20,
    0x3620, 0x2DA0, 0x8D63, 0xF6A5, 0xFEE5, 0xFEA5, 0xFEC5, 0xFEC5, 0xFEC5, 0xFEC5, 0xFEC5, 0xFEC5,
    0xFEC5, 0xFEC5, 0xFEC5, 0xFEC5, 0xFEC5, 0xFEC5, 0xFEC5, 0xFEC5, 0xFEC5, 0xFEC5, 0xFEC5, 0xFEC5,
    0xFEC5, 0xFEC5, 0xFEC5, 0xFEC5, 0xFEC5, 0xFEC5, 0xFEC5, 0xFEC5, 0xFEC5, 0xFEC5, 0xFEC5, 0xFEC5,
    0xFEC5, 0xFEC5, 0xFEC5, 0xFEC5, 0xFEC5, 0xFEC5, 0xFEC5, 0xFEC5, 0xFEC5, 0xFEC5, 0xFEC5, 0xFEE5,
    0xFEE5, 0xFEE5, 0xFEE5, 0xFEE5, 0xFEE5, 0xFEE5, 0xFEE5, 0xFEE5, 0xFEE5, 0xFEE5, 0xFEE5, 0xFEE5,
    0xFEE5, 0xFF05, 0xFEC5, 0xFEA5, 0xFEC5, 0xFEC5, 0xFEC5, 0xFEC5, 0xFEC5, 0xFEC5, 0xFEC5, 0xFEC5,
    0xFEC5, 0xFEC5, 0xFEC5, 0xFEC5, 0xFEC5, 0xFEC5, 0xFEC5, 0xFEC5, 0xFEC5, 0xFEC5, 0xFEC5, 0xFEC5,
    0xFEC5, 0xFEC5, 0xFEC5, 0xFEC5, 0xFEC5, 0xFEC5, 0xFEC5, 0xFEC5, 0xFEC5, 0xFEC5, 0xFEC5, 0xFEC5,
    0xFEC5, 0xFEC5, 0xFEC5, 0xFEC5, 0xFEC5, 0xFEC5, 0xFEC5, 0xFEC5, 0xFEC5, 0xFEC5, 0xFEC5, 0xFEC5,
    0xFEC5, 0xFEC5, 0xFEC5, 0xFEC5, 0xFEC5, 0xFEC5, 0xFEC5, 0xFEC4, 0xDEA3, 0x9E82, 0x6640, 0x3E20,
    0x2E20, 0x2E20, 0x3620, 0x3620, 0x3620, 0x3E40, 0x3E40, 0x3E60, 0x3E20, 0x1CC3, 0x0B05, 0x0AA4,
    0x12A1, 0x2421, 0x2DA1, 0x3E41, 0x3641, 0x3E60, 0x3E60, 0x3E40, 0x3620, 0x3E40, 0x3E60, 0x3E40,
    0x3E40, 0x3E20, 0x3E20, 0x3E20, 0x3E20, 0x3E20, 0x3E20, 0x3E20, 0x3E20, 0x3E20, 0x3E20, 0x3E20,
    0x3E20, 0x3E20, 0x3E20, 0x3E60, 0x3E40, 0x2CC0, 0x23E0, 0x2420, 0x2360, 0x2CE0, 0x3EA0, 0x3621,
    0x2D20, 0x2C80, 0x35C0, 0x3E20, 0x2D00, 0x35C0, 0x3E40, 0x3E60, 0x35E0, 0x2C40, 0x3560, 0x3E80,
    0x3E40, 0x3E40, 0x23E0, 0x1AE0, 0x35A0, 0x3EC0, 0x35A0, 0x1AC0, 0x2CC0, 0x3E40, 0x3E40, 0x3E40,
    0x3E80, 0x3E80, 0x3E60, 0x1240, 0x1A60, 0x2CC0, 0x3E80, 0x3E40, 0x2380, 0x1B00, 0x2380, 0x3600,
    0x2DA2, 0x35E0, 0x3E40, 0x3640, 0x35A0, 0xBE43, 0xFF05, 0xFEC5, 0xFEC5, 0xFEC5, 0xFEC5, 0xFEC5,
    0xFEC5, 0xFEC5, 0xFEC5, 0xFEC5, 0xFEC5, 0xFEC5, 0xFEC5, 0xFEC5, 0xFEC5, 0xFEC5, 0xFEC5, 0xFEC5,
    0xFEC5, 0xFEC5, 0xFEC5, 0xFEC5, 0xFEC5, 0xFEC5, 0xFEC5, 0xFEC5, 0xFEC5, 0xFEC5, 0xFEC5, 0xFEC5,
    0xFEC5, 0xFEC5, 0xFEC5, 0xFEC5, 0xFEC5, 0xFEC5, 0xFEC5, 0xFEC5, 0xFEC5, 0xFEC5, 0xFEC5, 0xFEC5,
    0xFEC5, 0xFEA5, 0xFEE5, 0xACE3, 0x7B82, 0x8BE3, 0x83C3, 0x9443, 0xACE4, 0x83C3, 0x83E3, 0x7B63,
    0x8C03, 0x9423, 0xB524, 0x8BE3, 0x8BE3, 0x83A3, 0x7363, 0xDE04, 0xFEE5, 0xFEC5, 0xFEC5, 0xFEC5,
    0xFEC5, 0xFEC5, 0xFEC5, 0xFEC5, 0xFEC5, 0xFEC5, 0xFEC5, 0xFEC5, 0xFEC5, 0xFEC5, 0xFEC5, 0xFEC5,
    0xFEC5, 0xFEC5, 0xFEC5, 0xFEC5, 0xFEC5, 0xFEC5, 0xFEC5, 0xFEC5, 0xFEC5, 0xFEC5, 0xFEC5, 0xFEC5,
    0xFEC5, 0xFEC5, 0xFEC5, 0xFEC5, 0xFEC5, 0xFEC5, 0xFEC5, 0xFEC5, 0xFEC5, 0xFEC5, 0xFEC5, 0xFEC5,
    0xFEC5, 0xFEC5, 0xFEC5, 0xFEC5, 0xFEC5, 0xFEC5, 0xFEC5, 0xFEC5, 0xF6C4, 0xBEA2, 0x8661, 0x6640,
    0x3E20, 0x2E20, 0x2E20, 0x3620, 0x3E40, 0x3E60, 0x3E60, 0x3E60, 0x3E20, 0x35E0, 0x2D81, 0x1C83,
    0x0BA5, 0x0AA4, 0x1302, 0x2CC1, 0x2461, 0x1C23, 0x2DE1, 0x3E40, 0x3E20, 0x3620, 0x3E20, 0x3E20,
    0x3E20, 0x3E20, 0x3620, 0x3620, 0x3E20, 0x3E20, 0x3E20, 0x3E20, 0x3E20, 0x3E20, 0x3E20, 0x3E20,
    0x3E20, 0x3E20, 0x3E20, 0x3620, 0x3E20, 0x3E40, 0x3E40, 0x3580, 0x2400, 0x2CE0, 0x3600, 0x3E40,
    0x3EA0, 0x3641, 0x1CC3, 0x2462, 0x2D00, 0x2562, 0x2DA1, 0x35A0, 0x35A0, 0x3E40, 0x3E20, 0x35C0,
    0x3540, 0x35E0, 0x3E60, 0x3E20, 0x3E20, 0x2D00, 0x2CE0, 0x3E80, 0x3E40, 0x3E20, 0x3540, 0x3E20,
    0x3E80, 0x2D61, 0x35E0, 0x3E20, 0x3E80, 0x3600, 0x1A80, 0x2400, 0x3EE0, 0x3E60, 0x3E60, 0x2C80,
    0x2420, 0x2C40, 0x3601, 0x1CC3, 0x2D61, 0x3E60, 0x2DE0, 0x4D60, 0xD684, 0xFEE5, 0xFEA5, 0xFEC5,
    0xFEC5, 0xFEC5, 0xFEC5, 0xFEC5, 0xFEC5, 0xFEC5, 0xFEC5, 0xFEC5, 0xFEC5, 0xFEC5, 0xFEC5, 0xFEC5,
    0xFEC5, 0xFEC5, 0xFEC5, 0xFEC5, 0xFEC5, 0xFEC5, 0xFEC5, 0xFEC5, 0xFEC5, 0xFEC5, 0xFEC5, 0xFEC5,
    0xFEC5, 0xFEC5, 0xFEC5, 0xFEC5, 0xFEC5, 0xFEC5, 0xFEC5, 0xFEC5, 0xFEC5, 0xFEC5, 0xFEC5, 0xFEC5,
    0xFEC5, 0xFEC5, 0xFEC5, 0xFEC5, 0xFEC5, 0xFEC5, 0xFEE5, 0xD5C4, 0xBD24, 0xC544, 0xC544, 0xCD84,
    0xD5A4, 0xC544, 0xC544, 0xBD24, 0xC564, 0xBD24, 0xD5C4, 0xC544, 0xC544, 0xBD24, 0xC584, 0xFEC5,
    0xFEC5, 0xFEC5, 0xFEC5, 0xFEC5, 0xFEC5, 0xFEC5, 0xFEC5, 0xFEC5, 0xFEC5, 0xFEC5, 0xFEC5, 0xFEC5,
    0xFEC5, 0xFEC5, 0xFEC5, 0xFEC5, 0xFEC5, 0xFEC5, 0xFEC5, 0xFEC5, 0xFEC5, 0xFEC5, 0xFEC5, 0xFEC5,
    0xFEC5, 0xFEC5, 0xFEC5, 0xFEC5, 0xFEC5, 0xFEC5, 0xFEC5, 0xFEC5, 0xFEC5, 0xFEC5, 0xFEC5, 0xFEC5,
    0xFEC5, 0xFEC5, 0xFEC5, 0xFEC5, 0xFEC5, 0xFEC5, 0xFEC5, 0xFEC5, 0xFEC5, 0xFEC5, 0xF6C3, 0xA6A1,
    0x5640, 0x2E20, 0x2E20, 0x2E20, 0x3E20, 0x3E40, 0x3E40, 0x3E40, 0x2DC1, 0x1CC3, 0x1CA3, 0x1404,
    0x0BA5, 0x1424, 0x0365, 0x02A7, 0x0204, 0x13A2, 0x1CE3, 0x2D82, 0x3E40, 0x3E80, 0x3E20, 0x3E20,
    0x3E20, 0x3E20, 0x3E20, 0x3E20, 0x3E20, 0x3E20, 0x3E20, 0x3E20, 0x3E20, 0x3E20, 0x3E20, 0x3E20,
    0x3E20, 0x3E20, 0x3E20, 0x3E20, 0x3E20, 0x3620, 0x3E40, 0x3E40, 0x3620, 0x35E1, 0x2DA1, 0x2CA0,
    0x35C0, 0x3E80, 0x3E60, 0x3E40, 0x2522, 0x1C83, 0x2D82, 0x2542, 0x1425, 0x2542, 0x3E60, 0x3600,
    0x3621, 0x3E40, 0x35E0, 0x3560, 0x3E20, 0x3E40, 0x3E40, 0x3600, 0x35C0, 0x35E0, 0x3E80, 0x3620,
    0x3620, 0x3E20, 0x3E80, 0x35C1, 0x2502, 0x35E1, 0x3E40, 0x3E60, 0x23E0, 0x2C60, 0x3600, 0x3E80,
    0x3600, 0x3E40, 0x35E0, 0x2DC1, 0x3E80, 0x2522, 0x1424, 0x35C1, 0x3E60, 0x2DE0, 0x6581, 0xE664,
    0xFEE5, 0xFEC5, 0xFEC5, 0xFEC5, 0xFEC5, 0xFEC5, 0xFEC5, 0xFEC5, 0xFEC5, 0xFEC5, 0xFEC5, 0xFEC5,
    0xFEC5, 0xFEC5, 0xFEC5, 0xFEC5, 0xFEC5, 0xFEC5, 0xFEC5, 0xFEC5, 0xFEC5, 0xFEC5, 0xFEC5, 0xFEC5,
    0xFEC5, 0xFEC5, 0xFEC5, 0xFEC5, 0xFEC5, 0xFEC5, 0xFEC5, 0xFEC5, 0xFEC5, 0xFEC5, 0xFEC5, 0xFEC5,
    0xFEC5, 0xFEC5, 0xFEC5, 0xFEC5, 0xFEC5, 0xFEC5, 0xFEC5, 0xFEC5, 0xFEC5, 0xFEC5, 0xFEC5, 0xFEE5,
    0xFF05, 0xFF05, 0xFF05, 0xFF05, 0xFF05, 0xFF05, 0xFF05, 0xFF05, 0xFF05, 0xFF05, 0xFEE5, 0xFF05,
    0xFF05, 0xFF05, 0xFF05, 0xFEC5, 0xFEC5, 0xFEC5, 0xFEC5, 0xFEC5, 0xFEC5, 0xFEC5, 0xFEC5, 0xFEC5,
    0xFEC5, 0xFEC5, 0xFEC5, 0xFEC5, 0xFEC5, 0xFEC5, 0xFEC5, 0xFEC5, 0xFEC5, 0xFEC5, 0xFEC5, 0xFEC5,
    0xFEC5, 0xFEC5, 0xFEC5, 0xFEC5, 0xFEC5, 0xFEC5, 0xFEC5, 0xFEC5, 0xFEC5, 0xFEC5, 0xFEC5, 0xFEC5,
    0xFEC5, 0xFEC5, 0xFEC5, 0xFEC5, 0xFEC5, 0xFEC5, 0xFEC5, 0xFEC5, 0xFEC5, 0xFEC5, 0xFEC5, 0xFEE4,
    0xE6C3, 0x9EA1, 0x4E40, 0x2E20, 0x3620, 0x3E20, 0x3E40, 0x3E40, 0x3E20, 0x35C1, 0x2D62, 0x2503,
    0x1444, 0x1444, 0x24E3, 0x2522, 0x2522, 0x1CC3, 0x0BA5, 0x1424, 0x1C62, 0x24E2, 0x35A1, 0x3E20,
    0x3E20, 0x3620, 0x3E20, 0x3E20, 0x3E20, 0x3E20, 0x3E20, 0x3E20, 0x3E20, 0x3E20, 0x3E20, 0x3E20,
    0x3E20, 0x3E20, 0x3E20, 0x3E20, 0x3E20, 0x3E20, 0x3E20, 0x3E20, 0x3E20, 0x3E40, 0x35E1, 0x2D82,
    0x2562, 0x35C1, 0x3620, 0x3E60, 0x3E40, 0x3E40, 0x2543, 0x1445, 0x1445, 0x1CA4, 0x1405, 0x0C05,
    0x35E1, 0x35E1, 0x1CE3, 0x2523, 0x35C1, 0x2D20, 0x3600, 0x3E40, 0x3E20, 0x3E20, 0x3580, 0x35A0,
    0x3E20, 0x3E40, 0x3E20, 0x3E20, 0x3E40, 0x3620, 0x1C64, 0x1464, 0x3E20, 0x3E40, 0x3620, 0x2D20,
    0x2380, 0x35A0, 0x3E60, 0x3E20, 0x3E60, 0x2D62, 0x1CC3, 0x2D62, 0x1425, 0x1404, 0x3600, 0x3660,
    0x3DA0, 0xAE42, 0xFEE5, 0xFEE5, 0xFEC5, 0xFEC5, 0xFEC5, 0xFEC5, 0xFEC5, 0xFEC5, 0xFEC5, 0xFEC5,
    0xFEC5, 0xFEC5, 0xFEC5, 0xFEC5, 0xFEC5, 0xFEC5, 0xFEC5, 0xFEC5, 0xFEC5, 0xFEC5, 0xFEC5, 0xFEC5,
    0xFEC5, 0xFEC5, 0xFEC5, 0xFEC5, 0xFEC5, 0xFEC5, 0xFEC5, 0xFEC5, 0xFEC5, 0xFEC5, 0xFEC5, 0xFEC5,
    0xFEC5, 0xFEC5, 0xFEC5, 0xFEC5, 0xFEC5, 0xFEC5, 0xFEC5, 0xFEC5, 0xFEC5, 0xFEC5, 0xFEC5, 0xFEC5,
    0xFEC5, 0xFEC5, 0xFEC5, 0xFEC5, 0xFEA5, 0xFEA5, 0xFEA5, 0xFEA5, 0xFEC5, 0xFEA5, 0xFEA5, 0xFEA5,
    0xFEA5, 0xFEA5, 0xFEC5, 0xFEA5, 0xFEA5, 0xFEA5, 0xFEA5, 0xFEC5, 0xFEC5, 0xFEC5, 0xFEC5, 0xFEC5,
    0xFEC5, 0xFEC5, 0xFEC5, 0xFEC5, 0xFEC5, 0xFEC5, 0xFEC5, 0xFEC5, 0xFEC5, 0xFEC5, 0xFEC5, 0xFEC5,
    0xFEC5, 0xFEC5, 0xFEC5, 0xFEC5, 0xFEC5, 0xFEC5, 0xFEC5, 0xFEC5, 0xFEC5, 0xFEC5, 0xFEC5, 0xFEC5,
    0xFEC5, 0xFEC5, 0xFEC5, 0xFEC5, 0xFEC5, 0xFEC5, 0xFEC5, 0xFEC5, 0xFEC5, 0xFEC5, 0xFEC5, 0xFEC5,
    0xFEC5, 0xF6C4, 0xC6C2, 0x7680, 0x4640, 0x2E20, 0x3620, 0x3E20, 0x3E20, 0x3E20, 0x35E1, 0x2523,
    0x1CE3, 0x2503, 0x2D82, 0x35E1, 0x3E40, 0x3E80, 0x3601, 0x2D42, 0x1CC3, 0x2542, 0x35E1, 0x3E40,
    0x3E80, 0x3E60, 0x3E40, 0x3E20, 0x3E20, 0x3E20, 0x3E20, 0x3E20, 0x3E20, 0x3E20, 0x3E20, 0x3E20,
    0x3E20, 0x3E20, 0x3E20, 0x3E20, 0x3E20, 0x3E20, 0x3E20, 0x3E20, 0x3E20, 0x3E20, 0x3E20, 0x3E20,
    0x3E20, 0x2542, 0x1D03, 0x2DA2, 0x3620, 0x3E40, 0x3E20, 0x3E20, 0x2DC2, 0x1485, 0x0368, 0x0387,
    0x0BC6, 0x0328, 0x0C46, 0x2563, 0x1485, 0x0C26, 0x2562, 0x3E20, 0x3560, 0x35E0, 0x3E40, 0x3E20,
    0x3E40, 0x35E0, 0x3580, 0x3E40, 0x3E20, 0x3E20, 0x3E20, 0x3E40, 0x2DC1, 0x0BE5, 0x0327, 0x2DA1,
    0x3E40, 0x3E40, 0x2440, 0x2CC0, 0x3EE0, 0x3E40, 0x3620, 0x2DC1, 0x1CC4, 0x0347, 0x0BC6, 0x0387,
    0x1C84, 0x3E60, 0x3640, 0x4E40, 0xD6C3, 0xFEE5, 0xFEC5, 0xFEC5, 0xFEC5, 0xFEC5, 0xFEC5, 0xFEC5,
    0xFEC5, 0xFEC5, 0xFEC5, 0xFEC5, 0xFEC5, 0xFEC5, 0xFEC5, 0xFEC5, 0xFEC5, 0xFEC5, 0xFEC5, 0xFEC5,
    0xFEC5, 0xFEC5, 0xFEC5, 0xFEC5, 0xFEC5, 0xFEC5, 0xFEC5, 0xFEC5, 0xFEC5, 0xFEC5, 0xFEC5, 0xFEC5,
    0xFEC5, 0xFEC5, 0xFEC5, 0xFEC5, 0xFEC5, 0xFEC5, 0xFEC5, 0xFEC5, 0xFEC5, 0xFEC5, 0xFEC5, 0xFEC5,
};
