// Dig Dug — 208x58 RGB565, generated
#include "marquees.h"

const uint16_t marquee_digdug_data[12064] = {
    0x0000, 0x0000, 0x0000, 0x0000, 0x0000, 0x0000, 0x0000, 0x0000, 0x0000, 0x0000, 0x0000, 0x0000,
    0x0000, 0x0000, 0x0000, 0x0000, 0x0000, 0x0000, 0x0000, 0x0000, 0x0000, 0x0000, 0x0000, 0x0000,
    0x0000, 0x0000, 0x0000, 0x0000, 0x0000, 0x0000, 0x0000, 0x0000, 0x0000, 0x0000, 0x0000, 0x0000,
    0x0000, 0x0000, 0x0000, 0x0000, 0x0000, 0x0000, 0x0000, 0x0000, 0x0000, 0x0000, 0x0000, 0x0000,
    0x0000, 0x0000, 0x0000, 0x0000, 0x0000, 0x0000, 0x0000, 0x0000, 0x0000, 0x0000, 0x0000, 0x0000,
    0x0000, 0x0000, 0x0000, 0x0000, 0x0000, 0x0000, 0x0000, 0x0000, 0x0000, 0x0000, 0x0000, 0x0000,
    0x0000, 0x0000, 0x0000, 0x0000, 0x0000, 0x0000, 0x0000, 0x0000, 0x0000, 0x0000, 0x0000, 0x0000,
    0x0000, 0x0000, 0x0000, 0x0000, 0x0000, 0x0000, 0x0000, 0x0000, 0x0000, 0x0000, 0x0000, 0x0000,
    0x0000, 0x0000, 0x0000, 0x0000, 0x0000, 0x0000, 0x0000, 0x0000, 0x0000, 0x0000, 0x0000, 0x0000,
    0x0000, 0x0000, 0x0000, 0x0000, 0x0000, 0x0000, 0x0000, 0x0000, 0x0000, 0x0000, 0x0000, 0x0000,
    0x0000, 0x0000, 0x0000, 0x0000, 0x0000, 0x0000, 0x0000, 0x0000, 0x0000, 0x0000, 0x0000, 0x0000,
    0x0000, 0x0000, 0x0000, 0x0000, 0x0000, 0x0000, 0x0000, 0x0000, 0x0000, 0x0000, 0x0000, 0x0000,
    0x0000, 0x0000, 0x0000, 0x0000, 0x0000, 0x0000, 0x0000, 0x0000, 0x0000, 0x0000, 0x0000, 0x0000,
    0x0000, 0x0000, 0x0000, 0x0000, 0x0000, 0x0000, 0x0000, 0x0000, 0x0000, 0x0000, 0x0000, 0x0000,
    0x0000, 0x0000, 0x0000, 0x0000, 0x0000, 0x0000, 0x0000, 0x0000, 0x0000, 0x0000, 0x0000, 0x0000,
    0x0000, 0x0000, 0x0000, 0x0000, 0x0000, 0x0000, 0x0000, 0x0000, 0x0000, 0x0000, 0x0000, 0x0000,
    0x0000, 0x0000, 0x0000, 0x0000, 0x0000, 0x0000, 0x0000, 0x0000, 0x0000, 0x0000, 0x0000, 0x0000,
    0x0000, 0x0000, 0x0000, 0x0000, 0x0000, 0x0000, 0x0000, 0x0000, 0x0000, 0x0000, 0x0000, 0x0000,
    0x0000, 0x0000, 0x0000, 0x0000, 0x0000, 0x0000, 0x0000, 0x0000, 0x0000, 0x0000, 0x0000, 0x0000,
    0x0000, 0x0000, 0x0000, 0x0000, 0x0000, 0x0000, 0x0000, 0x0000, 0x0000, 0x0000, 0x0000, 0x0000,
    0x0000, 0x0000, 0x0000, 0x0000, 0x0000, 0x0000, 0x0000, 0x0000, 0x0000, 0x0000, 0x0000, 0x0000,
    0x0000, 0x0000, 0x0000, 0x0000, 0x0000, 0x0000, 0x0000, 0x0000, 0x0000, 0x0000, 0x0000, 0x0000,
    0x0000, 0x0000, 0x0000, 0x0000, 0x0000, 0x0000, 0x0000, 0x0000, 0x0000, 0x0000, 0x0000, 0x0000,
    0x0000, 0x0000, 0x0000, 0x0000, 0x0000, 0x0000, 0x0000, 0x0000, 0x0000, 0x0000, 0x0000, 0x0000,
    0x0000, 0x0000, 0x0000, 0x0000, 0x0000, 0x0000, 0x0000, 0x0000, 0x0000, 0x0000, 0x0000, 0x0000,
    0x0000, 0x0000, 0x0000, 0x0000, 0x0000, 0x0000, 0x0000, 0x0000, 0x0000, 0x0000, 0x0000, 0x0000,
    0x0000, 0x0000, 0x0000, 0x0000, 0x0000, 0x0000, 0x0000, 0x0000, 0x0000, 0x0000, 0x0000, 0x0000,
    0x0000, 0x0000, 0x0000, 0x0000, 0x0000, 0x0000, 0x0000, 0x0000, 0x0000, 0x0000, 0x0000, 0x0000,
    0x0000, 0x0000, 0x0000, 0x0000, 0x0000, 0x0000, 0x0000, 0x0000, 0x0000, 0x0000, 0x0000, 0x0000,
    0x0000, 0x0000, 0x0000, 0x0000, 0x0000, 0x0000, 0x0000, 0x0000, 0x0000, 0x0000, 0x0000, 0x0000,
    0x0000, 0x0000, 0x0000, 0x0000, 0x0000, 0x0000, 0x0000, 0x0000, 0x0000, 0x0000, 0x0000, 0x0000,
    0x0000, 0x0000, 0x0000, 0x0000, 0x0000, 0x0000, 0x0000, 0x0000, 0x0000, 0x0000, 0x0000, 0x0000,
    0x0000, 0x0000, 0x0000, 0x0000, 0x0000, 0x0000, 0x0000, 0x0000, 0x0000, 0x0000, 0x0000, 0x0000,
    0x0000, 0x0000, 0x0000, 0x0000, 0x0000, 0x0000, 0x0000, 0x0000, 0x0000, 0x0000, 0x0000, 0x0000,
    0x0000, 0x0000, 0x0000, 0x0000, 0x0000, 0x0000, 0x0000, 0x0000, 0x0000, 0x0000, 0x0000, 0x0000,
    0x0000, 0x0000, 0x0000, 0x0000, 0x0000, 0x0000, 0x0000, 0x0000, 0x0000, 0x0000, 0x0000, 0x0000,
    0x0000, 0x0000, 0x0000, 0x0000, 0x0000, 0x0000, 0x0000, 0x0000, 0x0000, 0x0000, 0x0000, 0x0000,
    0x0000, 0x0000, 0x0000, 0x0000, 0x0000, 0x0000, 0x0000, 0x0000, 0x0000, 0x0000, 0x0000, 0x0000,
    0x0000, 0x0000, 0x0000, 0x0000, 0x0000, 0x0000, 0x0000, 0x0000, 0x0000, 0x0000, 0x0000, 0x0000,
    0x0000, 0x0000, 0x0000, 0x0000, 0x0000, 0x0000, 0x0000, 0x0000, 0x0000, 0x0000, 0x0000, 0x0000,
    0x0000, 0x0000, 0x0000, 0x0000, 0x0000, 0x0000, 0x0000, 0x0000, 0x0000, 0x0000, 0x0000, 0x0000,
    0x0000, 0x0000, 0x0000, 0x0000, 0x0000, 0x0000, 0x0000, 0x0000, 0x0000, 0x0000, 0x0000, 0x0000,
    0x0000, 0x0000, 0x0000, 0x0000, 0x0000, 0x0000, 0x0000, 0x0000, 0x0000, 0x0000, 0x0000, 0x0000,
    0x0000, 0x0000, 0x0000, 0x0000, 0x0000, 0x0000, 0x0000, 0x0000, 0x0000, 0x0000, 0x0000, 0x0000,
    0x0000, 0x0000, 0x0000, 0x0000, 0x0000, 0x0000, 0x0000, 0x0000, 0x0000, 0x0000, 0x0000, 0x0000,
    0x0000, 0x0000, 0x0000, 0x0000, 0x0000, 0x0000, 0x0000, 0x0000, 0x0000, 0x0000, 0x0000, 0x0000,
    0x0000, 0x0000, 0x0000, 0x0000, 0x0000, 0x0000, 0x0000, 0x0000, 0x0000, 0x0000, 0x0000, 0x0000,
    0x0000, 0x0000, 0x0000, 0x0000, 0x0000, 0x0000, 0x0000, 0x0000, 0x0000, 0x0000, 0x0000, 0x0000,
    0x0000, 0x0000, 0x0000, 0x0000, 0x0000, 0x0000, 0x0000, 0x0000, 0x0000, 0x0000, 0x0000, 0x0000,
    0x0000, 0x0000, 0x0000, 0x0000, 0x0000, 0x0000, 0x0000, 0x0000, 0x0000, 0x0000, 0x0000, 0x0000,
    0x0000, 0x0000, 0x0000, 0x0000, 0x0000, 0x0000, 0x0000, 0x0000, 0x0000, 0x0000, 0x0000, 0x0000,
    0x0000, 0x0000, 0x0000, 0x0000, 0x0000, 0x0000, 0x0000, 0x0000, 0x0000, 0x0000, 0x0000, 0x0000,
    0x0000, 0x0000, 0x0000, 0x0000, 0x0000, 0x0000, 0x0000, 0x0000, 0x0000, 0x0000, 0x0000, 0x0000,
    0x0000, 0x0000, 0x0000, 0x0000, 0x0000, 0x0000, 0x0000, 0x0000, 0x0000, 0x0000, 0x0000, 0x0000,
    0x0000, 0x0000, 0x0000, 0x0000, 0x0000, 0x0000, 0x0000, 0x0000, 0x0000, 0x0000, 0x0000, 0x0000,
    0x0000, 0x0000, 0x0000, 0x0000, 0x0000, 0x0000, 0x0000, 0x0000, 0x0000, 0x0000, 0x0000, 0x0000,
    0x0000, 0x0000, 0x0000, 0x0000, 0x0000, 0x0000, 0x0000, 0x0000, 0x0000, 0x0000, 0x0000, 0x0000,
    0x0000, 0x0000, 0x0000, 0x0000, 0x0000, 0x0000, 0x0000, 0x0000, 0x0000, 0x0000, 0x0000, 0x0000,
    0x0000, 0x0000, 0x0000, 0x0000, 0x0000, 0x0000, 0x0000, 0x0000, 0x0000, 0x0000, 0x0000, 0x0000,
    0x0000, 0x0000, 0x0000, 0x0000, 0x0000, 0x0000, 0x0000, 0x0000, 0x0000, 0x0000, 0x0000, 0x0000,
    0x0000, 0x0000, 0x0000, 0x0000, 0x0000, 0x0000, 0x0000, 0x0000, 0x0000, 0x0000, 0x0000, 0x0000,
    0x0000, 0x0000, 0x0000, 0x0000, 0x0000, 0x0000, 0x0000, 0x0000, 0x0000, 0x0000, 0x0000, 0x0000,
    0x0000, 0x0000, 0x0000, 0x0000, 0x0000, 0x0000, 0x0000, 0x0000, 0x0000, 0x0000, 0x0000, 0x0000,
    0x0000, 0x0000, 0x0000, 0x0000, 0x0000, 0x0000, 0x0000, 0x0000, 0x0000, 0x0000, 0x0020, 0x0020,
    0x0000, 0x0000, 0x0000, 0x0000, 0x0000, 0x0000, 0x0000, 0x0000, 0x0000, 0x0000, 0x0000, 0x0000,
    0x0000, 0x0000, 0x0000, 0x0000, 0x0000, 0x0000, 0x0000, 0x0000, 0x0000, 0x0000, 0x0000, 0x0000,
    0x0000, 0x0000, 0x0000, 0x0000, 0x0000, 0x0000, 0x0000, 0x0000, 0x0000, 0x0000, 0x0000, 0x0000,
    0x0000, 0x0000, 0x0000, 0x0000, 0x0000, 0x0000, 0x0000, 0x0000, 0x0000, 0x0000, 0x0000, 0x0000,
    0x0000, 0x0000, 0x0000, 0x0000, 0x0000, 0x0000, 0x0000, 0x0000, 0x0000, 0x0000, 0x0000, 0x0000,
    0x0000, 0x0000, 0x0000, 0x0000, 0x0000, 0x0000, 0x0000, 0x0000, 0x0000, 0x0000, 0x0000, 0x0000,
    0x0000, 0x0000, 0x0000, 0x0000, 0x0000, 0x0000, 0x0000, 0x0000, 0x0000, 0x0000, 0x0000, 0x0000,
    0x0000, 0x0000, 0x0000, 0x0000, 0x0000, 0x0000, 0x0000, 0x0000, 0x0000, 0x0000, 0x0000, 0x0000,
    0x0000, 0x0000, 0x0000, 0x0000, 0x0000, 0x0000, 0x0000, 0x0000, 0x0000, 0x0000, 0x0000, 0x0000,
    0x0000, 0x0000, 0x0000, 0x0000, 0x0000, 0x0000, 0x0000, 0x0000, 0x0000, 0x0000, 0x0000, 0x0000,
    0x0000, 0x0000, 0x0000, 0x0000, 0x0000, 0x0000, 0x0000, 0x0000, 0x0000, 0x0000, 0x0000, 0x0000,
    0x0000, 0x0000, 0x0000, 0x0000, 0x0000, 0x0000, 0x0000, 0x0000, 0x0000, 0x0000, 0x0000, 0x0000,
    0x0000, 0x0000, 0x0000, 0x0000, 0x0000, 0x0000, 0x0000, 0x0000, 0x0000, 0x0000, 0x0000, 0x0000,
    0x0000, 0x0000, 0x0000, 0x0000, 0x0000, 0x0000, 0x0000, 0x0000, 0x0000, 0x0000, 0x0000, 0x0000,
    0x0000, 0x0000, 0x0000, 0x0000, 0x0000, 0x0000, 0x0000, 0x0000, 0x0000, 0x0000, 0x0000, 0x0000,
    0x0000, 0x0000, 0x0000, 0x0000, 0x0000, 0x0000, 0x0000, 0x0000, 0x0000, 0x0000, 0x0000, 0x0000,
    0x0000, 0x0000, 0x0000, 0x0000, 0x0000, 0x0000, 0x0000, 0x0020, 0x0020, 0x0021, 0x0021, 0x0000,
    0x0000, 0x0000, 0x0000, 0x0000, 0x0000, 0x0000, 0x0000, 0x0000, 0x0000, 0x0000, 0x0000, 0x0000,
    0x0000, 0x0000, 0x0000, 0x0000, 0x0000, 0x0020, 0x0020, 0x0000, 0x0000, 0x0000, 0x0000, 0x0000,
    0x0000, 0x0000, 0x0000, 0x0000, 0x0000, 0x0000, 0x0000, 0x0000, 0x0000, 0x0000, 0x0000, 0x0000,
    0x0021, 0x0000, 0x0000, 0x0000, 0x0000, 0x0020, 0x0020, 0x0020, 0x0020, 0x0000, 0x0000, 0x0000,
    0x0000, 0x0000, 0x0000, 0x0000, 0x0000, 0x0000, 0x0000, 0x0000, 0x0000, 0x0000, 0x0000, 0x0000,
    0x0000, 0x0000, 0x0000, 0x0000, 0x0000, 0x0000, 0x0000, 0x0000, 0x0000, 0x0000, 0x0000, 0x0000,
    0x0000, 0x0000, 0x0000, 0x0000, 0x0000, 0x0000, 0x0000, 0x0000, 0x0000, 0x0000, 0x0000, 0x0000,
    0x0000, 0x0000, 0x0000, 0x0000, 0x0000, 0x0000, 0x0000, 0x0000, 0x0000, 0x0060, 0x0040, 0x0000,
    0x0000, 0x0000, 0x0000, 0x0000, 0x0000, 0x0000, 0x0000, 0x0000, 0x0000, 0x0000, 0x0000, 0x0000,
    0x0000, 0x0000, 0x0000, 0x0000, 0x0000, 0x0000, 0x0000, 0x0000, 0x0000, 0x0000, 0x0000, 0x0000,
    0x0000, 0x0000, 0x0000, 0x0000, 0x0000, 0x0000, 0x0000, 0x0000, 0x0000, 0x0000, 0x0000, 0x0000,
    0x0000, 0x0000, 0x0000, 0x0000, 0x0000, 0x0000, 0x0000, 0x0000, 0x0000, 0x0000, 0x0000, 0x0000,
    0x0000, 0x0000, 0x0000, 0x0000, 0x0000, 0x0000, 0x0000, 0x0000, 0x0000, 0x0000, 0x0000, 0x0000,
    0x0000, 0x0000, 0x0000, 0x0000, 0x0000, 0x0000, 0x0000, 0x0000, 0x0000, 0x0000, 0x0000, 0x0000,
    0x0000, 0x0000, 0x0000, 0x0000, 0x0000, 0x0000, 0x0000, 0x0000, 0x0000, 0x0000, 0x0000, 0x0000,
    0x0000, 0x0000, 0x0000, 0x0000, 0x0000, 0x0000, 0x0000, 0x0000, 0x0000, 0x0000, 0x0000, 0x0000,
    0x0000, 0x0000, 0x0000, 0x0000, 0x0020, 0x0020, 0x0020, 0x0000, 0x0000, 0x0000, 0x0000, 0x0000,
    0x0000, 0x0000, 0x0000, 0x0800, 0x1081, 0x2924, 0x39C7, 0x5ACB, 0x2104, 0x0000, 0x0000, 0x0000,
    0x0000, 0x0000, 0x0000, 0x0000, 0x0000, 0x0000, 0x0000, 0x0000, 0x0000, 0x0000, 0x0000, 0x0000,
    0x0000, 0x0000, 0x0000, 0x0000, 0x0000, 0x0000, 0x0000, 0x0000, 0x0000, 0x0000, 0x0000, 0x0000,
    0x0000, 0x0000, 0x0000, 0x0000, 0x0000, 0x0000, 0x0000, 0x0000, 0x0000, 0x0000, 0x0000, 0x0000,
    0x0000, 0x0000, 0x0000, 0x0000, 0x0000, 0x0000, 0x0000, 0x0000, 0x0000, 0x0000, 0x0000, 0x0000,
    0x0000, 0x0000, 0x0000, 0x0000, 0x0000, 0x0000, 0x0000, 0x0000, 0x0000, 0x0000, 0x0000, 0x0000,
    0x0000, 0x0000, 0x0000, 0x0020, 0x0222, 0x0262, 0x0282, 0x0282, 0x0282, 0x0A82, 0x0282, 0x0282,
    0x0282, 0x0282, 0x0262, 0x0282, 0x0080, 0x0060, 0x0282, 0x0242, 0x0040, 0x01E1, 0x0080, 0x0181,
    0x0000, 0x0282, 0x0202, 0x0040, 0x0282, 0x0262, 0x0262, 0x0262, 0x0262, 0x0282, 0x0262, 0x0262,
    0x0262, 0x0262, 0x0262, 0x0262, 0x0262, 0x0262, 0x0262, 0x0262, 0x0262, 0x0262, 0x0262, 0x0262,
    0x0262, 0x0262, 0x0262, 0x0262, 0x0242, 0x0242, 0x0242, 0x0242, 0x0242, 0x0242, 0x0242, 0x0242,
    0x0242, 0x0242, 0x0222, 0x0222, 0x0222, 0x0222, 0x0222, 0x0222, 0x0222, 0x0222, 0x0222, 0x0222,
    0x0222, 0x0222, 0x0222, 0x0222, 0x0202, 0x0202, 0x0A02, 0x0202, 0x0202, 0x0202, 0x0202, 0x0202,
    0x0202, 0x0202, 0x0202, 0x0202, 0x01E1, 0x01E1, 0x01E1, 0x0201, 0x01E1, 0x01E1, 0x01E1, 0x01C1,
    0x01C1, 0x01C1, 0x01C1, 0x01C1, 0x01C1, 0x01C1, 0x01C1, 0x01C1, 0x01C1, 0x01C1, 0x01C1, 0x01C1,
    0x01C1, 0x01C1, 0x01C1, 0x01C1, 0x01C1, 0x01C1, 0x01C1, 0x01C1, 0x01C1, 0x01C1, 0x01C1, 0x01E2,
    0x0202, 0x0202, 0x0202, 0x0202, 0x01C2, 0x0181, 0x0120, 0x00A0, 0x0000, 0x0000, 0x0000, 0x0000,
    0x0820, 0x18C2, 0x3165, 0x4228, 0x5AEC, 0x6BAF, 0x7C73, 0x8D16, 0x9D99, 0xA61B, 0xAE5D, 0xAEBF,
    0x5ACC, 0x00C0, 0x0A62, 0x0202, 0x0202, 0x0202, 0x0202, 0x0202, 0x0202, 0x0202, 0x0202, 0x0202,
    0x0202, 0x0222, 0x0222, 0x0222, 0x0202, 0x0202, 0x0202, 0x0202, 0x0202, 0x0202, 0x0202, 0x0222,
    0x0202, 0x0202, 0x0222, 0x0222, 0x0222, 0x0222, 0x0223, 0x0223, 0x0223, 0x0263, 0x09E2, 0x0000,
    0x39E0, 0x8C20, 0x62E0, 0x5280, 0x41E0, 0x3160, 0x0840, 0x0080, 0x0101, 0x00C0, 0x00C0, 0x00E0,
    0x01A2, 0x0243, 0x0223, 0x0243, 0x0223, 0x0202, 0x0202, 0x0222, 0x0202, 0x0202, 0x01C2, 0x0040,
    0x0000, 0x0000, 0x0000, 0x0000, 0x0000, 0x0000, 0x0000, 0x0040, 0x0323, 0x0302, 0x02A2, 0x02A2,
    0x02A2, 0x02A2, 0x02A2, 0x02A2, 0x02A2, 0x02A2, 0x02A2, 0x02C2, 0x00E0, 0x0000, 0x01A1, 0x0363,
    0x0040, 0x02E2, 0x0121, 0x0222, 0x0121, 0x0323, 0x0121, 0x00A0, 0x0302, 0x02C2, 0x02C2, 0x02C2,
    0x02C2, 0x02A2, 0x02A2, 0x02E2, 0x02E2, 0x02C2, 0x02C2, 0x02C2, 0x02C2, 0x02C2, 0x02C2, 0x02C2,
    0x02C2, 0x02C2, 0x02C2, 0x02C2, 0x02C2, 0x02C2, 0x02C2, 0x02C2, 0x02E2, 0x02E2, 0x02E2, 0x02E2,
    0x02E2, 0x02E2, 0x02E2, 0x02E2, 0x02E2, 0x02E2, 0x02E2, 0x02E2, 0x02E2, 0x0302, 0x0302, 0x0302,
    0x0302, 0x0302, 0x0302, 0x0302, 0x0302, 0x0302, 0x0302, 0x0302, 0x0302, 0x0322, 0x0302, 0x0322,
    0x0322, 0x0322, 0x0322, 0x0302, 0x0302, 0x0322, 0x0322, 0x0322, 0x0322, 0x0322, 0x0322, 0x0322,
    0x0322, 0x0322, 0x0322, 0x0322, 0x0322, 0x0322, 0x0322, 0x0322, 0x0322, 0x0322, 0x0322, 0x0322,
    0x0322, 0x0322, 0x0322, 0x0322, 0x0322, 0x0322, 0x0323, 0x0343, 0x0343, 0x0343, 0x0343, 0x0343,
    0x0343, 0x0323, 0x0302, 0x0281, 0x0200, 0x0180, 0x0120, 0x00E0, 0x00A0, 0x10C1, 0x2103, 0x3185,
    0x4A29, 0x632D, 0x7C11, 0x8CD5, 0x9558, 0x9DDA, 0xA63C, 0xAE7D, 0xB6BE, 0xBEFF, 0xC71F, 0xD75F,
    0xDF7F, 0xE79F, 0xF7DF, 0xB6BE, 0x5B2E, 0x00C0, 0x02E3, 0x0282, 0x02A2, 0x0282, 0x0282, 0x0282,
    0x02A2, 0x02A2, 0x02A2, 0x02A2, 0x0282, 0x0282, 0x02A2, 0x02A2, 0x02A2, 0x02A2, 0x02A2, 0x02A2,
    0x0282, 0x02A2, 0x02A2, 0x02A2, 0x02A2, 0x0282, 0x0282, 0x0282, 0x0283, 0x0283, 0x02A3, 0x02A3,
    0x02C4, 0x0AA4, 0x0021, 0x4A20, 0xE700, 0xF760, 0xFF80, 0xFFC0, 0xFFC0, 0xFFE0, 0xBDA0, 0x18A0,
    0x0000, 0x4862, 0x4843, 0x4042, 0x0841, 0x01E2, 0x02A4, 0x0284, 0x0283, 0x0242, 0x0242, 0x0222,
    0x0222, 0x0283, 0x0303, 0x0060, 0x0000, 0x0000, 0x0000, 0x0000, 0x0000, 0x0000, 0x0000, 0x0020,
    0x0322, 0x0181, 0x4801, 0x6821, 0x6021, 0x6021, 0x6821, 0x6021, 0x6821, 0x6821, 0x0800, 0x1800,
    0x7041, 0x5021, 0x0000, 0x01E1, 0x02A2, 0x02E2, 0x0302, 0x0323, 0x0323, 0x0343, 0x0262, 0x0000,
    0x0000, 0x1800, 0x6021, 0x6841, 0x6021, 0x1800, 0x1060, 0x0000, 0x2000, 0x6021, 0x6821, 0x5821,
    0x5821, 0x5821, 0x5821, 0x5821, 0x5821, 0x5821, 0x5821, 0x5841, 0x5841, 0x5841, 0x5841, 0x5841,
    0x5841, 0x5041, 0x5041, 0x5041, 0x5041, 0x5041, 0x5041, 0x5041, 0x5041, 0x4841, 0x4841, 0x4841,
    0x4841, 0x4841, 0x4841, 0x4041, 0x4041, 0x4041, 0x4041, 0x4041, 0x4041, 0x4041, 0x4041, 0x4041,
    0x4061, 0x4061, 0x4041, 0x4061, 0x4061, 0x4061, 0x4061, 0x4041, 0x4061, 0x4061, 0x4061, 0x4061,
    0x3841, 0x3841, 0x3841, 0x3841, 0x3841, 0x3861, 0x3841, 0x3841, 0x3841, 0x3841, 0x3841, 0x3041,
    0x3041, 0x3041, 0x3841, 0x3861, 0x4061, 0x4061, 0x4861, 0x4881, 0x4861, 0x4061, 0x3040, 0x2000,
    0x0000, 0x0000, 0x0000, 0x0000, 0x0000, 0x0840, 0x18A1, 0x2904, 0x39A7, 0x524A, 0x630E, 0x73D1,
    0x8495, 0x9538, 0x9DBA, 0xA61C, 0xAE7D, 0xB6BE, 0xC6FF, 0xCF1F, 0xD73F, 0xDF7F, 0xEF9F, 0xF7DF,
    0xFFFF, 0xFFFF, 0xFFFF, 0xFFFF, 0xFFFF, 0xFFFF, 0xFFFF, 0xCF1F, 0x6C32, 0x2000, 0x5821, 0x5021,
    0x5021, 0x5021, 0x5021, 0x5021, 0x5021, 0x5021, 0x5021, 0x5021, 0x5021, 0x5021, 0x5021, 0x5021,
    0x5021, 0x5021, 0x5021, 0x5021, 0x5021, 0x5021, 0x5021, 0x5021, 0x5021, 0x5021, 0x5001, 0x6021,
    0x2800, 0x1800, 0x5001, 0x5821, 0x3820, 0x0000, 0x62E0, 0xDE80, 0x4A22, 0x5268, 0x4A45, 0x4A44,
    0x83E2, 0xEF20, 0xFFE0, 0xD680, 0x31A0, 0x4003, 0xF929, 0xF92A, 0xB8C7, 0x2001, 0x0000, 0x5801,
    0x5801, 0x5001, 0x5001, 0x5001, 0x4000, 0x00A1, 0x02E3, 0x0060, 0x0000, 0x0000, 0x0000, 0x0000,
    0x0000, 0x0000, 0x0000, 0x0020, 0x0323, 0x0181, 0xB822, 0xF8A4, 0xF063, 0xF043, 0xF043, 0xF043,
    0xF083, 0x6841, 0x0040, 0x0800, 0xA042, 0x70E2, 0x0121, 0x0242, 0x0363, 0x0303, 0x0323, 0x0323,
    0x0323, 0x0303, 0x0323, 0x0282, 0x0141, 0x0820, 0x3821, 0xC043, 0xD003, 0x4A00, 0xE740, 0x9460,
    0x4180, 0x5841, 0xB042, 0xF083, 0xF883, 0xF063, 0xF043, 0xF063, 0xF863, 0xF863, 0xF863, 0xF863,
    0xF883, 0xF883, 0xF884, 0xF884, 0xF883, 0xF883, 0xF883, 0xF883, 0xF883, 0xF883, 0xF883, 0xF883,
    0xF883, 0xF883, 0xF884, 0xF883, 0xF883, 0xF883, 0xF883, 0xF883, 0xF883, 0xF883, 0xF883, 0xF883,
    0xF883, 0xF883, 0xF883, 0xF883, 0xF883, 0xF883, 0xF883, 0xF883, 0xF883, 0xF883, 0xF883, 0xF883,
    0xF883, 0xF883, 0xF883, 0xF883, 0xF863, 0xF863, 0xF863, 0xF863, 0xF863, 0xF863, 0xF863, 0xF8A4,
    0xF8A4, 0xF8A4, 0xF8A4, 0xF8A4, 0xF8A3, 0xF8A3, 0xF883, 0xE842, 0xD021, 0xB001, 0x9000, 0x7800,
    0x6000, 0x4000, 0x3841, 0x38C3, 0x3165, 0x4A28, 0x5AEC, 0x73B0, 0x8473, 0x8D16, 0x9D99, 0xA61B,
    0xAE5D, 0xAE9E, 0xB6DF, 0xBEFF, 0xCF3F, 0xD75F, 0xE77F, 0xEFBF, 0xF7DF, 0xFFFF, 0xFFFF, 0xFFFF,
    0xFFFF, 0xFFFF, 0xFFFF, 0xFFFF, 0xFFFF, 0xF7DF, 0xF7DF, 0xFFFF, 0xFFFF, 0xFFFF, 0xFFFF, 0xDF5F,
    0x74D6, 0x4820, 0xF864, 0xF863, 0xF863, 0xF863, 0xF863, 0xF863, 0xF863, 0xF863, 0xF863, 0xF863,
    0xF863, 0xF863, 0xF863, 0xF863, 0xF863, 0xF863, 0xF863, 0xF863, 0xF863, 0xF863, 0xF863, 0xF863,
    0xF863, 0xF863, 0xF883, 0xD883, 0x1800, 0x8802, 0xF8A4, 0xC883, 0x1800, 0x7BC0, 0xDE80, 0x39C4,
    0xB5D9, 0xFFFF, 0xFFFF, 0xEF5E, 0xDEFB, 0x5287, 0xB560, 0xFFE0, 0xF740, 0x4AC0, 0x1801, 0xD0E8,
    0xF92A, 0xE108, 0x4042, 0x4021, 0xF083, 0xF883, 0xF083, 0xF8A3, 0xC842, 0x00C1, 0x02E3, 0x0060,
    0x0000, 0x0000, 0x0000, 0x0000, 0x0000, 0x0000, 0x0000, 0x0020, 0x0323, 0x0181, 0xB022, 0xC063,
    0x38A0, 0x5140, 0x4940, 0x5160, 0x2880, 0x0000, 0x0302, 0x01C1, 0x0000, 0x0282, 0x0363, 0x0323,
    0x0302, 0x0363, 0x0202, 0x0020, 0x02C2, 0x0343, 0x0303, 0x0343, 0x0363, 0x0262, 0x0000, 0x3940,
    0x2860, 0x9CE0, 0xFFC0, 0xFFE0, 0xFFC0, 0x6BC0, 0x1920, 0x3881, 0x3020, 0x5100, 0x5921, 0x5940,
    0x5940, 0x5921, 0x5921, 0x5921, 0x5921, 0x5921, 0x5921, 0x5921, 0x5921, 0x5901, 0x5901, 0x58E1,
    0x58E1, 0x58E1, 0x58E1, 0x58E1, 0x58E1, 0x58C1, 0x58C1, 0x58A1, 0x58A1, 0x58C1, 0x58C1, 0x58C1,
    0x58A1, 0x58A1, 0x58A1, 0x58A1, 0x58A1, 0x58A1, 0x58A1, 0x58A1, 0x58A1, 0x58A1, 0x58A1, 0x58A1,
    0x58A1, 0x5881, 0x5881, 0x5881, 0x5081, 0x5081, 0x5881, 0x58A1, 0x60A1, 0x68C1, 0x6901, 0x7121,
    0x7121, 0x7121, 0x70E1, 0x5821, 0x5000, 0x4800, 0x4800, 0x5800, 0x5800, 0x4800, 0x3820, 0x30A2,
    0x3144, 0x31E7, 0x42AA, 0x5B6E, 0x6C31, 0x7CD5, 0x8D78, 0x9DFB, 0xA63C, 0xAE7D, 0xB6BE, 0xBEFF,
    0xC71F, 0xCF3F, 0xDF5F, 0xE79F, 0xF7BF, 0xFFDF, 0xFFFF, 0xFFFF, 0xFFFF, 0xFFFF, 0xFFFF, 0xFFFF,
    0xFFFF, 0xFFFF, 0xE77E, 0xC6DD, 0xD73E, 0xE77E, 0xF7BE, 0xFFFF, 0xFFFF, 0xFFFF, 0xFFFF, 0xFFFF,
    0xFFFF, 0xFFFF, 0xFFFF, 0xE79F, 0x8D59, 0x2081, 0x48A1, 0x50C1, 0x50A1, 0x48A1, 0x48A1, 0x48A1,
    0x48A1, 0x48A1, 0x48A1, 0x48A1, 0x48A1, 0x48A1, 0x48A1, 0x48A1, 0x48A1, 0x48A1, 0x48A1, 0x48A1,
    0x48A1, 0x48A1, 0x48A1, 0x48A1, 0x48A1, 0x48A1, 0x4881, 0x0800, 0x0860, 0x6121, 0x4041, 0x0000,
    0x8C80, 0xDE80, 0x1081, 0x5AEC, 0xFFFF, 0xF7BE, 0xDEDA, 0xFFFF, 0xFFFF, 0xDEFC, 0x4206, 0xBD80,
    0xFFE0, 0xFFC0, 0x7C00, 0x1001, 0xB8C7, 0xF92A, 0xF109, 0x5864, 0x0800, 0x4861, 0x4881, 0xA062,
    0xC842, 0x00C1, 0x02E3, 0x0060, 0x0000, 0x0000, 0x0000, 0x0000, 0x0000, 0x0000, 0x0000, 0x0020,
    0x0323, 0x0181, 0xC042, 0xA803, 0x6BC0, 0xF7E0, 0xEF40, 0xF780, 0xCE80, 0x2100, 0x0161, 0x0343,
    0x0202, 0x0323, 0x0343, 0x0343, 0x0343, 0x02A2, 0x0861, 0x62CB, 0x0040, 0x02A2, 0x0323, 0x02E2,
    0x0343, 0x0161, 0x28E0, 0xDEE0, 0x31C0, 0xF780, 0xAD40, 0x2960, 0x62E0, 0x1060, 0x1880, 0x20E0,
    0x0000, 0x6340, 0xEFC0, 0xDEE0, 0xE720, 0xEF40, 0xEF40, 0xEF40, 0xEF40, 0xE720, 0xE740, 0xE720,
    0xE720, 0xE720, 0xE720, 0xE720, 0xE720, 0xE720, 0xE720, 0xE700, 0xDF00, 0xDF00, 0xDEE0, 0xDEE0,
    0xDEE0, 0xDEE0, 0xDEE0, 0xDEE0, 0xDEE0, 0xDEE0, 0xDEE0, 0xDEE0, 0xDEE0, 0xDEE0, 0xD6C0, 0xD6C0,
    0xD6A0, 0xD6A0, 0xD6A0, 0xD6C0, 0xDEE0, 0xDF00, 0xE720, 0xEF40, 0xEF60, 0xEF60, 0xE740, 0xDEE0,
    0xC640, 0xAD80, 0x8CA0, 0x6BA0, 0x4AA0, 0x31E0, 0x2160, 0x0061, 0x10E3, 0x2986, 0x3A49, 0x532D,
    0x63D0, 0x7493, 0x8536, 0x95B9, 0xA61B, 0xA65D, 0xB69E, 0xB6DE, 0xC6FF, 0xCF1F, 0xD73F, 0xDF7F,
    0xEF9F, 0xF7DF, 0xFFFF, 0xFFFF, 0xFFFF, 0xFFFF, 0xFFFF, 0xFFFF, 0xFFFF, 0xFFFF, 0xFFFF, 0xFFFF,
    0xFFFF, 0xFFFF, 0xFFFF, 0xFFFF, 0xFFFF, 0xFFFF, 0x759B, 0x03B8, 0x0C39, 0x1C59, 0x1CBB, 0x24DB,
    0x34BA, 0x553B, 0x5D3B, 0xE77E, 0xFFFF, 0xFFFF, 0xFFFF, 0xEFBF, 0x95BB, 0x31A4, 0xCE60, 0xDF20,
    0xDF00, 0xDF00, 0xDF00, 0xDF00, 0xDF00, 0xDF00, 0xDF00, 0xDF00, 0xDF00, 0xDF00, 0xDF00, 0xDF00,
    0xDF00, 0xDF00, 0xDF00, 0xDF00, 0xDF00, 0xDF00, 0xDF00, 0xDF00, 0xDEE0, 0xDF60, 0x4AA0, 0x31C0,
    0xEF80, 0x7C20, 0x0000, 0xAD40, 0xBDC0, 0x3185, 0xC618, 0x4228, 0xEF7D, 0xDEDA, 0x3186, 0xEF9D,
    0xFFFF, 0xFFFF, 0xE73D, 0x4227, 0xBD80, 0xFFE0, 0xFFE0, 0xA520, 0x0820, 0x9886, 0xF929, 0xF909,
    0x8085, 0x08A0, 0x4241, 0x9022, 0xD043, 0x00C1, 0x02E3, 0x0060, 0x0000, 0x0000, 0x0000, 0x0000,
    0x0000, 0x0000, 0x0000, 0x0020, 0x0323, 0x0181, 0xC042, 0xB003, 0x8400, 0xFFE0, 0xFF40, 0xFF40,
    0xFFE0, 0xBDC0, 0x0000, 0x0242, 0x0383, 0x0303, 0x0040, 0x0140, 0x0B43, 0x0020, 0x6B4D, 0xFFFF,
    0x62CB, 0x0040, 0x0363, 0x0343, 0x0383, 0x0020, 0xA4C0, 0x9CA0, 0x62E0, 0xFFE0, 0xCE20, 0xBDC0,
    0x2100, 0x0000, 0x0060, 0x0080, 0x0202, 0x0800, 0x3160, 0x2920, 0xEEE0, 0xFF80, 0xFF60, 0xFF60,
    0xFF80, 0xFF80, 0xFF80, 0xFF80, 0xFF80, 0xFF80, 0xFF80, 0xFF80, 0xFF80, 0xFF80, 0xFF80, 0xFF80,
    0xFF80, 0xFF80, 0xFF80, 0xFF80, 0xFF80, 0xFF80, 0xFF80, 0xFF80, 0xFF60, 0xFF60, 0xFF60, 0xFF80,
    0xFF80, 0xFFC0, 0xFFE0, 0xFFE0, 0xFFE0, 0xFFE0, 0xFFE0, 0xFFE0, 0xFF60, 0xE6A0, 0xCDE0, 0xACE0,
    0x8C00, 0x6B00, 0x5260, 0x49E1, 0x41C3, 0x41C5, 0x4A28, 0x5AAC, 0x6B6F, 0x7C32, 0x8CF5, 0xA5B8,
    0xA619, 0xAE7B, 0xB6BC, 0xBEBE, 0xBEDF, 0xC6FF, 0xCF3F, 0xDF5E, 0xE77E, 0xEFBF, 0xFFDF, 0xFFFF,
    0xFFFF, 0xFFFF, 0xFFFF, 0xFFFF, 0xFFFF, 0xFFFF, 0xFFFF, 0xFFFF, 0xFFFF, 0xFFFF, 0xFFFF, 0xFFFF,
    0xFFFF, 0xFFFF, 0xFFFF, 0xFFFF, 0xFFFF, 0xFFFF, 0xFFFF, 0xFFFF, 0xFFFF, 0xFFFF, 0x34BA, 0x0419,
    0x1C7A, 0xCE7B, 0xC4B5, 0xB517, 0xA65C, 0x0BF9, 0x8E1C, 0xF79E, 0xD6BA, 0xCE99, 0xFFFF, 0xFFDF,
    0x9E3D, 0x39C6, 0xD620, 0xFFE0, 0xFF80, 0xFF80, 0xFF80, 0xFF80, 0xFF80, 0xFF80, 0xFF80, 0xFF80,
    0xFF80, 0xFF80, 0xFF80, 0xFF80, 0xFF80, 0xFF80, 0xFF80, 0xFF80, 0xFF80, 0xFF80, 0xFF80, 0xFF80,
    0xFF60, 0xFFE0, 0x3160, 0x9440, 0xEF40, 0x8400, 0xAD20, 0xB540, 0x2946, 0xDEFC, 0xFFFF, 0xCE59,
    0xCE58, 0x39C7, 0x31A6, 0xF7BE, 0xFFFF, 0xFFDF, 0xFFFF, 0xE75D, 0x4A48, 0xBD80, 0xFFE0, 0xFFC0,
    0xBDE0, 0x08A0, 0x7845, 0xF929, 0xF929, 0xA8A6, 0x0000, 0x9062, 0xD843, 0x00C1, 0x0303, 0x0060,
    0x0000, 0x0000, 0x0000, 0x0000, 0x0000, 0x0000, 0x0000, 0x0020, 0x0323, 0x0181, 0xC042, 0xA803,
    0x7C00, 0xFFE0, 0xF740, 0xFF60, 0xF780, 0x41E0, 0x0080, 0x0302, 0x0343, 0x0080, 0x62CB, 0x3186,
    0x0000, 0x2104, 0xE73C, 0x3165, 0xB5B6, 0x2124, 0x0261, 0x02A2, 0x0161, 0x10C0, 0xBDA0, 0x39E0,
    0xDEA0, 0xFFE0, 0x7BE0, 0x4220, 0x20E0, 0x0181, 0x0262, 0x0141, 0x0281, 0x0222, 0x0101, 0x2940,
    0xFFE0, 0xFF80, 0xFF60, 0xFF60, 0xFF60, 0xFF60, 0xFF60, 0xFF60, 0xFF60, 0xFF60, 0xFF60, 0xFF60,
    0xFF60, 0xFF60, 0xFF60, 0xFF40, 0xFF40, 0xF740, 0xF740, 0xFF40, 0xFF60, 0xFF80, 0xFFA0, 0xFFC0,
    0xFFE0, 0xFFE0, 0xFFE0, 0xFFC0, 0xF760, 0xE6C0, 0xC5E0, 0xAD20, 0x8C20, 0x6B40, 0x5280, 0x41E0,
    0x39A2, 0x3184, 0x39C7, 0x4A4A, 0x52CE, 0x6B91, 0x7C74, 0x8D57, 0x9DD9, 0xA63A, 0xAE9C, 0xB6DC,
    0xBEFD, 0xC71D, 0xCF3D, 0xD75E, 0xDF7E, 0xEF9E, 0xF7DE, 0xFFFF, 0xFFFF, 0xFFFF, 0xFFFF, 0xFFFF,
    0xFFFF, 0xFFFF, 0xFFFF, 0xFFFF, 0xFFFF, 0xFFFF, 0xFFFF, 0xFFFF, 0xFFFF, 0xFFFF, 0xFFFF, 0xFFFF,
    0xFFFF, 0xFFFF, 0xFFFF, 0xFFFF, 0xFFFF, 0xFFFF, 0xFFFF, 0xFFFF, 0xFFFF, 0xFFFF, 0xFFFF, 0xFFFF,
    0xFFFF, 0xC6DD, 0x0419, 0x03F8, 0x03F9, 0x95FB, 0xFA0A, 0xFCB4, 0x6DBC, 0xBEBD, 0xFFFF, 0xF79E,
    0xC638, 0xBDF7, 0xFFFF, 0xFFFF, 0xAE9E, 0x422A, 0xB520, 0xFFE0, 0xFF40, 0xFF60, 0xFF60, 0xFF60,
    0xFF60, 0xFF60, 0xFF60, 0xFF60, 0xFF60, 0xFF60, 0xFF60, 0xFF60, 0xFF60, 0xFF60, 0xFF60, 0xFF60,
    0xFF60, 0xFF60, 0xFF60, 0xFF60, 0xFF60, 0xF720, 0x10A0, 0xC5E0, 0x2940, 0x9480, 0xFFC0, 0x4207,
    0xE73D, 0xFFFF, 0xFFDF, 0xFFFF, 0xFFFF, 0x2945, 0x6B6D, 0xFFFF, 0xFFFF, 0xFFFF, 0xFFFF, 0xFFFF,
    0xEF5E, 0x4A48, 0xB560, 0xFFE0, 0xFFC0, 0xD680, 0x1920, 0x6024, 0xF929, 0xF92A, 0xA8C6, 0x2800,
    0xB022, 0x08C1, 0x02E3, 0x0060, 0x0000, 0x0000, 0x0000, 0x0000, 0x0000, 0x0000, 0x0000, 0x0020,
    0x0323, 0x0181, 0xC042, 0xA803, 0x8420, 0xFFE0, 0xF720, 0xFFC0, 0x6B00, 0x0000, 0x02E2, 0x0383,
    0x00E0, 0x4A09, 0xFFFF, 0xFFFF, 0x7BAF, 0xAD95, 0xFFFF, 0x1062, 0x8C71, 0xB576, 0x0080, 0x00C1,
    0x0121, 0x01A1, 0x00C1, 0x1060, 0x8BE0, 0xCE00, 0x5AC0, 0x0000, 0x0000, 0x01C0, 0x52AA, 0xBDB7,
    0x4268, 0x0321, 0x0A02, 0x1880, 0x4A40, 0x5AE0, 0xFF80, 0xFF60, 0xFF60, 0xFF60, 0xFF60, 0xFF60,
    0xFF40, 0xFF40, 0xFF40, 0xFF40, 0xFF60, 0xFF80, 0xFFA0, 0xFFC0, 0xFFE0, 0xFFE0, 0xFFE0, 0xFFE0,
    0xFF80, 0xEEE0, 0xD640, 0xB560, 0x9480, 0x7B80, 0x5AA0, 0x4A20, 0x39C1, 0x39A3, 0x39C6, 0x4A29,
    0x52AD, 0x6370, 0x7434, 0x8CF7, 0x959A, 0xA5FB, 0xAE7D, 0xB6BE, 0xBEDE, 0xC71E, 0xCF5D, 0xCF5D,
    0xDF5E, 0xE79E, 0xEFBE, 0xFFDF, 0xFFFF, 0xFFFF, 0xFFFF, 0xFFFF, 0xFFFF, 0xFFFF, 0xFFFF, 0xFFFF,
    0xFFFF, 0xFFFF, 0xF7DF, 0xFFFF, 0xFFFF, 0xFFFF, 0xFFFF, 0xFFFF, 0xFFFF, 0xFFFF, 0xFFFF, 0xFFFF,
    0xFFFF, 0xFFFF, 0xFFFF, 0xFFFF, 0xFFFF, 0xFFFF, 0xFFFF, 0xFFFF, 0xFFFF, 0xFFFF, 0xFFFF, 0xFFFF,
    0xFFFF, 0xFFFF, 0xFFFF, 0xE77E, 0x6D5B, 0x03D8, 0x0419, 0x65DD, 0x44B9, 0x1C7A, 0xCEDD, 0x24FB,
    0x03B8, 0x8DFC, 0xE79E, 0xFFFF, 0xFFFF, 0xFFFF, 0xFFFF, 0xFFFF, 0xBEFF, 0x4AAD, 0x9440, 0xFFE0,
    0xFF40, 0xFF60, 0xFF60, 0xFF60, 0xFF60, 0xFF60, 0xFF60, 0xFF60, 0xFF60, 0xFF60, 0xFF60, 0xFF60,
    0xFF60, 0xFF60, 0xFF60, 0xFF60, 0xFF60, 0xFF60, 0xFF60, 0xFF60, 0xFFC0, 0xC5C0, 0x0840, 0xD660,
    0x0000, 0xA4E0, 0xE6A0, 0xDEFB, 0xFFFF, 0xFFDF, 0xFFFF, 0xF7DE, 0xFFFF, 0xA534, 0xDEDB, 0xFFFF,
    0xFFFF, 0xFFFF, 0xFFFF, 0xFFDF, 0xFFFF, 0xEF5E, 0x4A28, 0xB560, 0xFFE0, 0xFFA0, 0xEF00, 0x2180,
    0x5844, 0xF929, 0xF909, 0x2021, 0x5000, 0x18E1, 0x02E3, 0x0060, 0x0000, 0x0000, 0x0000, 0x0000,
    0x0000, 0x0000, 0x0000, 0x0020, 0x0323, 0x0181, 0xC042, 0xA802, 0x8420, 0xFFE0, 0xF720, 0xFFE0,
    0x5220, 0x00E1, 0x0363, 0x0343, 0x0060, 0x9CB3, 0x94D2, 0x8C71, 0xFFFF, 0xF79E, 0xC618, 0x6B6D,
    0x9471, 0x62EC, 0x0180, 0x0363, 0x0201, 0x0201, 0x0322, 0x02A2, 0x0101, 0x0000, 0x0000, 0x0141,
    0x02A2, 0x0201, 0x0881, 0x2124, 0x20C3, 0x0262, 0x02A2, 0x01A1, 0x0000, 0x8C20, 0xFFC0, 0xF720,
    0xFF60, 0xFF80, 0xFFA0, 0xFFC1, 0xFFE1, 0xFFE0, 0xFFE0, 0xFFE0, 0xFFA0, 0xEF20, 0xD660, 0xBD80,
    0x9CA0, 0x83C0, 0x62E0, 0x4A20, 0x41C1, 0x39A3, 0x39C5, 0x4229, 0x52AC, 0x634F, 0x7413, 0x84D6,
    0x9559, 0x9DDB, 0xAE5D, 0xAE9E, 0xB6BE, 0xBEDE, 0xBEFE, 0xCF1E, 0xD73E, 0xDF7E, 0xEF9E, 0xF7DF,
    0xFFFF, 0xFFFF, 0xFFFF, 0xFFFF, 0xFFFF, 0xFFFF, 0xFFFF, 0xFFFF, 0xFFFF, 0xF7DF, 0xF7DF, 0xF7DF,
    0xFFFF, 0xFFFF, 0xFFFF, 0xFFFF, 0xFFFF, 0xFFFF, 0xFFFF, 0xFFFF, 0xE77E, 0xA63C, 0xD71E, 0xFFFF,
    0xFFFF, 0xFFFF, 0xFFFF, 0xFFFF, 0xFFFF, 0xFFFF, 0xFFFF, 0xFFFF, 0xFFFF, 0xFFFF, 0xFFFF, 0xFFFF,
    0xFFFF, 0xFFFF, 0xFFFF, 0xFFFF, 0xFFFF, 0xFFFF, 0xFFFF, 0x3CBA, 0x03B9, 0x4D7C, 0xBE7B, 0xFC72,
    0xB904, 0x028F, 0x3290, 0x9C56, 0x4D7C, 0x03F9, 0x1419, 0x9E3C, 0xFFFF, 0xFFFF, 0xFFFF, 0xFFFF,
    0xC73F, 0x5351, 0x7360, 0xFFE0, 0xFF40, 0xFF60, 0xFF60, 0xFF60, 0xFF60, 0xFF60, 0xFF60, 0xFF60,
    0xFF60, 0xFF60, 0xFF60, 0xFF60, 0xFF60, 0xFF60, 0xFF60, 0xFF60, 0xFF60, 0xFF60, 0xFF60, 0xFF60,
    0xFFA0, 0xDE60, 0xAD40, 0xBD80, 0x0000, 0xE6E0, 0x8C20, 0x8412, 0xFFFF, 0xF7BE, 0xFFDF, 0xFFFF,
    0xFFFF, 0xFFFF, 0xFFFF, 0xFFFF, 0xFFFF, 0xFFFF, 0xFFFF, 0xFFFF, 0xFFFF, 0xFFFF, 0xEF7E, 0x4227,
    0xB560, 0xFFE0, 0xFFA0, 0xE6E0, 0x0880, 0xC0A7, 0xF92A, 0x6884, 0x0800, 0x08C1, 0x02E3, 0x0060,
    0x0000, 0x0000, 0x0000, 0x0000, 0x0000, 0x0000, 0x0000, 0x0020, 0x0323, 0x0181, 0xC042, 0xB003,
    0x8420, 0xFFC0, 0xF720, 0xFFE0, 0xA4E0, 0x0020, 0x0B43, 0x0383, 0x0120, 0x736E, 0x9CF3, 0x10A2,
    0x5AAB, 0x1923, 0x00C0, 0x3227, 0x4AA9, 0x0160, 0x0343, 0x0323, 0x0282, 0x01C1, 0x02E2, 0x0343,
    0x0383, 0x00E1, 0x0020, 0x0121, 0x0363, 0x0303, 0x02E2, 0x0281, 0x0241, 0x02E2, 0x0383, 0x01C2,
    0x20C0, 0xFFE0, 0xFFE0, 0xFFE0, 0xFFC0, 0xF740, 0xDEA0, 0xC5C0, 0xA4E0, 0x8400, 0x6B20, 0x5260,
    0x41E0, 0x39C2, 0x39C5, 0x4208, 0x4A8B, 0x5B0F, 0x6BD2, 0x8495, 0x9558, 0x9DDB, 0xA63C, 0xAE9D,
    0xB6BE, 0xBEDE, 0xC6FE, 0xCF1E, 0xD73E, 0xDF5E, 0xE79E, 0xF7BE, 0xFFFF, 0xFFFF, 0xFFFF, 0xFFFF,
    0xFFFF, 0xFFFF, 0xFFFF, 0xFFFF, 0xFFFF, 0xFFFF, 0xFFFF, 0xDF5E, 0xCEFD, 0xE77E, 0xEF9E, 0xFFDF,
    0xFFFF, 0xFFFF, 0xFFFF, 0xFFFF, 0xFFFF, 0xFFFF, 0xFFFF, 0xFFFF, 0xFFFF, 0xEF9E, 0xAE7D, 0x5D3B,
    0x0C19, 0x0398, 0x03F9, 0x7DBB, 0xEF9E, 0xFFFF, 0xFFFF, 0xFFFF, 0xFFFF, 0xFFFF, 0xFFFF, 0xFFFF,
    0xFFFF, 0xFFFF, 0xFFFF, 0xFFFF, 0xFFFF, 0xFFFF, 0xFFFF, 0xFFFF, 0xFFFF, 0xFFFF, 0x8E1C, 0x03F9,
    0xBE5C, 0xFC92, 0xF146, 0xE001, 0xE863, 0x5842, 0xB821, 0xF8C5, 0xFAEE, 0xBD78, 0x247A, 0x247A,
    0xFFFF, 0xFFFF, 0xFFFF, 0xFFFF, 0xD75F, 0x63F4, 0x5AA0, 0xFFE0, 0xFF40, 0xFF60, 0xFF60, 0xFF40,
    0xFF40, 0xFF40, 0xFF40, 0xFF60, 0xFF60, 0xFF60, 0xFF60, 0xFF60, 0xFF60, 0xFF60, 0xFF60, 0xFF60,
    0xFF60, 0xFF60, 0xFF60, 0xFF60, 0xFF60, 0xFF60, 0xFFE0, 0x9480, 0x0000, 0xF720, 0xE700, 0x2921,
    0xBDF9, 0xFFFF, 0xFFFF, 0xFFFF, 0xFFFF, 0xFFFF, 0xFFFF, 0xFFFF, 0xFFFF, 0xFFFF, 0xFFFF, 0xFFFF,
    0xFFFF, 0xFFFF, 0xFFFF, 0xE73D, 0x41E7, 0xBDA0, 0xFFA0, 0xFFE0, 0x3A40, 0x8025, 0xF94A, 0xB0C6,
    0x0000, 0x00C1, 0x02E3, 0x0060, 0x0000, 0x0000, 0x0000, 0x0000, 0x0000, 0x0000, 0x0000, 0x0020,
    0x0323, 0x0181, 0xC862, 0x8802, 0x8C60, 0xFFE0, 0xF720, 0xFFA0, 0xD660, 0x0000, 0x0161, 0x0303,
    0x02A1, 0x7C0E, 0xDEBB, 0x528A, 0x0121, 0x01E1, 0x0262, 0x01A0, 0x0261, 0x0363, 0x0323, 0x0343,
    0x0343, 0x0363, 0x0343, 0x0303, 0x0363, 0x01A1, 0x0000, 0x0080, 0x0322, 0x0323, 0x0323, 0x0343,
    0x0343, 0x0323, 0x0343, 0x19E1, 0x9C80, 0x9CE0, 0x6B00, 0x5280, 0x4200, 0x39A2, 0x39A4, 0x41E7,
    0x4A6A, 0x5AEE, 0x6BB1, 0x7C75, 0x8D38, 0x9DBA, 0xA61C, 0xAE7D, 0xB6BE, 0xB6DE, 0xBEFE, 0xC71E,
    0xCF3E, 0xDF5E, 0xE77E, 0xEFBE, 0xFFDF, 0xFFFF, 0xFFFF, 0xFFFF, 0xFFFF, 0xFFFF, 0xFFFF, 0xFFFF,
    0xFFBF, 0xEF7E, 0xD73E, 0xC6FD, 0xB69D, 0xB6BD, 0xFFFF, 0xFFFF, 0xFFFF, 0xFFFF, 0xFFFF, 0x553B,
    0x03D9, 0x1C59, 0x2C9A, 0x2CFB, 0x3D1B, 0x4D1B, 0x6D7B, 0x961C, 0xFFFF, 0xFFFF, 0xFFDF, 0xBEDD,
    0x6D7B, 0x1C39, 0x0398, 0x03B9, 0x149B, 0x55BC, 0x2CFB, 0x0398, 0x1C39, 0x9E3C, 0xFFDF, 0xFFFF,
    0xFFFF, 0xFFFF, 0xFFFF, 0xFFFF, 0xFFFF, 0xFFFF, 0xFFFF, 0xFFFF, 0xFFFF, 0xFFFF, 0xFFFF, 0xFFFF,
    0xFFFF, 0xDF5E, 0x0BF9, 0x1CDB, 0xF596, 0xE800, 0xE063, 0xE8A4, 0xE842, 0xF021, 0xF083, 0xE083,
    0xE002, 0xF9C9, 0x7D9B, 0x1C7A, 0xFFFF, 0xFFFF, 0xFFFF, 0xFFFF, 0xDF9F, 0x74B7, 0x4A20, 0xFFA0,
    0xFF40, 0xFF80, 0xFFA0, 0xFFE0, 0xFFE0, 0xFFE0, 0xFFE0, 0xFFC0, 0xFF60, 0xFF60, 0xFF60, 0xFF60,
    0xFF60, 0xFF60, 0xFF60, 0xFF60, 0xFF60, 0xFF60, 0xFF60, 0xFF60, 0xFF60, 0xFF80, 0xE6E0, 0x3180,
    0x0000, 0x83E0, 0xFFE0, 0xCDE0, 0x3184, 0x9493, 0xB597, 0xFFFF, 0xFFFF, 0xFFFF, 0xFFFF, 0xFFFF,
    0xFFFF, 0xFFFF, 0xFFFF, 0xFFFF, 0xFFFF, 0xFFFF, 0xFFFF, 0xFFFF, 0xDF1C, 0x2943, 0xDEC0, 0xFFE0,
    0x7C20, 0x4003, 0xF929, 0xE0E8, 0x1000, 0x00A1, 0x02E3, 0x0060, 0x0000, 0x0000, 0x0000, 0x0000,
    0x0000, 0x0000, 0x0000, 0x0020, 0x0322, 0x09A1, 0x7821, 0x0000, 0x2100, 0xBDE0, 0xFFE0, 0xFF60,
    0xF740, 0xBDC0, 0x3980, 0x0020, 0x0101, 0x0981, 0x31E6, 0x09C2, 0x0261, 0x02A2, 0x02E2, 0x02A2,
    0x0303, 0x0303, 0x0282, 0x0222, 0x0241, 0x0220, 0x0280, 0x02E1, 0x02A2, 0x0080, 0x0000, 0x01C1,
    0x0343, 0x0302, 0x0303, 0x0302, 0x0302, 0x0343, 0x0202, 0x8481, 0xFF60, 0x0842, 0x6B70, 0x7C54,
    0x8CF7, 0x959A, 0xA5FB, 0xAE7D, 0xB6BE, 0xB6DE, 0xBEFE, 0xC71E, 0xCF1E, 0xD73E, 0xE77E, 0xEF9E,
    0xF7DF, 0xFFFF, 0xFFFF, 0xFFFF, 0xFFFF, 0xFFFF, 0xFFFF, 0xFFFF, 0xFFFF, 0xFFFF, 0xFFDF, 0xFFFF,
    0xD73E, 0x553B, 0x3CDA, 0x24BA, 0x1C9B, 0x0C7A, 0x0C7B, 0x1459, 0x03B8, 0x961C, 0xFFFF, 0xFFFF,
    0xFFFF, 0xFFFF, 0xF7DF, 0x1C79, 0x0439, 0x1C7A, 0xCE7B, 0xC516, 0xAD38, 0x8DFB, 0x2439, 0xAE9D,
    0xCF1E, 0x7DBB, 0x2479, 0x0398, 0x03B9, 0x149B, 0x5DBC, 0xAE3C, 0xE577, 0xFBB0, 0xECF5, 0x863D,
    0x0C7A, 0x0398, 0x3CBA, 0xBEDD, 0xFFFF, 0xFFFF, 0xFFFF, 0xFFFF, 0xFFFF, 0xFFFF, 0xFFFF, 0xFFFF,
    0xFFFF, 0xFFFF, 0xFFFF, 0xFFFF, 0xFFFF, 0x553B, 0x03D8, 0x1CDB, 0xE556, 0xE862, 0xE0A4, 0xE863,
    0x720B, 0x322D, 0xB0A4, 0xF083, 0xD862, 0xF988, 0x755A, 0x145A, 0xFFDF, 0xFFFF, 0xFFFF, 0xFFFF,
    0xEFBF, 0x855A, 0x39C2, 0xF720, 0xFFA0, 0xF720, 0xDE40, 0xBD60, 0x9C40, 0x6B20, 0x7340, 0xC5E0,
    0xFF60, 0xFF60, 0xFF60, 0xFF60, 0xFF60, 0xFF60, 0xFF60, 0xFF60, 0xFF60, 0xFF60, 0xFF60, 0xFF60,
    0xF740, 0xFFA0, 0xBD80, 0x0001, 0x6063, 0x0860, 0xDE80, 0xFFE0, 0xD620, 0x9CA0, 0x5280, 0x6B6F,
    0xFFFF, 0xFFFF, 0xFFFF, 0xFFFF, 0xFFFF, 0xFFFF, 0xFFFF, 0xFFFF, 0xFFDF, 0xFFFF, 0xDEFB, 0xA513,
    0xFFFF, 0x4209, 0xAD00, 0xFFE0, 0xC5E0, 0x1801, 0xE909, 0xF929, 0x4822, 0x0040, 0x0AA3, 0x0080,
    0x0000, 0x0000, 0x0000, 0x0000, 0x0000, 0x0000, 0x0000, 0x0020, 0x0343, 0x0981, 0x0000, 0xA500,
    0x9CC0, 0x1060, 0x7360, 0xFFA0, 0xFFE0, 0xB580, 0x18C0, 0x0060, 0x0121, 0x01E1, 0x02C1, 0x0322,
    0x0303, 0x02C2, 0x0262, 0x01C1, 0x0101, 0x0060, 0x0000, 0x0000, 0x18A3, 0x738E, 0x530A, 0x3226,
    0x0020, 0x0000, 0x0020, 0x0302, 0x0363, 0x0343, 0x0363, 0x0363, 0x0343, 0x0BA3, 0x00A1, 0x8BC0,
    0xFFE0, 0x4A03, 0xAE5D, 0x9E7E, 0xCF1E, 0xD73E, 0xDF7E, 0xEF9E, 0xF7BE, 0xFFFF, 0xFFFF, 0xFFFF,
    0xFFFF, 0xFFFF, 0xFFFF, 0xFFFF, 0xFFFF, 0xF7DF, 0xFFFF, 0xFFFF, 0xFFFF, 0xFFFF, 0xFFFF, 0xFFFF,
    0xFFFF, 0xFFFF, 0xFFFF, 0xFFFF, 0x85FC, 0x0378, 0x5D5B, 0x9538, 0xA4B6, 0xBCD6, 0xD4B4, 0xBE3B,
    0x3CDA, 0xFFFF, 0xFFFF, 0xFFFF, 0xFFFF, 0xFFFF, 0xA65C, 0x03F9, 0x03F9, 0x03F9, 0x95DB, 0xF9E9,
    0xFC52, 0x8DFC, 0xE77E, 0xA67D, 0x03D9, 0x03D8, 0x147A, 0x65BC, 0xAE3C, 0xED77, 0xFBB0, 0xF9C8,
    0xE863, 0xE001, 0xE843, 0xFAAC, 0xDDD9, 0x65DD, 0x0419, 0x0398, 0x85DC, 0xFFFF, 0xFFFF, 0xFFFF,
    0xFFFF, 0xFFFF, 0xFFFF, 0xFFFF, 0xFFFF, 0xFFFF, 0xFFFF, 0xFFFF, 0xFFDF, 0x249A, 0x03F9, 0x14BB,
    0xE515, 0xE842, 0xF0A3, 0xB084, 0x6D9A, 0x451A, 0x6907, 0xF883, 0xD883, 0xF967, 0x855A, 0x0C5A,
    0xF7BF, 0xFFFF, 0xFFFF, 0xFFFF, 0xF7DF, 0x95DC, 0x31A5, 0xEEE0, 0xB540, 0x18E1, 0x08E4, 0x0108,
    0x01EE, 0x00A7, 0x00C7, 0x00E7, 0x7360, 0xFFE0, 0xFF40, 0xFF60, 0xFF60, 0xFF60, 0xFF60, 0xFF60,
    0xFF60, 0xFF60, 0xFF60, 0xFF60, 0xFF80, 0xFFE1, 0x73E0, 0x0801, 0xF149, 0x1801, 0x52A0, 0xFFC0,
    0xFFA0, 0xFFE0, 0xFFE0, 0x7360, 0x5ACC, 0xEF7E, 0xFFDF, 0xFFFF, 0xFFFF, 0xFFFF, 0xFFFF, 0xFFFF,
    0xFFFF, 0xE73C, 0x5ACB, 0x0000, 0xDEFB, 0x738F, 0x83C0, 0xFFE0, 0xF720, 0x18E0, 0xB887, 0xF92A,
    0x8085, 0x0000, 0x0A23, 0x00A1, 0x0000, 0x0000, 0x0000, 0x0000, 0x0000, 0x0000, 0x0000, 0x0060,
    0x0282, 0x0000, 0x8C20, 0xFFE0, 0xFFE0, 0xD680, 0x3180, 0x3180, 0x73A0, 0x0000, 0x0161, 0x01E1,
    0x0161, 0x0343, 0x0363, 0x02A2, 0x01A1, 0x00A0, 0x0000, 0x0000, 0x0000, 0x0000, 0x0000, 0x0000,
    0x0061, 0xCEDB, 0xB618, 0x4249, 0x0000, 0x0000, 0x0020, 0x0141, 0x0141, 0x0141, 0x0161, 0x0181,
    0x01C1, 0x0201, 0x0020, 0x94C0, 0xDF60, 0x4A00, 0x8518, 0xC6FE, 0xFFFF, 0xFFFF, 0xFFFF, 0xFFFF,
    0xFFFF, 0xFFFF, 0xFFFF, 0xFFFF, 0xFFFF, 0xFFFF, 0xFFFF, 0xFFFF, 0xFFFF, 0xFFFF, 0xF7BF, 0xAE9D,
    0x757B, 0xE77E, 0xFFFF, 0xFFFF, 0xFFFF, 0xFFFF, 0xFFFF, 0xFFFF, 0x3CFA, 0x03D9, 0x453B, 0xFD35,
    0xF8A7, 0xF887, 0xFA8C, 0x5D5B, 0x9E5C, 0xFFFF, 0xF7DF, 0xFFFF, 0xDF5E, 0x551A, 0x03B8, 0x043A,
    0x65DD, 0x3CB9, 0x1C9A, 0xDEFD, 0x34FB, 0x03F9, 0xA65C, 0x3CFA, 0x03D9, 0x7DDC, 0xEE5A, 0xFBB0,
    0xF9A8, 0xE863, 0xE001, 0xE042, 0xE083, 0xE0A3, 0xE0A3, 0xE022, 0xF084, 0xFBB0, 0xC67B, 0x44FB,
    0xC6DD, 0xFFFF, 0xFFFF, 0xFFFF, 0xFFFF, 0xFFFF, 0xFFFF, 0xFFFF, 0xFFFF, 0xFFFF, 0xFFFF, 0xFFFF,
    0xF7BF, 0x247A, 0x03F9, 0x14BB, 0xF597, 0xF001, 0xE842, 0xD083, 0x8884, 0xB042, 0xD862, 0xE022,
    0xE002, 0xF988, 0x9D9A, 0x043A, 0xF7BF, 0xFFFF, 0xFFFF, 0xFFFF, 0xFFFF, 0x9E5D, 0x31A8, 0xDEA0,
    0x5AA0, 0x0293, 0x0CFD, 0x04BC, 0x047B, 0x00E5, 0x0C17, 0x01F0, 0x9C20, 0xFFE0, 0xFF40, 0xFF60,
    0xFF60, 0xFF60, 0xFF60, 0xFF60, 0xFF60, 0xFF60, 0xFF40, 0xFFC0, 0xA4E0, 0x73A0, 0x72E0, 0x8865,
    0xF92A, 0xA8A6, 0x0000, 0x2120, 0x2940, 0x2980, 0xB580, 0xFFE1, 0x8C00, 0x7BCC, 0xFFFF, 0xFFFF,
    0xFFFF, 0xFFFF, 0xFFFF, 0xFFFF, 0x6B4D, 0x18C3, 0x20E4, 0x5289, 0xE73C, 0x94D4, 0x5AA0, 0xFFE0,
    0xFFC0, 0x4A80, 0x7805, 0xF94A, 0xC0C7, 0x0000, 0x0162, 0x00A1, 0x0000, 0x0000, 0x0000, 0x0000,
    0x0000, 0x0000, 0x0000, 0x0040, 0x0000, 0x6B20, 0xFFE0, 0xF720, 0xF740, 0xFFA0, 0xFFC0, 0x7BC0,
    0x0000, 0x00A0, 0x0363, 0x0202, 0x01C1, 0x0323, 0x0141, 0x10A2, 0x0000, 0x0000, 0x0000, 0x0000,
    0x0000, 0x0000, 0x0800, 0x3000, 0x4821, 0x70A4, 0x8023, 0x9844, 0xB0C7, 0xB8C7, 0xB8C7, 0xB887,
    0xB887, 0xB886, 0xA886, 0xA066, 0x9065, 0x8044, 0x7064, 0x6083, 0x58E3, 0x2060, 0x9557, 0xAE9E,
    0xFFFF, 0xF7DF, 0xFFFF, 0xFFFF, 0xFFFF, 0xFFFF, 0xFFFF, 0xFFFF, 0xFFFF, 0xFFFF, 0xFFFF, 0xFFFF,
    0xD71E, 0x7DBB, 0x2C9A, 0x03D8, 0x03B8, 0x2479, 0xC6DD, 0xFFFF, 0xFFFF, 0xFFFF, 0xFFFF, 0xDF5E,
    0x0C19, 0x0439, 0x03D9, 0x559C, 0xFBD1, 0xF026, 0xCD17, 0x453C, 0xFFDF, 0xFFFF, 0xFFFF, 0xF7DF,
    0x2C79, 0x03F9, 0x65DD, 0xCE3B, 0xFC52, 0xB105, 0x026F, 0x4333, 0x8519, 0x251B, 0x03B9, 0x0419,
    0x03D8, 0x7E3D, 0xFBF0, 0xD800, 0xE062, 0xE083, 0xE0A3, 0xE8A3, 0xE8A3, 0xE083, 0xE083, 0xE0A3,
    0xE083, 0xE002, 0xF927, 0xFE39, 0xD75E, 0xEF9E, 0xFFFF, 0xFFFF, 0xFFFF, 0xFFFF, 0xFFFF, 0xFFFF,
    0xFFFF, 0xFFFF, 0xFFFF, 0xFFFF, 0xF7BF, 0x1C79, 0x0439, 0x0C19, 0x757B, 0xE556, 0xE9C8, 0xE863,
    0xF883, 0xF043, 0xF0E6, 0xFA8C, 0xF453, 0xCDD9, 0x5D3B, 0x03D9, 0xBEDD, 0xFFFF, 0xFFFF, 0xFFFF,
    0xFFFF, 0xAE9E, 0x4ACC, 0x5280, 0x2101, 0x020E, 0x018A, 0x00C5, 0x10E4, 0x18C3, 0x01AC, 0x2248,
    0xEEC0, 0xFF80, 0xFF60, 0xFF60, 0xFF60, 0xFF60, 0xFF60, 0xFF60, 0xFF60, 0xFF60, 0xFF60, 0xF760,
    0x3182, 0x632F, 0x3965, 0x6863, 0xF909, 0xF109, 0xC8C7, 0xB887, 0xC8A8, 0x9046, 0x0840, 0xCE40,
    0xFFE0, 0xBDA1, 0xC638, 0xFFFF, 0xFFFF, 0xFFFF, 0xFFFF, 0xFFFF, 0xD6BA, 0xBDF7, 0x8C71, 0xDEFB,
    0xFFFF, 0xBDF8, 0x39C0, 0xFFA0, 0xFFE0, 0x8C80, 0x3803, 0xF929, 0xE909, 0x2001, 0x00A0, 0x00A1,
    0x0000, 0x0000, 0x0000, 0x0000, 0x0000, 0x0000, 0x0000, 0x0000, 0x4A20, 0xFFE0, 0x7380, 0x41E0,
    0xFFE0, 0xFF80, 0xFF40, 0xFFE0, 0x7BA0, 0x0000, 0x0302, 0x0323, 0x0343, 0x0241, 0x2925, 0xE71B,
    0x0061, 0x0000, 0x0000, 0x0000, 0x0000, 0x0000, 0x4042, 0xF8E8, 0xF8C6, 0xF8A4, 0xF8A4, 0xF8C4,
    0xF8C6, 0xF8E7, 0xF8E8, 0xF929, 0xF92A, 0xF92A, 0xF929, 0xF929, 0xF929, 0xF929, 0xF909, 0xF909,
    0xF90A, 0x6802, 0x7CB3, 0xB6BE, 0xFFFF, 0xFFFF, 0xFFFF, 0xFFFF, 0xFFFF, 0xFFFF, 0xFFFF, 0xFFFF,
    0xFFFF, 0xEF9E, 0xA65C, 0x4CFA, 0x0419, 0x0398, 0x03D9, 0x1CBB, 0x351B, 0x03B8, 0x0C19, 0x961C,
    0xFFFF, 0xFFFF, 0xFFFF, 0x963C, 0x03F9, 0x0439, 0x0439, 0x03F9, 0x95BB, 0xFC51, 0x54FA, 0xAE9D,
    0xFFFF, 0xF7DF, 0xFFFF, 0x759B, 0x0C39, 0xDE9B, 0xFBD0, 0xF106, 0xE001, 0xE062, 0x5841, 0xC821,
    0xF967, 0xEC73, 0x95FB, 0x249A, 0x03D8, 0x353B, 0xFD56, 0xE843, 0xE0A3, 0xE083, 0xE883, 0xC862,
    0xE042, 0xF8A3, 0xE8A4, 0xE083, 0xE083, 0xE0C3, 0xE802, 0xE4F6, 0x0C7B, 0x3499, 0xFFFF, 0xFFFF,
    0xFFFF, 0xFFFF, 0xFFFF, 0xFFFF, 0xFFFF, 0xFFDF, 0xFFDF, 0xF7DF, 0xE77E, 0x1459, 0x03F9, 0x0419,
    0x351C, 0xCF1E, 0xF38F, 0xE042, 0xE043, 0xF473, 0xEF3D, 0xAEFE, 0x661E, 0x251C, 0x1CBB, 0x0419,
    0x44FA, 0xFFFF, 0xFFFF, 0xFFDF, 0xFFFF, 0xC73F, 0x3209, 0x18C4, 0xC639, 0x62CB, 0x8C0F, 0xBDB6,
    0xE73C, 0xEF7D, 0x6B2C, 0x2141, 0xEF40, 0xFFA0, 0xFF60, 0xFF60, 0xFF60, 0xFF60, 0xFF60, 0xFF60,
    0xFF60, 0xFF40, 0xFFE0, 0xAD00, 0x4A4A, 0xFFFF, 0x42AA, 0x6002, 0xF92A, 0xE909, 0xF909, 0xF929,
    0xF929, 0xF94A, 0x4003, 0xA540, 0xFFE1, 0x9C80, 0x7C11, 0xFFDF, 0xFFDF, 0xFFFF, 0xFFFF, 0xFFFF,
    0xFFFF, 0xFFFF, 0xAD55, 0xA534, 0xEF9D, 0xEF7E, 0x2102, 0xE6C0, 0xFFC0, 0xCE40, 0x1821, 0xE0E8,
    0xF929, 0x5843, 0x0020, 0x0040, 0x0000, 0x0000, 0x0000, 0x0000, 0x0000, 0x0000, 0x0000, 0x0820,
    0xE6E0, 0xAD00, 0x0820, 0xBDA0, 0xEF20, 0x4200, 0xEEE0, 0xFFC0, 0xB580, 0x0000, 0x0AC2, 0x0363,
    0x03A3, 0x0100, 0x4A6A, 0x9D54, 0x3862, 0x4821, 0x5021, 0x5021, 0x2000, 0x8042, 0x1001, 0x4863,
    0x6884, 0x90A5, 0xC8A5, 0xE084, 0xE062, 0xE082, 0xE083, 0xE084, 0xE8A5, 0xE8E7, 0xF109, 0xF109,
    0xF109, 0xF109, 0xF109, 0xE909, 0xF94A, 0x8003, 0x6BEF, 0xAE9E, 0xFFFF, 0xFFFF, 0xFFFF, 0xFFFF,
    0xFFFF, 0xFFFF, 0xFFFF, 0xCEFD, 0x759B, 0x1C59, 0x03B8, 0x03B8, 0x0C5A, 0x4D7C, 0x9E3C, 0xE598,
    0xF5B8, 0x6DFD, 0x03D9, 0x03D9, 0x655B, 0xF7BF, 0xFFFF, 0x6D7B, 0x03D9, 0x0459, 0x0439, 0x0419,
    0x1459, 0x961C, 0x655B, 0xFFFF, 0xFFFF, 0xFFFF, 0xCF1E, 0x03B8, 0x2D3B, 0xFD36, 0xE001, 0xE083,
    0xE8A4, 0xE862, 0xF842, 0xF0A3, 0xE062, 0xE001, 0xFB2E, 0x861C, 0x03D8, 0x0C7A, 0xDE5B, 0xF0E5,
    0xE083, 0xE083, 0xF883, 0x8883, 0x2106, 0x8841, 0xD841, 0xF883, 0xE883, 0xE083, 0xF0A4, 0xCD99,
    0x045A, 0x0C39, 0x4D1B, 0x3CFA, 0x3CDA, 0x3CBA, 0x349A, 0x2C9A, 0x2CBA, 0x2C9A, 0x1C59, 0x1439,
    0x1459, 0x0C19, 0x3CFA, 0xAE3B, 0xFC72, 0xF105, 0xE002, 0xE0A3, 0xE063, 0xF26C, 0xEB2E, 0xE2EE,
    0xE32F, 0xEB70, 0xF452, 0x757B, 0x03F9, 0xE77E, 0xFFFF, 0xFFDF, 0xFFFF, 0x73AF, 0x18C3, 0xE73B,
    0xFFFF, 0xFFFF, 0xFFFF, 0xFFFF, 0xFFFF, 0xFFFF, 0xFFFF, 0xAD55, 0x5AA1, 0xEF00, 0xFF80, 0xFF60,
    0xFF60, 0xFF60, 0xFF60, 0xFF60, 0xFF60, 0xFF40, 0xFFE0, 0x4A20, 0xB598, 0xDEFB, 0x0000, 0xC8C7,
    0xF92A, 0xF109, 0xF109, 0xF109, 0xE909, 0xF929, 0x4803, 0xAD80, 0xFFE1, 0xA4C0, 0x6B4F, 0xFFFF,
    0xF7DE, 0xFFFF, 0xFFFF, 0xFFFF, 0xFFFF, 0xFFDF, 0x9CD3, 0x6B4C, 0x4208, 0xCE79, 0x8409, 0xE6A0,
    0xFF80, 0xF760, 0x2140, 0xA867, 0xF92A, 0x98A5, 0x0000, 0x0000, 0x0000, 0x0000, 0x0000, 0x0000,
    0x0000, 0x0000, 0x0000, 0x0000, 0x3140, 0x0000, 0x31C0, 0xEF60, 0x3180, 0x6B20, 0xF7A0, 0xFF60,
    0xEF00, 0x1060, 0x0040, 0x0262, 0x0202, 0x0060, 0x3021, 0xA801, 0xE883, 0xF083, 0xF883, 0xF8A4,
    0x9862, 0xC062, 0x8842, 0x5000, 0x0000, 0x0000, 0x0000, 0xA8A6, 0xF8E8, 0xE0A4, 0xE083, 0xE083,
    0xE083, 0xE083, 0xE884, 0xE8C6, 0xF0E8, 0xF109, 0xF109, 0xF109, 0xF92A, 0x9824, 0x5B2C, 0xAE9E,
    0xF7DE, 0xFFFF, 0xFFFF, 0xFFFF, 0xFFFF, 0x9E5C, 0x3CDA, 0x03F9, 0x0398, 0x0419, 0x353C, 0x8E1C,
    0xD5D9, 0xFC52, 0xFA2A, 0xE863, 0xE843, 0xFCB4, 0x969E, 0x0C19, 0x03B8, 0x3CBA, 0xCF1E, 0xE77E,
    0x2459, 0x0419, 0x0439, 0x0439, 0x0439, 0x03D9, 0x9E1C, 0xBEBD, 0xA67D, 0x9E3C, 0x34BA, 0x03D8,
    0x2D1B, 0xF516, 0xE823, 0xE0A4, 0xE863, 0x69AA, 0x418A, 0xD063, 0xE8A4, 0xE042, 0xFA2B, 0x85FC,
    0x03F9, 0x03F9, 0xA67D, 0xFA4A, 0xE022, 0xE0A3, 0xF083, 0xB063, 0x0BD6, 0x0375, 0x098A, 0x68A4,
    0xC063, 0xE883, 0xF8E5, 0xBDDA, 0x043A, 0x0439, 0x03F9, 0x0419, 0x049B, 0x0CBB, 0x14DB, 0x147A,
    0x03F9, 0x0419, 0x34FB, 0x455C, 0x247A, 0x1C9A, 0xF6BB, 0xF966, 0xE001, 0xE062, 0xE8A3, 0xF083,
    0xF0A3, 0xE842, 0xE822, 0xE822, 0xE823, 0xE823, 0xF844, 0xD537, 0x041A, 0x9E3C, 0xFFFF, 0xFFFF,
    0x7BCF, 0x18C3, 0xDEFB, 0xFFFF, 0xF7DE, 0xFFDF, 0xF7DE, 0xF7DE, 0xFFFF, 0xFFFF, 0xFFFF, 0xFFFF,
    0x1062, 0xEF00, 0xFFA0, 0xFF60, 0xFF60, 0xFF60, 0xFF60, 0xFF60, 0xFF60, 0xFFA0, 0xDE60, 0x2944,
    0xFFDF, 0xBDD7, 0x20E4, 0x2001, 0x7885, 0xE909, 0xF109, 0xF109, 0xF109, 0xF929, 0x3802, 0x9D20,
    0xFFE0, 0xDEA0, 0x39C2, 0x9CF5, 0xFFFF, 0xFFDF, 0xFFDF, 0xFFFF, 0xFFFF, 0xFFFF, 0xFFFF, 0xFFFF,
    0xF7BD, 0x7BF1, 0x4A23, 0xFF80, 0xFF40, 0xFFE0, 0x4AC0, 0x6004, 0xF94A, 0xD8E8, 0x0800, 0x0000,
    0x0000, 0x0000, 0x0000, 0x0000, 0x0000, 0x0000, 0x0000, 0x0040, 0x00A1, 0x0020, 0x3021, 0x0880,
    0x41E0, 0xFFE0, 0xFFE0, 0xFFE0, 0xEF40, 0xCE40, 0x41C0, 0x0000, 0x0000, 0x0000, 0x2000, 0xD083,
    0xF8A3, 0xE883, 0xC883, 0x9842, 0x6801, 0x3800, 0x1800, 0x0840, 0x08C1, 0x0000, 0x5043, 0xE909,
    0xF109, 0xF109, 0xF0C7, 0xE884, 0xE083, 0xE083, 0xE083, 0xE083, 0xE083, 0xE8A5, 0xF0E8, 0xF109,
    0xF929, 0xB845, 0x4A69, 0xA67D, 0xEF9E, 0xFFFF, 0xFFFF, 0xFFFF, 0xDF5E, 0x03D9, 0x03F9, 0x249A,
    0x75FC, 0xC61B, 0xFCB4, 0xFA8B, 0xF0A4, 0xE001, 0xE022, 0xE083, 0xE083, 0xE002, 0xFB90, 0xC6FE,
    0x249A, 0x0378, 0x8DDC, 0xFFFF, 0xA65C, 0x03F9, 0x0439, 0x0419, 0x0419, 0x0419, 0x03D9, 0x03B8,
    0x03F9, 0x03F9, 0x0419, 0x03F9, 0x2D1B, 0xF4F5, 0xE022, 0xF083, 0xA8E4, 0x969C, 0x5519, 0x98A4,
    0xF0A3, 0xD842, 0xFA6B, 0x861C, 0x03F9, 0x03D8, 0x65FD, 0xFC11, 0xE001, 0xE0A3, 0xE8A4, 0xC801,
    0x6391, 0xDF1B, 0x559C, 0x022D, 0xB841, 0xE863, 0xF967, 0xA5FB, 0x0419, 0x0439, 0x0C5A, 0xC63B,
    0xECD5, 0xECB4, 0xF473, 0xDE1A, 0x0C39, 0x351B, 0xFDD8, 0xFBAF, 0x95DB, 0x03F9, 0xCE7B, 0xF127,
    0xE084, 0xE8C5, 0xE0A5, 0xB884, 0xC085, 0xD085, 0xE8C7, 0xF129, 0xF129, 0xF14A, 0xF0A8, 0xFB70,
    0x24FB, 0x34BA, 0xFFFF, 0xC638, 0x18A3, 0xE73C, 0xFFFF, 0xFFFF, 0xFFFF, 0xFFFF, 0xFFFF, 0xFFFF,
    0xFFFF, 0xEF7D, 0xD69A, 0x9D14, 0x0001, 0x6300, 0xEF20, 0xFF80, 0xFF60, 0xFF60, 0xFF60, 0xFF60,
    0xFF40, 0xFFE0, 0x7B80, 0x8412, 0xFFFF, 0xFFFF, 0xEF9D, 0x6BCE, 0x0800, 0xF109, 0xF109, 0xF109,
    0xE909, 0xF929, 0x8885, 0x08C0, 0xCE40, 0xFFE0, 0xE6E0, 0x41E0, 0x8453, 0xFFFF, 0xFFFF, 0xFFFF,
    0xFFFF, 0xFFFF, 0xFFFF, 0xFFFF, 0x7BF1, 0x1080, 0xA500, 0xF760, 0xFFC0, 0xCE40, 0x10A0, 0xA8A6,
    0xF92A, 0xB0A6, 0x0800, 0x0000, 0x0000, 0x0000, 0x0000, 0x0000, 0x0000, 0x0000, 0x0000, 0x0040,
    0x0343, 0x0161, 0xC022, 0x7021, 0x1060, 0x39A0, 0x9480, 0x8C20, 0x1880, 0x6B20, 0xFFE0, 0x4A00,
    0x0040, 0x0A62, 0x0060, 0x1800, 0x6821, 0x3000, 0x0800, 0x0020, 0x00C0, 0x01A1, 0x0282, 0x0343,
    0x0181, 0x4042, 0xF94A, 0xF94A, 0xF109, 0xF109, 0xF109, 0xF109, 0xE8C6, 0xE083, 0xE083, 0xE883,
    0xE083, 0xE083, 0xF0E8, 0xF109, 0xF929, 0xD087, 0x49A6, 0xA65C, 0xDF5E, 0xFFFF, 0xF7DF, 0xFFFF,
    0x963C, 0x03D9, 0x1C7A, 0xE71D, 0xFB4E, 0xF105, 0xE002, 0xE022, 0xE083, 0xE8A4, 0xE0A4, 0xE083,
    0xE083, 0xE0A3, 0xE001, 0xFA8C, 0xDEDC, 0x7DDC, 0xFFFF, 0xFFFF, 0x7DDC, 0x03F9, 0x0C59, 0x147A,
    0x1CBA, 0x24DB, 0x2D1B, 0x3CFB, 0x1459, 0x0439, 0x0C39, 0x03F9, 0x3D3C, 0xFD76, 0xE801, 0xE862,
    0xC8A3, 0x9905, 0xC0A3, 0xD883, 0xE042, 0xE001, 0xFA2A, 0x8E3C, 0x03D9, 0x0419, 0x2D1B, 0xFD97,
    0xE822, 0xE0A3, 0xE0A4, 0xE021, 0x5A4C, 0xE79D, 0x5B91, 0xB042, 0xF8A4, 0xD842, 0xF9E9, 0x95FC,
    0x03F9, 0x0419, 0x1CDB, 0xED56, 0xF001, 0xE842, 0xE800, 0xF473, 0x049B, 0x1CFB, 0xF452, 0xF885,
    0x8D9A, 0x03B9, 0x8E5D, 0xFB6F, 0xE888, 0xF12A, 0xE8C7, 0x21EC, 0x1395, 0x2354, 0x6A0D, 0xF8E8,
    0xF109, 0xF109, 0xE8A8, 0xFA4C, 0x6D9B, 0x1C39, 0xFFFF, 0x8430, 0x738E, 0xFFFF, 0x7BCF, 0x49C7,
    0x9D13, 0xFFFF, 0xDEFB, 0x4A29, 0x2104, 0x0841, 0x1062, 0x1081, 0x3160, 0x3180, 0xE6E0, 0xFF80,
    0xFF60, 0xFF60, 0xFF60, 0xFF60, 0xFF60, 0xFFA0, 0x2120, 0x3189, 0xA535, 0xEF7D, 0xFFFF, 0x52EB,
    0x6802, 0xF92A, 0xE909, 0xF109, 0xF909, 0xE909, 0xF929, 0x8065, 0x08A0, 0xD640, 0xFFE0, 0xF780,
    0x5AA0, 0x632F, 0xBDF9, 0xD69B, 0xEF5D, 0xF7DF, 0xF7BD, 0x52AC, 0x2100, 0xDEA0, 0xFFE0, 0xFFC0,
    0xD6C0, 0x08C0, 0x9066, 0xF929, 0xF109, 0x2801, 0x00C0, 0x00A1, 0x0000, 0x0000, 0x0000, 0x0000,
    0x0000, 0x0000, 0x0000, 0x0020, 0x0323, 0x0161, 0xD042, 0xD0A3, 0x0000, 0x00C1, 0x0020, 0x0000,
    0x00A1, 0x0020, 0xFFC0, 0x7BA0, 0x0000, 0x03C3, 0x02E2, 0x00A0, 0x00A0, 0x0181, 0x0282, 0x0323,
    0x0B83, 0x0B63, 0x0303, 0x01E1, 0x0000, 0x0800, 0x4001, 0x9004, 0xE0C8, 0xF92A, 0xF929, 0xF109,
    0xF109, 0xF0E8, 0xE884, 0xE083, 0xE083, 0xE8C6, 0xF10A, 0xF109, 0xF109, 0xE0C8, 0x4924, 0x9E1B,
    0xD73E, 0xFFFF, 0xFFFF, 0xFFFF, 0x4D1B, 0x03F9, 0x0419, 0xCEFD, 0xF167, 0xE001, 0xE0A4, 0xE0A3,
    0xE883, 0xD062, 0xE862, 0xF0A4, 0xE083, 0xE083, 0xE0A3, 0xE001, 0xF9A9, 0xF71C, 0x9E7D, 0xAE7D,
    0x249A, 0x03D9, 0x657B, 0xEF1C, 0xEE7A, 0xF63A, 0xFE18, 0xF6FC, 0x1C9A, 0x0419, 0x0439, 0x0439,
    0x1C59, 0xAE5C, 0xF4D4, 0xE947, 0xE863, 0xF062, 0xF002, 0xF085, 0xFA0A, 0xFBD1, 0xE5B8, 0x657B,
    0x03F9, 0x0439, 0x045A, 0xD67B, 0xF106, 0xE063, 0xE0A4, 0xF042, 0x6989, 0x23B4, 0xA822, 0xF883,
    0xE0A3, 0xE021, 0xFA8B, 0x75DC, 0x03F9, 0x03F9, 0x2D3C, 0xF493, 0xE844, 0xE927, 0xE886, 0xF390,
    0x85FC, 0x961C, 0xF453, 0xF949, 0x8D9A, 0x03B9, 0x457C, 0xFD35, 0xF087, 0xF129, 0xF8C7, 0x51EC,
    0xAF5F, 0x7D99, 0x520D, 0xF0C8, 0xF109, 0xF129, 0xF087, 0xF493, 0x24DB, 0x7D9B, 0xFFFF, 0x528A,
    0x9D14, 0x838E, 0xA800, 0x4800, 0x6BCF, 0xE73C, 0x1082, 0x8C71, 0x8C71, 0x39E7, 0x736E, 0xD6BA,
    0xBDC1, 0xFFE0, 0xFF60, 0xFF60, 0xFF60, 0xFF60, 0xFF60, 0xFF60, 0xFF60, 0xFF60, 0xCE00, 0x6B40,
    0x18C0, 0x10A4, 0x52AC, 0x1042, 0xD0C7, 0xF109, 0xF109, 0xE0E8, 0xC8C7, 0xF92A, 0xF909, 0xF929,
    0x8065, 0x08C0, 0xD660, 0xFFE0, 0xFFC0, 0x83E0, 0x41E0, 0x3181, 0x2963, 0x2965, 0x20E4, 0x4A40,
    0xF780, 0xFF80, 0xFFA0, 0xD6A0, 0x6201, 0x8045, 0xF929, 0xF909, 0x8885, 0x0000, 0x0282, 0x00C1,
    0x0000, 0x0000, 0x0000, 0x0000, 0x0000, 0x0000, 0x0000, 0x0020, 0x0323, 0x0161, 0xA022, 0x6821,
    0x0000, 0x0B02, 0x0343, 0x0302, 0x0302, 0x0000, 0xC5E0, 0xAD20, 0x0020, 0x0121, 0x02C2, 0x0363,
    0x0363, 0x0343, 0x02C2, 0x01A1, 0x0080, 0x0000, 0x0000, 0x0000, 0x18E3, 0x4228, 0x73EF, 0x73CF,
    0x3925, 0x6002, 0xB886, 0xF909, 0xF909, 0xF109, 0xF109, 0xE8A5, 0xE083, 0xE083, 0xE8C6, 0xF109,
    0xF109, 0xF8E9, 0x48A3, 0x95B9, 0xC6FE, 0xFFFF, 0xFFFF, 0xEF9E, 0x1439, 0x0439, 0x03D8, 0x969E,
    0xFB8F, 0xE001, 0xE0A3, 0xE083, 0xF883, 0x6083, 0x40C4, 0xB821, 0xF083, 0xF0A4, 0xE883, 0xE083,
    0xF0A4, 0xBD59, 0x03F9, 0x03D9, 0x0439, 0x03D8, 0x4D9C, 0xFCF4, 0xE823, 0xE884, 0xF043, 0xCD37,
    0x047A, 0x0419, 0x0439, 0x0419, 0x03F9, 0x3D3C, 0xE73D, 0xF2EE, 0xE022, 0xE8E6, 0xF516, 0xEEFC,
    0xB6FE, 0x6E5E, 0x2D5D, 0x0C7A, 0x0419, 0x0439, 0x03D9, 0x9E7D, 0xFA8B, 0xE021, 0xE083, 0xF083,
    0x9083, 0x9063, 0xF883, 0xE0A4, 0xE8C5, 0xE844, 0xFB0E, 0x65BC, 0x03F9, 0x03F9, 0x4D9C, 0xFBF1,
    0xF088, 0xF12A, 0xF109, 0xF149, 0xFA0B, 0xFA0B, 0xF129, 0xF9AA, 0x857A, 0x03F9, 0x147A, 0xE67B,
    0xF929, 0xE909, 0xF909, 0x88E7, 0x69AA, 0xA886, 0xE0C7, 0xF129, 0xF129, 0xF0E9, 0xF98A, 0xADFB,
    0x03F9, 0xE77E, 0xFFFF, 0x39A6, 0xB658, 0x9186, 0xF883, 0x5820, 0x7C51, 0x8C30, 0x4208, 0xFFFF,
    0xFFFF, 0xEF5D, 0xB5B6, 0xA515, 0x2940, 0xDEC0, 0xFF80, 0xFF60, 0xFF60, 0xFF60, 0xFF60, 0xFF60,
    0xFF60, 0xFF60, 0xFFC0, 0xFFE0, 0xF760, 0xAD40, 0x4A60, 0x1860, 0xA086, 0xF929, 0xF909, 0x9885,
    0x1062, 0x5002, 0xB8C7, 0xE909, 0xF929, 0x7865, 0x08A0, 0xD660, 0xFFC0, 0xFFC0, 0xFFC0, 0xFF60,
    0xEEE0, 0xD620, 0xC5C0, 0xFFA0, 0xFF60, 0xFFC0, 0xCE20, 0x0860, 0x1801, 0xE108, 0xF929, 0xD8E8,
    0x1000, 0x00A0, 0x0323, 0x0080, 0x0000, 0x0000, 0x0000, 0x0000, 0x0000, 0x0000, 0x0000, 0x0040,
    0x02A2, 0x0060, 0x0000, 0x0020, 0x0181, 0x0302, 0x0302, 0x0323, 0x0343, 0x00A0, 0x0820, 0x1880,
    0x0020, 0x0000, 0x0000, 0x0101, 0x0101, 0x0060, 0x0000, 0x1021, 0x3986, 0x6B2D, 0x9CF3, 0xD6BA,
    0xFFFF, 0xFFFF, 0xFFFF, 0x8C30, 0x8450, 0x9513, 0x39C7, 0x5083, 0xC8C7, 0xF109, 0xF109, 0xF109,
    0xE8C6, 0xE083, 0xE082, 0xE8A4, 0xE8E8, 0xF92A, 0x5842, 0x8536, 0xBEDE, 0xFFFF, 0xFFFF, 0xB69D,
    0x03F9, 0x0C59, 0x03D8, 0x5DDD, 0xFCF4, 0xE001, 0xE0A3, 0xE083, 0xF863, 0x80C5, 0x03B7, 0x022E,
    0x4063, 0xB021, 0xE0A3, 0xE062, 0xF947, 0xADFB, 0x0439, 0x0C59, 0x0439, 0x03F9, 0x2D1B, 0xFD76,
    0xE022, 0xE082, 0xF967, 0xA5DB, 0x0419, 0x0439, 0x0419, 0x3CFB, 0xAE1B, 0xFC32, 0xF0E6, 0xE042,
    0xE083, 0xE8E6, 0xF3B1, 0xEBF1, 0xDB90, 0xDBD1, 0xDC12, 0xED77, 0x555B, 0x03F9, 0x03D8, 0x5DBC,
    0xFC32, 0xE824, 0xE8E7, 0xE8E7, 0xF0E8, 0xF908, 0xF109, 0xF109, 0xF129, 0xF088, 0xFBD1, 0x4D9C,
    0x03F9, 0x03F9, 0x6DBC, 0xFB0E, 0xF087, 0xF109, 0xF109, 0xF0E9, 0xF0C8, 0xF0C8, 0xF0C8, 0xF9CA,
    0x857A, 0x0419, 0x03F9, 0xA69D, 0xFACD, 0xF0A8, 0xF129, 0xF109, 0xF8E8, 0xF929, 0xF109, 0xF0C8,
    0xF0A8, 0xF005, 0xFC32, 0x2D1B, 0x44DA, 0xFFFF, 0xE73C, 0x3145, 0xCF1B, 0x9925, 0xF8A3, 0x6000,
    0x530C, 0x3166, 0xBDF7, 0xFFDF, 0xFFFF, 0xD6BA, 0x7BCF, 0xAD76, 0x2102, 0xD661, 0xFFA0, 0xFF60,
    0xFF60, 0xFF60, 0xFF60, 0xFF60, 0xFF60, 0xFF60, 0xFF60, 0xFF40, 0xFF60, 0xFFC0, 0xFFE0, 0xCE40,
    0x0860, 0xA086, 0xF92A, 0x4043, 0xC699, 0xA595, 0x0861, 0xB8A6, 0xF909, 0xF929, 0x7845, 0x08C0,
    0xD680, 0xFFE0, 0xFF40, 0xFF40, 0xFF80, 0xFF80, 0xFFA0, 0xFF40, 0xFFE0, 0xCE20, 0x0000, 0x9440,
    0x94C0, 0x1001, 0xE909, 0x5864, 0x0800, 0x10C1, 0x0323, 0x00A0, 0x0000, 0x0000, 0x0000, 0x0000,
    0x0000, 0x0000, 0x0000, 0x0040, 0x02E2, 0x0080, 0x00C0, 0x0343, 0x0221, 0x08A1, 0x00C0, 0x0323,
    0x0323, 0x02A2, 0x0222, 0x0242, 0x0161, 0x0000, 0x00E1, 0x00E1, 0x0020, 0x0000, 0x738E, 0xEF7D,
    0xFFFF, 0xFFFF, 0xFFFF, 0xFFFF, 0xB5B6, 0x630C, 0x2124, 0x528A, 0xD6BA, 0xFFFF, 0xFFFF, 0x3208,
    0x9844, 0xF92A, 0xF109, 0xF109, 0xF109, 0xF0E8, 0xE884, 0xE083, 0xE083, 0xF8E7, 0x6823, 0x7CB3,
    0xB6BE, 0xFFFF, 0xFFFF, 0x6D9B, 0x03F9, 0x0C59, 0x03F9, 0x2CFB, 0xF619, 0xE843, 0xE083, 0xE083,
    0xF8A3, 0x9022, 0x54B7, 0x6DDE, 0x0C39, 0x01AA, 0x9821, 0xE863, 0xF988, 0x9DDB, 0x03F9, 0x0439,
    0x0439, 0x0419, 0x14BB, 0xEDF9, 0xE884, 0xE022, 0xFA6B, 0x75DC, 0x03F9, 0x03F9, 0x3D3B, 0xFE59,
    0xF927, 0xE001, 0xE062, 0xE883, 0xF083, 0xF083, 0xF002, 0xE802, 0xE822, 0xF043, 0xE823, 0xF948,
    0xB61B, 0x0419, 0x0419, 0x24FB, 0xF5B7, 0xF0A8, 0xF129, 0xF109, 0xF109, 0xF109, 0xF109, 0xF109,
    0xF129, 0xF0A7, 0xFC73, 0x355C, 0x03F9, 0x03D9, 0x963C, 0xFA8D, 0xE8A8, 0xF109, 0xF109, 0xF109,
    0xF109, 0xF109, 0xF0C8, 0xF9CA, 0x857A, 0x0419, 0x03D8, 0x5DDD, 0xFC93, 0xE826, 0xF0C8, 0xF087,
    0xF087, 0xF0C7, 0xF949, 0xFA2B, 0xFB2F, 0xFC52, 0xB61B, 0x03D9, 0xB6BD, 0xFFFF, 0xF7BE, 0x2924,
    0xC69A, 0x928A, 0xA000, 0x1000, 0xB5D6, 0x4A69, 0x7BCF, 0xFFFF, 0xFFFF, 0xB5B6, 0x8C71, 0xEF9E,
    0xCE59, 0x9CA2, 0xFFC0, 0xFF60, 0xFF60, 0xFF60, 0xFF60, 0xFF60, 0xFF60, 0xFF60, 0xFF60, 0xFF60,
    0xFF60, 0xFF40, 0xF740, 0xFFE0, 0xBDE0, 0x10A0, 0x5823, 0x5228, 0xFFFF, 0xD6DB, 0x2862, 0xF109,
    0xF109, 0xE909, 0xF929, 0x7845, 0x10E0, 0xAD60, 0xF760, 0xFFE0, 0xFFC0, 0xFFE0, 0xFFC0, 0xFF80,
    0xCE00, 0x10A0, 0x9440, 0xFFE0, 0xFFE0, 0x73C0, 0x2802, 0x4841, 0x9022, 0x18C1, 0x0323, 0x00A0,
    0x0000, 0x0000, 0x0000, 0x0000, 0x0000, 0x0000, 0x0000, 0x0020, 0x0343, 0x0181, 0x0040, 0x0221,
    0x5AEB, 0x734E, 0x00A0, 0x0363, 0x0303, 0x0323, 0x0363, 0x02A2, 0x0020, 0x0101, 0x0343, 0x0363,
    0x0040, 0x62EC, 0xFFFF, 0xEF9D, 0xC658, 0x9492, 0x52AA, 0x2945, 0x3186, 0x73AE, 0xCE79, 0xFFFF,
    0xFFFF, 0xF7BE, 0xC679, 0x40E4, 0xF0C8, 0xF109, 0xF109, 0xF109, 0xF109, 0xF109, 0xF108, 0xE884,
    0xE083, 0xF8A4, 0x8000, 0x6C10, 0xAEBE, 0xFFFF, 0xFFFF, 0x963C, 0x03F9, 0x0439, 0x0439, 0x043A,
    0xD6BC, 0xF126, 0xE062, 0xE083, 0xF0A3, 0xA001, 0x5C54, 0xFFFF, 0x757A, 0x60E6, 0xF083, 0xE042,
    0xFA09, 0x85FC, 0x03F9, 0x0439, 0x0439, 0x0439, 0x045A, 0xD63A, 0xF105, 0xE001, 0xFBB0, 0x457C,
    0x03F9, 0x0419, 0x1CBB, 0xEE3A, 0xE884, 0xE8C5, 0xE8C6, 0xE0A6, 0xA884, 0xB0A5, 0xC0A6, 0xE8E8,
    0xF129, 0xF129, 0xF14A, 0xF0A8, 0xECF5, 0x24FB, 0x03F9, 0x043A, 0xCE7B, 0xF989, 0xF0E9, 0xF109,
    0xF109, 0xF129, 0xF129, 0xF109, 0xF0E9, 0xF005, 0xF4B4, 0x251B, 0x0419, 0x03F9, 0x559C, 0xFD35,
    0xF067, 0xF14A, 0xF129, 0xF129, 0xF129, 0xF129, 0xF0E9, 0xF9EB, 0x859A, 0x03F9, 0x0419, 0x24BA,
    0xF6DB, 0xFA2B, 0xFA6C, 0xFB90, 0xF493, 0xDD57, 0xB5DA, 0x8DFB, 0x5DBC, 0x353C, 0x0C39, 0x247A,
    0xF7DF, 0xFFDF, 0xFFFF, 0x4A49, 0x9CF3, 0xD699, 0x39A6, 0x8450, 0xFFFF, 0x8430, 0x39C7, 0xFFFF,
    0xFFFF, 0xC638, 0xF7BE, 0xFFFF, 0xCE7B, 0x6B40, 0xFFE0, 0xFF40, 0xFF60, 0xFF60, 0xFF60, 0xFF60,
    0xFF60, 0xFF60, 0xFF60, 0xFF60, 0xFF60, 0xFF60, 0xFF60, 0xFF40, 0xFFE0, 0xE6E0, 0x08A0, 0x9492,
    0xFFFF, 0x7BEF, 0x1000, 0xC8C7, 0xF909, 0xF109, 0xF109, 0xF929, 0x8885, 0x1001, 0x1900, 0x6BA0,
    0xBDA0, 0x8C80, 0x4AA0, 0x1920, 0x9084, 0x8123, 0xAD40, 0xFFC0, 0xF720, 0xFFE0, 0x52E0, 0x3801,
    0xD062, 0x08C1, 0x0323, 0x00A0, 0x0000, 0x0000, 0x0000, 0x0000, 0x0000, 0x0000, 0x0000, 0x0040,
    0x02E2, 0x00C1, 0x0000, 0x0040, 0xAD95, 0x528A, 0x0180, 0x0363, 0x0303, 0x0303, 0x0322, 0x0060,
    0x0080, 0x0323, 0x0363, 0x00E0, 0x41E8, 0xFFFF, 0x94B2, 0x2965, 0x39C7, 0x5ACB, 0x9492, 0xD69A,
    0xFFFF, 0xFFFF, 0xFFFF, 0xFFFF, 0xBDD7, 0x4A49, 0x4289, 0x6864, 0xF929, 0xF109, 0xF109, 0xF109,
    0xF109, 0xF109, 0xF109, 0xE884, 0xE083, 0xF8A4, 0x9000, 0x5B4D, 0xAE9E, 0xF7DF, 0xFFFF, 0xDF5E,
    0x0C19, 0x0439, 0x0439, 0x03D9, 0xA69D, 0xFA6A, 0xE022, 0xE0A3, 0xF0A4, 0xB800, 0x53B2, 0x9E5B,
    0x70A4, 0xF842, 0xE8A4, 0xE022, 0xFA6B, 0x75DC, 0x03D9, 0x0C59, 0x0439, 0x0439, 0x0419, 0xBE5B,
    0xF126, 0xE001, 0xECD5, 0x1CDB, 0x0419, 0x0439, 0x03F9, 0xBEDD, 0xFA4C, 0xF0C8, 0xF92A, 0xE0A7,
    0x124E, 0x13D6, 0x13B5, 0x89AC, 0xF8E8, 0xF109, 0xF129, 0xF087, 0xFB90, 0x559C, 0x03F9, 0x03D9,
    0x965D, 0xFAAD, 0xE888, 0xF109, 0xF0A8, 0xE887, 0xF087, 0xF108, 0xFA0B, 0xFB8F, 0xF69B, 0x147A,
    0x0419, 0x0439, 0x03F9, 0xB6BD, 0xFA4C, 0xE826, 0xF087, 0xF067, 0xF087, 0xF0C8, 0xE867, 0xF969,
    0x7D7A, 0x03F9, 0x0439, 0x03F9, 0xD75E, 0xEF9E, 0x85DB, 0x5D9C, 0x2D1B, 0x0C9B, 0x043A, 0x03F9,
    0x03D9, 0x03F9, 0x03D9, 0x85DC, 0xFFFF, 0xF7BE, 0xFFFF, 0x8C51, 0x4A69, 0xFFFF, 0xFFFF, 0xFFFF,
    0xFFFF, 0x630C, 0x5AEB, 0xFFFF, 0xF7DE, 0xFFFF, 0xB596, 0xFFFF, 0x9D16, 0x83E0, 0xFFE0, 0xFF40,
    0xFF60, 0xFF60, 0xFF60, 0xFF60, 0xFF60, 0xFF60, 0xFF60, 0xFF60, 0xFF60, 0xFF60, 0xFF60, 0xFFA0,
    0xCE00, 0xD660, 0x41E3, 0xF7BF, 0xFFFF, 0xE71C, 0x8C71, 0x2124, 0x5863, 0xF109, 0xF109, 0xF109,
    0xF929, 0xE909, 0x9866, 0x3002, 0x0000, 0x1801, 0x4803, 0x8845, 0xE109, 0xB0A7, 0x0000, 0x8C40,
    0xFFE0, 0xD660, 0x2920, 0x1820, 0xB842, 0x10C1, 0x0323, 0x00A0, 0x0000, 0x0000, 0x0000, 0x0000,
    0x0000, 0x0000, 0x0000, 0x0020, 0x0060, 0x0000, 0x0161, 0x02A1, 0x4208, 0x18A3, 0x0281, 0x0363,
    0x0323, 0x0343, 0x0201, 0x0000, 0x0262, 0x0343, 0x0302, 0x0861, 0xDEDB, 0xFFFF, 0xEF5C, 0xE73C,
    0xFFFF, 0xFFFF, 0xFFFF, 0xFFFF, 0xFFFF, 0xCE79, 0x8410, 0x4A49, 0x4A49, 0xCE59, 0x5AEB, 0xB045,
    0xF92A, 0xF109, 0xF109, 0xF109, 0xF109, 0xF109, 0xF0E7, 0xE083, 0xE083, 0xF0A4, 0xB000, 0x528A,
    0xA67E, 0xEFBE, 0xFFFF, 0xFFFF, 0x3CDA, 0x0419, 0x0C59, 0x03D8, 0x6E1D, 0xFBD0, 0xE001, 0xE0A4,
    0xE8A3, 0xD841, 0x11CA, 0x6927, 0xF021, 0xE0A3, 0xE083, 0xE001, 0xFB0D, 0x5DBC, 0x03D9, 0x0439,
    0x0439, 0x0439, 0x03F9, 0x9E7D, 0xFBF1, 0xFACD, 0xD61A, 0x043A, 0x0439, 0x0C39, 0x03D8, 0x7E3D,
    0xFBF1, 0xE887, 0xF129, 0xF087, 0x52D0, 0xD7FF, 0x9EDE, 0x6A6F, 0xF8C7, 0xF109, 0xF109, 0xF8C8,
    0xDD57, 0x149B, 0x0419, 0x03D8, 0x559C, 0xFD56, 0xE887, 0xF969, 0xFA8D, 0xFC11, 0xFD96, 0xF69A,
    0xCEFD, 0x9EBE, 0x5D5B, 0x0419, 0x0419, 0x0439, 0x03F9, 0x3D1B, 0xFEDB, 0xFC32, 0xFC73, 0xFCB3,
    0xFC93, 0xFA6C, 0xFACD, 0xFC92, 0x85BB, 0x03F9, 0x0C59, 0x03F9, 0xC6FD, 0x4D1B, 0x03B8, 0x03F9,
    0x03F9, 0x0419, 0x0439, 0x0439, 0x0439, 0x0439, 0x0C19, 0xDF5E, 0xFFFF, 0xFFFF, 0xFFFF, 0xC658,
    0x5ACB, 0xC618, 0x8C51, 0x8C51, 0x73AE, 0x2124, 0xDEFB, 0xFFFF, 0xFFFF, 0xA534, 0x632C, 0xF79F,
    0x4A45, 0xE6E0, 0xFF80, 0xFF60, 0xFFA0, 0xFF60, 0xFF60, 0xFF60, 0xFF60, 0xFF60, 0xFF60, 0xFF60,
    0xFF60, 0xFF60, 0xFF60, 0xF780, 0x5AC0, 0x7BA0, 0x1084, 0xA515, 0xF79E, 0xFFFF, 0xFFFF, 0x6BCE,
    0x4001, 0xF92A, 0xF109, 0xF109, 0xF109, 0xF109, 0xF929, 0xF929, 0xD8E8, 0xF129, 0xF929, 0xF929,
    0xF109, 0xF929, 0x8085, 0x0000, 0x8C20, 0x2900, 0x0000, 0x8062, 0xE863, 0x08A1, 0x0323, 0x00A1,
    0x0000, 0x0000, 0x0000, 0x0000, 0x0000, 0x0000, 0x0000, 0x0020, 0x0080, 0x0000, 0x0101, 0x02A2,
    0x0221, 0x0100, 0x02E2, 0x0242, 0x02C2, 0x0343, 0x0040, 0x00A0, 0x0343, 0x0323, 0x02C2, 0x1903,
    0xF79E, 0xFFFF, 0xFFFF, 0xFFFF, 0xFFFF, 0xE75C, 0xB596, 0x738E, 0x4A28, 0x4A49, 0x840F, 0xCE59,
    0xFFFF, 0xEFBE, 0x3883, 0xF0E8, 0xF109, 0xF109, 0xF109, 0xF109, 0xF109, 0xF109, 0xE8A5, 0xE083,
    0xE083, 0xE8A3, 0xC001, 0x49E7, 0x9E5D, 0xE77E, 0xFFFF, 0xFFFF, 0x85DC, 0x03F9, 0x0C59, 0x03F9,
    0x353C, 0xFD35, 0xE001, 0xE0A3, 0xE883, 0xE084, 0x9042, 0xF084, 0xE8C6, 0xE8C6, 0xF0E7, 0xE866,
    0xFB90, 0x559C, 0x03D9, 0x349A, 0x0439, 0x0439, 0x03F9, 0xBEDD, 0xCF5E, 0x965D, 0x4D3B, 0x0419,
    0x0439, 0x0439, 0x03F9, 0x353C, 0xFD76, 0xF087, 0xF129, 0xF8E8, 0x6969, 0x6ACF, 0xA14A, 0xD8E8,
    0xF109, 0xF129, 0xE8C8, 0xFA8D, 0x7DFC, 0x03F9, 0x0C39, 0x0419, 0x247A, 0xFFFF, 0xFF1B, 0xEEDB,
    0xC6FD, 0x8E7D, 0x559C, 0x24BB, 0x0419, 0x03D8, 0x03F9, 0x0439, 0x34BA, 0x0439, 0x0419, 0x247A,
    0xDF9F, 0x6DFD, 0x55BC, 0x4D9C, 0xD79F, 0xBEBD, 0x863D, 0x5DBC, 0x1C7A, 0x0439, 0x0439, 0x1459,
    0xC6DD, 0x0C39, 0x0439, 0x0439, 0x0439, 0x0439, 0x0439, 0x0439, 0x0439, 0x03F9, 0x4D1A, 0xFFFF,
    0xDF1C, 0x94D2, 0xCE99, 0xF7DE, 0xFFFF, 0x9D13, 0x6B4D, 0x4208, 0x39C7, 0x2945, 0x52AA, 0x4228,
    0xB596, 0xB596, 0xFFFF, 0xA554, 0x9CA0, 0xFFE0, 0xFF40, 0x7BA0, 0x7BC0, 0xFFA0, 0xFF60, 0xFF60,
    0xFF60, 0xFF60, 0xFF60, 0xFF60, 0xFF60, 0xFF60, 0xFFC0, 0xCE00, 0x18A0, 0x9CE0, 0x9480, 0x39C0,
    0x2104, 0x630E, 0xBDF8, 0x2145, 0xB886, 0xF92A, 0xE909, 0xF109, 0xF109, 0xF109, 0xF109, 0xF109,
    0xF909, 0xF109, 0xF109, 0xE909, 0xF109, 0xF909, 0xF94A, 0x8865, 0x0000, 0x18C0, 0x8480, 0x7042,
    0xE063, 0x08A1, 0x0323, 0x00A1, 0x0000, 0x0000, 0x0000, 0x0000, 0x0000, 0x0000, 0x0000, 0x0040,
    0x0322, 0x0141, 0x0000, 0x0141, 0x03C3, 0x02E2, 0x2342, 0x20E0, 0x0000, 0x0000, 0x0000, 0x0242,
    0x0343, 0x0323, 0x0281, 0x2144, 0xFFDE, 0xF79E, 0xAD55, 0x7BEF, 0x528A, 0x4208, 0x52AA, 0x8C50,
    0xCE79, 0xFFFF, 0xFFFF, 0xFFFF, 0xF7DE, 0x9513, 0x6002, 0xF92A, 0xF109, 0xF109, 0xF109, 0xF109,
    0xF109, 0xF109, 0xE8A4, 0xE082, 0xE083, 0xE8A3, 0xD842, 0x4924, 0x961B, 0xD73E, 0xFFFF, 0xFFFF,
    0xC6FD, 0x03F9, 0x0439, 0x0419, 0x0C9A, 0xE619, 0xF0C7, 0xF0E8, 0xF0E8, 0xF109, 0xF909, 0xF109,
    0xF109, 0xF109, 0xF129, 0xF087, 0xFC12, 0x3D5C, 0x03B8, 0x8DFC, 0x249A, 0x0419, 0x1C7A, 0xB67D,
    0x03F9, 0x03D9, 0x03F9, 0x0439, 0x0439, 0x0439, 0x0439, 0x0C5A, 0xDE7B, 0xF949, 0xF109, 0xF129,
    0xE8E8, 0xF0C7, 0xF909, 0xF909, 0xF0C8, 0xE8C8, 0xF026, 0xED15, 0x1CDB, 0x03F9, 0x0439, 0x0419,
    0x247A, 0xE77E, 0x5D7C, 0x1C7A, 0x03F9, 0x03D8, 0x03D9, 0x0419, 0x0439, 0x0439, 0x0439, 0x0C39,
    0xD71E, 0x34BA, 0x03D9, 0x657B, 0x961C, 0x0378, 0x03D8, 0x1439, 0xB69C, 0x03F9, 0x03D9, 0x03D8,
    0x0419, 0x0439, 0x03F9, 0x451B, 0xAE7D, 0x03F9, 0x0439, 0x0439, 0x0439, 0x0439, 0x0439, 0x0439,
    0x0C59, 0x03F9, 0xAE9D, 0xFFFF, 0x632D, 0x7BEF, 0x6B4D, 0xB5B6, 0xF79E, 0xC638, 0xA534, 0x4A49,
    0xC618, 0xE73C, 0xDEDB, 0x630C, 0x18C3, 0x7BCF, 0x73CF, 0x8403, 0xFFE0, 0xF740, 0x6300, 0x8C20,
    0x6B20, 0xF760, 0xFF60, 0xFF60, 0xFF60, 0xFF60, 0xFF60, 0xFF60, 0xFF60, 0xFF60, 0xFF60, 0xF740,
    0x9CC0, 0x39C0, 0xE6C0, 0xFFE0, 0xC600, 0x6300, 0x10C0, 0x2000, 0xB0A6, 0xD8C8, 0xF929, 0xF109,
    0xF109, 0xF109, 0xF109, 0xF109, 0xF109, 0xF109, 0xF109, 0xF929, 0xF929, 0xD0E8, 0x6804, 0xEA87,
    0x8381, 0xCE20, 0xC640, 0x6802, 0xE863, 0x08A1, 0x0323, 0x00A1, 0x0000, 0x0000, 0x0000, 0x0000,
    0x0000, 0x0000, 0x0000, 0x0020, 0x0323, 0x0181, 0x0000, 0x01C1, 0x0141, 0x0000, 0xC5E0, 0xEF40,
    0xCE00, 0x7B80, 0x0000, 0x0302, 0x0343, 0x0363, 0x0241, 0x3146, 0xFFFF, 0xDEFB, 0x62EB, 0x8430,
    0xC617, 0xF79D, 0xFFFF, 0xFFFF, 0xFFFF, 0xFFDF, 0xF7BE, 0xFFFF, 0xFFFF, 0x52CB, 0xA845, 0xF92A,
    0xF109, 0xF109, 0xF109, 0xF109, 0xF109, 0xF109, 0xF109, 0xE8A5, 0xE083, 0xE083, 0xE863, 0x48A2,
    0x8DB9, 0xCF1E, 0xFFFF, 0xFFFF, 0xF7DF, 0x249A, 0x0419, 0x0439, 0x03F9, 0xB67C, 0xF9EB, 0xF0C9,
    0xF109, 0xF109, 0xF109, 0xF109, 0xF109, 0xF109, 0xF129, 0xF087, 0xF473, 0x2D3B, 0x03B8, 0xC6DD,
    0x657B, 0x03B8, 0x553B, 0x85DC, 0x03D9, 0x0C59, 0x0439, 0x0419, 0x0439, 0x0439, 0x0439, 0x03D9,
    0xA69D, 0xFA8C, 0xE867, 0xF0C8, 0xF088, 0xF087, 0xF0A7, 0xF908, 0xF9CA, 0xFA8C, 0xFC11, 0x95FB,
    0x0419, 0x2C9A, 0x0439, 0x03F9, 0x5D5B, 0x9E3C, 0x0398, 0x0439, 0x0439, 0x0439, 0x0439, 0x0439,
    0x0439, 0x0439, 0x0419, 0x2C9A, 0xFFFF, 0xB69D, 0x0398, 0x9E5C, 0x5D5B, 0x0C19, 0x0C19, 0x5D5B,
    0x9E5C, 0x03D9, 0x0C59, 0x0C59, 0x0419, 0x553B, 0x34BA, 0x6D9B, 0x7DDC, 0x0BF9, 0x0C59, 0x0439,
    0x0439, 0x0419, 0x03F9, 0x03F9, 0x03D9, 0x2459, 0xF7DF, 0xEF7D, 0x94B2, 0x73CE, 0xBDF7, 0x52AA,
    0x39E7, 0x4A69, 0x8451, 0xD6FB, 0xFFFF, 0xFFFF, 0xFFFF, 0xDEFB, 0xB5D7, 0x94D3, 0x736D, 0x632D,
    0x41E0, 0xD680, 0xCE00, 0x83E0, 0xDEC0, 0xF740, 0xFF60, 0xFF60, 0xFF60, 0xFF60, 0xFF60, 0xFF60,
    0xFF60, 0xFF60, 0xFF60, 0xFF80, 0xFFE0, 0xFF80, 0xF740, 0xFF60, 0xFFA0, 0xFFE1, 0x5AE0, 0x62CD,
    0x1881, 0x2081, 0x7825, 0xE0E8, 0xF929, 0xF92A, 0xF929, 0xF929, 0xF929, 0xF929, 0xF929, 0xB0A7,
    0x4003, 0x0000, 0x3220, 0xD6C0, 0xFFE0, 0xFFE0, 0xADA0, 0x7002, 0xE863, 0x08A1, 0x0323, 0x00A1,
    0x0000, 0x0000, 0x0000, 0x0000, 0x0000, 0x0000, 0x0000, 0x0020, 0x0323, 0x0161, 0x0000, 0x0000,
    0x2920, 0xA4E0, 0xF760, 0xFFE0, 0xDEC0, 0xAD40, 0x0921, 0x0302, 0x0282, 0x02A2, 0x0240, 0x6BCD,
    0xFFFF, 0xFFFF, 0xFFFF, 0xFFFF, 0xFFFF, 0xFFFF, 0xF7DE, 0xF7BE, 0xFFFF, 0xFFFF, 0xFFFF, 0xE71C,
    0x8451, 0x28A3, 0xE8E8, 0xF109, 0xF109, 0xF109, 0xF109, 0xF109, 0xF109, 0xF109, 0xF109, 0xF109,
    0xE8C6, 0xE083, 0xF083, 0x5041, 0x8557, 0xBEDE, 0xFFFF, 0xF7DF, 0xFFFF, 0x6D7B, 0x03F9, 0x0C59,
    0x03D9, 0x7E3D, 0xFB2E, 0xE887, 0xF129, 0xF109, 0xF109, 0xF109, 0xF109, 0xF109, 0xF129, 0xF0C8,
    0xED15, 0x1CFB, 0x03B8, 0xD73E, 0xAE9D, 0x0398, 0x961C, 0x4D1B, 0x03F9, 0x0C39, 0x0419, 0x3CBA,
    0x1459, 0x0439, 0x0439, 0x03D9, 0x5DBC, 0xFD76, 0xF189, 0xFAAD, 0xFB6F, 0xFC52, 0xED36, 0xDDF9,
    0xBE5B, 0x965C, 0x6DFD, 0x1439, 0x3CFA, 0xC6DD, 0x0419, 0x03F9, 0x9E3C, 0x5D5B, 0x03F9, 0x0C39,
    0x0439, 0x0439, 0x0439, 0x0439, 0x0439, 0x0C59, 0x03F9, 0x5D5B, 0xFFFF, 0xFFFF, 0x44DA, 0xAE7D,
    0x1C7A, 0x0419, 0x03B9, 0x961C, 0x759B, 0x03F9, 0x0439, 0x0439, 0x03B8, 0x963C, 0xBEDD, 0x95FC,
    0x2CBA, 0x03B8, 0x03F9, 0x0419, 0x1C59, 0x34BA, 0x553B, 0x85DC, 0xA65D, 0xD73E, 0xFFFF, 0xFFFF,
    0xEF7D, 0xAD75, 0xC618, 0x4A29, 0xE75C, 0xFFFF, 0xCDD7, 0xBC92, 0xDEBA, 0xF7FF, 0xFFFF, 0xEFBE,
    0xBCD2, 0x99E8, 0x7AEB, 0xFFFF, 0x94B5, 0x39C2, 0xF760, 0xE6C0, 0xFFC0, 0xFF60, 0xFF60, 0xFF60,
    0xFF60, 0xFF60, 0xFF60, 0xFF60, 0xFF60, 0xFF60, 0xFF60, 0xFF60, 0xFF40, 0xFF60, 0xFF60, 0xF720,
    0xFFE0, 0xA4C0, 0x4A49, 0x632E, 0x6B20, 0xDEE0, 0x52C0, 0x2021, 0x7884, 0x9844, 0xA886, 0x9846,
    0x9826, 0x8025, 0x2802, 0x0860, 0x52E0, 0xCE40, 0xFFE0, 0xFF80, 0xF720, 0xFFA0, 0xB5A0, 0x6802,
    0xE863, 0x10A1, 0x0323, 0x00C1, 0x0000, 0x0000, 0x0000, 0x0000, 0x0000, 0x0000, 0x0000, 0x0020,
    0x0323, 0x0161, 0x6021, 0x7002, 0x94A0, 0xFFE0, 0xE700, 0x7380, 0x0800, 0x0000, 0x08E1, 0x00A0,
    0x0060, 0x0040, 0x0000, 0x634C, 0xFFFF, 0xF7DE, 0xFFDF, 0xF7DE, 0xF7DE, 0xFFFF, 0xFFFF, 0xFFFF,
    0xEF9D, 0xA514, 0x4A69, 0x2945, 0x2144, 0x5843, 0xF929, 0xF109, 0xF109, 0xF109, 0xF109, 0xF109,
    0xF109, 0xF109, 0xF109, 0xF109, 0xF109, 0xE8C6, 0xF8A3, 0x6000, 0x74B4, 0xB6BE, 0xFFFF, 0xF7DF,
    0xFFFF, 0xB69D, 0x03F9, 0x0C59, 0x03D8, 0x4D7C, 0xFC93, 0xF087, 0xF129, 0xF129, 0xF129, 0xF129,
    0xF109, 0xF0C8, 0xE8A8, 0xF026, 0xE516, 0x0CBB, 0x03F9, 0xDF5E, 0xEF9E, 0x0C19, 0xA67C, 0x1459,
    0x0439, 0x0C59, 0x03F9, 0xC6DD, 0x7DBB, 0x03D9, 0x0C59, 0x0419, 0x2C9A, 0xFFFF, 0xDF3D, 0x961C,
    0x65DC, 0x3D5C, 0x1CDB, 0x0C7A, 0x0419, 0x03D9, 0x03F9, 0x03D9, 0x9E3C, 0xFFFF, 0x34BA, 0x03F9,
    0xBEBD, 0x1C7A, 0x0419, 0x0439, 0x0439, 0x0439, 0x0439, 0x0419, 0x03F9, 0x03F9, 0x0BD9, 0xA67D,
    0xFFFF, 0xFFFF, 0xE77E, 0xAE7D, 0x1C59, 0x2C9A, 0x347A, 0xBEDD, 0x247A, 0x03D9, 0x0419, 0x1C7A,
    0x349A, 0xC6FD, 0xFFFF, 0xD71E, 0x5D3B, 0x85DC, 0xAE7D, 0xCF1E, 0xEF9E, 0xFFFF, 0xFFFF, 0xFFFF,
    0xFFFF, 0xFFFF, 0xFFFF, 0xFFFF, 0xFFDE, 0xFFFF, 0x6B8E, 0xA534, 0xFFFF, 0xF7BE, 0x83AE, 0x7186,
    0x8966, 0x91E8, 0xA2EC, 0x8945, 0x7186, 0x8B2C, 0x79C7, 0x738D, 0xFFFF, 0x52A8, 0xE6A0, 0xFFC0,
    0xFF40, 0xFF60, 0xFF60, 0xFF60, 0xFF60, 0xFF60, 0xFF60, 0xFF60, 0xFF60, 0xFF60, 0xFF60, 0xFF60,
    0xFF60, 0xFF60, 0xF740, 0xFFE0, 0xBDA0, 0x2944, 0x94D4, 0x2103, 0xDEA0, 0xFFA0, 0xFFE0, 0xBDA0,
    0x0080, 0x4AAA, 0x08A1, 0x4240, 0x4AA0, 0x4AC0, 0x7BE0, 0xDEA0, 0xFFE0, 0xCE00, 0xAD20, 0xF700,
    0xFF60, 0xFFA0, 0xB5A0, 0x6802, 0xE863, 0x10A1, 0x0323, 0x00C1, 0x0000, 0x0000, 0x0000, 0x0000,
    0x0000, 0x0000, 0x0000, 0x0020, 0x0323, 0x0161, 0xD862, 0xB803, 0x7C00, 0xFFC0, 0xAD00, 0x0000,
    0x0222, 0x01A1, 0x00E1, 0x0020, 0x00E1, 0x0201, 0x0262, 0x0000, 0x7BCF, 0xFFFF, 0xF7DE, 0xFFFF,
    0xFFFF, 0xEF7D, 0xAD55, 0x5ACB, 0x3186, 0x4A49, 0x9492, 0xE73C, 0x8492, 0x8824, 0xF92A, 0xF109,
    0xF109, 0xF109, 0xF109, 0xF109, 0xF109, 0xF109, 0xF109, 0xF109, 0xF109, 0xF109, 0xF908, 0x7000,
    0x6C11, 0xAE9E, 0xFFFF, 0xFFFF, 0xFFFF, 0xEF9E, 0x1459, 0x0439, 0x0419, 0x1CDB, 0xED77, 0xF087,
    0xF0E9, 0xF088, 0xE867, 0xF087, 0xF108, 0xF9CA, 0xFAEE, 0xFC52, 0xDE7B, 0x043A, 0x1439, 0xE79E,
    0xFFFF, 0x757B, 0x8E1C, 0x03F9, 0x0419, 0x03F9, 0x0C19, 0xF7DF, 0xEF9F, 0x1C39, 0x0439, 0x0419,
    0x34BA, 0xEF7E, 0x247A, 0x03D9, 0x03D9, 0x03F9, 0x0419, 0x0419, 0x0439, 0x0C39, 0x0439, 0x1459,
    0xE77E, 0xFFFF, 0x8E1C, 0x1C7A, 0xB69D, 0x0419, 0x0439, 0x0419, 0x03F9, 0x03F9, 0x0C19, 0x2C9A,
    0x657B, 0xA65C, 0xDF3E, 0xFFFF, 0xFFFF, 0xFFFF, 0xFFFF, 0xF7DF, 0xF7BF, 0xF7DF, 0xFFFF, 0xEF9E,
    0x961C, 0xB6BD, 0xD73E, 0xEF9E, 0xFFFF, 0xFFFF, 0xFFFF, 0xFFFF, 0xFFFF, 0xFFFF, 0xFFFF, 0xFFFF,
    0xFFFF, 0xFFFF, 0xF7DF, 0xE79F, 0xDF7F, 0xD75F, 0xC73F, 0xBEDE, 0xAE5D, 0x95BB, 0x31E9, 0xDEFB,
    0xFFFF, 0x8471, 0x8062, 0xA966, 0x92AA, 0x82CB, 0x7229, 0x7AAA, 0x9A08, 0xB001, 0x78A3, 0x18E3,
    0xFFFF, 0x73AF, 0xB560, 0xFFC0, 0xFF60, 0xFF60, 0xFF60, 0xFF60, 0xFF60, 0xFF60, 0xFF60, 0xFF60,
    0xFF60, 0xFF60, 0xFF60, 0xFF60, 0xFF40, 0xFF80, 0xFFE0, 0x9CE0, 0x2104, 0x8C72, 0x2126, 0x9460,
    0xFFE0, 0xF720, 0xFFA0, 0xBD80, 0x528A, 0xDEFC, 0x2100, 0xFFE0, 0xFFE0, 0xFFE0, 0xFFE0, 0xFF80,
    0xFF60, 0x6B00, 0x31A0, 0xE6C0, 0xFF60, 0xFFA0, 0xB5C0, 0x6801, 0xE863, 0x10A1, 0x0323, 0x00C1,
    0x0000, 0x0000, 0x0000, 0x0000, 0x0000, 0x0000, 0x0000, 0x0020, 0x0323, 0x0161, 0xC842, 0xA803,
    0x8420, 0xFFE0, 0xA4C0, 0x0040, 0x0363, 0x0302, 0x0302, 0x01A1, 0x0060, 0x0000, 0x0282, 0x0323,
    0x0000, 0x9492, 0xFFFF, 0xB596, 0x4208, 0x2945, 0x41E8, 0x8C71, 0xDEFB, 0xFFFF, 0xFFFF, 0xFFFF,
    0x4A08, 0xC066, 0xF929, 0xF109, 0xF109, 0xF109, 0xF109, 0xF109, 0xF109, 0xF109, 0xF109, 0xF109,
    0xF109, 0xF109, 0xF94A, 0x9023, 0x5B4D, 0xA67E, 0xFFFF, 0xFFFF, 0xFFFF, 0xFFFF, 0x4D1B, 0x03F9,
    0x0439, 0x0419, 0xC67B, 0xFA4C, 0xF9CA, 0xFB2E, 0xFC72, 0xFD96, 0xEE7A, 0xCEBC, 0xA69D, 0x763D,
    0x3CFB, 0x03F9, 0x2CBA, 0xFFDF, 0xFFFF, 0xEF7E, 0x5D3B, 0x1C39, 0x34DA, 0x4CFA, 0x961C, 0xFFFF,
    0xFFFF, 0x9E3C, 0x03F9, 0x03F9, 0x555B, 0xB69D, 0x03D9, 0x0C59, 0x0439, 0x0439, 0x0439, 0x0439,
    0x0439, 0x0439, 0x03F9, 0x6D7B, 0xFFFF, 0xFFFF, 0xDF5E, 0x85BB, 0x657B, 0x0398, 0x0C39, 0x34BA,
    0x6D7B, 0xA65D, 0xDF5E, 0xFFDF, 0xFFFF, 0xFFFF, 0xFFFF, 0xFFFF, 0xFFFF, 0xFFFF, 0xFFFF, 0xFFFF,
    0xFFFF, 0xFFFF, 0xFFFF, 0xFFFF, 0xFFFF, 0xFFFF, 0xFFFF, 0xFFFF, 0xFFFF, 0xFFFF, 0xF7DF, 0xEFBF,
    0xDF9F, 0xD75F, 0xC73F, 0xBEFF, 0xB6BE, 0xA65D, 0x95BB, 0x7D19, 0x7476, 0x5BB3, 0x4ACF, 0x3A2B,
    0x31A7, 0x2964, 0x2924, 0xF7BE, 0xE6FB, 0x5ACB, 0x40C3, 0xB9E8, 0xB000, 0xB800, 0xB0E4, 0xB801,
    0x9821, 0xA471, 0x5B4C, 0x08C4, 0x52AB, 0x4229, 0xB540, 0xFFC0, 0xFF40, 0xFF60, 0xFF60, 0xFF60,
    0xFF60, 0xFF60, 0xFF60, 0xFF60, 0xFF60, 0xFF40, 0xFF40, 0xFF80, 0xFFE0, 0xE6E0, 0x62E0, 0x39C7,
    0x8C51, 0x18A5, 0x7380, 0xFFE0, 0xFF40, 0xFF40, 0xFFE0, 0x6300, 0x7390, 0xEF9D, 0x630B, 0x39E1,
    0x9480, 0xEF00, 0xF740, 0xFF40, 0xFF60, 0x6B00, 0x4200, 0xE6A0, 0xFF60, 0xFFA0, 0xB5C0, 0x6801,
    0xE863, 0x10A1, 0x0323, 0x00C1, 0x0000, 0x0000, 0x0000, 0x0000, 0x0000, 0x0000, 0x0000, 0x0020,
    0x0323, 0x0161, 0xC842, 0xA803, 0x8C60, 0x7360, 0x0820, 0x0000, 0x01E1, 0x0060, 0x01E2, 0x03C3,
    0x0383, 0x0101, 0x0000, 0x0262, 0x0302, 0x0000, 0xB596, 0xE73C, 0xA534, 0xDEDB, 0xFFFF, 0xFFFF,
    0xFFFF, 0xF7BE, 0xFFDF, 0xEF9D, 0x38C4, 0xF0E8, 0xF109, 0xF109, 0xF109, 0xF109, 0xF109, 0xF929,
    0xF929, 0xF929, 0xF109, 0xF109, 0xF109, 0xF109, 0xF92A, 0xA845, 0x4A8A, 0xA65E, 0xF7BE, 0xFFFF,
    0xFFFF, 0xFFFF, 0x963C, 0x03D9, 0x0C59, 0x03F9, 0xC71E, 0xFFBE, 0xC69C, 0x9E9D, 0x6E1D, 0x455C,
    0x1C9A, 0x0419, 0x03D9, 0x03D8, 0x0419, 0x03F9, 0x759B, 0xFFFF, 0xFFFF, 0xFFFF, 0xE79E, 0xF7BF,
    0xFFFF, 0xFFFF, 0xFFFF, 0xFFFF, 0xFFFF, 0xFFFF, 0x3CDA, 0x03B8, 0x963C, 0x7DBB, 0x03D9, 0x0439,
    0x0439, 0x0439, 0x0439, 0x0439, 0x0439, 0x0C59, 0x03F9, 0xCEFE, 0xFFFF, 0xFFFF, 0xFFFF, 0xEF9E,
    0x85DC, 0xA65C, 0xDF5E, 0xFFFF, 0xFFFF, 0xFFFF, 0xFFFF, 0xFFFF, 0xF7DF, 0xF7DF, 0xFFFF, 0xFFFF,
    0xFFFF, 0xFFFF, 0xFFFF, 0xFFFF, 0xFFFF, 0xFFFF, 0xFFFF, 0xF7DF, 0xEFBF, 0xDF7F, 0xD75F, 0xC71F,
    0xB6DE, 0xAE7E, 0x9E1C, 0x8D9A, 0x7CF8, 0x6C35, 0x5B72, 0x4AAE, 0x3A2A, 0x31A7, 0x2964, 0x3161,
    0x41E0, 0x5A80, 0x7360, 0x9460, 0xB580, 0xCE60, 0x3180, 0x2945, 0x11C9, 0x0189, 0x0840, 0x530C,
    0xCEBA, 0xB471, 0xA9E8, 0x9B2D, 0xD75D, 0x9491, 0x00C6, 0x03F8, 0x024F, 0x0020, 0xD640, 0xFFA0,
    0xFF60, 0xFF60, 0xFF60, 0xFF60, 0xFF60, 0xFF60, 0xFF40, 0xFF40, 0xFF80, 0xFFE0, 0xFFE0, 0xDEC0,
    0x7BC0, 0x39A3, 0x630D, 0x738F, 0x18C3, 0x8C20, 0xFFE0, 0xFF40, 0xFF60, 0xFF40, 0xFFA0, 0xBDA0,
    0x0862, 0x422A, 0xB5B7, 0xBDF8, 0x0862, 0xD620, 0xFF80, 0xFFC0, 0xD640, 0x4200, 0x4200, 0x9C80,
    0xFFE0, 0xFFA0, 0xB5C0, 0x6801, 0xE863, 0x10A1, 0x0323, 0x00C1, 0x0000, 0x0000, 0x0000, 0x0000,
    0x0000, 0x0000, 0x0000, 0x0020, 0x0302, 0x0161, 0xC842, 0xA803, 0x9D00, 0x6AE0, 0x0101, 0x0282,
    0x0060, 0x00A0, 0x0180, 0x0120, 0x0160, 0x0323, 0x0121, 0x0000, 0x0282, 0x02A2, 0x0821, 0xCE79,
    0xFFFF, 0xFFFF, 0xF7DE, 0xFFDF, 0xFFFF, 0xFFFF, 0xFFFF, 0x9D34, 0x5022, 0xF929, 0xF109, 0xF109,
    0xF109, 0xF109, 0xF109, 0x8865, 0x8806, 0xC087, 0xF0E9, 0xF909, 0xF109, 0xF109, 0xF929, 0xC086,
    0x41C7, 0x9E3C, 0xE79E, 0xFFFF, 0xFFFF, 0xFFFF, 0xDF5E, 0x0C19, 0x0439, 0x1439, 0xC6DD, 0x3CDA,
    0x03F9, 0x03D9, 0x03D8, 0x03F9, 0x0419, 0x0439, 0x0439, 0x0439, 0x0C59, 0x03F9, 0xBEBD, 0xFFFF,
    0xFFFF, 0xFFFF, 0xFFFF, 0xFFFF, 0xFFFF, 0xFFFF, 0xFFFF, 0xFFFF, 0xFFFF, 0xFFFF, 0xCEFD, 0x03B8,
    0xC6DD, 0x3CDA, 0x0419, 0x0C59, 0x0439, 0x0439, 0x0419, 0x03F9, 0x03F9, 0x03B9, 0x3CBA, 0xFFFF,
    0xFFFF, 0xFFFF, 0xFFFF, 0xFFFF, 0xFFFF, 0xFFFF, 0xFFFF, 0xFFFF, 0xFFFF, 0xFFFF, 0xFFFF, 0xFFFF,
    0xFFFF, 0xFFFF, 0xFFFF, 0xFFFF, 0xF7DF, 0xEFBF, 0xE79F, 0xDF7F, 0xCF3F, 0xBEFE, 0xB69D, 0x9E1C,
    0x8D7A, 0x7CB7, 0x63F4, 0x5351, 0x428D, 0x39E9, 0x3186, 0x3183, 0x39A1, 0x4A00, 0x62E0, 0x7BA0,
    0x9CA0, 0xBD80, 0xDE60, 0xF720, 0xFFA0, 0xFFE0, 0xFFE0, 0xFFE0, 0xFFE0, 0xD620, 0x0001, 0x02D2,
    0x0418, 0x01CA, 0x0312, 0x0022, 0x8430, 0x8CB2, 0x5B8D, 0x638D, 0x52CA, 0x0001, 0x045A, 0x0CBB,
    0x00C6, 0xA4C0, 0xFFE0, 0xFF40, 0xFF60, 0xFF60, 0xFF40, 0xFF40, 0xFF60, 0xFFA0, 0xFFE0, 0xFFE0,
    0xEF00, 0xAD20, 0x6300, 0x39E4, 0x5ACC, 0x7BD0, 0x39C8, 0x31A0, 0xC600, 0xFFE0, 0xFF40, 0xFF60,
    0xFF60, 0xFF60, 0xFF40, 0xFF80, 0xCE20, 0x6300, 0x10A0, 0x10A4, 0x4221, 0xFFA0, 0xFF60, 0xDEC0,
    0x4A20, 0x7BA0, 0x7B80, 0x5280, 0xA4C0, 0xFFE0, 0xB5C0, 0x6801, 0xE863, 0x10A1, 0x0323, 0x00C1,
    0x0000, 0x0000, 0x0000, 0x0000, 0x0000, 0x0000, 0x0000, 0x0020, 0x0303, 0x0181, 0xC042, 0xB843,
    0x4240, 0x28C0, 0x00C1, 0x0181, 0x0040, 0x0942, 0x9451, 0xCE39, 0xA4B2, 0x0040, 0x0281, 0x0101,
    0x0000, 0x02A2, 0x0241, 0x1862, 0xDEDA, 0xFFFF, 0xFFFF, 0xFFFF, 0xCE79, 0x8410, 0x4A49, 0x10C3,
    0x9085, 0xF929, 0xF109, 0xF109, 0xF109, 0xF929, 0xA887, 0x08E0, 0x5B40, 0x39A0, 0x3082, 0xB8C7,
    0xF909, 0xF109, 0xF909, 0xD8A7, 0x3944, 0x95FB, 0xDF5E, 0xFFFF, 0xFFFF, 0xFFFF, 0xFFFF, 0x3CDA,
    0x03D9, 0x4D1B, 0x7DBB, 0x03B9, 0x0C59, 0x0439, 0x0439, 0x0439, 0x0439, 0x0439, 0x0439, 0x0439,
    0x0439, 0x1C59, 0xEFBF, 0xFFFF, 0xFFFF, 0xFFFF, 0xFFFF, 0xFFFF, 0xFFFF, 0xFFFF, 0xFFFF, 0xFFFF,
    0xFFFF, 0xFFFF, 0xFFFF, 0x85DC, 0xAE7D, 0x03F9, 0x03F9, 0x03F9, 0x0419, 0x1459, 0x34BA, 0x553B,
    0x75BB, 0x9E3C, 0xDF3E, 0xFFFF, 0xFFFF, 0xFFFF, 0xFFFF, 0xFFFF, 0xFFFF, 0xFFFF, 0xFFFF, 0xFFFF,
    0xFFDF, 0xF7BF, 0xE7BF, 0xDF9F, 0xD75F, 0xCF3F, 0xBEFE, 0xB69D, 0xA5FB, 0x8D59, 0x7C96, 0x63B3,
    0x52EF, 0x424C, 0x31C8, 0x3165, 0x3162, 0x39A0, 0x5240, 0x6B00, 0x8BE0, 0xA4E0, 0xC5E0, 0xE6C0,
    0xF760, 0xFFC0, 0xFFE0, 0xFFE0, 0xFFE0, 0xFFC0, 0xFF80, 0xFF60, 0xFF40, 0xFF40, 0xFF40, 0xFF40,
    0xF740, 0xF780, 0x8BE0, 0x0948, 0x0C9B, 0x03B7, 0x020E, 0x0000, 0x0020, 0x0000, 0x0120, 0x00A0,
    0x00A0, 0x0041, 0x018B, 0x01CB, 0x1923, 0xC5C0, 0xFFA0, 0xF740, 0xFF40, 0xFF80, 0xFFE0, 0xFFE0,
    0xFF80, 0xCE20, 0x9460, 0x5AC0, 0x41E3, 0x4A49, 0x630E, 0x6B4F, 0x39C7, 0x39C0, 0x9480, 0xFF80,
    0xFFA0, 0xFF40, 0xFF60, 0xFF60, 0xFF60, 0xFF60, 0xFF60, 0xFF40, 0xFFA0, 0xFFE0, 0xF740, 0x9C80,
    0xBD80, 0xFFC0, 0xDE80, 0x3180, 0xB540, 0xCE00, 0x7380, 0xE700, 0x39C0, 0xAD00, 0xBE20, 0x6801,
    0xE863, 0x10A1, 0x0323, 0x00C1, 0x0000, 0x0000, 0x0000, 0x0000, 0x0000, 0x0000, 0x0000, 0x0020,
    0x0323, 0x0181, 0xC022, 0xC083, 0x0000, 0x0141, 0x01E1, 0x0040, 0x00E0, 0x9CD2, 0xFFFF, 0xFFFF,
    0x6B6D, 0x2104, 0x2965, 0x0220, 0x0101, 0x0000, 0x02A2, 0x01C1, 0x2925, 0xE75C, 0x6B4D, 0x3186,
    0x3186, 0x630C, 0xC618, 0x5AEB, 0xB045, 0xF92A, 0xF109, 0xF109, 0xF109, 0xF929, 0x3002, 0x8C60,
    0xFFE0, 0xFFE0, 0x4260, 0xA847, 0xF929, 0xF109, 0xF109, 0xF0E8, 0x40C3, 0x8D99, 0xCF3E, 0xFFFF,
    0xFFFF, 0xFFFF, 0xFFFF, 0x85DC, 0x0398, 0x85DC, 0x4D1B, 0x03F9, 0x0439, 0x0439, 0x0439, 0x0439,
    0x0439, 0x0439, 0x0439, 0x0C59, 0x03F9, 0x5D5B, 0xFFFF, 0xFFFF, 0xFFFF, 0xFFFF, 0xFFFF, 0xFFFF,
    0xFFFF, 0xFFFF, 0xFFFF, 0xFFFF, 0xFFFF, 0xFFFF, 0xFFFF, 0xFFFF, 0xAE7D, 0x5D1B, 0x85FC, 0xAE7D,
    0xCF1E, 0xEF9E, 0xFFFF, 0xFFFF, 0xFFFF, 0xFFFF, 0xFFFF, 0xFFFF, 0xFFFF, 0xF7DF, 0xEFBF, 0xDF7F,
    0xD75F, 0xCF3F, 0xC71F, 0xB6BE, 0xAE7D, 0x9DFB, 0x8D59, 0x7C76, 0x63B2, 0x52CF, 0x3A2B, 0x31A7,
    0x3164, 0x3182, 0x41C0, 0x5280, 0x7340, 0x9440, 0xB540, 0xD620, 0xEEE0, 0xFF80, 0xFFE0, 0xFFE0,
    0xFFE0, 0xFFE0, 0xFFC0, 0xFF80, 0xFF60, 0xFF60, 0xFF40, 0xFF40, 0xFF40, 0xFF60, 0xFFE0, 0xFFE0,
    0xFFC0, 0xFF80, 0xFF60, 0xFF60, 0xFF40, 0xFFE0, 0xCE00, 0x0022, 0x0127, 0x1925, 0x6B0B, 0xAD75,
    0xB596, 0x9472, 0x0181, 0x2A26, 0xEF3C, 0xA514, 0x7B8D, 0xAD12, 0x7380, 0xEF20, 0xFFE0, 0xFFE0,
    0xFFC0, 0xE6C0, 0xA500, 0x6B40, 0x4222, 0x4206, 0x528C, 0x52AD, 0x6B4F, 0x422A, 0x39A3, 0x52A0,
    0xAD20, 0xFF80, 0xFFE0, 0xFF40, 0xFF40, 0xFF60, 0xFF60, 0xFF60, 0xFF60, 0xFF60, 0xFF60, 0xFF60,
    0xFF40, 0xFF40, 0xFF60, 0xFFE0, 0xFFA0, 0xFF60, 0xF700, 0xCE20, 0xD660, 0xB540, 0xCE20, 0xDEA0,
    0xC5E0, 0xCDE0, 0x7C20, 0x6821, 0xE863, 0x1081, 0x0323, 0x00C1, 0x0000, 0x0000, 0x0000, 0x0000,
    0x0000, 0x0000, 0x0000, 0x0020, 0x0302, 0x0181, 0xB822, 0xC883, 0x0000, 0x0161, 0x0242, 0x0060,
    0x0181, 0xDEBB, 0xFFFF, 0x9CF3, 0x0000, 0xDEDA, 0xEF3C, 0x39C6, 0x0220, 0x0101, 0x0000, 0x0B03,
    0x0080, 0x83CF, 0xAD55, 0xCE59, 0xFFFF, 0xFFFF, 0xFFFF, 0x3966, 0xD8A7, 0xF929, 0xF109, 0xF109,
    0xF929, 0xC0A7, 0x0860, 0xE6E0, 0xF740, 0xF740, 0x4141, 0xE0A8, 0xF909, 0xF109, 0xF109, 0xF909,
    0x5062, 0x7D36, 0xC6FE, 0xFFFF, 0xFFFF, 0xFFFF, 0xFFFF, 0xC6FD, 0x03D9, 0x9E3C, 0x1459, 0x0439,
    0x0439, 0x0439, 0x0439, 0x0439, 0x0419, 0x03F9, 0x03F9, 0x03F9, 0x03D9, 0xAE7D, 0xFFFF, 0xFFFF,
    0xFFFF, 0xFFFF, 0xFFFF, 0xFFFF, 0xFFFF, 0xFFFF, 0xFFFF, 0xFFFF, 0xFFFF, 0xFFFF, 0xFFFF, 0xFFFF,
    0xFFFF, 0xFFFF, 0xFFFF, 0xFFFF, 0xFFFF, 0xFFFF, 0xEFBF, 0xE77F, 0xD75F, 0xCF1F, 0xBEFF, 0xB6BE,
    0xAE9E, 0xA63D, 0x95BB, 0x8519, 0x7456, 0x6392, 0x4AAE, 0x3A2B, 0x3187, 0x2964, 0x3161, 0x41E0,
    0x5A80, 0x7360, 0x9460, 0xB560, 0xD640, 0xEF00, 0xFF80, 0xFFC0, 0xFFE0, 0xFFE0, 0xFFC0, 0xFF80,
    0xFF60, 0xFF40, 0xF720, 0xF720, 0xF720, 0xF720, 0xF740, 0xF740, 0xF740, 0xFF40, 0xFF40, 0xF740,
    0xFF60, 0xDEA0, 0x8C40, 0x94C0, 0xAD80, 0xEF01, 0xFF60, 0xF740, 0xF740, 0xF780, 0xC5E0, 0x3182,
    0x9471, 0xEF7D, 0xFFFF, 0xFFFF, 0xFFFF, 0xFFDF, 0x00A1, 0x2965, 0xFFFF, 0xFFFF, 0xFFFF, 0xFFFF,
    0x73B0, 0x4A20, 0xBDE0, 0x8400, 0x4A60, 0x41E5, 0x4A6B, 0x630F, 0x6330, 0x52AD, 0x4208, 0x39C2,
    0x5AC0, 0x9CC0, 0xE6A0, 0xFFC0, 0xFFA0, 0xFF20, 0xF720, 0xFF40, 0xFF40, 0xFF40, 0xFF40, 0xFF40,
    0xFF40, 0xFF40, 0xFF40, 0xFF40, 0xFF40, 0xFF40, 0xF720, 0xF720, 0xF720, 0xF720, 0xFF80, 0x7380,
    0x9440, 0x9C80, 0x7BA0, 0x8C40, 0x6B40, 0xC5A0, 0xB5C0, 0x6801, 0xE863, 0x1081, 0x0323, 0x00C1,
    0x0000, 0x0000, 0x0000, 0x0000, 0x0000, 0x0000, 0x0000, 0x0000, 0x0302, 0x0181, 0xC022, 0xB862,
    0x0020, 0x0121, 0x0121, 0x00E1, 0x01A0, 0xC5D7, 0xE73C, 0x0000, 0x94B2, 0xFFFF, 0xFFFF, 0xF77D,
    0x4227, 0x0200, 0x00C1, 0x0040, 0x01C1, 0x20E4, 0xFFFF, 0xF7DE, 0xB5D7, 0x7BCF, 0xB617, 0x48C4,
    0xF0E8, 0xF109, 0xF109, 0xF109, 0xF929, 0x5004, 0x6BC0, 0xFFE0, 0xFFE0, 0xDEE0, 0x4062, 0xF109,
    0xE909, 0xF109, 0xE909, 0xF929, 0x6022, 0x7493, 0xBEDE, 0xFFFF, 0xFFFF, 0xFFFF, 0xFFFF, 0xEFBF,
    0x44FA, 0x961C, 0x0419, 0x0439, 0x0419, 0x03F9, 0x03F9, 0x0419, 0x2479, 0x44FA, 0x75BB, 0xAE7D,
    0xD73E, 0xFFDF, 0xFFFF, 0xFFFF, 0xFFFF, 0xFFFF, 0xFFFF, 0xFFFF, 0xFFFF, 0xFFFF, 0xFFFF, 0xFFFF,
    0xFFFF, 0xFFFF, 0xF7DF, 0xEF9F, 0xE77F, 0xD73F, 0xCF1F, 0xBEDF, 0xB6BE, 0xAE7D, 0xA63C, 0x9DDB,
    0x9579, 0x8CF6, 0x7C53, 0x6B8F, 0x5ACB, 0x4A47, 0x41E4, 0x41E1, 0x5240, 0x6B00, 0x8BE0, 0xAD00,
    0xCE00, 0xEEE0, 0xFFC0, 0xFFE0, 0xFFE0, 0xFFE0, 0xFFE0, 0xFFE0, 0xFFE0, 0xFFE0, 0xFFE0, 0xFFE0,
    0xFFE0, 0xFFE0, 0xFFE0, 0xFFE0, 0xFFE0, 0xFFE0, 0xFFE0, 0xFFE0, 0xFFE0, 0xFFE0, 0xFFE0, 0xFFE0,
    0xFFE0, 0xFFE0, 0xFFE0, 0xFFE0, 0xFFE0, 0xAD40, 0x4001, 0x8802, 0x5001, 0x6360, 0xFFE0, 0xFFE0,
    0xFFE0, 0xFFE0, 0xFFE0, 0x4A60, 0xC65B, 0xFFFF, 0xF7BE, 0xF7BE, 0xFFFF, 0x8C51, 0x0060, 0x0141,
    0x3A07, 0xBDD7, 0xFFFF, 0xD69A, 0x8410, 0x1083, 0x39C7, 0x5AAC, 0x6B6F, 0x7BCF, 0x630B, 0x4A45,
    0x5AA1, 0x8C20, 0xCE20, 0xFFC0, 0xFFE0, 0xFFE0, 0xFFE0, 0xFFC0, 0xFFC0, 0xFFE0, 0xFFE0, 0xFFE0,
    0xFFE0, 0xFFE0, 0xFFE0, 0xFFE0, 0xFFE0, 0xFFE0, 0xFFE0, 0xFFE0, 0xFFE0, 0xFFE0, 0xFFE0, 0xFFE0,
    0xFFE0, 0xFFE0, 0xFF40, 0x8C40, 0xAD40, 0xB560, 0x9C80, 0x9480, 0xAD20, 0xE680, 0xCE60, 0x6001,
    0xE863, 0x1081, 0x0323, 0x00E1, 0x0000, 0x0000, 0x0000, 0x0000, 0x0000, 0x0000, 0x0000, 0x0000,
    0x0302, 0x01A1, 0xB822, 0xA862, 0x0000, 0x1161, 0x1080, 0x0121, 0x0302, 0x3206, 0x2945, 0x4A69,
    0xFFFF, 0xF7DE, 0xFFDF, 0xFFFF, 0xF77D, 0x31C6, 0x0220, 0x0081, 0x00E1, 0x00C0, 0x2145, 0x18A2,
    0x0000, 0x0000, 0x31E7, 0x6084, 0xF92A, 0xF909, 0xF909, 0xF909, 0xE0E8, 0x0800, 0x5AA0, 0x7BA0,
    0x7B80, 0x52A0, 0x6844, 0xF92A, 0xF909, 0xF909, 0xF909, 0xF94B, 0x8023, 0x63F0, 0xB6BE, 0xFFFF,
    0xFFFF, 0xFFFF, 0xFFFF, 0xFFFF, 0xBE9D, 0x4CFA, 0x03D9, 0x1C59, 0x3CDA, 0x6D9B, 0x9E5C, 0xCF1D,
    0xEFBE, 0xFFFF, 0xFFFF, 0xFFFF, 0xFFFF, 0xFFFF, 0xFFFF, 0xFFFF, 0xFFFF, 0xFFFF, 0xFFDF, 0xF7BF,
    0xE79F, 0xDF5F, 0xCF3F, 0xC6FF, 0xBEDF, 0xB69E, 0xAE5D, 0x9E1C, 0x95BA, 0x8537, 0x7494, 0x5BD0,
    0x4AEC, 0x3A49, 0x2986, 0x18E3, 0x0861, 0x0000, 0x0000, 0x0000, 0x2140, 0x3A20, 0x5B20, 0x7C00,
    0x94C0, 0x9D00, 0x9D00, 0x9D00, 0x94C0, 0x9480, 0x8C60, 0x8440, 0x8420, 0x7C00, 0x7C00, 0x7C00,
    0x7C00, 0x7C00, 0x7C00, 0x7BE0, 0x7C00, 0x7BE0, 0x7BE0, 0x7BE0, 0x7BE0, 0x7BE0, 0x7BE0, 0x7BE0,
    0x7BE0, 0x7BE0, 0x7BE0, 0x7BE0, 0x7BE0, 0x7BE0, 0x7BE0, 0x83E0, 0x8420, 0x4240, 0x9042, 0xD0A3,
    0xB042, 0x60E1, 0x83E0, 0x8BC0, 0x7BC0, 0x83E0, 0x6320, 0x52CA, 0xFFFF, 0xFFFF, 0xFFFF, 0xFFFF,
    0xAD34, 0x0000, 0x0242, 0x01E2, 0x0000, 0x0000, 0x3166, 0x39C7, 0x630C, 0x8C91, 0x638E, 0x3A48,
    0x10A2, 0x0000, 0x10A0, 0x5AC0, 0x7BE0, 0x8C40, 0x8420, 0x7BC0, 0x73A0, 0x73A0, 0x73A0, 0x73A0,
    0x73A0, 0x73A0, 0x73C0, 0x73A0, 0x73A0, 0x73A0, 0x73A0, 0x73A0, 0x73A0, 0x7380, 0x7380, 0x7380,
    0x6B80, 0x6B80, 0x6B80, 0x6B80, 0x6B80, 0x6BA0, 0x6B40, 0x6B80, 0x6340, 0x6320, 0x73A0, 0x6320,
    0x6320, 0x6320, 0x4AA0, 0x5821, 0xE863, 0x1081, 0x0323, 0x00E1, 0x0000, 0x0000, 0x0000, 0x0000,
    0x0000, 0x0000, 0x0000, 0x0000, 0x0302, 0x01A1, 0xB822, 0xF8C4, 0xC883, 0xD843, 0xA042, 0x0040,
    0x02C2, 0x0322, 0x0060, 0x9C92, 0xFFFF, 0xFFFF, 0xFFDF, 0xFFDF, 0xFFFF, 0xDE9B, 0x19C3, 0x01C1,
    0x0020, 0x0060, 0x8801, 0xE062, 0xD8A3, 0xE8A4, 0x8801, 0x3021, 0x7084, 0xA0C6, 0xD0E8, 0xF92A,
    0x80A5, 0x3820, 0xD823, 0xC003, 0xD803, 0x5801, 0x6884, 0xB0C7, 0x98A5, 0x88A5, 0x88A5, 0x90C6,
    0x5822, 0x5B2D, 0xA69E, 0xFFFF, 0xFFFF, 0xFFFF, 0xFFFF, 0xFFFF, 0xFFDF, 0xA65C, 0xC6FD, 0xEF9E,
    0xFFFF, 0xFFFF, 0xFFFF, 0xFFFF, 0xFFFF, 0xFFFF, 0xF7DF, 0xEFBE, 0xE79F, 0xDF7F, 0xD75F, 0xCF3F,
    0xC71F, 0xBEDE, 0xAE9E, 0xA63C, 0x9DFB, 0x9579, 0x7CF6, 0x6C52, 0x5B8F, 0x52CB, 0x4208, 0x4165,
    0x40C3, 0x4861, 0x5800, 0x7000, 0x8800, 0xA000, 0xA801, 0xA822, 0xA842, 0xB062, 0xB083, 0xB083,
    0xB083, 0xA843, 0xA022, 0xA002, 0xA002, 0xA002, 0xA002, 0xA002, 0xA002, 0xA002, 0xA802, 0xA802,
    0xA802, 0xA802, 0xA802, 0xA802, 0xA802, 0xA802, 0xA802, 0xA802, 0xA802, 0xA803, 0xA803, 0xA803,
    0xA802, 0xA803, 0xA802, 0xA803, 0xA803, 0xA803, 0xA803, 0xA803, 0xA803, 0xA803, 0xB003, 0x8002,
    0x0000, 0x1800, 0x4821, 0xB062, 0xC083, 0xE863, 0x0000, 0x5001, 0xB803, 0xB803, 0x7801, 0x528A,
    0xF7DE, 0xDF3C, 0xADF7, 0x7410, 0x0841, 0x0000, 0x0060, 0x0000, 0x0000, 0x2945, 0x8430, 0x8C71,
    0x4A29, 0x2062, 0x6000, 0xA801, 0xC062, 0xC083, 0xC083, 0xB823, 0xB003, 0xA803, 0xB003, 0xB003,
    0xB003, 0xB003, 0xB003, 0xB003, 0xB003, 0xB003, 0xA803, 0xA803, 0xB003, 0xA803, 0xA803, 0xA803,
    0xA803, 0xA803, 0xA803, 0xA803, 0xA803, 0xA803, 0xA803, 0xA803, 0xA803, 0xA802, 0xA803, 0xA803,
    0xA802, 0xA802, 0xA802, 0xA802, 0xA802, 0xA802, 0xA802, 0xD083, 0xE863, 0x1881, 0x0303, 0x00E1,
    0x0000, 0x0000, 0x0000, 0x0000, 0x0000, 0x0000, 0x0000, 0x0000, 0x02E2, 0x0181, 0x7001, 0x9822,
    0xA022, 0x9822, 0x9822, 0x1800, 0x0020, 0x0262, 0x0363, 0x01A1, 0x736E, 0xEF5D, 0xFFFF, 0xFFFF,
    0xFFFF, 0xFFFF, 0x42A9, 0x01C0, 0x0000, 0x1800, 0xA822, 0xA822, 0xA822, 0xA822, 0xA822, 0x8001,
    0x4800, 0x1000, 0x0800, 0x3802, 0x1001, 0x6801, 0xC042, 0xB042, 0xC042, 0x4801, 0x0000, 0x0000,
    0x0000, 0x0000, 0x1800, 0x2000, 0x1000, 0x528A, 0xA67E, 0xF7DF, 0xFFFF, 0xFFFF, 0xFFFF, 0xFFFF,
    0xFFFF, 0xFFFF, 0xFFFF, 0xFFFF, 0xEFBF, 0xDF7F, 0xD73F, 0xC71F, 0xBEFF, 0xB6DE, 0xAE9E, 0xA65D,
    0xA61C, 0x959A, 0x8D17, 0x8474, 0x73B0, 0x5AED, 0x4A29, 0x3966, 0x20C3, 0x1821, 0x3000, 0x4000,
    0x6000, 0x7800, 0x9800, 0xB001, 0xC002, 0xD042, 0xD863, 0xE063, 0xE063, 0xD863, 0xD863, 0xD843,
    0xD843, 0xD843, 0xE043, 0xE043, 0xE043, 0xE063, 0xE063, 0xE063, 0xE063, 0xE063, 0xE063, 0xE063,
    0xE063, 0xD863, 0xD863, 0xD863, 0xE063, 0xD863, 0xD863, 0xD863, 0xD863, 0xD862, 0xD863, 0xD863,
    0xD863, 0xD863, 0xD863, 0xD863, 0xD863, 0xD863, 0xD862, 0xD862, 0xD862, 0xD062, 0xD862, 0xD862,
    0xD863, 0xD062, 0xE063, 0x6041, 0x8062, 0xA062, 0x8042, 0x6021, 0xC063, 0xA862, 0x8062, 0x4841,
    0xC862, 0xD863, 0xC842, 0x1800, 0x3145, 0x3882, 0x4800, 0x6800, 0x0820, 0x01A1, 0x08C1, 0x0841,
    0x7BCF, 0xB5B6, 0x4A69, 0x0000, 0x0000, 0x4801, 0x9842, 0xD043, 0xC842, 0xC842, 0xC842, 0xD062,
    0xD062, 0xD062, 0xD062, 0xD062, 0xD062, 0xD062, 0xD062, 0xD062, 0xD062, 0xD062, 0xD062, 0xD062,
    0xD062, 0xD062, 0xD062, 0xD062, 0xD062, 0xD062, 0xC862, 0xC862, 0xC862, 0xD062, 0xD062, 0xD062,
    0xD062, 0xD062, 0xD062, 0xD062, 0xD062, 0xD062, 0xD062, 0xD062, 0xD062, 0xD062, 0xD062, 0xC842,
    0xB822, 0x1060, 0x0303, 0x00E1, 0x0000, 0x0000, 0x0000, 0x0000, 0x0000, 0x0000, 0x0000, 0x0000,
    0x02E2, 0x0AA3, 0x01A1, 0x01A1, 0x01A1, 0x01A1, 0x01A1, 0x01C1, 0x0121, 0x0000, 0x00C1, 0x0282,
    0x0220, 0x21E5, 0x9C93, 0xEF3D, 0xFFFF, 0xBD97, 0x09C2, 0x0242, 0x0000, 0x0121, 0x01A1, 0x0181,
    0x0181, 0x0181, 0x0181, 0x0181, 0x0981, 0x0981, 0x0181, 0x0161, 0x0161, 0x0161, 0x0161, 0x0161,
    0x0161, 0x0161, 0x0181, 0x0181, 0x0181, 0x0981, 0x0961, 0x1182, 0x0900, 0x41E7, 0x95FC, 0xE77E,
    0xF7BF, 0xE79F, 0xDF7F, 0xD75F, 0xCF1F, 0xBEDF, 0xB6BE, 0xAE7D, 0xA63C, 0x9DDB, 0x9558, 0x84D5,
    0x7C12, 0x6B4E, 0x528B, 0x41E8, 0x2944, 0x18E2, 0x08A0, 0x00C0, 0x00A0, 0x0080, 0x0080, 0x00A0,
    0x00C0, 0x00E1, 0x1101, 0x1922, 0x1922, 0x1922, 0x1121, 0x1101, 0x0901, 0x0901, 0x0101, 0x0101,
    0x0101, 0x0901, 0x0901, 0x0901, 0x0901, 0x0901, 0x0901, 0x0901, 0x0901, 0x0901, 0x0901, 0x0901,
    0x0901, 0x0901, 0x0901, 0x0901, 0x0901, 0x0901, 0x0901, 0x0901, 0x0901, 0x0101, 0x0101, 0x0101,
    0x0101, 0x0101, 0x0101, 0x0101, 0x0101, 0x0101, 0x0101, 0x0101, 0x0101, 0x0101, 0x0101, 0x0101,
    0x0101, 0x0101, 0x0101, 0x0101, 0x0101, 0x0101, 0x00E1, 0x0800, 0xC863, 0xD883, 0xC062, 0xC063,
    0xA062, 0xC863, 0xC863, 0x5021, 0x00C1, 0x0901, 0x0101, 0x0020, 0x9801, 0xE063, 0xF0A3, 0xF8A4,
    0x3021, 0x0180, 0x6B6D, 0x4A29, 0x528A, 0x0862, 0x3800, 0xC883, 0xC083, 0x4001, 0x0060, 0x0121,
    0x0101, 0x0101, 0x0101, 0x0101, 0x0101, 0x0101, 0x0101, 0x0101, 0x0101, 0x0101, 0x0101, 0x0101,
    0x0101, 0x0101, 0x0101, 0x0101, 0x0101, 0x0101, 0x0101, 0x0101, 0x0101, 0x0101, 0x0101, 0x0101,
    0x0101, 0x0101, 0x0101, 0x0101, 0x0101, 0x0101, 0x00E1, 0x00E1, 0x00E1, 0x00E1, 0x00E1, 0x00E1,
    0x0101, 0x00E1, 0x00E1, 0x00E1, 0x00E1, 0x0141, 0x0323, 0x00E1, 0x0000, 0x0000, 0x0000, 0x0000,
    0x0000, 0x0000, 0x0000, 0x0000, 0x0222, 0x02C2, 0x02C2, 0x02E2, 0x02E2, 0x02E2, 0x02C2, 0x02C2,
    0x02C2, 0x0201, 0x0020, 0x0000, 0x0141, 0x0281, 0x0200, 0x1A04, 0x3287, 0x09C2, 0x0261, 0x0080,
    0x0060, 0x02A2, 0x0302, 0x02E2, 0x02E2, 0x02E2, 0x02E2, 0x02E2, 0x02E2, 0x02E2, 0x0302, 0x0302,
    0x0302, 0x0302, 0x0303, 0x0302, 0x0302, 0x0302, 0x0302, 0x0302, 0x0302, 0x0302, 0x0302, 0x0323,
    0x0281, 0x2964, 0xA67D, 0x9E3D, 0xA63D, 0x9DFB, 0x9599, 0x8D36, 0x8494, 0x73D0, 0x5B0D, 0x4A49,
    0x3186, 0x20E3, 0x1061, 0x0080, 0x00A0, 0x00E0, 0x0140, 0x01C0, 0x0221, 0x0282, 0x02E3, 0x0323,
    0x0323, 0x0323, 0x0323, 0x0323, 0x0323, 0x0323, 0x0323, 0x0323, 0x0323, 0x0323, 0x0323, 0x0323,
    0x0323, 0x0323, 0x0323, 0x0323, 0x0323, 0x0323, 0x0323, 0x0323, 0x0323, 0x0323, 0x0323, 0x0323,
    0x0323, 0x0323, 0x0323, 0x0323, 0x0343, 0x0343, 0x0343, 0x0343, 0x0343, 0x0343, 0x0343, 0x0323,
    0x0323, 0x0343, 0x0323, 0x0323, 0x0323, 0x0323, 0x0323, 0x0323, 0x0323, 0x0323, 0x0323, 0x0323,
    0x0323, 0x0323, 0x0323, 0x0323, 0x0323, 0x0323, 0x0323, 0x0323, 0x0323, 0x0323, 0x0343, 0x00E1,
    0x4801, 0x9042, 0xA042, 0xD883, 0xE083, 0xB062, 0xA862, 0x3821, 0x02A2, 0x0323, 0x01C2, 0x4041,
    0xE083, 0xF8A4, 0xF083, 0xF8A3, 0x4001, 0x0161, 0x21A4, 0x39C7, 0x0020, 0x00A0, 0x6821, 0xF8A3,
    0xF8A4, 0x9842, 0x1040, 0x0202, 0x0323, 0x0303, 0x0303, 0x0303, 0x0303, 0x0303, 0x0303, 0x0303,
    0x0303, 0x0303, 0x0303, 0x0303, 0x0303, 0x0303, 0x0303, 0x0303, 0x0303, 0x0303, 0x0303, 0x0303,
    0x0303, 0x0303, 0x0303, 0x0303, 0x0303, 0x0303, 0x0303, 0x0303, 0x0303, 0x0303, 0x0303, 0x0303,
    0x0303, 0x0303, 0x0303, 0x0303, 0x0303, 0x0303, 0x0303, 0x0303, 0x0303, 0x02E3, 0x02E3, 0x00C1,
    0x0000, 0x0000, 0x0000, 0x0000, 0x0000, 0x0000, 0x0000, 0x0000, 0x0000, 0x0000, 0x0000, 0x0000,
    0x0000, 0x0000, 0x0000, 0x0000, 0x0000, 0x0020, 0x0020, 0x0000, 0x0000, 0x0000, 0x0161, 0x01A1,
    0x0180, 0x0201, 0x0060, 0x0000, 0x0020, 0x0000, 0x0000, 0x0000, 0x0000, 0x0000, 0x0000, 0x0000,
    0x0000, 0x0000, 0x0000, 0x0020, 0x0000, 0x0000, 0x0000, 0x0000, 0x0000, 0x0020, 0x0000, 0x0000,
    0x0000, 0x0000, 0x0020, 0x0020, 0x0020, 0x0841, 0x630C, 0x528A, 0x39C7, 0x2904, 0x1081, 0x0820,
    0x0000, 0x0000, 0x0000, 0x0000, 0x0000, 0x0000, 0x0000, 0x0060, 0x00A1, 0x00A1, 0x00A1, 0x0081,
    0x0081, 0x0060, 0x0060, 0x0060, 0x0060, 0x0060, 0x0060, 0x0060, 0x0060, 0x0060, 0x0060, 0x0060,
    0x0080, 0x0080, 0x0080, 0x0080, 0x0080, 0x0080, 0x0080, 0x0080, 0x0080, 0x0080, 0x0080, 0x0080,
    0x0080, 0x0080, 0x0080, 0x00A0, 0x00A1, 0x00A0, 0x00A1, 0x00A1, 0x00A1, 0x00A1, 0x00A1, 0x00A1,
    0x00A1, 0x00A1, 0x00A1, 0x00A1, 0x00A1, 0x00A1, 0x00A1, 0x00A0, 0x00A1, 0x00A1, 0x00A1, 0x00A1,
    0x00A0, 0x00A1, 0x00A1, 0x00A1, 0x00A1, 0x00A1, 0x00A1, 0x00A1, 0x00A1, 0x00A1, 0x00A1, 0x00A1,
    0x00A1, 0x00A1, 0x00A1, 0x0060, 0x0000, 0x0800, 0x6021, 0x9042, 0x5821, 0x5821, 0x6841, 0x0800,
    0x0040, 0x0040, 0x0800, 0x8042, 0x9042, 0x6841, 0x5821, 0x4021, 0x0800, 0x0020, 0x0000, 0x0000,
    0x0040, 0x0020, 0x0800, 0x3821, 0x6021, 0x7041, 0x2800, 0x0000, 0x0040, 0x0040, 0x0040, 0x0040,
    0x0040, 0x0040, 0x0040, 0x0040, 0x0040, 0x0040, 0x0040, 0x0040, 0x0040, 0x0040, 0x0040, 0x0040,
    0x0040, 0x0040, 0x0040, 0x0040, 0x0040, 0x0040, 0x0040, 0x0040, 0x0040, 0x0040, 0x0040, 0x0040,
    0x0040, 0x0040, 0x0040, 0x0040, 0x0040, 0x0040, 0x0040, 0x0040, 0x0040, 0x0040, 0x0040, 0x0040,
    0x0040, 0x0040, 0x0040, 0x0020, 0x0000, 0x0000, 0x0000, 0x0000, 0x0000, 0x0000, 0x0000, 0x0000,
    0x0000, 0x0000, 0x0000, 0x0000, 0x0000, 0x0000, 0x0000, 0x0000, 0x0000, 0x0000, 0x0000, 0x0000,
    0x0000, 0x0000, 0x0000, 0x0000, 0x0000, 0x0000, 0x0000, 0x0000, 0x0000, 0x0000, 0x0000, 0x0000,
    0x0000, 0x0000, 0x0000, 0x0000, 0x0000, 0x0000, 0x0000, 0x0000, 0x0000, 0x0000, 0x0000, 0x0000,
    0x0000, 0x0000, 0x0000, 0x0000, 0x0000, 0x0000, 0x0000, 0x0000, 0x0000, 0x0000, 0x0000, 0x0000,
    0x0000, 0x0000, 0x0000, 0x0000, 0x0000, 0x0020, 0x0021, 0x0020, 0x0000, 0x0000, 0x0000, 0x0000,
    0x0000, 0x0000, 0x0000, 0x0000, 0x0000, 0x0000, 0x0000, 0x0000, 0x0000, 0x0000, 0x0000, 0x0000,
    0x0000, 0x0000, 0x0000, 0x0000, 0x0000, 0x0000, 0x0000, 0x0000, 0x0000, 0x0000, 0x0000, 0x0000,
    0x0000, 0x0000, 0x0000, 0x0000, 0x0000, 0x0000, 0x0000, 0x0000, 0x0000, 0x0000, 0x0000, 0x0000,
    0x0000, 0x0000, 0x0000, 0x0000, 0x0000, 0x0000, 0x0000, 0x0000, 0x0000, 0x0000, 0x0000, 0x0000,
    0x0000, 0x0000, 0x0000, 0x0000, 0x0000, 0x0000, 0x0000, 0x0000, 0x0000, 0x0000, 0x0000, 0x0000,
    0x0000, 0x0000, 0x0000, 0x0000, 0x0000, 0x0000, 0x0000, 0x0000, 0x0000, 0x0000, 0x0000, 0x0000,
    0x0000, 0x0000, 0x0000, 0x0000, 0x0000, 0x0000, 0x0000, 0x0000, 0x0000, 0x0000, 0x0000, 0x0000,
    0x0000, 0x0000, 0x0000, 0x0000, 0x0000, 0x0000, 0x0000, 0x0000, 0x0000, 0x0000, 0x0000, 0x0000,
    0x0000, 0x0000, 0x0000, 0x0000, 0x0000, 0x0000, 0x0000, 0x0000, 0x0000, 0x0000, 0x0000, 0x0000,
    0x0000, 0x0000, 0x0000, 0x0000, 0x0000, 0x0000, 0x0000, 0x0000, 0x0000, 0x0000, 0x0000, 0x0000,
    0x0000, 0x0000, 0x0000, 0x0000, 0x0000, 0x0000, 0x0000, 0x0000, 0x0000, 0x0000, 0x0000, 0x0000,
    0x0000, 0x0000, 0x0000, 0x0000, 0x0000, 0x0000, 0x0000, 0x0000, 0x0000, 0x0000, 0x0000, 0x0000,
    0x0000, 0x0000, 0x0000, 0x0000, 0x0000, 0x0000, 0x0000, 0x0000, 0x0000, 0x0000, 0x0000, 0x0000,
    0x0000, 0x0000, 0x0000, 0x0000, 0x0000, 0x0000, 0x0000, 0x0000, 0x0000, 0x0000, 0x0000, 0x0000,
    0x0000, 0x0000, 0x0000, 0x0000, 0x0000, 0x0000, 0x0000, 0x0000, 0x0000, 0x0000, 0x0000, 0x0000,
    0x0000, 0x0000, 0x0000, 0x0000, 0x0000, 0x0000, 0x0000, 0x0000, 0x0000, 0x0000, 0x0000, 0x0000,
    0x0000, 0x0000, 0x0020, 0x0020, 0x0020, 0x0000, 0x0000, 0x0000, 0x0000, 0x0000, 0x0000, 0x0000,
    0x0000, 0x0000, 0x0000, 0x0000, 0x0000, 0x0000, 0x0000, 0x0000, 0x0000, 0x0000, 0x0000, 0x0000,
    0x0000, 0x0000, 0x0000, 0x0000, 0x0000, 0x0000, 0x0000, 0x0000, 0x0000, 0x0000, 0x0000, 0x0000,
    0x0000, 0x0000, 0x0000, 0x0000, 0x0000, 0x0000, 0x0000, 0x0000, 0x0000, 0x0000, 0x0000, 0x0000,
    0x0000, 0x0000, 0x0000, 0x0000, 0x0000, 0x0000, 0x0000, 0x0000, 0x0000, 0x0000, 0x0000, 0x0000,
    0x0000, 0x0000, 0x0000, 0x0000, 0x0000, 0x0000, 0x0000, 0x0000, 0x0000, 0x0000, 0x0000, 0x0000,
    0x0000, 0x0000, 0x0000, 0x0000, 0x0000, 0x0000, 0x0000, 0x0000, 0x0000, 0x0000, 0x0000, 0x0000,
    0x0000, 0x0000, 0x0000, 0x0000, 0x0000, 0x0000, 0x0000, 0x0000, 0x0000, 0x0000, 0x0000, 0x0000,
    0x0000, 0x0000, 0x0000, 0x0000, 0x0000, 0x0000, 0x0000, 0x0000, 0x0000, 0x0000, 0x0000, 0x0000,
    0x0000, 0x0000, 0x0000, 0x0000, 0x0000, 0x0000, 0x0000, 0x0000, 0x0000, 0x0000, 0x0000, 0x0000,
    0x0000, 0x0000, 0x0000, 0x0000, 0x0000, 0x0000, 0x0000, 0x0000, 0x0000, 0x0000, 0x0000, 0x0000,
    0x0000, 0x0000, 0x0000, 0x0000, 0x0000, 0x0000, 0x0000, 0x0000, 0x0000, 0x0000, 0x0000, 0x0000,
    0x0000, 0x0000, 0x0000, 0x0000, 0x0000, 0x0000, 0x0000, 0x0000, 0x0000, 0x0000, 0x0000, 0x0000,
    0x0000, 0x0000, 0x0000, 0x0000, 0x0000, 0x0000, 0x0000, 0x0000, 0x0000, 0x0000, 0x0000, 0x0000,
    0x0000, 0x0000, 0x0000, 0x0000, 0x0000, 0x0000, 0x0000, 0x0000, 0x0000, 0x0000, 0x0000, 0x0000,
    0x0000, 0x0000, 0x0000, 0x0000, 0x0000, 0x0000, 0x0000, 0x0000, 0x0000, 0x0000, 0x0000, 0x0000,
    0x0000, 0x0000, 0x0000, 0x0000, 0x0000, 0x0000, 0x0000, 0x0000, 0x0000, 0x0000, 0x0000, 0x0000,
    0x0000, 0x0000, 0x0000, 0x0000, 0x0000, 0x0000, 0x0000, 0x0000, 0x0000, 0x0000, 0x0000, 0x0000,
    0x0000, 0x0000, 0x0000, 0x0000, 0x0000, 0x0000, 0x0000, 0x0000, 0x0000, 0x0000, 0x0000, 0x0000,
    0x0000, 0x0000, 0x0000, 0x0000, 0x0000, 0x0000, 0x0000, 0x0000, 0x0000, 0x0000, 0x0000, 0x0000,
    0x0000, 0x0000, 0x0000, 0x0000, 0x0000, 0x0000, 0x0000, 0x0000, 0x0000, 0x0000, 0x0000, 0x0000,
    0x0000, 0x0000, 0x0000, 0x0000, 0x0000, 0x0000, 0x0000, 0x0000, 0x0000, 0x0000, 0x0000, 0x0000,
    0x0000, 0x0000, 0x0000, 0x0000, 0x0000, 0x0000, 0x0000, 0x0000, 0x0000, 0x0000, 0x0000, 0x0000,
    0x0000, 0x0000, 0x0000, 0x0000, 0x0000, 0x0000, 0x0000, 0x0000, 0x0000, 0x0000, 0x0000, 0x0000,
    0x0000, 0x0000, 0x0000, 0x0000, 0x0000, 0x0000, 0x0000, 0x0000, 0x0000, 0x0000, 0x0000, 0x0000,
    0x0000, 0x0000, 0x0000, 0x0000, 0x0000, 0x0000, 0x0000, 0x0000, 0x0000, 0x0000, 0x0000, 0x0000,
    0x0000, 0x0000, 0x0000, 0x0000, 0x0000, 0x0000, 0x0000, 0x0000, 0x0000, 0x0000, 0x0000, 0x0000,
    0x0000, 0x0000, 0x0000, 0x0000, 0x0000, 0x0000, 0x0000, 0x0000, 0x0000, 0x0000, 0x0000, 0x0000,
    0x0000, 0x0000, 0x0000, 0x0000, 0x0000, 0x0000, 0x0000, 0x0000, 0x0000, 0x0000, 0x0000, 0x0000,
    0x0000, 0x0000, 0x0000, 0x0000, 0x0000, 0x0000, 0x0000, 0x0000, 0x0000, 0x0000, 0x0000, 0x0000,
    0x0000, 0x0000, 0x0000, 0x0000, 0x0000, 0x0000, 0x0000, 0x0000, 0x0000, 0x0000, 0x0000, 0x0000,
    0x0000, 0x0000, 0x0000, 0x0000, 0x0000, 0x0000, 0x0000, 0x0000, 0x0000, 0x0000, 0x0000, 0x0000,
    0x0000, 0x0000, 0x0000, 0x0000, 0x0000, 0x0000, 0x0000, 0x0000, 0x0000, 0x0000, 0x0000, 0x0000,
    0x0000, 0x0000, 0x0000, 0x0000, 0x0000, 0x0000, 0x0000, 0x0000, 0x0000, 0x0000, 0x0000, 0x0000,
    0x0000, 0x0000, 0x0000, 0x0000, 0x0000, 0x0000, 0x0000, 0x0000, 0x0000, 0x0000, 0x0000, 0x0000,
    0x0000, 0x0000, 0x0000, 0x0000, 0x0000, 0x0000, 0x0000, 0x0000, 0x0000, 0x0000, 0x0000, 0x0000,
    0x0000, 0x0000, 0x0000, 0x0000, 0x0000, 0x0000, 0x0000, 0x0000, 0x0000, 0x0000, 0x0000, 0x0000,
    0x0000, 0x0000, 0x0000, 0x0000, 0x0000, 0x0000, 0x0000, 0x0000, 0x0000, 0x0000, 0x0000, 0x0000,
    0x0000, 0x0000, 0x0000, 0x0000, 0x0000, 0x0000, 0x0000, 0x0000, 0x0000, 0x0000, 0x0000, 0x0000,
    0x0000, 0x0000, 0x0000, 0x0000, 0x0000, 0x0000, 0x0000, 0x0000, 0x0000, 0x0000, 0x0000, 0x0000,
    0x0000, 0x0000, 0x0000, 0x0000, 0x0000, 0x0000, 0x0000, 0x0000, 0x0000, 0x0000, 0x0000, 0x0000,
    0x0000, 0x0000, 0x0000, 0x0000, 0x0000, 0x0000, 0x0000, 0x0000, 0x0000, 0x0000, 0x0000, 0x0000,
    0x0000, 0x0000, 0x0000, 0x0000, 0x0000, 0x0000, 0x0000, 0x0000, 0x0000, 0x0000, 0x0000, 0x0000,
    0x0000, 0x0000, 0x0000, 0x0000, 0x0000, 0x0000, 0x0000, 0x0000, 0x0000, 0x0000, 0x0000, 0x0000,
    0x0000, 0x0000, 0x0000, 0x0000, 0x0000, 0x0000, 0x0000, 0x0000, 0x0000, 0x0000, 0x0000, 0x0000,
    0x0000, 0x0000, 0x0000, 0x0000, 0x0000, 0x0000, 0x0000, 0x0000, 0x0000, 0x0000, 0x0000, 0x0000,
    0x0000, 0x0000, 0x0000, 0x0000, 0x0000, 0x0000, 0x0000, 0x0000, 0x0000, 0x0000, 0x0000, 0x0000,
    0x0000, 0x0000, 0x0000, 0x0000, 0x0000, 0x0000, 0x0000, 0x0000, 0x0000, 0x0000, 0x0000, 0x0000,
    0x0000, 0x0000, 0x0000, 0x0000, 0x0000, 0x0000, 0x0000, 0x0000, 0x0000, 0x0000, 0x0000, 0x0000,
    0x0000, 0x0000, 0x0000, 0x0000, 0x0000, 0x0000, 0x0000, 0x0000, 0x0000, 0x0000, 0x0000, 0x0000,
    0x0000, 0x0000, 0x0000, 0x0000, 0x0000, 0x0000, 0x0000, 0x0000, 0x0000, 0x0000, 0x0000, 0x0000,
    0x0000, 0x0000, 0x0000, 0x0000, 0x0000, 0x0000, 0x0000, 0x0000, 0x0000, 0x0000, 0x0000, 0x0000,
    0x0000, 0x0000, 0x0000, 0x0000, 0x0000, 0x0000, 0x0000, 0x0000, 0x0000, 0x0000, 0x0000, 0x0000,
    0x0000, 0x0000, 0x0000, 0x0000, 0x0000, 0x0000, 0x0000, 0x0000, 0x0000, 0x0000, 0x0000, 0x0000,
    0x0000, 0x0000, 0x0000, 0x0000, 0x0000, 0x0000, 0x0000, 0x0000, 0x0000, 0x0000, 0x0000, 0x0000,
    0x0000, 0x0000, 0x0000, 0x0000, 0x0000, 0x0000, 0x0000, 0x0000, 0x0000, 0x0000, 0x0000, 0x0000,
    0x0000, 0x0000, 0x0000, 0x0000, 0x0000, 0x0000, 0x0000, 0x0000, 0x0000, 0x0000, 0x0000, 0x0000,
    0x0000, 0x0000, 0x0000, 0x0000, 0x0000, 0x0000, 0x0000, 0x0000, 0x0000, 0x0000, 0x0000, 0x0000,
    0x0000, 0x0000, 0x0000, 0x0000, 0x0000, 0x0000, 0x0000, 0x0000, 0x0000, 0x0000, 0x0000, 0x0000,
    0x0000, 0x0000, 0x0000, 0x0000, 0x0000, 0x0000, 0x0000, 0x0000, 0x0000, 0x0000, 0x0000, 0x0000,
    0x0000, 0x0000, 0x0000, 0x0000, 0x0000, 0x0000, 0x0000, 0x0000, 0x0000, 0x0000, 0x0000, 0x0000,
    0x0000, 0x0000, 0x0000, 0x0000, 0x0000, 0x0000, 0x0000, 0x0000, 0x0000, 0x0000, 0x0000, 0x0000,
    0x0000, 0x0000, 0x0000, 0x0000, 0x0000, 0x0000, 0x0000, 0x0000, 0x0000, 0x0000, 0x0000, 0x0000,
    0x0000, 0x0000, 0x0000, 0x0000, 0x0000, 0x0000, 0x0000, 0x0000, 0x0000, 0x0000, 0x0000, 0x0000,
    0x0000, 0x0000, 0x0000, 0x0000, 0x0000, 0x0000, 0x0000, 0x0000, 0x0000, 0x0000, 0x0000, 0x0000,
    0x0000, 0x0000, 0x0000, 0x0000,
};
