// Gyruss — 208x72 RGB565, generated
#include "marquees.h"

const uint16_t marquee_gyruss_data[14976] = {
    0x0020, 0x0000, 0x0020, 0x0020, 0x0020, 0x0020, 0x0020, 0x0020, 0x0020, 0x0020, 0x0020, 0x0020,
    0x0020, 0x0020, 0x0020, 0x0020, 0x0020, 0x0020, 0x0020, 0x0020, 0x0020, 0x0020, 0x0020, 0x0020,
    0x0020, 0x0020, 0x0020, 0x0020, 0x0020, 0x0020, 0x0020, 0x0020, 0x0020, 0x0020, 0x0020, 0x0020,
    0x0020, 0x0020, 0x0020, 0x0020, 0x0020, 0x0020, 0x0020, 0x0020, 0x0000, 0x1062, 0xD2F2, 0x9A2D,
    0x0020, 0x0820, 0x0020, 0x0020, 0x0020, 0x0020, 0x0020, 0x0020, 0x0020, 0x0020, 0x0020, 0x0000,
    0x0020, 0x0000, 0x0020, 0x0000, 0x0841, 0x1082, 0x0020, 0x0020, 0x0020, 0x0000, 0x0841, 0x18A3,
    0x0000, 0x0020, 0x0020, 0x0821, 0x0000, 0x79AA, 0x89EC, 0x0000, 0x0000, 0x4906, 0x7189, 0x0000,
    0x0821, 0x0000, 0x0821, 0xCAD1, 0x920C, 0x9A2D, 0x89EC, 0x0000, 0x0000, 0x0820, 0x0020, 0x0020,
    0x0020, 0x0020, 0x0000, 0x2883, 0x9A2D, 0x0000, 0x0020, 0x0020, 0x0020, 0x0020, 0x0020, 0x0020,
    0x0020, 0x0020, 0x0020, 0x0020, 0x0020, 0x0020, 0x0020, 0x0020, 0x0020, 0x0020, 0x0020, 0x0020,
    0x0820, 0x0000, 0x4106, 0x8A0C, 0x0020, 0x0020, 0x0020, 0x0020, 0x0020, 0x0020, 0x0020, 0x0020,
    0x0020, 0x0821, 0x0000, 0x79CA, 0x71CA, 0x0000, 0x0820, 0x0020, 0x0020, 0x0820, 0x0000, 0x0000,
    0x0020, 0x0020, 0x0020, 0x0020, 0x0821, 0x0000, 0x4106, 0xCAB1, 0xF313, 0x71A9, 0x0000, 0x0821,
    0x0020, 0x0020, 0x0020, 0x0020, 0x0020, 0x0020, 0x0020, 0x0020, 0x0821, 0x0020, 0x0000, 0x3B2F,
    0x6DBC, 0x657B, 0x657B, 0x659C, 0x653A, 0x326B, 0x430E, 0x5CD7, 0x657B, 0x659B, 0x657B, 0x659C,
    0x5CF8, 0x5C96, 0x65BC, 0x657B, 0x657B, 0x659B, 0x657B, 0x6DDD, 0x21C9, 0x0000, 0x0021, 0x0020,
    0x0021, 0x0000, 0x328D, 0x3AEE, 0x0841, 0x0020, 0x0000, 0x32CD, 0x5D39, 0x657B, 0x657B, 0x657B,
    0x657B, 0x657B, 0x659B, 0x659B, 0x0020, 0x0000, 0x0000, 0x0000, 0x0000, 0x0000, 0x0000, 0x0000,
    0x0000, 0x0000, 0x0000, 0x0000, 0x0000, 0x0000, 0x0000, 0x0000, 0x0000, 0x0000, 0x0000, 0x0000,
    0x0000, 0x0000, 0x0000, 0x0000, 0x0000, 0x0000, 0x0000, 0x0000, 0x0000, 0x0000, 0x0000, 0x0000,
    0x0000, 0x0000, 0x0000, 0x0000, 0x0000, 0x0000, 0x0000, 0x0000, 0x0000, 0x0000, 0x0000, 0x0000,
    0x0000, 0x0000, 0x4906, 0xE313, 0x920C, 0x0000, 0x0000, 0x0000, 0x0000, 0x0000, 0x0000, 0x0000,
    0x0000, 0x0000, 0x0000, 0x4906, 0xC2B0, 0x5106, 0x0000, 0x0000, 0x0000, 0x0000, 0x0000, 0x0000,
    0x0000, 0x0000, 0x0000, 0x0000, 0x0000, 0x0000, 0x0000, 0x0000, 0x0000, 0x2883, 0xB26F, 0x0820,
    0x0000, 0x2063, 0x79AA, 0x0000, 0x0000, 0x0000, 0x0000, 0xAA4E, 0xB26E, 0x91EC, 0x9A0C, 0x0821,
    0x30A3, 0x0020, 0x0000, 0x0000, 0x0000, 0x0000, 0x0000, 0x38C4, 0x920C, 0x0000, 0x0000, 0x0000,
    0x0000, 0x0000, 0x0000, 0x0000, 0x0000, 0x0000, 0x0000, 0x0000, 0x0000, 0x0000, 0x0000, 0x0000,
    0x0000, 0x0000, 0x0000, 0x0000, 0x0000, 0x0000, 0xB26F, 0x5127, 0x0000, 0x0000, 0x0000, 0x0000,
    0x0000, 0x0000, 0x0000, 0x0000, 0x0000, 0x0000, 0x5127, 0x8A0C, 0x0800, 0x0000, 0x0000, 0x0000,
    0x0000, 0x0000, 0x1041, 0x4105, 0x0000, 0x0000, 0x0000, 0x0800, 0x0000, 0x5106, 0xDAD2, 0xEAF3,
    0x922C, 0x2062, 0x0000, 0x0000, 0x0000, 0x0000, 0x0000, 0x0000, 0x0000, 0x0000, 0x0000, 0x0000,
    0x0000, 0x0021, 0x43B1, 0x65DD, 0x657B, 0x657B, 0x657B, 0x5D5B, 0x5D19, 0x4350, 0x5CB6, 0x657B,
    0x659B, 0x657B, 0x657B, 0x657B, 0x659C, 0x65BC, 0x657B, 0x657B, 0x657B, 0x657B, 0x65BD, 0x5CB7,
    0x0842, 0x0000, 0x0000, 0x0000, 0x18A2, 0x62C3, 0x42ED, 0x5CD7, 0x10E4, 0x0021, 0x0000, 0x1947,
    0x5D19, 0x655A, 0x657C, 0x657B, 0x657B, 0x659B, 0x657B, 0x659B, 0x0020, 0x0000, 0x0000, 0x0000,
    0x0000, 0x0000, 0x0000, 0x0000, 0x0000, 0x0000, 0x0000, 0x0000, 0x0000, 0x0000, 0x0000, 0x0000,
    0x0000, 0x0000, 0x0000, 0x0000, 0x0000, 0x0000, 0x0000, 0x0000, 0x0000, 0x0000, 0x0000, 0x0000,
    0x0000, 0x0000, 0x0000, 0x0000, 0x0000, 0x0000, 0x0000, 0x0000, 0x0000, 0x0000, 0x0000, 0x0000,
    0x0000, 0x0000, 0x0000, 0x0000, 0x0000, 0x0000, 0x0000, 0x38C4, 0xE312, 0xA24D, 0x0821, 0x0000,
    0x0000, 0x0000, 0x0000, 0x0000, 0x0000, 0x0820, 0x0000, 0x920C, 0xEB33, 0x4906, 0x0000, 0x0020,
    0x0000, 0x0000, 0x0000, 0x0000, 0x0000, 0x0000, 0x0000, 0x0000, 0x0000, 0x0000, 0x0000, 0x0000,
    0x0000, 0x0000, 0xAA4E, 0x40C5, 0x0000, 0x0000, 0x6168, 0x1041, 0x0000, 0x0000, 0x0000, 0x89CB,
    0xC2B0, 0x91CB, 0xA22D, 0x48E6, 0xD2F1, 0x1041, 0x0000, 0x0000, 0x0000, 0x0000, 0x0000, 0x5106,
    0x79CA, 0x0000, 0x0000, 0x0000, 0x0000, 0x0000, 0x0000, 0x0000, 0x0000, 0x0000, 0x0000, 0x0000,
    0x0000, 0x0000, 0x0000, 0x0000, 0x0000, 0x0000, 0x0000, 0x0000, 0x0000, 0x5127, 0xA24D, 0x0000,
    0x0000, 0x0000, 0x0000, 0x0000, 0x0000, 0x0000, 0x0000, 0x0000, 0x0000, 0x40C5, 0x9A4D, 0x0821,
    0x0000, 0x0000, 0x0000, 0x0000, 0x0000, 0x1842, 0xBAB0, 0x79CA, 0x0000, 0x0000, 0x0000, 0x0000,
    0x6148, 0xEB33, 0xD2D1, 0x5127, 0x0000, 0x0000, 0x0000, 0x0000, 0x0000, 0x0000, 0x0000, 0x0000,
    0x0000, 0x0000, 0x0020, 0x0000, 0x10A3, 0x5455, 0x6DFD, 0x657B, 0x659B, 0x657B, 0x657B, 0x655A,
    0x54B7, 0x6519, 0x655A, 0x659C, 0x657B, 0x657B, 0x657B, 0x65BC, 0x657B, 0x657B, 0x657B, 0x659C,
    0x5CF8, 0x5CF9, 0x6DFD, 0x2188, 0x0000, 0x0000, 0x0000, 0x0000, 0x0861, 0x4202, 0x2186, 0x5D19,
    0x4371, 0x2167, 0x0000, 0x0000, 0x4C34, 0x655B, 0x659B, 0x657B, 0x657B, 0x657B, 0x659C, 0x5CF8,
    0x0020, 0x0000, 0x0000, 0x0000, 0x0000, 0x0000, 0x0000, 0x0000, 0x0000, 0x0000, 0x0000, 0x0000,
    0x0000, 0x0000, 0x0000, 0x0000, 0x0000, 0x0000, 0x0000, 0x0000, 0x0000, 0x0000, 0x0000, 0x0000,
    0x0000, 0x0000, 0x0000, 0x0000, 0x0000, 0x0000, 0x0000, 0x0000, 0x0000, 0x0000, 0x0000, 0x0000,
    0x0000, 0x0000, 0x0000, 0x0000, 0x0000, 0x0000, 0x0000, 0x0000, 0x0000, 0x0000, 0x0000, 0x0000,
    0x3084, 0xDAF2, 0xB26E, 0x1021, 0x0000, 0x0000, 0x0000, 0x0861, 0x0841, 0x1062, 0x0020, 0x1842,
    0x2062, 0x0000, 0x0000, 0x0000, 0x0000, 0x0000, 0x0861, 0x0020, 0x0000, 0x0000, 0x0000, 0x0000,
    0x0000, 0x0000, 0x0000, 0x0000, 0x0000, 0x0000, 0x6989, 0x81CB, 0x0000, 0x0000, 0x2083, 0x1041,
    0x0000, 0x0000, 0x0000, 0x6148, 0xD2D1, 0x89CB, 0xAA4E, 0x48E5, 0xDAF2, 0x1862, 0x0000, 0x0000,
    0x0000, 0x0000, 0x0000, 0x5948, 0x6968, 0x0000, 0x0000, 0x0000, 0x0000, 0x0000, 0x0000, 0x0000,
    0x0000, 0x0000, 0x0000, 0x0000, 0x0000, 0x0000, 0x0000, 0x0000, 0x0000, 0x0000, 0x0000, 0x0000,
    0x0800, 0xB26E, 0x30C4, 0x0000, 0x0000, 0x0000, 0x0000, 0x0000, 0x0000, 0x0000, 0x0000, 0x0000,
    0x2062, 0xA24D, 0x1862, 0x0000, 0x0000, 0x0000, 0x0000, 0x0000, 0x1862, 0xBAAF, 0x6989, 0x0000,
    0x0820, 0x0000, 0x0000, 0x79AA, 0xEB33, 0xAA4D, 0x2883, 0x0000, 0x0000, 0x0000, 0x0000, 0x0000,
    0x0000, 0x0000, 0x0000, 0x0000, 0x0000, 0x0021, 0x0000, 0x1925, 0x5D18, 0x6DDD, 0x655B, 0x657B,
    0x657B, 0x657B, 0x659B, 0x657B, 0x657B, 0x657B, 0x659B, 0x657B, 0x657B, 0x657B, 0x6DBC, 0x5455,
    0x5D5A, 0x65BC, 0x657B, 0x659B, 0x655A, 0x659B, 0x5CD7, 0x3B2F, 0x1905, 0x0001, 0x0000, 0x0000,
    0x0000, 0x0000, 0x0000, 0x4BF3, 0x655A, 0x3B2F, 0x10E4, 0x10A3, 0x4330, 0x655B, 0x655A, 0x659B,
    0x657B, 0x657B, 0x659B, 0x657B, 0x0020, 0x0000, 0x0000, 0x0000, 0x0000, 0x0000, 0x0000, 0x0000,
    0x0000, 0x0000, 0x0000, 0x0000, 0x0000, 0x0000, 0x0000, 0x0000, 0x0000, 0x0000, 0x0000, 0x0000,
    0x0000, 0x0000, 0x0000, 0x0000, 0x0000, 0x0000, 0x0000, 0x0000, 0x0000, 0x0000, 0x0000, 0x0000,
    0x0000, 0x0000, 0x0000, 0x0000, 0x0000, 0x0000, 0x0000, 0x0000, 0x0000, 0x0000, 0x0000, 0x0000,
    0x0000, 0x0000, 0x0000, 0x0800, 0x0000, 0x2083, 0xCAD1, 0xBA8F, 0x1842, 0x0000, 0x0000, 0x0861,
    0x0841, 0x18E3, 0x0020, 0x0000, 0x0000, 0x0000, 0x0000, 0x0000, 0x0000, 0x0000, 0x0000, 0x0000,
    0x0000, 0x0000, 0x0000, 0x0000, 0x0000, 0x0000, 0x0000, 0x0000, 0x0000, 0x0000, 0x2063, 0xAA6E,
    0x0821, 0x0000, 0x0821, 0x0821, 0x0000, 0x0000, 0x0000, 0x38C5, 0xDAF2, 0x81CA, 0xB28F, 0x40C5,
    0xDAF2, 0x2883, 0x0000, 0x0000, 0x0000, 0x0000, 0x0000, 0x7189, 0x5126, 0x0000, 0x0000, 0x0000,
    0x0000, 0x0000, 0x0000, 0x0000, 0x0000, 0x0000, 0x0000, 0x0000, 0x0000, 0x0000, 0x0000, 0x0000,
    0x0000, 0x0000, 0x0000, 0x0000, 0x5948, 0x920C, 0x0000, 0x0000, 0x0000, 0x0000, 0x0000, 0x0000,
    0x0000, 0x0000, 0x0000, 0x1021, 0x922C, 0x28A4, 0x0000, 0x0000, 0x0000, 0x0000, 0x0000, 0x28A3,
    0xB28F, 0x5127, 0x0000, 0x0820, 0x0000, 0x1041, 0xA24D, 0xEB33, 0x7189, 0x0000, 0x0000, 0x0800,
    0x0000, 0x0000, 0x0000, 0x0000, 0x0000, 0x0000, 0x0000, 0x0000, 0x0020, 0x0000, 0x29C8, 0x657B,
    0x65BC, 0x655B, 0x659B, 0x659C, 0x659B, 0x657B, 0x655A, 0x657B, 0x657B, 0x657B, 0x657B, 0x657B,
    0x657B, 0x65BC, 0x5CB7, 0x5434, 0x659C, 0x5D39, 0x657B, 0x657B, 0x659C, 0x657A, 0x5413, 0x5497,
    0x655A, 0x430F, 0x10A3, 0x0000, 0x0000, 0x0020, 0x0000, 0x324B, 0x6DFD, 0x5475, 0x4BB2, 0x21C9,
    0x32AD, 0x657A, 0x5D3A, 0x659B, 0x657B, 0x657B, 0x659B, 0x659B, 0x0020, 0x0000, 0x0000, 0x0000,
    0x0000, 0x0000, 0x0000, 0x0000, 0x0000, 0x0000, 0x0000, 0x0000, 0x0000, 0x0000, 0x0000, 0x0000,
    0x0000, 0x0000, 0x0000, 0x0000, 0x0000, 0x0000, 0x0000, 0x0000, 0x0000, 0x0000, 0x0000, 0x0000,
    0x0000, 0x0000, 0x0000, 0x0000, 0x0000, 0x0000, 0x0000, 0x0000, 0x0000, 0x0000, 0x0000, 0x0000,
    0x0000, 0x0000, 0x0000, 0x0000, 0x0000, 0x0000, 0x0000, 0x0000, 0x0800, 0x0000, 0x1862, 0xCAB0,
    0xC2B0, 0x1842, 0x0000, 0x0000, 0x0000, 0x0821, 0x0000, 0x0000, 0x0000, 0x0000, 0x0000, 0x0000,
    0x0000, 0x0000, 0x0000, 0x0000, 0x0000, 0x0000, 0x0000, 0x0000, 0x18C3, 0x0821, 0x1041, 0x0000,
    0x0000, 0x0000, 0x0000, 0x9A0C, 0x40E5, 0x0000, 0x0000, 0x0000, 0x0000, 0x0000, 0x0000, 0x2062,
    0xD2D1, 0x89CB, 0xBA8F, 0x38C4, 0xDAD1, 0x38C4, 0x0000, 0x0000, 0x0000, 0x0000, 0x0000, 0x79AA,
    0x38C4, 0x0000, 0x0000, 0x0000, 0x0000, 0x0000, 0x0000, 0x0000, 0x0000, 0x0000, 0x0000, 0x0000,
    0x0000, 0x0000, 0x0000, 0x0000, 0x0000, 0x0000, 0x0000, 0x0821, 0xB26E, 0x2083, 0x0000, 0x0000,
    0x0000, 0x0000, 0x0000, 0x0000, 0x0000, 0x0000, 0x0000, 0x81EB, 0x4106, 0x0000, 0x0000, 0x0000,
    0x0000, 0x0000, 0x0000, 0x4926, 0x38E5, 0x0000, 0x0820, 0x0000, 0x28C4, 0xC2B0, 0xCAB0, 0x30C4,
    0x0000, 0x0000, 0x0000, 0x0000, 0x0000, 0x0000, 0x0000, 0x0000, 0x0000, 0x0000, 0x0000, 0x0000,
    0x0000, 0x326C, 0x6DBC, 0x659C, 0x657B, 0x657B, 0x657B, 0x5CD8, 0x659B, 0x657B, 0x5CF8, 0x657B,
    0x65BC, 0x657B, 0x657B, 0x657B, 0x657B, 0x657C, 0x5435, 0x659B, 0x659B, 0x653A, 0x657B, 0x659B,
    0x659B, 0x5CD7, 0x657C, 0x6DBC, 0x5CF8, 0x21C8, 0x0862, 0x0000, 0x0000, 0x0021, 0x0000, 0x1905,
    0x6DBC, 0x5D19, 0x5496, 0x43B2, 0x3B0F, 0x657B, 0x5D5A, 0x657B, 0x659B, 0x657B, 0x659B, 0x659B,
    0x0020, 0x0000, 0x0000, 0x0000, 0x0000, 0x0000, 0x0000, 0x0000, 0x0000, 0x0000, 0x0000, 0x0000,
    0x0000, 0x0000, 0x0000, 0x0000, 0x0000, 0x0000, 0x0000, 0x0000, 0x0000, 0x0000, 0x0000, 0x0000,
    0x0000, 0x0000, 0x0000, 0x0000, 0x0000, 0x0000, 0x0000, 0x0000, 0x0000, 0x0000, 0x0000, 0x0841,
    0x0841, 0x0000, 0x0000, 0x0821, 0x10A2, 0x0000, 0x0000, 0x0000, 0x0000, 0x0000, 0x0000, 0x0000,
    0x0000, 0x0020, 0x0000, 0x1862, 0xBA8F, 0xCAB1, 0x2062, 0x0000, 0x0800, 0x0000, 0x0000, 0x0000,
    0x0000, 0x0000, 0x0000, 0x0000, 0x0000, 0x0000, 0x0000, 0x0000, 0x0000, 0x0000, 0x0000, 0x0820,
    0x10A2, 0x30A4, 0xCAD1, 0x2083, 0x0000, 0x0820, 0x0000, 0x5947, 0x81EB, 0x0000, 0x0020, 0x0000,
    0x0000, 0x0000, 0x0000, 0x0800, 0xC2B0, 0x89CB, 0xBA8F, 0x40C4, 0xD2B1, 0x5106, 0x0000, 0x0000,
    0x0000, 0x0000, 0x0000, 0x81EB, 0x2883, 0x0000, 0x0000, 0x0000, 0x0000, 0x0000, 0x0000, 0x0000,
    0x0000, 0x0000, 0x0000, 0x0000, 0x0000, 0x0000, 0x0000, 0x0000, 0x0000, 0x0800, 0x0000, 0x6168,
    0x81CB, 0x0000, 0x0000, 0x0000, 0x0000, 0x0000, 0x0000, 0x0000, 0x0800, 0x0000, 0x6188, 0x6148,
    0x0000, 0x0800, 0x0000, 0x0000, 0x0000, 0x0000, 0x0000, 0x0000, 0x0000, 0x0000, 0x0000, 0x1842,
    0x9A2D, 0x81CB, 0x1021, 0x0000, 0x0000, 0x0000, 0x0000, 0x0000, 0x0000, 0x0000, 0x0000, 0x0000,
    0x0000, 0x0000, 0x0000, 0x0000, 0x4330, 0x6DFD, 0x657B, 0x657B, 0x657B, 0x659C, 0x5D3A, 0x5475,
    0x659C, 0x65BC, 0x5CF8, 0x21C9, 0x6539, 0x659C, 0x657B, 0x657B, 0x657B, 0x659B, 0x659C, 0x657B,
    0x659C, 0x659B, 0x657B, 0x659C, 0x5CF8, 0x5D5A, 0x657B, 0x4C13, 0x3B0F, 0x0841, 0x0000, 0x3182,
    0x2921, 0x0000, 0x0000, 0x0000, 0x5496, 0x6DBD, 0x655A, 0x5CD7, 0x32AD, 0x5CF8, 0x657B, 0x5D5A,
    0x659B, 0x657B, 0x657B, 0x659B, 0x0020, 0x0000, 0x0000, 0x0000, 0x0000, 0x0000, 0x0000, 0x0000,
    0x0000, 0x0000, 0x0000, 0x0000, 0x0000, 0x0000, 0x0000, 0x0000, 0x0000, 0x0000, 0x0000, 0x0000,
    0x0000, 0x0000, 0x0000, 0x0000, 0x0000, 0x0000, 0x0000, 0x0000, 0x0000, 0x0000, 0x0000, 0x0000,
    0x0000, 0x0000, 0x0000, 0x0020, 0x0841, 0x0000, 0x0000, 0x0020, 0x1082, 0x0000, 0x0000, 0x0000,
    0x0000, 0x0000, 0x0000, 0x0000, 0x0820, 0x0000, 0x0000, 0x0000, 0x0821, 0xB26E, 0xD2D1, 0x2083,
    0x0000, 0x0800, 0x0000, 0x0000, 0x0000, 0x0000, 0x0000, 0x0000, 0x0000, 0x0000, 0x0000, 0x0000,
    0x0000, 0x0000, 0x0000, 0x0000, 0x0000, 0x1041, 0xDAD2, 0x7189, 0x0000, 0x0800, 0x0000, 0x1842,
    0xA24D, 0x0821, 0x0000, 0x0000, 0x0000, 0x0000, 0x0000, 0x0000, 0xAA4E, 0x9A0C, 0xBA8F, 0x40E5,
    0xC290, 0x6148, 0x0000, 0x0000, 0x0000, 0x0000, 0x0000, 0x89EB, 0x1042, 0x0000, 0x0000, 0x0000,
    0x0000, 0x0000, 0x0000, 0x0000, 0x0000, 0x0000, 0x0000, 0x0821, 0x0000, 0x0000, 0x0000, 0x0000,
    0x0000, 0x0000, 0x1021, 0xA24D, 0x1862, 0x0841, 0x0841, 0x0000, 0x0000, 0x0000, 0x0000, 0x0000,
    0x0000, 0x4906, 0x69A9, 0x0000, 0x0821, 0x0020, 0x0020, 0x0000, 0x0000, 0x0000, 0x0000, 0x0020,
    0x0020, 0x0020, 0x0021, 0x30E4, 0x1882, 0x0000, 0x0000, 0x0000, 0x0000, 0x0000, 0x0000, 0x0000,
    0x0000, 0x0000, 0x0000, 0x0000, 0x0000, 0x0000, 0x0842, 0x4C13, 0x6DFE, 0x657B, 0x657B, 0x657B,
    0x657B, 0x657B, 0x657B, 0x65BC, 0x657B, 0x657B, 0x659C, 0x5496, 0x6539, 0x659C, 0x657B, 0x657B,
    0x657B, 0x657B, 0x659C, 0x655A, 0x7490, 0x5D5B, 0x659B, 0x65BB, 0x5455, 0x5D5A, 0x657B, 0x655A,
    0x5CD8, 0x4BD3, 0x4BD3, 0x4391, 0x4B91, 0x3B10, 0x32CD, 0x2A2A, 0x4BD2, 0x6DDD, 0x657B, 0x659B,
    0x5D19, 0x54D8, 0x659C, 0x5D19, 0x657B, 0x657B, 0x657B, 0x659B, 0x0020, 0x0000, 0x0000, 0x0000,
    0x0000, 0x0000, 0x0000, 0x0000, 0x0000, 0x0000, 0x0000, 0x0000, 0x0000, 0x0000, 0x0000, 0x0000,
    0x0000, 0x0000, 0x0000, 0x0000, 0x0000, 0x0000, 0x0000, 0x0000, 0x0000, 0x0000, 0x0000, 0x0000,
    0x0000, 0x0000, 0x0000, 0x0000, 0x0861, 0x0000, 0x40E5, 0xBAB0, 0x2062, 0x0000, 0x0000, 0x0000,
    0x0000, 0x0000, 0x0000, 0x0000, 0x0000, 0x0000, 0x0000, 0x0000, 0x2062, 0x924D, 0x1842, 0x0000,
    0x0000, 0x0821, 0xAA4E, 0xDAF1, 0x30A4, 0x0000, 0x0820, 0x0000, 0x0000, 0x0000, 0x0000, 0x0000,
    0x0000, 0x0000, 0x0000, 0x0000, 0x0000, 0x0000, 0x0000, 0x0000, 0x0820, 0x0000, 0x81EA, 0xC290,
    0x0000, 0x0000, 0x0000, 0x0000, 0x8A0C, 0x40E5, 0x0000, 0x0000, 0x0000, 0x0000, 0x0000, 0x0000,
    0x89CB, 0xAA2E, 0xB26E, 0x5106, 0xB24E, 0x7989, 0x0000, 0x0000, 0x0000, 0x0000, 0x1021, 0x89EB,
    0x0800, 0x0000, 0x0000, 0x0000, 0x0000, 0x0000, 0x0000, 0x0000, 0x0000, 0x0000, 0x0020, 0x18C3,
    0x0000, 0x0000, 0x0000, 0x0000, 0x0000, 0x0000, 0x6168, 0x7189, 0x0000, 0x10A2, 0x10A2, 0x0000,
    0x0000, 0x0000, 0x0000, 0x0020, 0x30C4, 0x6989, 0x0000, 0x0000, 0x0000, 0x0000, 0x0000, 0x0000,
    0x0000, 0x0000, 0x0000, 0x0000, 0x0000, 0x0000, 0x0000, 0x0000, 0x0000, 0x0000, 0x0000, 0x0020,
    0x0020, 0x0000, 0x0000, 0x0000, 0x0000, 0x0000, 0x0000, 0x0021, 0x0000, 0x10C4, 0x5CB6, 0x65BC,
    0x5CD7, 0x659C, 0x657B, 0x657B, 0x657B, 0x657B, 0x657B, 0x657B, 0x657B, 0x659B, 0x657B, 0x65BD,
    0x659C, 0x657B, 0x657B, 0x657B, 0x657B, 0x657B, 0x5D7D, 0x850E, 0xEEE0, 0x7D0F, 0x659E, 0x5434,
    0x5475, 0x6DBC, 0x6DFD, 0x657B, 0x655A, 0x5D39, 0x5D5A, 0x659C, 0x65BC, 0x6DDD, 0x6DDD, 0x6D9C,
    0x5D19, 0x54F7, 0x657B, 0x657B, 0x653A, 0x54D8, 0x54D7, 0x5CF7, 0x655A, 0x659C, 0x657B, 0x659B,
    0x0020, 0x0000, 0x0000, 0x0000, 0x0000, 0x0000, 0x0000, 0x0000, 0x0000, 0x0000, 0x0000, 0x0000,
    0x0000, 0x0000, 0x0000, 0x0000, 0x0000, 0x0000, 0x0000, 0x0000, 0x0000, 0x0000, 0x0000, 0x0000,
    0x0000, 0x0000, 0x0000, 0x0000, 0x0000, 0x0000, 0x0000, 0x0000, 0x0841, 0x0000, 0x30C4, 0x89EC,
    0x1842, 0x0000, 0x0000, 0x0000, 0x0000, 0x0000, 0x0000, 0x0020, 0x10A2, 0x0000, 0x0000, 0x0000,
    0x0000, 0x6168, 0xB28F, 0x2083, 0x0000, 0x0800, 0x0821, 0x9A2D, 0xDAF2, 0x30A4, 0x0000, 0x0820,
    0x0000, 0x0000, 0x0000, 0x0000, 0x0000, 0x0000, 0x0000, 0x0000, 0x0000, 0x0000, 0x0000, 0x0000,
    0x0000, 0x0000, 0x30A4, 0xDAF2, 0x30A4, 0x0000, 0x0000, 0x0000, 0x5126, 0x79CA, 0x0000, 0x0000,
    0x0000, 0x0000, 0x0000, 0x0000, 0x4906, 0x91EC, 0xB24E, 0x5947, 0x9A2D, 0x81CB, 0x0000, 0x0000,
    0x0000, 0x0000, 0x2062, 0x81EB, 0x0000, 0x0000, 0x0000, 0x0000, 0x0000, 0x0000, 0x0000, 0x0000,
    0x0000, 0x0000, 0x0000, 0x0000, 0x0000, 0x0000, 0x0000, 0x0000, 0x0000, 0x1021, 0x9A4D, 0x1041,
    0x0000, 0x0000, 0x0000, 0x0000, 0x0020, 0x0000, 0x0000, 0x0000, 0x30A4, 0x1062, 0x1105, 0x21C9,
    0x326C, 0x3B0F, 0x3B51, 0x43B2, 0x4C34, 0x4C34, 0x4C13, 0x4350, 0x3AEF, 0x3B0F, 0x2A6C, 0x21E9,
    0x1967, 0x10C4, 0x0000, 0x0000, 0x0000, 0x0000, 0x0000, 0x0000, 0x0000, 0x0000, 0x0021, 0x0000,
    0x1946, 0x6539, 0x6DDD, 0x655A, 0x655B, 0x657B, 0x657B, 0x65BC, 0x657B, 0x657B, 0x657B, 0x657B,
    0x657B, 0x657B, 0x657B, 0x657B, 0x657B, 0x657B, 0x657B, 0x657B, 0x657B, 0x659D, 0x64F3, 0xDE82,
    0xFF61, 0xD645, 0x5CD5, 0x2965, 0x0021, 0x1986, 0x32CE, 0x4350, 0x54B6, 0x657B, 0x657B, 0x657B,
    0x657B, 0x657B, 0x657B, 0x657B, 0x659C, 0x655A, 0x5CB6, 0x5CF8, 0x5D3A, 0x655B, 0x6D9B, 0x5496,
    0x6559, 0x659C, 0x657B, 0x659B, 0x0020, 0x0000, 0x0000, 0x0000, 0x0000, 0x0000, 0x0000, 0x0000,
    0x0000, 0x0000, 0x0000, 0x0000, 0x0000, 0x0000, 0x0000, 0x0000, 0x0000, 0x0000, 0x0000, 0x0000,
    0x0000, 0x0000, 0x0000, 0x0000, 0x0000, 0x0000, 0x0000, 0x0000, 0x0000, 0x0000, 0x0000, 0x0000,
    0x0000, 0x0000, 0x0000, 0x0000, 0x0000, 0x0000, 0x0000, 0x0000, 0x0000, 0x0000, 0x0000, 0x0000,
    0x0821, 0x0000, 0x0000, 0x0000, 0x0020, 0x0000, 0x4106, 0xBA8F, 0x38C4, 0x0000, 0x0820, 0x0000,
    0x920C, 0xDB12, 0x38C4, 0x0000, 0x0800, 0x0000, 0x0000, 0x0000, 0x0000, 0x0000, 0x0000, 0x0000,
    0x0000, 0x0000, 0x0000, 0x0000, 0x0000, 0x0000, 0x0000, 0xB26F, 0x89EB, 0x0000, 0x0000, 0x0000,
    0x1041, 0x9A2D, 0x0821, 0x0000, 0x0000, 0x0000, 0x0000, 0x0000, 0x28A4, 0x6148, 0xA22D, 0x7169,
    0x89CB, 0x91EC, 0x0000, 0x0000, 0x0000, 0x0000, 0x30A4, 0x79AA, 0x0000, 0x0000, 0x0000, 0x0000,
    0x0000, 0x0000, 0x0000, 0x0000, 0x0000, 0x0000, 0x0000, 0x0000, 0x0000, 0x0000, 0x0000, 0x0000,
    0x0000, 0x6168, 0x5127, 0x0000, 0x0000, 0x0020, 0x0000, 0x0000, 0x0000, 0x0821, 0x1946, 0x32AD,
    0x43D3, 0x5CF8, 0x6D9C, 0x6DDD, 0x6DDD, 0x6DDD, 0x6DFD, 0x6DDD, 0x65DD, 0x65DD, 0x6DDD, 0x657B,
    0x65BC, 0x6DFE, 0x6DDD, 0x6DFD, 0x657B, 0x5CD7, 0x5496, 0x4370, 0x2A0A, 0x1082, 0x0000, 0x0000,
    0x0000, 0x0021, 0x0000, 0x29E9, 0x6D7B, 0x65BC, 0x657B, 0x657B, 0x659C, 0x657B, 0x65BC, 0x4BF3,
    0x5CF8, 0x659C, 0x657B, 0x657B, 0x657B, 0x657B, 0x657B, 0x657B, 0x657B, 0x6DBC, 0x659B, 0x657B,
    0x65BC, 0x5CF9, 0xBDE5, 0xFF61, 0xFF02, 0xEEC3, 0xAD65, 0x8403, 0x0000, 0x0000, 0x0000, 0x4B71,
    0x6DDD, 0x657B, 0x657B, 0x657B, 0x657B, 0x657B, 0x657B, 0x657B, 0x657B, 0x659C, 0x657B, 0x5CD7,
    0x659B, 0x657B, 0x659B, 0x5CF8, 0x6539, 0x659B, 0x657B, 0x659B, 0x0020, 0x0000, 0x0000, 0x0000,
    0x0000, 0x0000, 0x0000, 0x0000, 0x0000, 0x0000, 0x0000, 0x0000, 0x0000, 0x0000, 0x0000, 0x0000,
    0x0000, 0x0000, 0x0000, 0x0000, 0x0000, 0x0000, 0x0000, 0x0000, 0x0000, 0x0000, 0x0000, 0x0000,
    0x0000, 0x0000, 0x0000, 0x0000, 0x0000, 0x0000, 0x0000, 0x0000, 0x0000, 0x0000, 0x0000, 0x0000,
    0x0000, 0x0000, 0x0000, 0x0000, 0x0000, 0x0000, 0x0000, 0x0000, 0x0000, 0x0020, 0x0000, 0x28A4,
    0xB2AF, 0x5947, 0x0000, 0x0821, 0x0000, 0x89EB, 0xE312, 0x40E5, 0x0000, 0x0820, 0x0000, 0x0000,
    0x0000, 0x0000, 0x0000, 0x0000, 0x0000, 0x0000, 0x0000, 0x0000, 0x0000, 0x0000, 0x0000, 0x6148,
    0xCAD1, 0x0821, 0x0000, 0x0000, 0x0000, 0x81CA, 0x40E5, 0x79CA, 0x1862, 0x0000, 0x0000, 0x0000,
    0x1041, 0x38E4, 0x91EC, 0x81AA, 0x7189, 0xA22D, 0x0000, 0x0000, 0x0000, 0x0000, 0x40E5, 0x6989,
    0x0000, 0x0841, 0x38E5, 0x1021, 0x0000, 0x0000, 0x0000, 0x0000, 0x0000, 0x0000, 0x0000, 0x0000,
    0x0000, 0x0000, 0x0000, 0x0000, 0x0821, 0x5147, 0x0821, 0x0020, 0x0000, 0x0000, 0x0821, 0x2187,
    0x3B30, 0x5CD7, 0x6DBC, 0x6DDD, 0x6DDD, 0x659C, 0x657B, 0x659B, 0x5CD7, 0x5D19, 0x657B, 0x657B,
    0x657B, 0x657B, 0x657B, 0x659B, 0x657B, 0x657B, 0x655A, 0x5D19, 0x655B, 0x5D3A, 0x6DBD, 0x6DDD,
    0x6DDC, 0x6559, 0x4BD3, 0x2A09, 0x0862, 0x0000, 0x3AAD, 0x6DDC, 0x659C, 0x657B, 0x657B, 0x657B,
    0x657B, 0x65BC, 0x5CD8, 0x4C13, 0x659B, 0x657B, 0x657B, 0x657B, 0x657B, 0x657B, 0x657B, 0x657B,
    0x6DDC, 0x3AAD, 0x4C34, 0x6DDC, 0x5D5B, 0x9D4A, 0xFF21, 0xFEE2, 0xFF22, 0xD643, 0xEEC3, 0xEEC3,
    0x10A1, 0x0000, 0x21C9, 0x657B, 0x657B, 0x657B, 0x657B, 0x657B, 0x657B, 0x657B, 0x657B, 0x657B,
    0x657B, 0x657B, 0x65BC, 0x6539, 0x5CF8, 0x659C, 0x65DD, 0x657B, 0x5CD8, 0x659C, 0x657B, 0x659B,
    0x0020, 0x0000, 0x0000, 0x0000, 0x0000, 0x0000, 0x0000, 0x0000, 0x0000, 0x0000, 0x0000, 0x0000,
    0x0000, 0x0000, 0x0000, 0x0000, 0x0000, 0x0000, 0x0000, 0x0000, 0x0000, 0x0000, 0x0000, 0x0000,
    0x0000, 0x0000, 0x0000, 0x0000, 0x0000, 0x0000, 0x0000, 0x0000, 0x0000, 0x0000, 0x0000, 0x0000,
    0x0000, 0x0000, 0x0000, 0x0000, 0x0000, 0x0000, 0x0000, 0x0000, 0x0000, 0x0000, 0x0000, 0x0000,
    0x0000, 0x0000, 0x0800, 0x0000, 0x1842, 0xA24E, 0x71AA, 0x0000, 0x0020, 0x0000, 0x79AA, 0xEB33,
    0x48E6, 0x0000, 0x0800, 0x0000, 0x0000, 0x0000, 0x0000, 0x0000, 0x0000, 0x0000, 0x0000, 0x0000,
    0x0000, 0x0000, 0x0000, 0x1041, 0xD2D1, 0x40E5, 0x0000, 0x0800, 0x0000, 0x4906, 0x6989, 0xA22D,
    0x5106, 0x0000, 0x0000, 0x0000, 0x0000, 0x1862, 0x81AA, 0x920C, 0x5106, 0xAA6E, 0x0000, 0x0000,
    0x0000, 0x0000, 0x5126, 0x5947, 0x0000, 0x79CA, 0xFB54, 0x89EB, 0x0000, 0x0000, 0x0000, 0x0000,
    0x0000, 0x0000, 0x0000, 0x0000, 0x0000, 0x0000, 0x18C3, 0x0000, 0x28C4, 0x1882, 0x0000, 0x0000,
    0x10C4, 0x32EE, 0x5CD7, 0x6DDC, 0x6DDD, 0x65BD, 0x5CD8, 0x5CF8, 0x659B, 0x657B, 0x659B, 0x657B,
    0x659B, 0x659B, 0x657B, 0x657B, 0x657B, 0x657B, 0x657B, 0x657B, 0x657B, 0x657B, 0x657B, 0x655B,
    0x659C, 0x659C, 0x657B, 0x657B, 0x657B, 0x659C, 0x6DDD, 0x6DDD, 0x5CF8, 0x4BF3, 0x5D59, 0x653A,
    0x659B, 0x659C, 0x657B, 0x657B, 0x657B, 0x659B, 0x657B, 0x65BC, 0x65DD, 0x659C, 0x657B, 0x657B,
    0x657B, 0x657B, 0x657B, 0x659C, 0x5D19, 0x1966, 0x5D18, 0x657C, 0x5CD5, 0xDE42, 0xFF42, 0xFF02,
    0xEEC2, 0xC5E4, 0xFF21, 0xF743, 0x31A2, 0x0000, 0x4C74, 0x655A, 0x657B, 0x657B, 0x657B, 0x657B,
    0x657B, 0x657B, 0x657B, 0x657B, 0x657B, 0x659B, 0x655B, 0x655A, 0x54F8, 0x659C, 0x5455, 0x5CF8,
    0x5D18, 0x653A, 0x657B, 0x659C, 0x0020, 0x0000, 0x0000, 0x0000, 0x0000, 0x0000, 0x0000, 0x0000,
    0x0000, 0x0000, 0x0000, 0x0000, 0x0000, 0x0000, 0x0000, 0x0000, 0x0000, 0x0000, 0x0000, 0x0000,
    0x0000, 0x0000, 0x0000, 0x0000, 0x0000, 0x0000, 0x0000, 0x0000, 0x0000, 0x18C3, 0x0841, 0x0000,
    0x0000, 0x0000, 0x0000, 0x0000, 0x0000, 0x0000, 0x0000, 0x0000, 0x0000, 0x0000, 0x0000, 0x0000,
    0x0000, 0x0000, 0x0000, 0x0000, 0x0000, 0x0000, 0x0000, 0x0800, 0x0000, 0x0000, 0x81EB, 0x922C,
    0x0821, 0x0000, 0x0000, 0x6989, 0xE333, 0x4927, 0x0000, 0x0000, 0x0000, 0x0000, 0x0000, 0x0000,
    0x0000, 0x0000, 0x0000, 0x0000, 0x0000, 0x0000, 0x0000, 0x0000, 0x89EC, 0x920C, 0x0000, 0x0000,
    0x0000, 0x1041, 0x81CB, 0x6989, 0x89EB, 0x0000, 0x0000, 0x0000, 0x0000, 0x0000, 0x6148, 0xAA4D,
    0x40E5, 0xB26F, 0x0000, 0x0000, 0x0000, 0x0000, 0x6168, 0x40E6, 0x0000, 0x6168, 0xDAF2, 0x71A9,
    0x0000, 0x0000, 0x0000, 0x0000, 0x0000, 0x0000, 0x0000, 0x0000, 0x0000, 0x0000, 0x0020, 0x0020,
    0x0000, 0x0000, 0x10C4, 0x3B0E, 0x653A, 0x6DFD, 0x65BC, 0x657B, 0x657B, 0x657B, 0x655A, 0x657B,
    0x657B, 0x657B, 0x657B, 0x657B, 0x657B, 0x657B, 0x659B, 0x657B, 0x657B, 0x657B, 0x657B, 0x5D9C,
    0x659D, 0x659C, 0x657B, 0x657B, 0x657B, 0x657B, 0x657B, 0x657B, 0x657B, 0x657B, 0x657B, 0x657B,
    0x65BC, 0x6DDD, 0x655A, 0x5CF9, 0x5D19, 0x5CF8, 0x5D39, 0x659C, 0x657B, 0x657B, 0x657B, 0x659B,
    0x5413, 0x5D3A, 0x659C, 0x657B, 0x657B, 0x657B, 0x657B, 0x657B, 0x657B, 0x655A, 0x659C, 0x659B,
    0x657C, 0x74F1, 0xEEC2, 0xFF42, 0xCDE4, 0xEEC2, 0xFF21, 0xF723, 0x2941, 0x0043, 0x6D5A, 0x65BC,
    0x657B, 0x659B, 0x657B, 0x657B, 0x657B, 0x657B, 0x657B, 0x657B, 0x657B, 0x657B, 0x657B, 0x659C,
    0x54D7, 0x659C, 0x4C14, 0x5C97, 0x5D5A, 0x5CF8, 0x6519, 0x5CF8, 0x0020, 0x0000, 0x0000, 0x0000,
    0x0000, 0x0000, 0x0000, 0x0000, 0x0000, 0x0000, 0x0000, 0x0000, 0x0000, 0x0000, 0x0000, 0x0000,
    0x0000, 0x0000, 0x0000, 0x0000, 0x0000, 0x0000, 0x0000, 0x0000, 0x0000, 0x0000, 0x0000, 0x0000,
    0x0000, 0x0020, 0x0000, 0x0821, 0x1082, 0x0000, 0x0000, 0x0000, 0x0000, 0x0000, 0x0000, 0x0000,
    0x0000, 0x0000, 0x0000, 0x0000, 0x0000, 0x0000, 0x0000, 0x0000, 0x0000, 0x0000, 0x0000, 0x0000,
    0x0000, 0x0000, 0x0000, 0x6989, 0xA24D, 0x1862, 0x0000, 0x0000, 0x6168, 0xE333, 0x5127, 0x0000,
    0x0820, 0x0000, 0x0000, 0x0000, 0x0000, 0x0000, 0x0000, 0x0000, 0x0000, 0x0000, 0x0000, 0x0000,
    0x2883, 0x69A9, 0x0820, 0x0000, 0x0000, 0x0000, 0x7189, 0x5947, 0x9A2D, 0x0820, 0x0000, 0x0000,
    0x0000, 0x0000, 0x4906, 0xB26E, 0x40C5, 0xBA90, 0x0800, 0x0000, 0x0000, 0x0000, 0x6989, 0x30A4,
    0x0000, 0x0000, 0x1841, 0x0000, 0x0000, 0x0000, 0x2104, 0x0841, 0x0000, 0x0000, 0x0000, 0x0000,
    0x0000, 0x0000, 0x0000, 0x0000, 0x10A3, 0x4350, 0x657B, 0x5476, 0x5D3A, 0x6DBD, 0x657B, 0x657B,
    0x659B, 0x657B, 0x659C, 0x657B, 0x65BC, 0x659C, 0x657B, 0x659B, 0x657B, 0x659B, 0x655A, 0x54B7,
    0x659B, 0x657B, 0x65DD, 0x6C4F, 0x5BCF, 0x6518, 0x657B, 0x657B, 0x657B, 0x657B, 0x657B, 0x657B,
    0x657B, 0x657B, 0x657B, 0x657B, 0x657B, 0x657B, 0x657B, 0x659C, 0x657B, 0x5CF9, 0x5CF8, 0x655B,
    0x659C, 0x657B, 0x659C, 0x5D19, 0x4371, 0x659C, 0x657B, 0x657B, 0x657B, 0x657B, 0x657B, 0x659B,
    0x659C, 0x659C, 0x657B, 0x657B, 0x659B, 0x553C, 0xA569, 0xEEC2, 0xD623, 0xFF22, 0xFF61, 0xC5A4,
    0x0840, 0x08A3, 0x5435, 0x655A, 0x5CF8, 0x5D5B, 0x657B, 0x657B, 0x657B, 0x657B, 0x657B, 0x659B,
    0x657B, 0x657B, 0x659C, 0x655A, 0x5CD7, 0x659C, 0x65DC, 0x65BC, 0x659B, 0x5CD8, 0x659C, 0x655A,
    0x0020, 0x0000, 0x0000, 0x0000, 0x0000, 0x0000, 0x0000, 0x0000, 0x0000, 0x0000, 0x0000, 0x0000,
    0x0000, 0x0000, 0x0000, 0x0000, 0x0000, 0x0000, 0x0000, 0x0000, 0x0000, 0x0000, 0x0000, 0x0000,
    0x0000, 0x0841, 0x0841, 0x0000, 0x0000, 0x0000, 0x0000, 0x0020, 0x0000, 0x0000, 0x0000, 0x0000,
    0x0000, 0x0000, 0x0000, 0x0000, 0x0000, 0x0000, 0x0000, 0x0000, 0x0000, 0x0000, 0x0000, 0x0000,
    0x0000, 0x0000, 0x0000, 0x0000, 0x0000, 0x0000, 0x0020, 0x0000, 0x48E6, 0xAA6E, 0x30A4, 0x0000,
    0x0000, 0x5927, 0xE313, 0x6148, 0x0000, 0x0820, 0x0000, 0x0000, 0x0000, 0x0000, 0x0000, 0x0000,
    0x0000, 0x0000, 0x0000, 0x0000, 0x0820, 0x1862, 0x0821, 0x0000, 0x0000, 0x0000, 0x40E5, 0x6968,
    0x81CB, 0x38C4, 0x0000, 0x0000, 0x0000, 0x0000, 0x30A4, 0xC2B0, 0x38A4, 0xBA8F, 0x1041, 0x0000,
    0x0000, 0x0000, 0x71A9, 0x2062, 0x0000, 0x0000, 0x10A2, 0x0841, 0x0000, 0x0000, 0x0841, 0x0000,
    0x0000, 0x0000, 0x0000, 0x0000, 0x0020, 0x0000, 0x0000, 0x32AD, 0x655A, 0x6DFD, 0x657B, 0x659B,
    0x659B, 0x4392, 0x655B, 0x659C, 0x655B, 0x657B, 0x657B, 0x65BC, 0x5496, 0x5CD7, 0x659C, 0x657B,
    0x657B, 0x657B, 0x657B, 0x655A, 0x657B, 0x659C, 0x4330, 0x4B6D, 0x6493, 0x6BA9, 0x5C96, 0x65BC,
    0x657B, 0x657B, 0x657B, 0x657B, 0x657B, 0x657B, 0x657B, 0x657B, 0x657B, 0x657B, 0x659B, 0x657B,
    0x657B, 0x659C, 0x657B, 0x5D18, 0x5D19, 0x659C, 0x659B, 0x657B, 0x6DBC, 0x657C, 0x657B, 0x657B,
    0x657B, 0x657B, 0x659B, 0x655B, 0x655A, 0x657B, 0x657B, 0x657B, 0x657B, 0x659D, 0x6CF3, 0xBDA3,
    0xF702, 0xFF02, 0xFFC2, 0x5AA2, 0x0000, 0x10E4, 0x4C34, 0x655A, 0x3B30, 0x5454, 0x65DD, 0x657B,
    0x657B, 0x657B, 0x657B, 0x657B, 0x5CF8, 0x659B, 0x6D9C, 0x5CB7, 0x655A, 0x659C, 0x657B, 0x657B,
    0x5CB6, 0x5CF7, 0x5D39, 0x65BC, 0x0020, 0x0000, 0x0000, 0x0000, 0x0000, 0x0000, 0x0000, 0x0000,
    0x0000, 0x0000, 0x0000, 0x0000, 0x0000, 0x0000, 0x0000, 0x0000, 0x0000, 0x0000, 0x0000, 0x0000,
    0x0000, 0x0000, 0x0000, 0x0000, 0x0000, 0x0861, 0x0841, 0x0000, 0x0000, 0x0000, 0x0000, 0x0000,
    0x0000, 0x0000, 0x0000, 0x0000, 0x0000, 0x0000, 0x0000, 0x0000, 0x0000, 0x0000, 0x0000, 0x0000,
    0x0000, 0x0000, 0x0000, 0x0000, 0x0000, 0x0000, 0x0000, 0x0000, 0x0000, 0x0000, 0x0000, 0x0820,
    0x0000, 0x28A3, 0xA24D, 0x4906, 0x0000, 0x0000, 0x4906, 0xE332, 0x6968, 0x0000, 0x0000, 0x0000,
    0x0000, 0x0000, 0x0000, 0x0000, 0x0000, 0x0000, 0x0000, 0x0000, 0x0000, 0x0000, 0x0020, 0x0000,
    0x0000, 0x0000, 0x0841, 0x81CA, 0x28A3, 0x2083, 0x0000, 0x0000, 0x0000, 0x0000, 0x2063, 0xCAB0,
    0x30A3, 0x8A2C, 0x1042, 0x0000, 0x0000, 0x0000, 0x79AA, 0x1041, 0x0000, 0x0000, 0x0861, 0x1062,
    0x0000, 0x2083, 0x0821, 0x0000, 0x18A3, 0x1062, 0x0000, 0x0000, 0x0000, 0x1905, 0x5475, 0x657B,
    0x5D3A, 0x657B, 0x655B, 0x6DBC, 0x4BD2, 0x3B50, 0x6539, 0x430F, 0x657B, 0x659C, 0x659C, 0x659B,
    0x5CF8, 0x6519, 0x65DD, 0x659C, 0x657B, 0x659B, 0x659B, 0x657B, 0x659B, 0x657B, 0x5435, 0x5D1A,
    0x65DD, 0x655B, 0x659B, 0x657B, 0x657B, 0x657B, 0x657B, 0x657B, 0x657B, 0x657B, 0x657B, 0x657B,
    0x659B, 0x657B, 0x655A, 0x659C, 0x657B, 0x659B, 0x5CF8, 0x657B, 0x653A, 0x5CF8, 0x657A, 0x659C,
    0x657B, 0x657B, 0x657B, 0x657B, 0x657B, 0x657B, 0x65BC, 0x5496, 0x5D19, 0x659C, 0x657B, 0x657B,
    0x657B, 0x659D, 0x6D14, 0xE682, 0xFFA2, 0xF703, 0x7BA3, 0x0001, 0x0000, 0x0862, 0x5C96, 0x6559,
    0x326C, 0x10A3, 0x5475, 0x6DDD, 0x657B, 0x657B, 0x655A, 0x21E9, 0x4C14, 0x6DBC, 0x5475, 0x5CF8,
    0x659C, 0x657B, 0x659B, 0x657B, 0x655B, 0x655A, 0x5496, 0x657B, 0x0020, 0x0000, 0x0000, 0x0000,
    0x0000, 0x0000, 0x0000, 0x0000, 0x0000, 0x0000, 0x0000, 0x0000, 0x0000, 0x0000, 0x0000, 0x0000,
    0x0000, 0x0000, 0x0000, 0x0000, 0x0000, 0x0000, 0x0000, 0x0000, 0x0000, 0x0000, 0x0000, 0x0000,
    0x0000, 0x0000, 0x0000, 0x0000, 0x0000, 0x0000, 0x0000, 0x0020, 0x0821, 0x0000, 0x0000, 0x0000,
    0x0000, 0x0000, 0x0000, 0x0000, 0x0000, 0x0000, 0x0000, 0x0000, 0x0000, 0x0000, 0x0000, 0x0000,
    0x0000, 0x0000, 0x0000, 0x0000, 0x0000, 0x0000, 0x1041, 0x922C, 0x6168, 0x0000, 0x0000, 0x38C5,
    0xDB12, 0x71CA, 0x0001, 0x0000, 0x0000, 0x0000, 0x0000, 0x0000, 0x0000, 0x0000, 0x0000, 0x0000,
    0x0000, 0x0000, 0x0000, 0x0000, 0x0000, 0x0000, 0x0000, 0x6989, 0x30A4, 0x0000, 0x0000, 0x0000,
    0x0000, 0x0000, 0x1041, 0xCAB0, 0x30C4, 0x2062, 0x0841, 0x0000, 0x18E3, 0x1882, 0x79AA, 0x0000,
    0x10A3, 0x18C3, 0x0821, 0x1082, 0x2063, 0xC2D1, 0x2063, 0x0000, 0x0841, 0x0821, 0x0000, 0x0841,
    0x3B2F, 0x659B, 0x6DFD, 0x54B7, 0x5D39, 0x659C, 0x657B, 0x659B, 0x655A, 0x6DBC, 0x3B0F, 0x5476,
    0x6DDD, 0x653A, 0x5D39, 0x659C, 0x659C, 0x65BC, 0x54B6, 0x5CF8, 0x659C, 0x657B, 0x657B, 0x657B,
    0x657B, 0x657B, 0x65DD, 0x657B, 0x657A, 0x659C, 0x657B, 0x657B, 0x657B, 0x657B, 0x657B, 0x657B,
    0x657B, 0x657B, 0x657B, 0x657B, 0x657B, 0x657B, 0x3B2F, 0x5476, 0x6DBC, 0x659C, 0x5CF8, 0x655A,
    0x65BC, 0x655B, 0x5CF8, 0x6559, 0x659B, 0x657B, 0x657B, 0x657B, 0x657B, 0x657B, 0x657B, 0x659B,
    0x659B, 0x657B, 0x657B, 0x657B, 0x6D7B, 0x5D3B, 0x8448, 0xDE22, 0xA4E3, 0x39A2, 0x0001, 0x0000,
    0x0000, 0x0000, 0x4BF3, 0x6539, 0x2166, 0x0000, 0x0862, 0x324B, 0x6DBC, 0x6DBD, 0x65BC, 0x659B,
    0x5D19, 0x54D8, 0x6539, 0x659B, 0x657B, 0x657B, 0x657B, 0x657B, 0x659B, 0x659C, 0x5D18, 0x657B,
    0x0820, 0x0000, 0x0000, 0x0000, 0x0000, 0x0000, 0x0000, 0x0000, 0x0000, 0x0000, 0x0000, 0x0000,
    0x0000, 0x0000, 0x0000, 0x0000, 0x0000, 0x0000, 0x0000, 0x0000, 0x0000, 0x0000, 0x0000, 0x0000,
    0x0000, 0x0000, 0x0000, 0x0000, 0x0000, 0x0000, 0x0000, 0x1041, 0x0820, 0x0000, 0x1082, 0x0821,
    0x0000, 0x0000, 0x0000, 0x0000, 0x0000, 0x0000, 0x0000, 0x0000, 0x0000, 0x0000, 0x0000, 0x0000,
    0x0000, 0x0000, 0x0000, 0x0000, 0x0000, 0x0000, 0x0000, 0x0000, 0x0000, 0x0000, 0x0000, 0x0000,
    0x79EA, 0x6989, 0x1821, 0x2840, 0x5905, 0x9A0A, 0x40C3, 0x2860, 0x3061, 0x3061, 0x3061, 0x3061,
    0x3061, 0x3061, 0x3061, 0x3061, 0x3061, 0x3061, 0x3061, 0x3061, 0x3081, 0x1861, 0x0000, 0x30A4,
    0x5968, 0x0000, 0x0000, 0x0000, 0x0000, 0x0000, 0x0000, 0xC290, 0x48E6, 0x0000, 0x0000, 0x0000,
    0x0000, 0x2062, 0x79AA, 0x0000, 0x0000, 0x0000, 0x0800, 0x0000, 0x7168, 0xA22C, 0x0000, 0x0000,
    0x0000, 0x0000, 0x10A2, 0x5454, 0x6DDD, 0x655A, 0x655A, 0x6D7B, 0x657B, 0x657A, 0x657A, 0x657A,
    0x657B, 0x6539, 0x655A, 0x657B, 0x6D9B, 0x5454, 0x4BF3, 0x6DBB, 0x6559, 0x6DBC, 0x5CF8, 0x5D39,
    0x659B, 0x657B, 0x657B, 0x657B, 0x659B, 0x659C, 0x659B, 0x5497, 0x655A, 0x659C, 0x657B, 0x657B,
    0x657B, 0x657B, 0x657B, 0x657B, 0x657B, 0x657B, 0x657B, 0x657B, 0x657B, 0x659C, 0x657B, 0x655A,
    0x659B, 0x657B, 0x657B, 0x659B, 0x657B, 0x659B, 0x659C, 0x5D19, 0x5D39, 0x659C, 0x657B, 0x657B,
    0x657B, 0x657B, 0x657B, 0x657B, 0x657B, 0x657B, 0x657B, 0x655A, 0x65FD, 0x43B1, 0x0000, 0x0821,
    0x0000, 0x0000, 0x0020, 0x0000, 0x0000, 0x0000, 0x1926, 0x763E, 0x32CE, 0x0000, 0x0000, 0x0000,
    0x4391, 0x54D7, 0x5497, 0x3ACD, 0x4391, 0x6DDD, 0x659C, 0x657B, 0x657B, 0x657B, 0x657B, 0x657B,
    0x657B, 0x659C, 0x5D3A, 0x5D19, 0x0000, 0x0000, 0x0000, 0x0000, 0x0000, 0x0000, 0x0821, 0x0841,
    0x0000, 0x0000, 0x0000, 0x0000, 0x0000, 0x0000, 0x0000, 0x0000, 0x0000, 0x0020, 0x0000, 0x0000,
    0x0000, 0x0000, 0x0000, 0x0000, 0x0000, 0x0000, 0x0000, 0x0000, 0x0000, 0x0000, 0x0000, 0xBAAF,
    0x6989, 0x0000, 0x0000, 0x0000, 0x0000, 0x0000, 0x0841, 0x0841, 0x0000, 0x0000, 0x0000, 0x0000,
    0x0000, 0x0000, 0x0000, 0x0020, 0x0000, 0x0000, 0x0000, 0x0000, 0x0000, 0x0000, 0x0000, 0x0000,
    0x0000, 0x0020, 0x0821, 0x0020, 0x0000, 0x28A4, 0xA164, 0xA183, 0x7942, 0x7922, 0x8143, 0x8963,
    0x8963, 0x8963, 0x8963, 0x8963, 0x8963, 0x8963, 0x8983, 0x8983, 0x8983, 0x8983, 0x8983, 0x89A3,
    0x9183, 0x8143, 0x0000, 0x0820, 0x4926, 0x0820, 0x0000, 0x0000, 0x0000, 0x0000, 0x0000, 0xB26F,
    0x6127, 0x0000, 0x0000, 0x0000, 0x0000, 0x30A4, 0x7189, 0x0000, 0x0884, 0x096C, 0x096C, 0x096B,
    0x21CE, 0x092D, 0x014B, 0x094B, 0x094B, 0x094A, 0x11CD, 0x1A70, 0x11EE, 0x1A0F, 0x1A0F, 0x1A2E,
    0x1A2F, 0x1A2F, 0x1A2F, 0x1A2F, 0x1A0E, 0x1A0F, 0x1A0E, 0x120D, 0x120F, 0x122F, 0x1A2E, 0x120D,
    0x11ED, 0x2A6E, 0x659B, 0x659C, 0x657B, 0x659B, 0x657B, 0x659C, 0x655A, 0x5CF8, 0x659B, 0x65BC,
    0x653A, 0x6539, 0x657B, 0x659B, 0x657B, 0x657B, 0x657B, 0x657B, 0x657B, 0x657B, 0x657B, 0x659B,
    0x659B, 0x657B, 0x657B, 0x659B, 0x657B, 0x657B, 0x657B, 0x657B, 0x657B, 0x657B, 0x657B, 0x659C,
    0x6539, 0x5D19, 0x659B, 0x659B, 0x657B, 0x657B, 0x657B, 0x657B, 0x657B, 0x657B, 0x657B, 0x659C,
    0x655A, 0x10A3, 0x0000, 0x0000, 0x0020, 0x0000, 0x0000, 0x0000, 0x0000, 0x0000, 0x0000, 0x3B2F,
    0x653A, 0x0842, 0x0000, 0x0000, 0x0000, 0x0000, 0x0000, 0x0000, 0x5455, 0x657B, 0x657B, 0x657B,
    0x657B, 0x657B, 0x657B, 0x657B, 0x657B, 0x657B, 0x659B, 0x5496, 0x28A3, 0x0000, 0x0000, 0x0000,
    0x0000, 0x0000, 0x1082, 0x18C3, 0x0000, 0x0000, 0x0000, 0x0000, 0x0000, 0x0000, 0x0000, 0x0000,
    0x0000, 0x0841, 0x0000, 0x0000, 0x0000, 0x0000, 0x0000, 0x0000, 0x0000, 0x0000, 0x0000, 0x0000,
    0x0000, 0x0000, 0x0000, 0x40E5, 0x2083, 0x0000, 0x0000, 0x0000, 0x0000, 0x0000, 0x0841, 0x0841,
    0x0000, 0x0000, 0x0000, 0x0000, 0x0020, 0x0000, 0x0000, 0x0000, 0x0001, 0x0001, 0x0000, 0x0000,
    0x0000, 0x0841, 0x28A3, 0x4081, 0x0820, 0x0000, 0x0000, 0x0000, 0x0000, 0x0000, 0x9123, 0x8B23,
    0xCE63, 0xD603, 0xD622, 0xD622, 0xD623, 0xD643, 0xD643, 0xD643, 0xD643, 0xD643, 0xDE63, 0xDE63,
    0xDE83, 0xDE83, 0xDE62, 0xDEC2, 0x93E4, 0x70C2, 0x0000, 0x0000, 0x2083, 0x1862, 0x0000, 0x0000,
    0x0000, 0x0000, 0x0000, 0xA22D, 0x7189, 0x0000, 0x0000, 0x0000, 0x0000, 0x40E5, 0x6168, 0x0000,
    0x0929, 0x0A52, 0x120F, 0x0233, 0x01CF, 0x7408, 0x2A4A, 0x01F2, 0x0A52, 0x0A52, 0x0212, 0x0211,
    0x0212, 0x0211, 0x01F2, 0x0211, 0x0211, 0x0211, 0x0211, 0x0212, 0x0212, 0x0212, 0x0211, 0x0212,
    0x09F0, 0x1A0D, 0x01F1, 0x0212, 0x0212, 0x098D, 0x5D19, 0x65BB, 0x657B, 0x657B, 0x659C, 0x659C,
    0x655A, 0x5D18, 0x659C, 0x5D3A, 0x4BB3, 0x4BD2, 0x655A, 0x659B, 0x657B, 0x657B, 0x657B, 0x657B,
    0x657B, 0x657B, 0x657B, 0x657B, 0x657B, 0x657B, 0x657B, 0x657B, 0x657B, 0x657B, 0x657B, 0x657B,
    0x657B, 0x657B, 0x657B, 0x657B, 0x659C, 0x655A, 0x5D18, 0x657B, 0x659B, 0x657B, 0x659B, 0x659C,
    0x657B, 0x657B, 0x655B, 0x6DFD, 0x32AD, 0x0000, 0x0020, 0x0000, 0x0000, 0x0000, 0x0000, 0x0000,
    0x0000, 0x0000, 0x0020, 0x0000, 0x4350, 0x5454, 0x10C4, 0x0882, 0x10A3, 0x0000, 0x0000, 0x10A3,
    0x5CD8, 0x6539, 0x659C, 0x657B, 0x657B, 0x657B, 0x657B, 0x657B, 0x657B, 0x657B, 0x659C, 0x5CF8,
    0xE312, 0xC2B0, 0x89CB, 0x40E5, 0x1021, 0x0000, 0x0000, 0x0000, 0x0000, 0x0000, 0x0000, 0x0000,
    0x0000, 0x0000, 0x0000, 0x0000, 0x0000, 0x0000, 0x0000, 0x0000, 0x0000, 0x0000, 0x0000, 0x0000,
    0x0000, 0x0021, 0x3082, 0x2841, 0x0000, 0x0000, 0x0000, 0x0000, 0x0000, 0x0000, 0x0000, 0x0000,
    0x0000, 0x0000, 0x0000, 0x0000, 0x0000, 0x0000, 0x0000, 0x0000, 0x0000, 0x0000, 0x1105, 0x32AE,
    0x6452, 0x6345, 0x0841, 0x0862, 0x0862, 0x21A8, 0x5B90, 0x8A07, 0x4A09, 0x1988, 0x2A0A, 0x2A0A,
    0x0841, 0x0000, 0x9103, 0xAC03, 0xFFC1, 0xF702, 0xE6E2, 0xEEE2, 0xEEE2, 0xEEC2, 0xEEE2, 0xEEE2,
    0xEEC2, 0xEEC2, 0xEEC2, 0xE6A2, 0xE6A2, 0xDE82, 0xEEA2, 0xFFC2, 0xB4C3, 0x78C2, 0x0000, 0x0000,
    0x1041, 0x1041, 0x0000, 0x0000, 0x0000, 0x0000, 0x0000, 0x89EC, 0x89CB, 0x0000, 0x0000, 0x0000,
    0x0000, 0x5127, 0x5127, 0x0000, 0x00A9, 0x6BC8, 0xB543, 0x092B, 0xC5A4, 0xB564, 0x098F, 0x0232,
    0x01B2, 0x01B2, 0x0232, 0x01D2, 0x01B2, 0x01F2, 0x0A32, 0x01D2, 0x0192, 0x01D2, 0x0232, 0x01B2,
    0x01B2, 0x01D2, 0x01F2, 0x0173, 0x5329, 0xE662, 0x19ED, 0x0212, 0x0232, 0x09CE, 0x5434, 0x659C,
    0x657B, 0x659C, 0x5CD8, 0x655A, 0x659C, 0x659C, 0x657B, 0x657B, 0x657B, 0x659B, 0x659C, 0x657B,
    0x657B, 0x657B, 0x657B, 0x657B, 0x659C, 0x657B, 0x657B, 0x657B, 0x657B, 0x657B, 0x657B, 0x657B,
    0x657B, 0x657B, 0x657B, 0x657B, 0x657B, 0x657B, 0x657B, 0x657B, 0x657B, 0x659B, 0x5D5A, 0x5CF9,
    0x659B, 0x659C, 0x655A, 0x5CB7, 0x6DBC, 0x5CF9, 0x655A, 0x5CB7, 0x0021, 0x0000, 0x0000, 0x0000,
    0x0000, 0x0000, 0x0000, 0x0000, 0x0000, 0x0000, 0x0000, 0x0000, 0x0000, 0x21A7, 0x328B, 0x4B91,
    0x328B, 0x0000, 0x0821, 0x0000, 0x4C14, 0x655A, 0x657B, 0x65BC, 0x655B, 0x655B, 0x659B, 0x657B,
    0x659C, 0x659B, 0x657B, 0x659C, 0x38E5, 0x79AA, 0xBA6F, 0xDAF2, 0xD2D1, 0xA22D, 0x6148, 0x2083,
    0x0000, 0x0000, 0x0000, 0x0000, 0x0000, 0x0000, 0x0000, 0x0000, 0x0000, 0x0000, 0x0000, 0x0000,
    0x0000, 0x0000, 0x0000, 0x0000, 0x0000, 0x7103, 0xC1A4, 0x89C7, 0x0862, 0x0000, 0x0020, 0x0821,
    0x0020, 0x0000, 0x0000, 0x0000, 0x0000, 0x0000, 0x0000, 0x0000, 0x0000, 0x0021, 0x0000, 0x10E4,
    0x32AC, 0x5496, 0x65BC, 0x6D13, 0x9D48, 0x8D6F, 0x5CF8, 0x5D18, 0x6519, 0x5D19, 0x5D3A, 0x5D19,
    0x7BF2, 0x6390, 0x4350, 0x326B, 0x0862, 0x0000, 0x9103, 0xABC3, 0xFFC3, 0x8B63, 0x8963, 0x89A2,
    0x89A3, 0x89A3, 0x8182, 0x7961, 0x89A2, 0x91A3, 0x91A3, 0x89A3, 0x89A3, 0x8963, 0x6A43, 0xFF83,
    0xB4A3, 0x80E3, 0x0000, 0x0000, 0x0000, 0x0821, 0x0000, 0x0000, 0x0000, 0x0000, 0x0000, 0x79AA,
    0xA22D, 0x0000, 0x0000, 0x0000, 0x0000, 0x6168, 0x40E6, 0x0000, 0x00A9, 0x7428, 0xE682, 0xB543,
    0xAD46, 0x11AB, 0x328B, 0x09AE, 0x6BE9, 0x6389, 0x09AD, 0x6368, 0x5B88, 0x3ACB, 0x01B1, 0x532A,
    0x8467, 0x4B0A, 0x11ED, 0x6BC7, 0x5B68, 0x42EA, 0x4B0A, 0x42EA, 0x3A68, 0xA4C3, 0x11CD, 0x0212,
    0x0232, 0x096C, 0x3AAD, 0x6D9B, 0x5D7B, 0x659B, 0x5CD7, 0x655A, 0x659B, 0x657B, 0x657B, 0x659B,
    0x659B, 0x657B, 0x657B, 0x657B, 0x657B, 0x657B, 0x657B, 0x659B, 0x655A, 0x5497, 0x657B, 0x657B,
    0x657B, 0x657B, 0x659C, 0x65BC, 0x659B, 0x657B, 0x657B, 0x657B, 0x657B, 0x657B, 0x657B, 0x657B,
    0x657B, 0x657B, 0x659C, 0x5D5A, 0x5D18, 0x659B, 0x5D5A, 0x655A, 0x659B, 0x657B, 0x6DDC, 0x2187,
    0x0000, 0x0000, 0x0000, 0x0000, 0x0000, 0x0000, 0x0000, 0x0000, 0x0000, 0x0000, 0x0000, 0x0000,
    0x0000, 0x0000, 0x0000, 0x0882, 0x0000, 0x0000, 0x0021, 0x0000, 0x3AAD, 0x655B, 0x65BC, 0x5CF8,
    0x54B8, 0x659C, 0x657B, 0x659B, 0x5D3A, 0x655A, 0x659B, 0x659B, 0x0000, 0x0000, 0x0000, 0x1862,
    0x5127, 0x9A0C, 0xCAB0, 0xD2F2, 0xBA8F, 0x81AA, 0x4906, 0x1041, 0x0000, 0x0000, 0x0000, 0x0000,
    0x0000, 0x0000, 0x0000, 0x0000, 0x0000, 0x0000, 0x0000, 0x0000, 0x0000, 0x3925, 0x5B2E, 0x4C34,
    0x53F2, 0x10A3, 0x0000, 0x0000, 0x0000, 0x0000, 0x0000, 0x0862, 0x10A4, 0x1083, 0x10A4, 0x2A2B,
    0x5BAC, 0x8446, 0x4BB1, 0x6DBC, 0x54B6, 0x5C95, 0x5455, 0x5CF6, 0x5D39, 0x5D5C, 0x659C, 0x659B,
    0x65DD, 0x6DFE, 0x5D7B, 0x8249, 0xD961, 0x2840, 0x0000, 0x0000, 0x0000, 0x0020, 0x9103, 0xABC3,
    0xFFE2, 0xA323, 0x80C3, 0x40E4, 0x2841, 0x2021, 0x6126, 0x91CA, 0x2841, 0x1821, 0x2041, 0x2041,
    0x1821, 0x8903, 0x8A43, 0xFF83, 0xBCC3, 0x80E2, 0x0000, 0x0000, 0x0000, 0x0000, 0x0000, 0x0000,
    0x0000, 0x0000, 0x0000, 0x6969, 0xB26E, 0x0000, 0x0000, 0x0000, 0x0000, 0x71A9, 0x30A4, 0x0000,
    0x00A9, 0x6388, 0xFFC1, 0xC5C3, 0x00D0, 0x3AAB, 0xB502, 0x8C05, 0xB584, 0xB584, 0x7BC3, 0xD603,
    0xAD24, 0xDE63, 0x3207, 0x9CC4, 0xD602, 0xDEA4, 0x3A46, 0xF6E2, 0xAD24, 0xEEE2, 0xA4E4, 0xE6C4,
    0x83C3, 0xDE23, 0x09EE, 0x1230, 0x0A12, 0x09CE, 0x6539, 0x65BC, 0x657B, 0x657B, 0x65BC, 0x659B,
    0x657B, 0x657B, 0x659B, 0x655A, 0x655A, 0x659B, 0x657B, 0x657B, 0x657B, 0x657B, 0x657B, 0x659B,
    0x5D3A, 0x655A, 0x659B, 0x657B, 0x657B, 0x657B, 0x657B, 0x53CF, 0x5CB6, 0x65BC, 0x657B, 0x657B,
    0x657B, 0x657B, 0x657B, 0x657B, 0x657B, 0x657B, 0x657B, 0x659C, 0x6539, 0x5D19, 0x659C, 0x657B,
    0x657B, 0x6DDD, 0x4BB2, 0x0000, 0x0001, 0x0000, 0x0000, 0x0000, 0x0000, 0x0000, 0x0000, 0x0000,
    0x0000, 0x0000, 0x0000, 0x0000, 0x0000, 0x0000, 0x0000, 0x0000, 0x0000, 0x0000, 0x0000, 0x0000,
    0x1926, 0x655A, 0x5CD7, 0x4C14, 0x657B, 0x65BC, 0x657B, 0x65BC, 0x5455, 0x54B7, 0x65BC, 0x657B,
    0x0821, 0x0800, 0x0000, 0x0000, 0x0000, 0x0000, 0x0821, 0x38A4, 0x7189, 0xAA4E, 0xD2D1, 0xD2D1,
    0xAA2D, 0x6168, 0x2883, 0x0000, 0x0000, 0x0000, 0x0000, 0x0000, 0x0000, 0x0000, 0x0000, 0x0000,
    0x0000, 0x0884, 0x5496, 0x5CD7, 0x6E1F, 0x5414, 0x328C, 0x4BD3, 0x4C13, 0x5476, 0x5CF8, 0x6539,
    0x5495, 0x5CD7, 0x659B, 0x6D9C, 0x5C94, 0x5C10, 0x5CD7, 0x54B7, 0x5CD6, 0x5413, 0x3B0E, 0x5CF8,
    0x65BC, 0x65BB, 0x6DDD, 0x657B, 0x5496, 0x2A4B, 0x4C55, 0x8A69, 0x6903, 0x0042, 0x0020, 0x0020,
    0x0000, 0x0000, 0x9103, 0xABC3, 0xFFC2, 0xAB63, 0x60A2, 0x18A3, 0x20A3, 0x0000, 0x1062, 0xBAAF,
    0xAA6E, 0x0801, 0x0000, 0x0000, 0x0000, 0x68C2, 0x8A63, 0xF782, 0xBCC3, 0x80E2, 0x0000, 0x0000,
    0x0000, 0x0000, 0x0000, 0x0000, 0x0000, 0x0000, 0x0821, 0x6148, 0xC2AF, 0x0000, 0x0000, 0x0821,
    0x0000, 0x79AA, 0x2083, 0x1040, 0x00AA, 0x73E8, 0xEEE2, 0xC5E3, 0xA526, 0x8C66, 0xAD23, 0xB542,
    0x8446, 0x94A5, 0xACE2, 0xC5A4, 0x2A08, 0xCDE4, 0x9422, 0xC5C3, 0xA4C3, 0xEEE3, 0x4AA7, 0xDE82,
    0x29C7, 0xE6C3, 0x2A08, 0xD644, 0xA4A3, 0xDE62, 0x3A69, 0x8C26, 0x5B6A, 0x098D, 0x5D18, 0x659C,
    0x657B, 0x657B, 0x657B, 0x657B, 0x657B, 0x657B, 0x659C, 0x5CD8, 0x5CF8, 0x659C, 0x657B, 0x657B,
    0x657B, 0x657B, 0x657B, 0x657B, 0x659B, 0x659B, 0x659C, 0x6DDD, 0x657B, 0x65BC, 0x5CB7, 0x4BD2,
    0x6DDC, 0x657B, 0x657B, 0x657B, 0x657B, 0x657B, 0x657B, 0x657B, 0x657B, 0x657B, 0x657B, 0x657B,
    0x659B, 0x5CF7, 0x5D5A, 0x659B, 0x659B, 0x655A, 0x10A3, 0x0000, 0x0000, 0x0000, 0x0000, 0x0000,
    0x0000, 0x0000, 0x0000, 0x0000, 0x0000, 0x0000, 0x0000, 0x0000, 0x0000, 0x0000, 0x0000, 0x0000,
    0x0000, 0x0000, 0x0000, 0x0000, 0x0841, 0x4BF2, 0x5455, 0x5CD7, 0x651A, 0x5CF8, 0x659C, 0x657B,
    0x659C, 0x659B, 0x657B, 0x659B, 0x0020, 0x0000, 0x0000, 0x0000, 0x0000, 0x0000, 0x0000, 0x0000,
    0x0000, 0x0000, 0x1041, 0x40E5, 0x89CB, 0xC2AF, 0xD2D1, 0xBA8F, 0x81EB, 0x48E5, 0x1041, 0x0000,
    0x0000, 0x0000, 0x0000, 0x0001, 0x0820, 0x0800, 0x5455, 0x5CD7, 0x54B6, 0x6559, 0x6D59, 0x659B,
    0x6DFE, 0x659B, 0x5D19, 0x5496, 0x4BF3, 0x5CF8, 0x4BD3, 0x21C9, 0x4BB2, 0x5CF8, 0x659C, 0x655A,
    0x5C75, 0x1925, 0x2187, 0x5C96, 0x659B, 0x5CF8, 0x3B2F, 0x3AED, 0x10C3, 0x0000, 0x4391, 0x61C7,
    0x2041, 0x0000, 0x0000, 0x0000, 0x0000, 0x0000, 0x8903, 0xABC3, 0xFFC2, 0xAB63, 0x70A2, 0x0000,
    0x1041, 0x5147, 0x1862, 0x0000, 0xB28E, 0xBA90, 0x1041, 0x0000, 0x0000, 0x68C2, 0x8A43, 0xF782,
    0xBCC3, 0x78C2, 0x0000, 0x0000, 0x0000, 0x0000, 0x0000, 0x0000, 0x0020, 0x0000, 0x1882, 0x6989,
    0xCAB1, 0x2062, 0x1061, 0x1061, 0x1041, 0xA24D, 0x28A4, 0x5946, 0x214D, 0x4B48, 0xAD05, 0x118B,
    0x9CC5, 0xD622, 0x5328, 0x222B, 0xAD44, 0xAD25, 0x220A, 0x8426, 0x2A0A, 0x7C06, 0x6326, 0xAD45,
    0x9CE5, 0x9CC6, 0x3207, 0x9465, 0x220A, 0x94A5, 0x220A, 0x8C66, 0x6325, 0x8C85, 0x2A4B, 0x8427,
    0x430B, 0x096D, 0x5D18, 0x65BC, 0x657B, 0x657B, 0x657B, 0x657B, 0x657B, 0x657B, 0x657B, 0x659C,
    0x659C, 0x657B, 0x657B, 0x657B, 0x657B, 0x657B, 0x657B, 0x657B, 0x657B, 0x6DBC, 0x4BF3, 0x4350,
    0x65BC, 0x657B, 0x65BD, 0x6519, 0x4C14, 0x659C, 0x657B, 0x657B, 0x657B, 0x657B, 0x657B, 0x657B,
    0x657B, 0x657B, 0x657B, 0x657B, 0x657B, 0x4BD3, 0x5CD8, 0x5D5B, 0x6DFD, 0x32AC, 0x0000, 0x0000,
    0x0000, 0x0000, 0x0000, 0x0000, 0x0000, 0x0000, 0x0000, 0x0000, 0x0000, 0x0000, 0x0000, 0x0000,
    0x0000, 0x0000, 0x0000, 0x0000, 0x0000, 0x0000, 0x0000, 0x0000, 0x0000, 0x4A86, 0x6517, 0x6DDD,
    0x5497, 0x5CD8, 0x659C, 0x657B, 0x657B, 0x657B, 0x659B, 0x659C, 0x0020, 0x0000, 0x0000, 0x0000,
    0x0000, 0x0000, 0x0000, 0x0000, 0x0000, 0x0000, 0x0000, 0x0000, 0x0000, 0x0000, 0x2083, 0x6147,
    0x9A2D, 0xC2B0, 0xCAD1, 0x922C, 0x1841, 0x48C2, 0x9963, 0x58A1, 0x0000, 0x1105, 0x5CD8, 0x5CF8,
    0x5C75, 0x43B1, 0x324B, 0x5475, 0x5476, 0x5433, 0x5434, 0x5CD7, 0x5D39, 0x5CF8, 0x5496, 0x5D18,
    0x6E1D, 0x65BC, 0x4C14, 0x4BB1, 0x10E4, 0x0000, 0x4BB2, 0x5CD6, 0x3ACE, 0x10C4, 0x10C3, 0x2126,
    0x0821, 0x0021, 0x1082, 0x0001, 0x0000, 0x0000, 0x0000, 0x0000, 0x0000, 0x0000, 0x88E2, 0xABC3,
    0xFFE2, 0xAB63, 0x70C2, 0x0000, 0x0000, 0x2082, 0x71AA, 0x30C4, 0x0000, 0xA26E, 0xC2B0, 0x1862,
    0x0000, 0x70E2, 0x8A43, 0xFF82, 0xC4E3, 0x78E3, 0x0000, 0x0000, 0x0000, 0x0000, 0x0000, 0x0020,
    0x0000, 0x0821, 0x0020, 0x6968, 0xD2F2, 0x4105, 0x30C4, 0x1862, 0x30A4, 0xBA8F, 0x6989, 0xAA4D,
    0x79EC, 0x316A, 0x292A, 0x11EE, 0x11CF, 0x19EC, 0x120E, 0x120F, 0x19CC, 0x19CC, 0x11EE, 0x11CD,
    0x1A0E, 0x11AE, 0x11CE, 0x11CE, 0x118D, 0x11CE, 0x19ED, 0x11AE, 0x1A0F, 0x11AE, 0x120E, 0x11CF,
    0x11EE, 0x098E, 0x11EF, 0x11CD, 0x09AE, 0x224D, 0x655A, 0x659B, 0x657B, 0x659B, 0x659B, 0x657B,
    0x657B, 0x657B, 0x657B, 0x657B, 0x657B, 0x657B, 0x657B, 0x657B, 0x657B, 0x657B, 0x657B, 0x657B,
    0x657B, 0x659C, 0x655A, 0x5497, 0x657B, 0x657B, 0x65BC, 0x5455, 0x4370, 0x65BC, 0x657B, 0x657B,
    0x657B, 0x657B, 0x657B, 0x657B, 0x659C, 0x657B, 0x657B, 0x657B, 0x657B, 0x5D19, 0x657B, 0x5D19,
    0x5476, 0x0021, 0x0000, 0x0000, 0x0000, 0x0000, 0x0000, 0x0000, 0x0000, 0x0000, 0x0000, 0x0000,
    0x0000, 0x0000, 0x0000, 0x0000, 0x0000, 0x0000, 0x0000, 0x0000, 0x0000, 0x0000, 0x0000, 0x0020,
    0x0021, 0x5308, 0x5CB3, 0x5D5B, 0x65BC, 0x659C, 0x657B, 0x659B, 0x659B, 0x657B, 0x5D3A, 0x5D19,
    0x0020, 0x0000, 0x0000, 0x0000, 0x0000, 0x0000, 0x0000, 0x0000, 0x0000, 0x0000, 0x0000, 0x0000,
    0x0000, 0x0000, 0x0000, 0x0000, 0x0000, 0x0820, 0x38C4, 0x5948, 0x3082, 0xC9C4, 0xA1E6, 0x8B6E,
    0x21C8, 0x3125, 0x6C95, 0x32CE, 0x21C8, 0x29E9, 0x4350, 0x5495, 0x5CD7, 0x6539, 0x655B, 0x655A,
    0x653A, 0x6519, 0x5476, 0x3AEE, 0x432F, 0x1946, 0x10C4, 0x5455, 0x0020, 0x1083, 0x5433, 0x32AC,
    0x1083, 0x0821, 0x0841, 0x0000, 0x0000, 0x0000, 0x0000, 0x0000, 0x0000, 0x0000, 0x0000, 0x0000,
    0x0000, 0x0000, 0x88E2, 0xABC3, 0xFFE2, 0xAB63, 0x70A2, 0x0000, 0x0800, 0x0000, 0x1021, 0x71CA,
    0x4906, 0x0000, 0x9A2D, 0xD2D1, 0x2063, 0x68C2, 0x8204, 0xE744, 0xACA3, 0x70C3, 0x0020, 0x0000,
    0x0000, 0x0841, 0x0820, 0x0821, 0x0000, 0x0841, 0x2883, 0x7189, 0xD2B1, 0x7169, 0x79AA, 0x6969,
    0x7989, 0xD2B0, 0x9A0C, 0xC290, 0xDAF1, 0xDA90, 0x7ACF, 0x659B, 0x64F7, 0x5C96, 0x6D7A, 0x5412,
    0x6D9B, 0x5CD7, 0x6538, 0x6DBB, 0x6D59, 0x6D7A, 0x6D7B, 0x6539, 0x5CD7, 0x6D7B, 0x6559, 0x657A,
    0x655A, 0x657A, 0x657A, 0x5CD7, 0x5CB6, 0x657A, 0x6539, 0x653A, 0x6539, 0x657B, 0x659B, 0x657B,
    0x657B, 0x655A, 0x655A, 0x657B, 0x657B, 0x657B, 0x657B, 0x657B, 0x657B, 0x657B, 0x657B, 0x657B,
    0x657B, 0x657B, 0x657B, 0x657B, 0x657B, 0x657B, 0x657B, 0x65BC, 0x657B, 0x657B, 0x655B, 0x659C,
    0x6DBD, 0x657B, 0x657B, 0x659B, 0x659B, 0x657B, 0x657B, 0x657B, 0x5D19, 0x657B, 0x659B, 0x657B,
    0x657B, 0x5CD8, 0x659B, 0x6DBB, 0x21A8, 0x0000, 0x0020, 0x0000, 0x0000, 0x0000, 0x0000, 0x0000,
    0x0000, 0x0000, 0x0000, 0x0000, 0x0000, 0x0000, 0x0000, 0x0000, 0x0000, 0x0000, 0x0000, 0x0000,
    0x0000, 0x0000, 0x0020, 0x0000, 0x4350, 0x6DFD, 0x5496, 0x5D39, 0x65BC, 0x657B, 0x655B, 0x553A,
    0x4CB9, 0x54B7, 0x5D39, 0x6519, 0x0020, 0x0000, 0x0000, 0x0000, 0x0000, 0x0000, 0x0000, 0x0000,
    0x0000, 0x0000, 0x0000, 0x0000, 0x0000, 0x0000, 0x0000, 0x0000, 0x0000, 0x0000, 0x0000, 0x0000,
    0x0800, 0x534F, 0x4C34, 0x4C96, 0x8208, 0xD162, 0x99E6, 0x3B50, 0x5C76, 0x653A, 0x657B, 0x657B,
    0x657A, 0x655A, 0x64F8, 0x5434, 0x432F, 0x21E9, 0x2167, 0x32AD, 0x2167, 0x2187, 0x4BD2, 0x4330,
    0x4BB2, 0x3ACD, 0x1925, 0x0000, 0x0000, 0x0000, 0x0000, 0x0000, 0x0000, 0x0000, 0x0000, 0x0000,
    0x0000, 0x0000, 0x0000, 0x0000, 0x0000, 0x0000, 0x88E3, 0xABA3, 0xFFC2, 0xAB83, 0x78C2, 0x0000,
    0x0000, 0x0000, 0x0000, 0x0000, 0x69A9, 0x6188, 0x0000, 0x920C, 0xC2B1, 0x7102, 0xA983, 0x8A23,
    0x91E3, 0x8122, 0x0000, 0x0020, 0x0000, 0x0000, 0x0021, 0x1062, 0x1062, 0x38C5, 0x89EC, 0xC290,
    0xDAB1, 0xBA6F, 0xD2B1, 0xBA90, 0xCAB1, 0xDAD2, 0xDAD2, 0xDAD1, 0xDAD2, 0x9290, 0x5D5B, 0x661F,
    0x5519, 0x5D5A, 0x5D9B, 0x5539, 0x65FD, 0x4CD8, 0x65DD, 0x2ACE, 0x3B91, 0x663F, 0x65BC, 0x5D5A,
    0x553A, 0x65BD, 0x5DDD, 0x65DE, 0x65BC, 0x657B, 0x659C, 0x5CF8, 0x5CF8, 0x6DFE, 0x5DDD, 0x65DD,
    0x5DFD, 0x65DD, 0x65BC, 0x65DC, 0x5DDD, 0x5D7B, 0x5D7B, 0x5DFD, 0x5DDD, 0x5DDD, 0x5DDD, 0x65DD,
    0x5DDD, 0x65DD, 0x65DD, 0x65DD, 0x5DDD, 0x65DD, 0x65BC, 0x65DD, 0x5DDD, 0x5DDD, 0x65DD, 0x65BD,
    0x5DDD, 0x5DDD, 0x5DDD, 0x5DBD, 0x5DDD, 0x5DDD, 0x65DD, 0x5D7B, 0x555A, 0x65DD, 0x659B, 0x6DDD,
    0x5CB7, 0x655A, 0x659C, 0x657B, 0x657B, 0x659C, 0x657B, 0x5D39, 0x5434, 0x0020, 0x0000, 0x0000,
    0x0000, 0x0000, 0x0000, 0x0000, 0x0000, 0x0000, 0x0000, 0x0000, 0x0000, 0x0000, 0x0000, 0x0000,
    0x0000, 0x0000, 0x0000, 0x0000, 0x0000, 0x0000, 0x0000, 0x0000, 0x5496, 0x6DFE, 0x5CF8, 0x5475,
    0x5D19, 0x54B7, 0x5496, 0x6CB0, 0xA5E9, 0x7CEE, 0x657D, 0x324A, 0x0020, 0x0000, 0x0000, 0x0000,
    0x0000, 0x0000, 0x0000, 0x0000, 0x0000, 0x0000, 0x0000, 0x0000, 0x0000, 0x0000, 0x0000, 0x0000,
    0x0000, 0x0000, 0x0000, 0x0821, 0x0000, 0x2AAD, 0x5CD7, 0x4C33, 0x72CC, 0x72AB, 0x6455, 0x4BF2,
    0x5CD7, 0x5D7A, 0x54D7, 0x5495, 0x4C54, 0x3B0E, 0x21C9, 0x21A8, 0x2A2B, 0x43B2, 0x6D7B, 0x6DFD,
    0x5CB5, 0x6DFD, 0x5CD8, 0x434F, 0x326C, 0x0821, 0x0000, 0x0000, 0x0000, 0x0000, 0x0000, 0x0000,
    0x0000, 0x0000, 0x0000, 0x0000, 0x0000, 0x0000, 0x0000, 0x0000, 0x0000, 0x0000, 0x88E3, 0xABA3,
    0xFFC2, 0xAB83, 0x78C2, 0x0000, 0x0800, 0x0000, 0x0000, 0x0000, 0x0000, 0x5968, 0x79EA, 0x0000,
    0x79CB, 0x89C9, 0x6903, 0x4060, 0x50C2, 0x6946, 0x1041, 0x0000, 0x1841, 0x48A2, 0x48A2, 0x6124,
    0x38C3, 0x796A, 0xD2D1, 0xD2B1, 0xDAB1, 0xD2B1, 0x81A9, 0x91C8, 0x99A9, 0x99C8, 0x89C9, 0xA24E,
    0x7147, 0x71E8, 0x62CD, 0x6AAC, 0x6A8B, 0x62AC, 0x6A8B, 0x6A8B, 0x6A8B, 0x6229, 0x6ACC, 0x48C2,
    0x59C7, 0x52AB, 0x4C14, 0x4B70, 0x5A29, 0x624A, 0x72ED, 0x52AC, 0x5435, 0x65DC, 0x657B, 0x65BC,
    0x6DBC, 0x432F, 0x62AC, 0x62CC, 0x6ACD, 0x52AC, 0x54B6, 0x4B71, 0x5AAB, 0x62CD, 0x62AC, 0x62AC,
    0x62AC, 0x62AC, 0x62AC, 0x62AC, 0x62CC, 0x62CC, 0x62CD, 0x62CD, 0x62CC, 0x4B0E, 0x54D8, 0x4A8C,
    0x62CC, 0x62AC, 0x62AC, 0x62AC, 0x62AC, 0x62AC, 0x6AAC, 0x62AC, 0x62AC, 0x62AC, 0x6AAC, 0x51A7,
    0x51A6, 0x4AAD, 0x4C34, 0x43B2, 0x5CF9, 0x65BC, 0x657B, 0x657B, 0x657B, 0x657B, 0x657B, 0x5D5A,
    0x6DFD, 0x2A6B, 0x0000, 0x0000, 0x0000, 0x0000, 0x0000, 0x0000, 0x0000, 0x0000, 0x0000, 0x0000,
    0x0000, 0x0000, 0x0000, 0x0000, 0x0000, 0x0000, 0x0000, 0x0000, 0x0000, 0x0000, 0x0000, 0x0000,
    0x29E9, 0x6DBC, 0x655A, 0x4C13, 0x54B7, 0x5D39, 0x5519, 0xB5A6, 0xFEE1, 0x6D36, 0x4CB7, 0x0821,
    0x0020, 0x0000, 0x0000, 0x0000, 0x0000, 0x0000, 0x0000, 0x0000, 0x0000, 0x0000, 0x0000, 0x0000,
    0x0000, 0x0000, 0x0000, 0x0000, 0x0000, 0x0000, 0x0000, 0x0000, 0x2062, 0x59EB, 0x5CD8, 0x5D5A,
    0x54F9, 0x4C13, 0x5518, 0x657B, 0x5C96, 0x5454, 0x5435, 0x5CD7, 0x5496, 0x2A4A, 0x5434, 0x5CF7,
    0x5D19, 0x6DDD, 0x655A, 0x4BF2, 0x6D9C, 0x5414, 0x18E5, 0x0000, 0x0000, 0x0000, 0x0000, 0x0000,
    0x0000, 0x0000, 0x0000, 0x0000, 0x1062, 0x30A4, 0x0000, 0x0000, 0x0000, 0x0000, 0x0000, 0x0000,
    0x0000, 0x0000, 0x88E2, 0xABA3, 0xFFC2, 0xAB83, 0x80E3, 0x0000, 0x0000, 0x0000, 0x0000, 0x0000,
    0x0800, 0x0000, 0x4906, 0x922C, 0x1042, 0x71A9, 0xD2F3, 0x38C5, 0x0000, 0x8A0C, 0xA22D, 0x0000,
    0x60E2, 0xB1C4, 0x81C3, 0x89A3, 0xA162, 0x91AA, 0xDAF2, 0xD2B1, 0xDAD1, 0xC290, 0x7923, 0x9962,
    0x7182, 0x8962, 0x9163, 0x81CC, 0x9162, 0x9983, 0x9982, 0x9162, 0x9181, 0x9981, 0x9981, 0x9981,
    0x9981, 0x99A2, 0x9961, 0xA1E3, 0x91A3, 0xB100, 0x42EE, 0x7228, 0xA920, 0x89A2, 0x9162, 0x98E0,
    0x42CE, 0x65DC, 0x5CF9, 0x5D19, 0x5519, 0x5965, 0xB141, 0x8162, 0x8962, 0x98C0, 0x3B72, 0x6208,
    0xA100, 0x81A2, 0x89A2, 0x8982, 0x8982, 0x8982, 0x8961, 0x8961, 0x8961, 0x8941, 0x8961, 0x7961,
    0x9121, 0x7965, 0x33D3, 0x80E0, 0x9142, 0x8182, 0x8182, 0x8161, 0x8161, 0x8161, 0x8961, 0x8162,
    0x8962, 0x8982, 0x89A2, 0x79A3, 0xA962, 0x8184, 0x4CB7, 0x4C14, 0x5CF8, 0x659C, 0x657B, 0x657B,
    0x657B, 0x657B, 0x657B, 0x657B, 0x659C, 0x5D19, 0x0862, 0x0000, 0x0000, 0x0000, 0x0000, 0x0000,
    0x0000, 0x0000, 0x0000, 0x0000, 0x0000, 0x0000, 0x0000, 0x0000, 0x0000, 0x0000, 0x0000, 0x0000,
    0x0000, 0x0000, 0x0000, 0x0000, 0x0000, 0x5476, 0x6DBD, 0x657B, 0x657B, 0x6539, 0x5D9D, 0x8D6E,
    0x9D4B, 0x5D9D, 0x4350, 0x0000, 0x0020, 0x0000, 0x0000, 0x0000, 0x0000, 0x0000, 0x0000, 0x0000,
    0x0000, 0x0000, 0x0000, 0x0000, 0x0821, 0x1862, 0x0000, 0x0020, 0x0000, 0x0000, 0x1041, 0x5147,
    0xBA8F, 0xCA91, 0x5BF5, 0x5CB7, 0x8228, 0x6434, 0x5D5A, 0x6DBC, 0x657B, 0x5C55, 0x657B, 0x659C,
    0x65BD, 0x5D19, 0x6DDD, 0x5CD8, 0x657B, 0x5D18, 0x5496, 0x434F, 0x2209, 0x0000, 0x0000, 0x0000,
    0x0020, 0x0000, 0x0000, 0x0000, 0x0000, 0x0000, 0x0000, 0x0000, 0x2083, 0xAA8E, 0xA26E, 0x6989,
    0x2883, 0x0000, 0x0000, 0x0000, 0x0820, 0x0000, 0x8902, 0xABA3, 0xFFE2, 0xA382, 0x9104, 0xA26E,
    0x5106, 0x0000, 0x0000, 0x0800, 0x0000, 0x0000, 0x0000, 0x28A4, 0x8A0C, 0x28A3, 0x6969, 0xE333,
    0x5127, 0x0021, 0xBA8F, 0x79CA, 0x60C2, 0x81C3, 0xCEA3, 0xAD23, 0x8122, 0xA1EA, 0xDAF2, 0xD2B1,
    0xDAD1, 0xC2B1, 0x8944, 0x8202, 0xDF03, 0x8BA3, 0x9105, 0x9A0C, 0x8103, 0xACC3, 0xE702, 0xE703,
    0xE723, 0xE722, 0xEF22, 0xE722, 0xEF22, 0xE722, 0xEF23, 0xEF02, 0xA544, 0x9102, 0x530E, 0x7229,
    0x9222, 0xDF23, 0xAD04, 0x88E2, 0x42ED, 0x5D5A, 0x5D19, 0x655A, 0x557B, 0x61C8, 0x81A2, 0xCEC3,
    0xACC4, 0x88C1, 0x4BD2, 0x6229, 0x79C1, 0xD6A3, 0xF722, 0xEF43, 0xEF23, 0xEF23, 0xEF23, 0xE723,
    0xE723, 0xEF02, 0xE6E3, 0xDEC3, 0x8282, 0x7186, 0x4414, 0x78E2, 0x8303, 0xE703, 0xE6E2, 0xEF23,
    0xEF22, 0xEF22, 0xEF22, 0xEF22, 0xEF22, 0xEF42, 0xEF03, 0xCE83, 0x89E2, 0x89A6, 0x555B, 0x6DDD,
    0x659C, 0x657B, 0x657B, 0x657B, 0x657B, 0x657B, 0x657B, 0x657B, 0x655B, 0x6DFD, 0x3ACD, 0x0000,
    0x0021, 0x0000, 0x0000, 0x0000, 0x0000, 0x0000, 0x0000, 0x0000, 0x0000, 0x0000, 0x0000, 0x0000,
    0x0000, 0x0000, 0x0000, 0x0000, 0x0000, 0x0000, 0x0000, 0x0020, 0x0000, 0x3B30, 0x6DFD, 0x657B,
    0x657B, 0x5CF7, 0x6DFE, 0x5C94, 0x4BB1, 0x657B, 0x3B0F, 0x1082, 0x0020, 0x0000, 0x0000, 0x0000,
    0x0000, 0x0000, 0x0000, 0x0000, 0x0000, 0x0000, 0x0000, 0x0000, 0x1042, 0x71A9, 0x6988, 0x0000,
    0x0820, 0x5927, 0xA24D, 0x89EB, 0xBA8F, 0xDA90, 0x7B93, 0x5B4E, 0xC182, 0x53F3, 0x5CF8, 0x657B,
    0x659B, 0x655A, 0x54B6, 0x655A, 0x657A, 0x5476, 0x657B, 0x659B, 0x5CD7, 0x655A, 0x5455, 0x1925,
    0x5127, 0x81EB, 0x40E5, 0x1041, 0x0000, 0x0000, 0x0000, 0x0000, 0x0000, 0x0000, 0x0000, 0x0000,
    0x0000, 0x0000, 0x38C4, 0x79AA, 0xA24E, 0x920D, 0x6148, 0x2062, 0x0000, 0x0000, 0x8902, 0xABA3,
    0xFFE2, 0xABA2, 0x78C2, 0x4906, 0xBA8F, 0xA22D, 0x2883, 0x0000, 0x2061, 0x2841, 0x2841, 0x2020,
    0x4083, 0x8188, 0x2040, 0x7968, 0x99EA, 0x38A2, 0x48E4, 0xA24E, 0x8145, 0x9222, 0xF762, 0xD603,
    0x8923, 0x99EA, 0xDAF2, 0xD2B1, 0xDAD1, 0xC2B1, 0x8944, 0x8A42, 0xFFC3, 0xA402, 0x88E4, 0x59EA,
    0x8103, 0xC522, 0xFFA2, 0xACE3, 0xA423, 0xB443, 0xB443, 0xB443, 0xB423, 0xB443, 0x9403, 0xEEC2,
    0xCDE3, 0x90E1, 0x530D, 0x6A09, 0xA282, 0xFFC2, 0xCDA3, 0x88C1, 0x4B2F, 0x6DFE, 0x657B, 0x659B,
    0x5D9B, 0x61A7, 0x99A2, 0xF742, 0xCD63, 0x88C2, 0x4BD2, 0x6A09, 0x89C1, 0xF762, 0xC583, 0x9C23,
    0xB443, 0xB443, 0xB443, 0xB443, 0xB463, 0xA423, 0xB503, 0xFFA2, 0x92C2, 0x7166, 0x4434, 0x78C3,
    0x9B63, 0xFFC2, 0xBD43, 0x9C03, 0xB443, 0xAC23, 0xAC23, 0xAC23, 0xAC43, 0x9403, 0xD602, 0xF762,
    0x9A42, 0x8185, 0x553A, 0x659B, 0x657B, 0x659B, 0x657B, 0x657B, 0x657B, 0x657B, 0x657B, 0x657B,
    0x657B, 0x659C, 0x6539, 0x1083, 0x0000, 0x0000, 0x0000, 0x0000, 0x0000, 0x0000, 0x0000, 0x0000,
    0x0000, 0x0000, 0x0000, 0x0000, 0x0000, 0x0000, 0x0000, 0x0000, 0x0000, 0x0000, 0x0000, 0x0020,
    0x0000, 0x29E9, 0x6DDD, 0x659C, 0x5CF8, 0x1105, 0x4370, 0x5455, 0x10C4, 0x6DFD, 0x32CE, 0x328C,
    0x0020, 0x0000, 0x0000, 0x0000, 0x0000, 0x0000, 0x0000, 0x0000, 0x0000, 0x0000, 0x0000, 0x0000,
    0x0000, 0x0000, 0x1041, 0x6989, 0x920C, 0xAA4D, 0xDAF2, 0xD2B1, 0xDAD2, 0xDAB1, 0x9311, 0x7AAA,
    0xB205, 0x4C96, 0x5CB6, 0x655B, 0x659C, 0x6DFE, 0x659B, 0x5CB6, 0x5454, 0x5D39, 0x659C, 0x5CF8,
    0x6538, 0x3ACD, 0x0000, 0x0000, 0x4947, 0x89EC, 0xB28F, 0xBAB0, 0x9A2D, 0x6168, 0x2883, 0x0000,
    0x0000, 0x0000, 0x0000, 0x0000, 0x0000, 0x0000, 0x0000, 0x0000, 0x0000, 0x30C4, 0x71A9, 0x9A0C,
    0x8A0C, 0x4106, 0x88E2, 0xABA3, 0xFFE2, 0xAB82, 0x78C2, 0x0000, 0x0000, 0x6168, 0xB28F, 0x7987,
    0x9983, 0x8184, 0x8984, 0x89A4, 0x8183, 0x7963, 0x89A4, 0x7982, 0x7962, 0x7984, 0x9961, 0x91EA,
    0x9167, 0x9202, 0xEF22, 0xD5C3, 0x8923, 0x99EB, 0xDAD2, 0xD2B0, 0xDAD1, 0xC2B0, 0x8924, 0x8A42,
    0xFF83, 0xA3E3, 0x7904, 0x4371, 0x8923, 0xC502, 0xF763, 0x71C3, 0x90E3, 0x68E4, 0x68C3, 0x68C3,
    0x68E3, 0x80E3, 0x80C3, 0xC582, 0xCE03, 0x90E1, 0x532E, 0x6A09, 0xA261, 0xFFA2, 0xC5A3, 0x80C1,
    0x4B0F, 0x65DD, 0x655B, 0x657B, 0x5D7C, 0x61A7, 0x99C2, 0xEF23, 0xBD43, 0x88C1, 0x4BD2, 0x6209,
    0x81A1, 0xF783, 0x8322, 0x88A3, 0x70E3, 0x70C4, 0x68C3, 0x70C3, 0x68E3, 0x6883, 0x6A43, 0xFFE3,
    0x92C2, 0x7145, 0x3C34, 0x78C2, 0x9B23, 0xFFE2, 0x72E2, 0x8084, 0x70E3, 0x68E3, 0x68E4, 0x68E4,
    0x7903, 0x90A3, 0x9C42, 0xFFA3, 0x91E2, 0x8185, 0x555A, 0x659B, 0x657B, 0x655B, 0x657B, 0x657B,
    0x657B, 0x657B, 0x657B, 0x657B, 0x657B, 0x657B, 0x6DFD, 0x32CD, 0x0000, 0x0021, 0x0000, 0x0000,
    0x0000, 0x0000, 0x0000, 0x0000, 0x0000, 0x0000, 0x0000, 0x0000, 0x0000, 0x0000, 0x0000, 0x0000,
    0x0000, 0x0000, 0x0000, 0x0000, 0x0000, 0x10C4, 0x657A, 0x6DFD, 0x328C, 0x0000, 0x0021, 0x328C,
    0x0861, 0x5435, 0x43B1, 0x5455, 0x0020, 0x0000, 0x0000, 0x0000, 0x0000, 0x0000, 0x0000, 0x0000,
    0x0000, 0x0000, 0x0000, 0x0000, 0x0000, 0x2083, 0x9A2D, 0x9A0C, 0xC2B0, 0xBA6F, 0xDAB1, 0xD2B1,
    0xD2B1, 0xDAB1, 0xBAB1, 0x7ACC, 0xD1E4, 0x6433, 0x5D19, 0x6519, 0x657A, 0x4C34, 0x32AD, 0x3B0F,
    0x659C, 0x657B, 0x64F8, 0x5413, 0x1946, 0x0000, 0x0000, 0x0000, 0x0000, 0x0000, 0x0000, 0x2884,
    0x6168, 0x922D, 0xB2AF, 0xB26F, 0x81CB, 0x4906, 0x1842, 0x0000, 0x0000, 0x0000, 0x0000, 0x0821,
    0x0000, 0x0000, 0x0000, 0x0000, 0x38C5, 0x4927, 0x88E2, 0xABA3, 0xFFE2, 0xAB82, 0x78C2, 0x0000,
    0x0000, 0x0000, 0x1042, 0x60E4, 0x7A02, 0xD6C3, 0xEEE3, 0xE6E3, 0xE6E3, 0xEF03, 0xE6E3, 0xDE63,
    0xE6E3, 0xBDE4, 0x8142, 0xA20B, 0x8966, 0x9A22, 0xF742, 0xD5C3, 0x8922, 0xA20B, 0xEB13, 0xDAF2,
    0xE2F3, 0xCAD2, 0x8124, 0x8A42, 0xFF83, 0xA3E2, 0x7945, 0x4C13, 0x80E3, 0xC522, 0xF762, 0x9242,
    0x7965, 0x3B91, 0x5D18, 0x54B7, 0x4C76, 0x4B2F, 0x88E1, 0xD5C2, 0xCE04, 0x90E1, 0x5B4F, 0x6A09,
    0xA282, 0xFFA2, 0xC5A3, 0x80C1, 0x4B0F, 0x65DD, 0x657B, 0x657B, 0x5D9B, 0x61C7, 0xA1A2, 0xEF02,
    0xC583, 0x80C1, 0x4BD2, 0x6209, 0x81C1, 0xF762, 0x9BA2, 0x70C2, 0x4434, 0x5CF8, 0x5476, 0x54B7,
    0x4CD7, 0x4167, 0x7222, 0xD6E4, 0x8282, 0x7965, 0x3C14, 0x78E2, 0x9323, 0xFFE2, 0x9362, 0x6903,
    0x4C96, 0x54D7, 0x54B7, 0x5D39, 0x42EE, 0xA102, 0x9C04, 0xDEC3, 0x89C2, 0x91A6, 0x553A, 0x65BC,
    0x5D3A, 0x328C, 0x657B, 0x659B, 0x657B, 0x657B, 0x657B, 0x657B, 0x657B, 0x657B, 0x65BC, 0x54D7,
    0x0821, 0x0000, 0x0000, 0x0000, 0x0000, 0x0000, 0x0000, 0x0000, 0x0000, 0x0000, 0x0000, 0x0000,
    0x0000, 0x0000, 0x0000, 0x0000, 0x0000, 0x0000, 0x0000, 0x0000, 0x0000, 0x0020, 0x5CD7, 0x655B,
    0x2187, 0x18C4, 0x10A3, 0x5CB6, 0x1947, 0x21C9, 0x6DDD, 0x5D19, 0x0020, 0x0000, 0x0000, 0x0000,
    0x0000, 0x0000, 0x0000, 0x0000, 0x0020, 0x0000, 0x0000, 0x30C4, 0x6989, 0x9A2D, 0xD2B1, 0xC290,
    0xD2D1, 0xDAD2, 0xDAB2, 0xDAD2, 0xDAD2, 0xEB13, 0xB26F, 0x18A3, 0x89A4, 0x4924, 0x32EE, 0x3B0F,
    0x4B92, 0x2167, 0x4B91, 0x6DDD, 0x657A, 0x5C95, 0x3AAD, 0x0821, 0x0000, 0x0021, 0x0000, 0x0000,
    0x0000, 0x0000, 0x0000, 0x0000, 0x0000, 0x0000, 0x1041, 0x38E5, 0x71AA, 0xA24E, 0xB28F, 0x9A2D,
    0x6989, 0x30C4, 0x0821, 0x0000, 0x0000, 0x0000, 0x0800, 0x0000, 0x0000, 0x0000, 0x88E3, 0xB3A3,
    0xFFE2, 0xA382, 0x80E3, 0x28C4, 0x0820, 0x0000, 0x0000, 0x3841, 0x9204, 0xACE3, 0xBCE2, 0xB4E2,
    0xB4E2, 0xA462, 0xB523, 0xFF62, 0xEEE2, 0x8C44, 0x9162, 0xA20B, 0x8966, 0x9202, 0xF722, 0xCDE3,
    0x9163, 0x7987, 0xA22C, 0x9A0C, 0xA22C, 0x8A0C, 0x9143, 0x9A62, 0xFF82, 0xA3E2, 0x7945, 0x4C12,
    0x8103, 0xC522, 0xF783, 0x9242, 0x7964, 0x4C76, 0x5434, 0x42EE, 0x65DC, 0x4350, 0x88A1, 0xCDA3,
    0xCDE3, 0x9102, 0x528B, 0x6966, 0xA2A2, 0xFFA2, 0xCDA3, 0x80C1, 0x4B0F, 0x65DD, 0x657B, 0x657B,
    0x5D9B, 0x61C7, 0xA1C2, 0xEF02, 0xC583, 0x88C2, 0x4BB2, 0x6209, 0x81A1, 0xEF62, 0x9B82, 0x80C2,
    0x4413, 0x661F, 0x6DFE, 0x6D9C, 0x6DDD, 0x41C8, 0x58C1, 0x48E2, 0x68E1, 0x6165, 0x3C14, 0x78C2,
    0x9303, 0xFFC2, 0x8B02, 0x70C3, 0x4CB6, 0x6E3F, 0x6DBC, 0x6E1E, 0x42EF, 0x70A0, 0x5902, 0x4102,
    0x70C1, 0x6165, 0x555A, 0x659C, 0x657B, 0x5D3A, 0x657B, 0x657B, 0x657B, 0x657B, 0x657B, 0x657B,
    0x657B, 0x657B, 0x657B, 0x6DDD, 0x21E9, 0x0000, 0x0000, 0x0000, 0x0000, 0x0000, 0x0000, 0x0000,
    0x0000, 0x0000, 0x0000, 0x0000, 0x0000, 0x0000, 0x0000, 0x0000, 0x0000, 0x0000, 0x0000, 0x0000,
    0x0000, 0x0000, 0x4391, 0x659C, 0x5455, 0x328D, 0x4C55, 0x767F, 0x3ACD, 0x0821, 0x6D9B, 0x4C55,
    0x0020, 0x0000, 0x0000, 0x0000, 0x0000, 0x0000, 0x0000, 0x0000, 0x0000, 0x2062, 0x91EC, 0xDAF2,
    0xD2B1, 0xC290, 0xD2D1, 0xE2F2, 0xDAD2, 0xCAB0, 0xC2B0, 0xBA8F, 0xB26E, 0x81CB, 0x38E5, 0x0000,
    0x08C3, 0x0000, 0x1062, 0x5CD8, 0x6D9C, 0x655A, 0x6DFD, 0x6539, 0x4370, 0x08C4, 0x0000, 0x0841,
    0x0000, 0x0000, 0x0000, 0x0000, 0x0000, 0x0000, 0x0000, 0x0000, 0x0000, 0x0000, 0x0000, 0x0000,
    0x0000, 0x0000, 0x2062, 0x5127, 0x89EB, 0xAA6E, 0xAA6F, 0x89EC, 0x5127, 0x2083, 0x0000, 0x0000,
    0x0000, 0x0000, 0x88E3, 0xB3A3, 0xFFE2, 0xA382, 0x78E3, 0x6989, 0x81EB, 0x6168, 0x28A4, 0x2861,
    0x8942, 0x70E3, 0x7903, 0x7903, 0x7903, 0x9103, 0x6983, 0xF763, 0xB4E2, 0x78C3, 0x9962, 0x89CA,
    0x9167, 0x9202, 0xF722, 0xCDC3, 0x70E3, 0x9122, 0x8102, 0x8102, 0x80E2, 0x7902, 0x9903, 0x71E2,
    0xFFA3, 0xA3E2, 0x7945, 0x4BF2, 0x8103, 0xC502, 0xF782, 0x9243, 0x7924, 0x4C55, 0x32AD, 0x2A8C,
    0x530D, 0x9164, 0x78C3, 0xC5A2, 0xD643, 0x88E2, 0x41C7, 0x6986, 0xA2A2, 0xFFA2, 0xC5A3, 0x80E1,
    0x4B0F, 0x65DD, 0x657B, 0x657B, 0x5D7B, 0x61C7, 0xA1C2, 0xEF22, 0xC563, 0x80C2, 0x4BD2, 0x6209,
    0x81C0, 0xFFA3, 0x93E2, 0x78A3, 0x9943, 0x626A, 0x4C34, 0x5D9B, 0x6DDD, 0x5497, 0x4BF3, 0x5414,
    0x4BF4, 0x5496, 0x5496, 0x78C3, 0x8B43, 0xFFE3, 0x9C63, 0x60C2, 0x58C3, 0x52AD, 0x54D7, 0x65FD,
    0x5CF9, 0x43D3, 0x4BF4, 0x4BD3, 0x4BF3, 0x32AD, 0x6519, 0x65BC, 0x657B, 0x659B, 0x657B, 0x657B,
    0x657B, 0x657B, 0x657B, 0x657B, 0x657B, 0x657B, 0x657B, 0x6DDD, 0x4BF3, 0x0000, 0x0000, 0x0000,
    0x0000, 0x0000, 0x0000, 0x0000, 0x0000, 0x0000, 0x0000, 0x0000, 0x0000, 0x0000, 0x0000, 0x0000,
    0x0000, 0x0000, 0x0000, 0x0000, 0x0020, 0x0000, 0x2A4B, 0x765F, 0x6DBC, 0x6519, 0x6DDC, 0x328C,
    0x0882, 0x0000, 0x4BF3, 0x6DDD, 0x0020, 0x0000, 0x0000, 0x0000, 0x0000, 0x0000, 0x0000, 0x0820,
    0x6968, 0xCAB1, 0xE2F2, 0xD2B1, 0xD2B1, 0xE2F2, 0xD2D1, 0xA22D, 0x5947, 0x38E4, 0x1862, 0x0821,
    0x0800, 0x0000, 0x0000, 0x0841, 0x1082, 0x0000, 0x0842, 0x5434, 0x657B, 0x6DFD, 0x5CF8, 0x2A09,
    0x1862, 0x5927, 0x4105, 0x2082, 0x0000, 0x0000, 0x0000, 0x0000, 0x0000, 0x0000, 0x0000, 0x0000,
    0x0000, 0x0000, 0x0000, 0x0000, 0x0000, 0x0000, 0x0000, 0x0000, 0x0000, 0x0000, 0x28A3, 0x6148,
    0x920C, 0xAA6F, 0xA24E, 0x71AA, 0x40E5, 0x1041, 0x88E3, 0xAB83, 0xFFE2, 0xA3A2, 0x78C2, 0x0000,
    0x1041, 0x4105, 0x6989, 0x71A9, 0x5147, 0x28A3, 0x0820, 0x0000, 0x0020, 0x70E2, 0x9A43, 0xF763,
    0xBD22, 0x9102, 0x81A9, 0xBAB1, 0x8966, 0x9202, 0xE6C2, 0xF6C2, 0xACE3, 0xBD03, 0xBD42, 0xC542,
    0xBD02, 0xB503, 0xACE2, 0xB543, 0xFF82, 0xA3C3, 0x7945, 0x4BF2, 0x8103, 0xC522, 0xF782, 0x9A63,
    0x7103, 0x33D3, 0x538F, 0x81C5, 0x98E2, 0x9222, 0xBD83, 0xEF83, 0x8C23, 0xA963, 0x28A1, 0x58C3,
    0xA2A3, 0xFF82, 0xC5A3, 0x80C1, 0x4B0F, 0x65DD, 0x657B, 0x657B, 0x5D9B, 0x61C7, 0xA1C2, 0xEF02,
    0xCD83, 0x88C1, 0x4BD2, 0x61E8, 0x8941, 0xB5A4, 0xEF83, 0xB543, 0x8A43, 0x90E1, 0x9102, 0x6248,
    0x4C13, 0x5DDD, 0x6E1F, 0x6DDD, 0x65BC, 0x6DFE, 0x4C55, 0x80C1, 0x9A23, 0xB564, 0xF7A2, 0xDE83,
    0x9363, 0x68E1, 0x60C4, 0x52AC, 0x5D18, 0x6E3F, 0x6E1E, 0x6DBD, 0x6DDC, 0x5CB7, 0x655A, 0x659C,
    0x6D9C, 0x657B, 0x657B, 0x657B, 0x657B, 0x657B, 0x657B, 0x657B, 0x657B, 0x657B, 0x659B, 0x659B,
    0x655B, 0x10C4, 0x0000, 0x0000, 0x0000, 0x0000, 0x0000, 0x0000, 0x0000, 0x0000, 0x0000, 0x0000,
    0x0000, 0x0000, 0x0000, 0x0000, 0x0000, 0x0000, 0x0000, 0x0000, 0x0000, 0x0000, 0x10C4, 0x3ACD,
    0x1906, 0x0000, 0x326B, 0x0882, 0x0000, 0x0000, 0x2A2B, 0x6DFD, 0x0020, 0x0000, 0x0000, 0x0000,
    0x0000, 0x0020, 0x4906, 0xAA4E, 0xE2F2, 0xD2B1, 0xD2B1, 0xE2F2, 0xD2B1, 0x89EC, 0x30A4, 0x0000,
    0x0000, 0x0000, 0x0000, 0x0000, 0x0000, 0x0020, 0x0000, 0x0841, 0x1082, 0x0841, 0x328C, 0x657B,
    0x6DFD, 0x4B91, 0x18E5, 0x0000, 0x2083, 0x6989, 0x81EB, 0x8A0C, 0x8A0C, 0x81CA, 0x6168, 0x40E5,
    0x2083, 0x0821, 0x0000, 0x0000, 0x0000, 0x0000, 0x0000, 0x0000, 0x0000, 0x0000, 0x0000, 0x0000,
    0x0000, 0x0000, 0x0000, 0x0000, 0x0000, 0x1021, 0x38C5, 0x7189, 0xA24D, 0x79EB, 0x88E2, 0xAB83,
    0xFFE2, 0xA3A2, 0x70C2, 0x0000, 0x0000, 0x0000, 0x0000, 0x1041, 0x38E5, 0x5968, 0x5968, 0x4926,
    0x1883, 0x60C2, 0x9223, 0xF743, 0xBD22, 0x80E1, 0xB24D, 0xDB13, 0x8145, 0x89C3, 0xE703, 0xFFA2,
    0xFFC2, 0xFFC2, 0xFFC2, 0xFF62, 0xFF82, 0xFFE2, 0xFFE2, 0xFFA2, 0xFFE3, 0x9C03, 0x7945, 0x4C13,
    0x8103, 0xC502, 0xF782, 0x9A83, 0x8923, 0x5944, 0x9902, 0x89C2, 0xA4A4, 0xEF83, 0xC603, 0x92A3,
    0xA964, 0x8963, 0x0800, 0x58A1, 0xA2A3, 0xFF82, 0xC5A3, 0x78C1, 0x4B0F, 0x65DD, 0x657B, 0x657B,
    0x5D9B, 0x69E8, 0xA1C2, 0xEF02, 0xCDA3, 0x80C1, 0x53D3, 0x53B1, 0x8144, 0x8102, 0x92E2, 0xCE03,
    0xE763, 0xB583, 0x8AA3, 0x90E2, 0x90E2, 0x6A08, 0x43D2, 0x5D5B, 0x65DD, 0x659B, 0x5D3A, 0x4AAB,
    0x8943, 0x98E1, 0x92A3, 0xBD83, 0xF7A3, 0xDEC4, 0x9BA3, 0x7101, 0x60C3, 0x5AAC, 0x54D7, 0x5DBC,
    0x659C, 0x659B, 0x65BC, 0x5D19, 0x43B2, 0x659B, 0x657B, 0x657B, 0x657B, 0x657B, 0x657B, 0x657B,
    0x657B, 0x657B, 0x657B, 0x657B, 0x6D9C, 0x2A2A, 0x0000, 0x0000, 0x0000, 0x0000, 0x0000, 0x0000,
    0x0000, 0x0000, 0x0000, 0x0000, 0x0000, 0x0000, 0x0000, 0x0000, 0x0000, 0x0000, 0x0000, 0x0000,
    0x0000, 0x0000, 0x0000, 0x0000, 0x0000, 0x0000, 0x10A4, 0x10C3, 0x0000, 0x0000, 0x10C4, 0x655A,
    0x0820, 0x0000, 0x0000, 0x0000, 0x4906, 0xAA6E, 0xE2F2, 0xDAD2, 0xDAB1, 0xE2F2, 0xCAB1, 0x79AA,
    0x2083, 0x0000, 0x0000, 0x0000, 0x0000, 0x0000, 0x0000, 0x0000, 0x0000, 0x0000, 0x0000, 0x0842,
    0x3B2F, 0x6539, 0x761E, 0x655A, 0x328C, 0x0000, 0x0000, 0x0000, 0x0000, 0x0000, 0x0000, 0x0000,
    0x1842, 0x30C4, 0x5147, 0x71A9, 0x81EB, 0x81EB, 0x79AA, 0x6168, 0x40E5, 0x2083, 0x0821, 0x0000,
    0x0000, 0x0000, 0x0000, 0x0000, 0x0000, 0x0000, 0x0800, 0x0820, 0x0000, 0x0000, 0x0000, 0x0000,
    0x0000, 0x0821, 0x8902, 0xAB83, 0xFFE2, 0x9BA2, 0x80E3, 0x38E5, 0x1862, 0x0000, 0x0000, 0x0000,
    0x0000, 0x0000, 0x1021, 0x38C4, 0x4947, 0x70C2, 0x9203, 0xF763, 0xBD42, 0x80E2, 0xAA2D, 0xD2D2,
    0x8145, 0x9162, 0x7AC2, 0x8B22, 0x8B02, 0x82E2, 0x9C23, 0xFF62, 0xD622, 0x7AE2, 0x9B22, 0x9301,
    0x9342, 0x81C1, 0x9184, 0x43B2, 0x88E2, 0xC502, 0xFF62, 0x9243, 0xC143, 0x8963, 0xA423, 0xE703,
    0xFFA2, 0x8BA3, 0x9944, 0xA143, 0x40A1, 0x0000, 0x0000, 0x58A2, 0xA283, 0xFF62, 0xC5C3, 0x80C1,
    0x4B0F, 0x65DD, 0x655A, 0x657B, 0x5D7B, 0x69E8, 0xA1C2, 0xEF03, 0xCDA3, 0x80C1, 0x5391, 0x6E1E,
    0x54F8, 0x5B0E, 0x7124, 0x78A1, 0x9282, 0xC5A3, 0xE763, 0xBDE4, 0x8AC3, 0x88E2, 0x90C2, 0x69C7,
    0x4B91, 0x5D5A, 0x659B, 0x65BD, 0x4CB7, 0x5AAC, 0x8103, 0x90C1, 0x9243, 0xB543, 0xEF83, 0xDEE3,
    0x9BC3, 0x6901, 0x60C3, 0x524A, 0x54D7, 0x65DC, 0x659B, 0x657B, 0x43B2, 0x5CD7, 0x659C, 0x657B,
    0x657B, 0x657B, 0x657B, 0x659C, 0x659B, 0x657B, 0x657B, 0x657B, 0x657B, 0x4C14, 0x0000, 0x0021,
    0x0000, 0x0000, 0x0000, 0x0001, 0x59EA, 0x3229, 0x08E4, 0x0000, 0x0000, 0x0000, 0x0021, 0x0000,
    0x0000, 0x0000, 0x0000, 0x0000, 0x0000, 0x0000, 0x0000, 0x0020, 0x0000, 0x0000, 0x0862, 0x0862,
    0x0000, 0x0000, 0x0000, 0x4BF3, 0x0000, 0x0000, 0x40E5, 0xAA6E, 0xE2F2, 0xDAD2, 0xD2B1, 0xE2F2,
    0xC290, 0x6969, 0x1862, 0x0000, 0x0000, 0x0000, 0x0000, 0x0000, 0x0000, 0x0000, 0x0000, 0x0000,
    0x0000, 0x0000, 0x0000, 0x1905, 0x6518, 0x4371, 0x21C8, 0x0882, 0x0000, 0x0000, 0x0000, 0x0000,
    0x0000, 0x0000, 0x0000, 0x0000, 0x0000, 0x0000, 0x0000, 0x0000, 0x0000, 0x1021, 0x2883, 0x48E6,
    0x6168, 0x71AA, 0x79CA, 0x71A9, 0x6148, 0x40E5, 0x2883, 0x1021, 0x0000, 0x0000, 0x0000, 0x0000,
    0x0000, 0x0000, 0x0000, 0x0800, 0x0800, 0x0000, 0x8902, 0xAB84, 0xFFE2, 0xA3A2, 0x78E3, 0x71CA,
    0x9A2D, 0x922D, 0x6969, 0x30C4, 0x1041, 0x0800, 0x0020, 0x1041, 0x4907, 0x68E3, 0x8A03, 0xF743,
    0xBD22, 0x8102, 0xBA6E, 0xE313, 0x7968, 0x8166, 0x7906, 0x7906, 0x68E5, 0x90C3, 0x9263, 0xFF82,
    0xC5A2, 0x80E3, 0x78E4, 0x7906, 0x6146, 0x6186, 0x5A6B, 0x4370, 0x80E2, 0xC502, 0xFFA2, 0x6A43,
    0x8AE3, 0xDEE3, 0xE703, 0xC5A2, 0xFF82, 0x8B63, 0xC984, 0x30A1, 0x0000, 0x0820, 0x0000, 0x5882,
    0x9A83, 0xFF62, 0xC5C3, 0x78C1, 0x5350, 0x6E3F, 0x65DD, 0x6DDD, 0x5DDD, 0x61E8, 0xA1A2, 0xEEE3,
    0xCDC3, 0x80C2, 0x53D2, 0x6E1E, 0x6DDD, 0x661E, 0x557B, 0x5B90, 0x6986, 0x78E3, 0x8A63, 0xB543,
    0xE763, 0xC623, 0x8B23, 0x8922, 0x98E1, 0x51C7, 0x5D9B, 0x6DBC, 0x6DFD, 0x661E, 0x5519, 0x5B0E,
    0x8145, 0x9103, 0x8A23, 0xACE3, 0xEF83, 0xDEE3, 0x93C3, 0x7142, 0x7103, 0x52CD, 0x5D7B, 0x659B,
    0x65BC, 0x659B, 0x657B, 0x657B, 0x657B, 0x657B, 0x659B, 0x653A, 0x5D3A, 0x659B, 0x657B, 0x657B,
    0x659C, 0x6D7B, 0x10E4, 0x0000, 0x0000, 0x0841, 0x3181, 0x7B05, 0xD2D1, 0xC2D2, 0x7310, 0x4ACE,
    0x1987, 0x0041, 0x0000, 0x0000, 0x0000, 0x0000, 0x0000, 0x0000, 0x0000, 0x0000, 0x0000, 0x0000,
    0x0000, 0x0000, 0x0000, 0x0000, 0x0000, 0x0020, 0x0000, 0x2A2A, 0x28A4, 0x91EC, 0xDAF2, 0xDAD2,
    0xD2B1, 0xE2F2, 0xC2B0, 0x6989, 0x1041, 0x0000, 0x0000, 0x0800, 0x0000, 0x0000, 0x0000, 0x0000,
    0x0000, 0x0000, 0x0000, 0x0000, 0x0000, 0x0040, 0x0880, 0x08A1, 0x0861, 0x0000, 0x0000, 0x0000,
    0x0020, 0x0000, 0x0000, 0x0000, 0x0000, 0x0000, 0x0000, 0x0000, 0x0000, 0x0000, 0x0020, 0x0000,
    0x0000, 0x0000, 0x0000, 0x0000, 0x0000, 0x0000, 0x0820, 0x1862, 0x38C4, 0x5127, 0x6989, 0x71A9,
    0x6989, 0x5967, 0x4906, 0x28A4, 0x1041, 0x0000, 0x0000, 0x0000, 0x0000, 0x0000, 0x8903, 0xAB83,
    0xFFE2, 0xA3C3, 0x78C2, 0x0000, 0x1041, 0x40E5, 0x79A9, 0x9A0C, 0x71A9, 0x38E4, 0x1041, 0x2883,
    0x6168, 0x7103, 0x8A03, 0xF743, 0xBD22, 0x8902, 0x89C9, 0xA22D, 0x9A0D, 0x920C, 0x9A2C, 0xA24D,
    0x79EB, 0x78E2, 0xAAC3, 0xFF82, 0xCDC3, 0x8142, 0x6167, 0x920C, 0x52AD, 0x3B2F, 0x4BD2, 0x3A29,
    0x80E2, 0xC522, 0xFF82, 0xEEE3, 0xEF83, 0xB504, 0x89C3, 0x7924, 0xD663, 0xE6E2, 0x91C3, 0xA163,
    0x0821, 0x1020, 0x0000, 0x60A2, 0x9A63, 0xFF62, 0xCDA2, 0x80E2, 0x422A, 0x4C14, 0x430F, 0x4BF3,
    0x3BF3, 0x69A6, 0xA1C2, 0xEEE2, 0xCDC3, 0x8102, 0x4AAC, 0x4C55, 0x5435, 0x5C54, 0x6476, 0x5CB7,
    0x4C34, 0x39E8, 0x5881, 0x8903, 0x7A03, 0xAD03, 0xEF43, 0xBE03, 0x8203, 0x8144, 0x43D3, 0x5475,
    0x5C55, 0x5C55, 0x6496, 0x54B6, 0x3BB1, 0x3145, 0x78C2, 0xA963, 0x79E2, 0xA4A3, 0xF763, 0xCE63,
    0x89E3, 0x8944, 0x5519, 0x659C, 0x657B, 0x657B, 0x657B, 0x657B, 0x657B, 0x657B, 0x6DBC, 0x5496,
    0x5476, 0x65BC, 0x657B, 0x657B, 0x657B, 0x657B, 0x5495, 0x3B10, 0x5AE7, 0xD642, 0xFF43, 0xFFC1,
    0xD644, 0xB30C, 0xCA70, 0xCAF2, 0x9332, 0x5330, 0x326B, 0x1905, 0x0000, 0x0000, 0x0000, 0x0020,
    0x0000, 0x0000, 0x0000, 0x0000, 0x0000, 0x0000, 0x0000, 0x0000, 0x0000, 0x0000, 0x0000, 0x0862,
    0xD2D1, 0xE2F2, 0xD2B1, 0xDAD2, 0xD2D1, 0x81CB, 0x1062, 0x0000, 0x0000, 0x0000, 0x0000, 0x0000,
    0x0000, 0x0000, 0x0000, 0x0000, 0x0000, 0x0841, 0x1141, 0x2241, 0x2AE2, 0x2B42, 0x2B61, 0x3361,
    0x2B22, 0x2AE2, 0x2222, 0x10E2, 0x0000, 0x0000, 0x0000, 0x0000, 0x0000, 0x0000, 0x0000, 0x0000,
    0x0000, 0x0000, 0x0000, 0x0000, 0x0000, 0x0000, 0x0000, 0x0000, 0x0000, 0x0000, 0x0000, 0x0000,
    0x0000, 0x0000, 0x0000, 0x0000, 0x1041, 0x30A4, 0x4906, 0x6168, 0x6989, 0x6989, 0x5967, 0x4906,
    0x30C4, 0x1042, 0x88E2, 0xAB84, 0xFFE2, 0x93A2, 0xB943, 0xC1C3, 0xB1A3, 0xA982, 0xA961, 0xA962,
    0xB982, 0xB9A3, 0xB9A3, 0xB9C3, 0xB1A2, 0xC9A3, 0x81E3, 0xF763, 0xB522, 0xA943, 0xC1A2, 0xB182,
    0xB182, 0xB182, 0xB182, 0xB182, 0xB182, 0xC983, 0x9AA3, 0xFF82, 0xC5C2, 0x9963, 0xC1C3, 0xB182,
    0xB982, 0xB982, 0xB161, 0xB9A2, 0xB143, 0xB4E2, 0xFFA2, 0xC5A3, 0x8A63, 0xA923, 0xE1E3, 0xD183,
    0x82E3, 0xFFE3, 0x9C43, 0xA943, 0xC9E4, 0xB9A3, 0xB1C2, 0xC9A3, 0x8A42, 0xFF62, 0xC5A2, 0x9963,
    0xB982, 0xA941, 0xA941, 0xA961, 0xA941, 0xD1A3, 0xA1E3, 0xEEE2, 0xC5A3, 0xA163, 0xB9A2, 0xA941,
    0x7902, 0x6902, 0x7102, 0xA962, 0xB182, 0xB1A3, 0xA182, 0xD1E3, 0xD9C3, 0x80A3, 0x8383, 0xFFE2,
    0x9323, 0xB943, 0xB182, 0xB162, 0x8103, 0x7902, 0x8102, 0xB161, 0xB1A3, 0xA984, 0xA182, 0xDA03,
    0xE1C3, 0x88A3, 0x9422, 0xFFC2, 0x8A62, 0x8965, 0x5519, 0x659C, 0x657B, 0x657B, 0x657B, 0x657B,
    0x657B, 0x657B, 0x657B, 0x659C, 0x659C, 0x657B, 0x657B, 0x657B, 0x657B, 0x659B, 0x5D19, 0x6DDD,
    0x659A, 0xA5AA, 0xF6A2, 0xDDA7, 0xCC8C, 0xC30F, 0xD2B1, 0xDAB1, 0xDA91, 0xAA4E, 0x41C9, 0x2A8B,
    0x3ACD, 0x21C8, 0x0862, 0x0000, 0x0000, 0x0000, 0x0000, 0x0000, 0x0000, 0x0000, 0x0000, 0x0000,
    0x0000, 0x0000, 0x0000, 0x0000, 0xD2B1, 0xDAB1, 0xE2F2, 0xAA4D, 0x30A4, 0x0000, 0x0000, 0x0000,
    0x0000, 0x0000, 0x0000, 0x0000, 0x0000, 0x0000, 0x0000, 0x0021, 0x19C1, 0x3322, 0x33A1, 0x33C2,
    0x33A1, 0x3381, 0x3381, 0x3381, 0x2BA1, 0x33A1, 0x33C1, 0x33A2, 0x2AA2, 0x1101, 0x0000, 0x0000,
    0x0000, 0x0000, 0x0000, 0x0000, 0x0000, 0x0000, 0x0000, 0x0000, 0x0000, 0x0000, 0x0000, 0x0000,
    0x0000, 0x0000, 0x0000, 0x0000, 0x0000, 0x0000, 0x0000, 0x0000, 0x0000, 0x0000, 0x0000, 0x0000,
    0x0000, 0x1021, 0x2083, 0x38E5, 0x5968, 0x4926, 0x88E2, 0xAB43, 0xFFE2, 0x93A2, 0xC963, 0xEA23,
    0xEA03, 0xEA03, 0xEA03, 0xEA03, 0xEA03, 0xE1E3, 0xE9E3, 0xE9E3, 0xE203, 0xE9E3, 0x81E3, 0xFF43,
    0xB522, 0xA942, 0xEA03, 0xD9E3, 0xD9E3, 0xD9E3, 0xD9E3, 0xD9E3, 0xDA03, 0xD9A3, 0x9AA3, 0xFF82,
    0xC5C2, 0xA142, 0xEA03, 0xD9E3, 0xD9E3, 0xD9E3, 0xD9E3, 0xE203, 0xB142, 0xB4E2, 0xFF83, 0x71E3,
    0xD163, 0xDA03, 0xD1C3, 0xE1E3, 0x9143, 0xBD63, 0xF763, 0x7A23, 0xE1C3, 0xD9E3, 0xD9E3, 0xD9A3,
    0x8222, 0xFF62, 0xC5A2, 0xA143, 0xF203, 0xE203, 0xEA03, 0xEA03, 0xE203, 0xE9E2, 0xA1C3, 0xE6C2,
    0xCDC3, 0xA163, 0xEA23, 0xD183, 0x82C3, 0xD6C3, 0x83C3, 0xB963, 0xF223, 0xE1E3, 0xEA03, 0xE1E2,
    0xE203, 0xD183, 0x8B62, 0xFFE2, 0x9323, 0xC963, 0xEA23, 0xC183, 0x7B23, 0xD6A4, 0x7AA3, 0xD9A3,
    0xEA03, 0xEA03, 0xEA03, 0xE1E3, 0xEA23, 0xC963, 0x9C22, 0xFFA2, 0x8A42, 0x8964, 0x5519, 0x6D9C,
    0x657B, 0x659B, 0x659B, 0x659C, 0x65BC, 0x657B, 0x657B, 0x657B, 0x657B, 0x657B, 0x657B, 0x657B,
    0x657B, 0x659C, 0x5D19, 0x655A, 0x657C, 0x5D5B, 0x7BF1, 0xAA70, 0xCA31, 0xE291, 0xDAB1, 0xDAD1,
    0xD2D1, 0xD2B1, 0x818A, 0x1000, 0x0882, 0x2A0A, 0x430F, 0x324A, 0x0882, 0x0000, 0x0000, 0x0000,
    0x0000, 0x0000, 0x0000, 0x0000, 0x0000, 0x0000, 0x0000, 0x0000, 0xE2F3, 0xBA8F, 0x4906, 0x0000,
    0x0000, 0x0000, 0x0000, 0x0000, 0x0000, 0x0000, 0x0000, 0x0000, 0x0000, 0x0000, 0x10E1, 0x2B02,
    0x33C1, 0x3381, 0x2B61, 0x2B61, 0x3361, 0x3361, 0x2B81, 0x3381, 0x3381, 0x2B81, 0x2B61, 0x3361,
    0x33A1, 0x33A2, 0x2242, 0x0041, 0x0000, 0x0000, 0x0000, 0x0000, 0x0000, 0x0000, 0x0000, 0x0000,
    0x0000, 0x0000, 0x0000, 0x0000, 0x0000, 0x0000, 0x0000, 0x0000, 0x0000, 0x0000, 0x0000, 0x0000,
    0x0000, 0x0000, 0x0000, 0x0000, 0x0000, 0x0000, 0x0000, 0x0000, 0x0000, 0x0000, 0x8903, 0xA324,
    0xFFC2, 0x93E2, 0x88E3, 0xA163, 0x9963, 0x9963, 0x9943, 0x9943, 0x9943, 0x9943, 0x9963, 0x9963,
    0x9963, 0x9943, 0x69E4, 0xFF63, 0xB502, 0xA143, 0xE203, 0xD1C3, 0xD1C3, 0xD1C3, 0xD1E3, 0xD1E3,
    0xD1E3, 0xD1A3, 0x9AA3, 0xFF82, 0xC582, 0x9963, 0xE1E3, 0xD1C3, 0xD1C3, 0xD1E3, 0xD1E3, 0xDA03,
    0xB143, 0xB4C2, 0xF763, 0x8223, 0xD9A3, 0xD1E3, 0xD1E3, 0xD9E3, 0xD1A3, 0x7A43, 0xFFA3, 0xB523,
    0x9923, 0xDA03, 0xD1E2, 0xD9A3, 0x8223, 0xFF43, 0xC5A2, 0x7123, 0xA9A3, 0x9983, 0xA183, 0x9982,
    0x9983, 0xA183, 0x7143, 0xE6A3, 0xCDC2, 0xA163, 0xE203, 0xC162, 0x9363, 0xFFE2, 0xACC3, 0x7103,
    0xA1A3, 0x9983, 0x9963, 0x9963, 0xA183, 0x80E3, 0x8B82, 0xFFE2, 0x9343, 0xC963, 0xDA23, 0xB142,
    0x93C2, 0xFFE2, 0x8B83, 0x8923, 0xA183, 0x9963, 0xA163, 0x9963, 0xA183, 0x78C3, 0x9423, 0xFF83,
    0x8A42, 0x8965, 0x5519, 0x659C, 0x6DBC, 0x4C35, 0x5D18, 0x5D5A, 0x5CB7, 0x659C, 0x657B, 0x657B,
    0x657B, 0x657B, 0x657B, 0x657B, 0x657B, 0x659C, 0x5D3A, 0x5D5A, 0x659B, 0x659B, 0x659C, 0x655A,
    0x6C56, 0x9353, 0xB2D1, 0xD290, 0xDA91, 0xDAB1, 0xCAD1, 0x79EB, 0x1041, 0x0000, 0x0021, 0x2187,
    0x1904, 0x0000, 0x0000, 0x0000, 0x0000, 0x0000, 0x0000, 0x0000, 0x0000, 0x0000, 0x0000, 0x0000,
    0x89EB, 0x1042, 0x0000, 0x0000, 0x0000, 0x0000, 0x0000, 0x0000, 0x0000, 0x0000, 0x0000, 0x0000,
    0x0001, 0x1982, 0x33A2, 0x33A1, 0x2B61, 0x3381, 0x3381, 0x3381, 0x2B81, 0x2B81, 0x3381, 0x3381,
    0x3381, 0x3381, 0x3381, 0x3381, 0x3361, 0x2B81, 0x33C1, 0x2AE2, 0x0881, 0x0000, 0x0000, 0x0000,
    0x0000, 0x0000, 0x0000, 0x0000, 0x0000, 0x0000, 0x0000, 0x0000, 0x0000, 0x0000, 0x0000, 0x0000,
    0x0000, 0x0000, 0x0000, 0x0000, 0x0000, 0x0000, 0x0000, 0x0000, 0x0000, 0x0000, 0x0000, 0x0000,
    0x0000, 0x0000, 0x88E3, 0xAB64, 0xFFC2, 0xF6E2, 0xD622, 0xD622, 0xD622, 0xD622, 0xD622, 0xD622,
    0xD622, 0xD622, 0xD622, 0xD642, 0xDE42, 0xD642, 0xE682, 0xFFC2, 0xBD42, 0xA143, 0xE203, 0xD1C3,
    0xD1E3, 0xD1E3, 0xD1E3, 0xD1E3, 0xD9E3, 0xD1A3, 0x9AA3, 0xFFC2, 0xCDC3, 0x9943, 0xE203, 0xD1E3,
    0xD1E3, 0xD1E3, 0xD1E3, 0xDA03, 0xB143, 0xB502, 0xFFA3, 0x79E3, 0xD9A3, 0xD1E3, 0xD1E3, 0xD1C3,
    0xE203, 0xA143, 0xA4A3, 0xFFE2, 0x82C3, 0xD1A3, 0xD9E3, 0xD9A3, 0x8A43, 0xF742, 0xFF02, 0xDE62,
    0xDE42, 0xDE42, 0xDE42, 0xDE42, 0xDE42, 0xDE23, 0xDE22, 0xFF62, 0xCDE3, 0xA163, 0xE203, 0xC163,
    0x9343, 0xFF82, 0xF702, 0xD642, 0xD623, 0xD623, 0xD623, 0xD603, 0xD623, 0xCE03, 0xEEA2, 0xFFC2,
    0x9B83, 0xC963, 0xE223, 0xB942, 0x93C3, 0xFFA2, 0xEEA3, 0xD622, 0xD603, 0xD603, 0xD603, 0xD603,
    0xD603, 0xC5C3, 0xEEC2, 0xFF82, 0x9A82, 0x8965, 0x5539, 0x6D9C, 0x659B, 0x5D19, 0x6DDD, 0x3AEF,
    0x2168, 0x6DDD, 0x659B, 0x659B, 0x659C, 0x659B, 0x659B, 0x657B, 0x657B, 0x659B, 0x655A, 0x5D39,
    0x659C, 0x657B, 0x657B, 0x659C, 0x65BC, 0x5DBC, 0x653A, 0x6C56, 0x8B52, 0xB2B0, 0xD270, 0xCA90,
    0x81AA, 0x1062, 0x0000, 0x0000, 0x0000, 0x0000, 0x0000, 0x0000, 0x0000, 0x0000, 0x0000, 0x0000,
    0x0000, 0x0000, 0x0000, 0x0020, 0x0000, 0x0000, 0x0800, 0x0000, 0x0000, 0x0000, 0x0000, 0x0000,
    0x0000, 0x0000, 0x0000, 0x0000, 0x1961, 0x33A2, 0x3381, 0x3362, 0x2B81, 0x3381, 0x3382, 0x2B02,
    0x2B42, 0x3382, 0x3362, 0x3381, 0x3381, 0x3381, 0x3381, 0x3381, 0x3381, 0x3381, 0x2B61, 0x33C1,
    0x2B22, 0x0861, 0x0000, 0x0000, 0x0000, 0x0000, 0x0000, 0x0000, 0x0000, 0x0000, 0x0000, 0x0000,
    0x0000, 0x0000, 0x0000, 0x0000, 0x0000, 0x0000, 0x0000, 0x0000, 0x0000, 0x0000, 0x0000, 0x0000,
    0x0000, 0x5947, 0xA22D, 0x81CB, 0x81CA, 0x4927, 0x8902, 0x82A4, 0xC603, 0xCDE2, 0xD602, 0xCE02,
    0xCE02, 0xCE02, 0xCE23, 0xD623, 0xD623, 0xD623, 0xCE03, 0xD623, 0xD623, 0xD603, 0xCE03, 0xCE23,
    0x8C23, 0xA963, 0xE203, 0xD1E3, 0xD9E3, 0xD9E3, 0xD1E3, 0xD1E3, 0xD1E3, 0xD9A3, 0x8243, 0xD6A3,
    0xA4E3, 0x9943, 0xE203, 0xD1E3, 0xD1E3, 0xD1E3, 0xD1E3, 0xDA03, 0xB143, 0x9403, 0xCE84, 0x71A3,
    0xD9C3, 0xD1E3, 0xD1C3, 0xD1C3, 0xD1C3, 0xD9C3, 0x81E3, 0xCE23, 0x94C4, 0x8122, 0xE203, 0xD9C3,
    0x79C2, 0xC662, 0xDE82, 0xE6A2, 0xE6A2, 0xE6A2, 0xE6A3, 0xE6A3, 0xE6A2, 0xE6A2, 0xDE83, 0xDEC2,
    0x9483, 0x9943, 0xE223, 0xC163, 0x72C3, 0xDEE2, 0xDE63, 0xE6A2, 0xE6C2, 0xE6A2, 0xE6A2, 0xE6C2,
    0xE6C2, 0xE6C2, 0xDE82, 0xD6A3, 0x72A3, 0xC983, 0xDA23, 0xB963, 0x7B63, 0xDEE3, 0xDE82, 0xE6C2,
    0xE6C2, 0xE6C2, 0xE6C2, 0xE6C2, 0xE6E3, 0xE6E2, 0xE6C2, 0xC643, 0x8203, 0x8985, 0x5539, 0x6D9B,
    0x657B, 0x657B, 0x5D39, 0x6519, 0x5D19, 0x657B, 0x5D59, 0x5D5A, 0x5D3A, 0x5D39, 0x657B, 0x657B,
    0x657B, 0x659B, 0x655B, 0x5D19, 0x659C, 0x657B, 0x657B, 0x6DBC, 0x657B, 0x657B, 0x659C, 0x65BC,
    0x5DBB, 0x5D3A, 0x6C56, 0x8B72, 0xAA90, 0x898A, 0x3083, 0x0000, 0x0000, 0x0000, 0x0000, 0x0000,
    0x0000, 0x0000, 0x0000, 0x0000, 0x0000, 0x0000, 0x0000, 0x0000, 0x0821, 0x0000, 0x0000, 0x0000,
    0x0000, 0x0000, 0x0000, 0x0000, 0x0000, 0x0000, 0x0000, 0x10E1, 0x33A2, 0x3381, 0x2B81, 0x2B81,
    0x3381, 0x3381, 0x2B02, 0x2AC3, 0x2B03, 0x2AA3, 0x2B42, 0x3361, 0x3381, 0x3381, 0x3381, 0x3381,
    0x3381, 0x3381, 0x3381, 0x2B61, 0x33C1, 0x2AC2, 0x0020, 0x0000, 0x0000, 0x0000, 0x0000, 0x0000,
    0x0000, 0x0000, 0x0000, 0x0000, 0x0000, 0x0000, 0x0000, 0x0000, 0x0000, 0x0000, 0x0000, 0x0000,
    0x0000, 0x0000, 0x0000, 0x0000, 0x0000, 0x38C4, 0x81AB, 0x81CA, 0x920C, 0x6169, 0x9962, 0xC1C3,
    0x9984, 0xA183, 0xA163, 0xA163, 0xA184, 0xA183, 0xA183, 0xA183, 0xA184, 0xA183, 0xA184, 0x9963,
    0x9142, 0x9143, 0x9963, 0x9962, 0x9162, 0xC9C2, 0xD9C2, 0xD1C2, 0xD1C2, 0xD1C2, 0xD1E2, 0xD1C2,
    0xD1C2, 0xD9E2, 0xA982, 0x9182, 0x9182, 0xC1C2, 0xD9E2, 0xD9C2, 0xD9C2, 0xD9C2, 0xD9C2, 0xD9A2,
    0xD1C2, 0x9962, 0x9962, 0xB182, 0xE1E3, 0xD9E3, 0xE1E3, 0xDA03, 0xD9E3, 0xE1E3, 0xD1E4, 0xA183,
    0x9183, 0xA9A3, 0xE203, 0xE203, 0xB1C3, 0x99C3, 0xA1C3, 0xA1C3, 0xA1C3, 0xA1C3, 0x99A2, 0x9982,
    0x99A2, 0xA182, 0x9982, 0x99A2, 0x9122, 0xC9A2, 0xD9C2, 0xD9C2, 0xA162, 0x9982, 0x9981, 0x9982,
    0x9982, 0x9982, 0x9982, 0x9981, 0x9982, 0x9982, 0x9982, 0x9182, 0x9942, 0xD9C2, 0xD9C2, 0xD9C2,
    0x9982, 0x99A2, 0x99A2, 0x99A2, 0x91A2, 0x91A2, 0x91A2, 0x91A2, 0x99A2, 0x99A2, 0x99A2, 0x8962,
    0xB962, 0x89A4, 0x555A, 0x6DBC, 0x65BC, 0x5CD7, 0x4BD1, 0x4BD2, 0x4BD2, 0x64F7, 0x4BF2, 0x4BD2,
    0x4BF3, 0x4BB1, 0x5CB7, 0x65BC, 0x657B, 0x659B, 0x657B, 0x5D19, 0x659B, 0x659B, 0x4BD2, 0x4BD2,
    0x659B, 0x657B, 0x657B, 0x657B, 0x657B, 0x659C, 0x65BC, 0x5DBC, 0x653A, 0x7C56, 0x6B32, 0x5414,
    0x328C, 0x10E4, 0x0000, 0x0000, 0x0000, 0x0000, 0x0020, 0x0000, 0x0000, 0x0020, 0x0000, 0x2187,
    0x0020, 0x0000, 0x0000, 0x0000, 0x0000, 0x0000, 0x0000, 0x0000, 0x0000, 0x0000, 0x0020, 0x2B02,
    0x33A1, 0x2B61, 0x33A1, 0x3362, 0x2B03, 0x3362, 0x2263, 0x2243, 0x19A2, 0x1983, 0x2AE3, 0x3362,
    0x3361, 0x2B81, 0x3381, 0x3381, 0x3381, 0x3381, 0x3381, 0x3381, 0x2B61, 0x33C2, 0x19C2, 0x0000,
    0x0000, 0x0000, 0x0000, 0x0000, 0x0000, 0x0000, 0x0000, 0x0000, 0x0000, 0x0000, 0x0000, 0x0000,
    0x0000, 0x0000, 0x0000, 0x0000, 0x0000, 0x0000, 0x0000, 0x0000, 0x0001, 0x0000, 0x0000, 0x0000,
    0x0000, 0x0000, 0x3061, 0x58C2, 0x50A2, 0x48A2, 0x50C2, 0x50C2, 0x50A2, 0x48A2, 0x48A2, 0x50A2,
    0x48A2, 0x48A2, 0x50C2, 0x6103, 0x8986, 0x91A7, 0x9187, 0x91A7, 0x91A7, 0x8987, 0x8187, 0x8187,
    0x8987, 0x8987, 0x8186, 0x8186, 0x89A7, 0x8187, 0x89A7, 0x91A7, 0x91A7, 0x8987, 0x8166, 0x61C7,
    0x6229, 0x61C7, 0x5A08, 0x5A08, 0x59E8, 0x6A49, 0x6A08, 0x5986, 0x4923, 0x5123, 0x4081, 0x3881,
    0x48C2, 0x48E3, 0x40A1, 0x48C2, 0x48A1, 0x48A1, 0x3881, 0x3881, 0x40A1, 0x48A2, 0x48C2, 0x4881,
    0x48A2, 0x48A2, 0x5144, 0x61C7, 0x5986, 0x59A7, 0x59A7, 0x59A7, 0x61C7, 0x51A7, 0x51A7, 0x51A7,
    0x61C7, 0x61C7, 0x61C7, 0x61C7, 0x61C7, 0x61C7, 0x61C7, 0x59C7, 0x61C7, 0x61C7, 0x61C7, 0x61C7,
    0x61C7, 0x59A7, 0x59C7, 0x59A7, 0x61A6, 0x61A7, 0x61A7, 0x61A7, 0x61C7, 0x61C7, 0x61A7, 0x69C7,
    0x69C7, 0x69C7, 0x69A7, 0x69C7, 0x69C6, 0x39A8, 0x5CF8, 0x5D18, 0x659C, 0x5D5A, 0x657B, 0x5D19,
    0x5D19, 0x655A, 0x5CF7, 0x5CF8, 0x5D19, 0x6518, 0x655A, 0x659B, 0x657B, 0x657B, 0x657B, 0x5D19,
    0x659B, 0x659C, 0x64F8, 0x4B91, 0x5D39, 0x659B, 0x657B, 0x657B, 0x657B, 0x657B, 0x657B, 0x657B,
    0x659B, 0x65BC, 0x65BC, 0x65DC, 0x6DFD, 0x657B, 0x4C34, 0x2A2B, 0x1083, 0x0000, 0x0000, 0x0000,
    0x0021, 0x0000, 0x10A4, 0x6559, 0x0020, 0x0000, 0x0000, 0x0000, 0x0000, 0x0000, 0x0000, 0x0000,
    0x0000, 0x0000, 0x19A2, 0x33C2, 0x2B61, 0x2B81, 0x2B42, 0x22C3, 0x22C3, 0x2222, 0x1102, 0x10E2,
    0x2A63, 0x1942, 0x1982, 0x1122, 0x2263, 0x33C2, 0x3381, 0x3381, 0x3381, 0x3381, 0x3381, 0x3381,
    0x3381, 0x2B81, 0x3362, 0x08A1, 0x0000, 0x0020, 0x0821, 0x0861, 0x1081, 0x1061, 0x1062, 0x1081,
    0x1082, 0x1061, 0x1061, 0x10A1, 0x18A1, 0x1082, 0x10A1, 0x1081, 0x1082, 0x18A2, 0x0841, 0x18A1,
    0x1081, 0x1881, 0x1062, 0x18A2, 0x18A2, 0x1062, 0x0861, 0x0061, 0x0861, 0x10A2, 0x0041, 0x0041,
    0x0861, 0x0882, 0x08A1, 0x0881, 0x10A2, 0x08A2, 0x0000, 0x2083, 0xA24E, 0xD2D2, 0xD2D2, 0xD2D2,
    0xD2D2, 0xD2D2, 0xD2D2, 0xD2D2, 0xD2D2, 0xD2D2, 0xD2D2, 0xD2D2, 0xD2D2, 0xD2D2, 0xD2D2, 0xD2D2,
    0xD2D2, 0xDAD2, 0xCA70, 0x6416, 0x5DBC, 0x4CB7, 0x54B7, 0x5D9C, 0x65DD, 0x4455, 0x54F9, 0x54D7,
    0x21C8, 0x4223, 0x0000, 0x0041, 0x0882, 0x0041, 0x0000, 0x0000, 0x0882, 0x0000, 0x0021, 0x10C3,
    0x0000, 0x0000, 0x0862, 0x0000, 0x0000, 0x0000, 0x220A, 0x5DBC, 0x4C55, 0x553A, 0x5D9B, 0x5D9C,
    0x5D9C, 0x5DBC, 0x5DBC, 0x5DBC, 0x5DBC, 0x5DBC, 0x5D7B, 0x5D9C, 0x5DDD, 0x5DDD, 0x5DBC, 0x5DBC,
    0x5DBC, 0x5DBD, 0x5DBD, 0x5DBD, 0x5DBC, 0x5DBC, 0x5D7C, 0x5DBC, 0x5DBC, 0x5D9C, 0x5D9C, 0x5DDD,
    0x5DBC, 0x5D9C, 0x5DBD, 0x5DBD, 0x5DBD, 0x5DBD, 0x5DBD, 0x5DBC, 0x5D9C, 0x65DD, 0x5496, 0x5476,
    0x6DBC, 0x65BC, 0x65BC, 0x6DDD, 0x6DDD, 0x65BD, 0x65BC, 0x65BC, 0x6DDD, 0x6DBD, 0x659B, 0x659B,
    0x653A, 0x5D3A, 0x659C, 0x5D19, 0x659B, 0x657B, 0x659C, 0x65BC, 0x659B, 0x657B, 0x657B, 0x657B,
    0x659B, 0x659B, 0x659C, 0x659C, 0x65BC, 0x657B, 0x659B, 0x659B, 0x657B, 0x657C, 0x65DD, 0x6DDC,
    0x6539, 0x4BD2, 0x21E9, 0x0862, 0x0000, 0x0020, 0x53D2, 0x655A, 0x0020, 0x0000, 0x0000, 0x0000,
    0x0000, 0x0000, 0x0000, 0x0000, 0x0000, 0x0021, 0x2B22, 0x3381, 0x2B22, 0x22C3, 0x2283, 0x2283,
    0x2243, 0x1122, 0x0841, 0x0841, 0x0861, 0x0020, 0x0000, 0x0000, 0x10E2, 0x2223, 0x2B62, 0x3381,
    0x3381, 0x3381, 0x3381, 0x3381, 0x3381, 0x2B61, 0x33C1, 0x2222, 0x0000, 0x1081, 0x62C4, 0x7385,
    0x7345, 0x83A5, 0x9445, 0x83E5, 0x83E5, 0x7344, 0x5A83, 0xA4A5, 0x7385, 0x9445, 0x83C5, 0x83C5,
    0x83C5, 0x83E6, 0x4A23, 0x4A03, 0x7B84, 0x9C45, 0x3983, 0x9425, 0x8BE4, 0x7BA5, 0x83A6, 0x41C3,
    0x41C3, 0x83C7, 0x4A43, 0x83A4, 0x9C85, 0x9445, 0x8C05, 0x8BE6, 0x6B05, 0x5264, 0x0800, 0x1041,
    0x89EB, 0xDAD1, 0xD2B1, 0xD2B1, 0xD2B1, 0xD2B1, 0xD2B1, 0xD2B1, 0xD2D1, 0xD2B1, 0xD2B1, 0xD2B1,
    0xD2B1, 0xD2B1, 0xD2B1, 0xD2B1, 0xD2B1, 0xDAD1, 0xCA90, 0x6C77, 0x659C, 0x6D7B, 0x4BD2, 0x5496,
    0x6E1E, 0x3B0F, 0x4BF3, 0x5CB6, 0x1083, 0x41C3, 0x1061, 0x20C4, 0x2104, 0x0000, 0x0000, 0x0000,
    0x0820, 0x0000, 0x0000, 0x0822, 0x0821, 0x0000, 0x0000, 0x0000, 0x0000, 0x0000, 0x1083, 0x4370,
    0x5CB6, 0x5CB6, 0x6DBD, 0x5CD8, 0x4C13, 0x5413, 0x4B92, 0x5413, 0x4B91, 0x4C12, 0x4BD3, 0x5414,
    0x5475, 0x5434, 0x5476, 0x5434, 0x5C75, 0x5455, 0x5475, 0x5435, 0x5455, 0x5CB7, 0x655A, 0x5435,
    0x5454, 0x655A, 0x5C75, 0x4BD2, 0x5CD7, 0x5CF8, 0x5434, 0x5435, 0x4BB1, 0x5414, 0x5434, 0x5454,
    0x5413, 0x5454, 0x655A, 0x5496, 0x54B7, 0x4C14, 0x5C95, 0x5474, 0x4C55, 0x5434, 0x54B6, 0x5CF8,
    0x4C13, 0x54B6, 0x659B, 0x657B, 0x659B, 0x659B, 0x657B, 0x5D19, 0x659B, 0x657B, 0x6DDD, 0x659B,
    0x657B, 0x657B, 0x657B, 0x657B, 0x555B, 0x5D3A, 0x5D39, 0x6519, 0x6BB3, 0x5496, 0x5D19, 0x5D3A,
    0x655B, 0x659B, 0x657B, 0x657C, 0x659C, 0x6DDD, 0x6DDD, 0x5D39, 0x3B50, 0x3AEE, 0x5D59, 0x653A,
    0x0020, 0x0000, 0x0000, 0x0000, 0x0000, 0x0000, 0x0000, 0x0000, 0x0000, 0x1141, 0x33A2, 0x3303,
    0x19E2, 0x19C3, 0x2B23, 0x19C2, 0x0021, 0x0041, 0x0000, 0x0000, 0x0000, 0x0000, 0x0000, 0x0000,
    0x0000, 0x0041, 0x2263, 0x3382, 0x3381, 0x3381, 0x3381, 0x3381, 0x3381, 0x3361, 0x3382, 0x3342,
    0x0841, 0x0821, 0x41E3, 0x2943, 0x3982, 0x2942, 0x2942, 0x3163, 0x2943, 0x2942, 0x18E1, 0x3162,
    0x3162, 0x3162, 0x2101, 0x20E2, 0x2943, 0x39A3, 0x2922, 0x1082, 0x2942, 0x2922, 0x1061, 0x18A1,
    0x2101, 0x2101, 0x1081, 0x0841, 0x0821, 0x18C1, 0x10A1, 0x18A1, 0x2102, 0x2102, 0x1061, 0x18E1,
    0x10A1, 0x0000, 0x0000, 0x28A3, 0x89CB, 0xDAD1, 0xD2B1, 0xD2B1, 0xD2B1, 0xD2B1, 0xD2B1, 0xD2B1,
    0xD2B1, 0xD2B1, 0xD2B1, 0xD2B1, 0xD2B1, 0xD2B1, 0xD2B1, 0xD2B1, 0xD2B1, 0xDAD1, 0xCA70, 0x6C56,
    0x65BC, 0x659C, 0x5CF8, 0x54B7, 0x65BC, 0x657B, 0x65BC, 0x4BB2, 0x0862, 0x2962, 0x2122, 0x0000,
    0x0000, 0x0000, 0x0000, 0x0000, 0x0000, 0x0000, 0x0841, 0x6B04, 0x1081, 0x0000, 0x0000, 0x0000,
    0x0000, 0x0000, 0x0000, 0x29C8, 0x5475, 0x4BF2, 0x659B, 0x5D39, 0x5435, 0x5CF8, 0x5CB6, 0x5475,
    0x5455, 0x5475, 0x659C, 0x653A, 0x5455, 0x5C96, 0x5CF8, 0x5CD7, 0x5C96, 0x54B7, 0x5414, 0x5476,
    0x5CB7, 0x5497, 0x657B, 0x5455, 0x5476, 0x655B, 0x5CF8, 0x5455, 0x5CB8, 0x659B, 0x5CD7, 0x5476,
    0x5496, 0x5475, 0x5496, 0x5414, 0x5496, 0x5475, 0x5CF8, 0x5476, 0x5D39, 0x5CB7, 0x5475, 0x5496,
    0x4C35, 0x5476, 0x5CD7, 0x5D5A, 0x5475, 0x54B6, 0x657B, 0x657B, 0x657B, 0x657B, 0x657B, 0x5D19,
    0x659C, 0x655A, 0x32AD, 0x6539, 0x659C, 0x657B, 0x659D, 0x64F4, 0xB5C6, 0xCE26, 0xD6A4, 0xBC6B,
    0xB9EF, 0x6C36, 0x5D7B, 0x5D19, 0x5CF8, 0x5CF8, 0x5D19, 0x655A, 0x657B, 0x657B, 0x655B, 0x657B,
    0x6DFD, 0x65BC, 0x5D19, 0x5CF8, 0x0020, 0x0000, 0x0000, 0x0000, 0x0000, 0x0000, 0x0000, 0x0000,
    0x0000, 0x10E1, 0x1962, 0x2203, 0x19C3, 0x1122, 0x1102, 0x0841, 0x0000, 0x0000, 0x0000, 0x0000,
    0x0000, 0x0000, 0x0000, 0x0000, 0x0000, 0x0000, 0x10C2, 0x3303, 0x3382, 0x33A2, 0x3381, 0x2BA1,
    0x2BA1, 0x23A1, 0x2380, 0x23A0, 0x0100, 0x0000, 0x4A83, 0x6B64, 0x7C04, 0x4222, 0x7323, 0x8C25,
    0x7365, 0x62E4, 0x83E4, 0x83E5, 0x9C84, 0x2922, 0x6B44, 0x8C05, 0x6B45, 0x4A43, 0x7364, 0x9465,
    0x9425, 0x18C2, 0x0000, 0x0000, 0x0000, 0x0000, 0x0000, 0x0001, 0x0000, 0x0000, 0x0000, 0x0000,
    0x0000, 0x0000, 0x0000, 0x1822, 0x48E6, 0x79AA, 0xA24D, 0xCAB0, 0xD2B1, 0xCAB1, 0xD2B1, 0xD2B1,
    0xD2B1, 0xD2B1, 0xD2B1, 0xD2B1, 0xD2B1, 0xD2B1, 0xD2B1, 0xD2B1, 0xD2B1, 0xD2B1, 0xD2B1, 0xD2B1,
    0xD2B1, 0xDAD2, 0xCA70, 0x6C15, 0x65BC, 0x659C, 0x659C, 0x659C, 0x657B, 0x659C, 0x6519, 0x3A8C,
    0x10C4, 0x18A1, 0x3162, 0x2125, 0x0841, 0x0000, 0x0000, 0x1082, 0x1061, 0x0000, 0x1061, 0x3182,
    0x0000, 0x0000, 0x0000, 0x0000, 0x0000, 0x0000, 0x0000, 0x0862, 0x3B0E, 0x5496, 0x5D39, 0x5D18,
    0x5454, 0x5475, 0x4BF3, 0x4C14, 0x5C96, 0x5CB7, 0x5454, 0x5CB6, 0x5CB7, 0x5496, 0x5476, 0x653A,
    0x5496, 0x5496, 0x659C, 0x5D19, 0x4C14, 0x5D19, 0x5CB6, 0x5496, 0x5455, 0x5455, 0x655A, 0x54B7,
    0x5496, 0x5476, 0x5CB6, 0x5CD7, 0x5476, 0x5D18, 0x65DD, 0x65BD, 0x65BD, 0x65BC, 0x659C, 0x65BC,
    0x659C, 0x65BC, 0x65BC, 0x65BC, 0x6DBC, 0x65BC, 0x659C, 0x659B, 0x6DBC, 0x65BC, 0x657B, 0x657B,
    0x657B, 0x657B, 0x657B, 0x5D19, 0x657B, 0x6DDC, 0x10C4, 0x4B92, 0x6DDD, 0x657A, 0x659C, 0x6513,
    0xEEA1, 0xFF21, 0xFF41, 0xDDE7, 0xD251, 0x8373, 0x661D, 0x6D9C, 0x657B, 0x657B, 0x5D3A, 0x5D19,
    0x5CD8, 0x5CF8, 0x5496, 0x5455, 0x659B, 0x657B, 0x659C, 0x659C, 0x0020, 0x0000, 0x0000, 0x0000,
    0x0000, 0x0000, 0x0000, 0x0000, 0x0000, 0x0861, 0x1983, 0x1963, 0x2AA4, 0x1943, 0x0001, 0x0020,
    0x0000, 0x0000, 0x0000, 0x0000, 0x0000, 0x0000, 0x0000, 0x0000, 0x0000, 0x0000, 0x0000, 0x0040,
    0x11C2, 0x2321, 0x2B41, 0x3302, 0x42E4, 0x52C6, 0x62A7, 0x7AAA, 0x8A2C, 0x9A0C, 0x924B, 0x9A8B,
    0x92AB, 0x7209, 0x6A07, 0x59E5, 0x3163, 0x2922, 0x2101, 0x2102, 0x2942, 0x18A1, 0x2922, 0x2922,
    0x18C2, 0x1061, 0x18C2, 0x2102, 0x2902, 0x18C2, 0x0801, 0x0820, 0x0820, 0x0000, 0x0000, 0x0000,
    0x0000, 0x0000, 0x1021, 0x30C4, 0x6968, 0x920B, 0xB26E, 0xBA8F, 0xB26E, 0x81CB, 0x40E5, 0x6148,
    0x9A0C, 0xC290, 0xD2D1, 0xD2B1, 0xD2B1, 0xD2B1, 0xD2B1, 0xD2B1, 0xD2B1, 0xD2B1, 0xD2B1, 0xD2B1,
    0xD2B1, 0xD2B1, 0xD2B1, 0xD2B1, 0xD2B1, 0xDAD2, 0xCA70, 0x6BF5, 0x659C, 0x5434, 0x659C, 0x657B,
    0x657B, 0x659B, 0x5496, 0x2166, 0x1082, 0x0820, 0x39A2, 0x18C4, 0x0841, 0x0000, 0x10A2, 0x1082,
    0x1062, 0x0000, 0x0000, 0x0000, 0x0000, 0x0000, 0x0000, 0x0000, 0x0000, 0x0000, 0x0000, 0x0000,
    0x10A3, 0x4BB2, 0x4BF2, 0x5CF8, 0x5434, 0x54B7, 0x5414, 0x5414, 0x5475, 0x5CD7, 0x5455, 0x5434,
    0x4C14, 0x4BF3, 0x5455, 0x6519, 0x5496, 0x4C13, 0x5CF8, 0x5CD7, 0x4C13, 0x5CF8, 0x5496, 0x4391,
    0x5434, 0x4C33, 0x6518, 0x5454, 0x4BF3, 0x4BF2, 0x5475, 0x5435, 0x4BD2, 0x5496, 0x659B, 0x655A,
    0x5D5A, 0x657B, 0x657B, 0x657B, 0x657B, 0x657B, 0x657B, 0x657B, 0x657B, 0x657B, 0x657B, 0x659B,
    0x657B, 0x659B, 0x65BC, 0x657B, 0x657B, 0x657B, 0x657B, 0x5D19, 0x659B, 0x65BC, 0x5CB7, 0x5CB7,
    0x65BC, 0x657B, 0x659D, 0x5D16, 0xDE83, 0xFF82, 0xFF81, 0xEEE3, 0xCAF0, 0x8A2D, 0x334F, 0x555A,
    0x65DC, 0x659C, 0x659C, 0x657B, 0x657B, 0x655A, 0x5D3A, 0x54B6, 0x657B, 0x657B, 0x659B, 0x659B,
    0x0020, 0x0000, 0x0000, 0x0000, 0x0000, 0x0000, 0x0000, 0x0000, 0x0001, 0x2223, 0x3323, 0x2243,
    0x2B03, 0x08A1, 0x0000, 0x0000, 0x0000, 0x0000, 0x0000, 0x0000, 0x0000, 0x0821, 0x1862, 0x30A4,
    0x48E5, 0x5947, 0x79AA, 0x91CC, 0x9A0D, 0xAA6F, 0xB26F, 0xBA70, 0xBA70, 0xBA6F, 0xAA6E, 0x9AAC,
    0x822B, 0x6148, 0x4906, 0x30A4, 0x2043, 0x1042, 0x0801, 0x0000, 0x0000, 0x0000, 0x0000, 0x0000,
    0x0000, 0x0000, 0x0000, 0x0000, 0x0000, 0x0000, 0x0000, 0x0000, 0x0000, 0x0000, 0x0000, 0x0000,
    0x0000, 0x0000, 0x2062, 0x4906, 0x79AA, 0xA22D, 0xB26E, 0xB26E, 0x91EC, 0x6968, 0x30A4, 0x0820,
    0x0000, 0x40E5, 0x6168, 0xAA4E, 0xD2B1, 0xD2B1, 0xD2B1, 0xD2B1, 0xD2B1, 0xD2B1, 0xD2B1, 0xD2B1,
    0xD2B1, 0xD2B1, 0xD2B1, 0xD2B1, 0xD2B1, 0xD2B1, 0xD2B1, 0xD2B1, 0xD2B1, 0xDAD1, 0xCA90, 0x73B5,
    0x659B, 0x53F4, 0x659C, 0x657B, 0x655B, 0x5CF8, 0x4BD2, 0x10C3, 0x4207, 0x18E4, 0x39C3, 0x1060,
    0x0000, 0x0000, 0x18A3, 0x0000, 0x0000, 0x0000, 0x0000, 0x0000, 0x0000, 0x0000, 0x2925, 0x1082,
    0x0000, 0x0000, 0x0000, 0x0000, 0x0000, 0x0841, 0x10C3, 0x5496, 0x6DBD, 0x659C, 0x65BC, 0x65BC,
    0x659C, 0x659C, 0x65BC, 0x65BC, 0x65BC, 0x65BD, 0x6DBC, 0x659B, 0x65BC, 0x65BC, 0x659B, 0x659B,
    0x6DBC, 0x659C, 0x65BC, 0x659C, 0x65BC, 0x65BC, 0x657B, 0x65BC, 0x65BD, 0x65BD, 0x65BC, 0x65BC,
    0x6DBD, 0x655A, 0x657B, 0x5476, 0x5CF8, 0x655A, 0x65BD, 0x5C96, 0x5CF8, 0x659C, 0x6DBC, 0x659C,
    0x5D5B, 0x657B, 0x659B, 0x657B, 0x657B, 0x655A, 0x5CD7, 0x659C, 0x659B, 0x657B, 0x657B, 0x5D19,
    0x659C, 0x657B, 0x65BC, 0x65BC, 0x657B, 0x657B, 0x659C, 0x6517, 0xB544, 0xDD44, 0xD4E6, 0xCC68,
    0xBAAE, 0xC291, 0x9A0D, 0x7AAE, 0x6C15, 0x64F8, 0x6D9B, 0x6DFD, 0x6DDD, 0x65BC, 0x65BC, 0x5CF8,
    0x5D39, 0x659C, 0x657B, 0x659B, 0x0020, 0x0000, 0x0000, 0x0000, 0x0000, 0x0000, 0x0000, 0x0000,
    0x0000, 0x1A42, 0x2322, 0x2283, 0x21A4, 0x28A3, 0x38C4, 0x5127, 0x6948, 0x81AA, 0x9A0C, 0xAA4E,
    0xC2B0, 0xCAB0, 0xD2D1, 0xD2D1, 0xCAD1, 0xC2B0, 0xAA4E, 0x926C, 0x8AAA, 0x6AC8, 0x5AE6, 0x4B04,
    0x3B23, 0x2B22, 0x2341, 0x23A0, 0x1240, 0x0000, 0x0000, 0x0000, 0x0000, 0x0000, 0x0000, 0x0000,
    0x0000, 0x0000, 0x0000, 0x0000, 0x0000, 0x0000, 0x0820, 0x0820, 0x0000, 0x0000, 0x0000, 0x0000,
    0x0000, 0x1041, 0x38C4, 0x6968, 0x920C, 0xAA4E, 0xB26E, 0x9A2D, 0x71A9, 0x4906, 0x2062, 0x0000,
    0x0000, 0x0000, 0x0000, 0x5127, 0x9A0D, 0xE2F2, 0xE313, 0xC290, 0xAA4E, 0xD2B1, 0xDAB1, 0xD2B1,
    0xD2B1, 0xD2B1, 0xD2B1, 0xD2B1, 0xD2B1, 0xD2B1, 0xD2B1, 0xD2B1, 0xD2B1, 0xD2B1, 0xD2B1, 0xD2B1,
    0xD2B1, 0xD2D1, 0xD290, 0x7373, 0x65BC, 0x657C, 0x655A, 0x657B, 0x657B, 0x5475, 0x2A09, 0x10A3,
    0x0861, 0x2946, 0x2102, 0x2922, 0x0000, 0x0000, 0x0000, 0x0000, 0x0000, 0x0000, 0x0000, 0x0000,
    0x0000, 0x0841, 0x18C3, 0x0841, 0x0000, 0x0000, 0x0000, 0x0000, 0x0000, 0x0000, 0x0841, 0x2187,
    0x5D3A, 0x657B, 0x657B, 0x657B, 0x657B, 0x659C, 0x657B, 0x657B, 0x657B, 0x657B, 0x657B, 0x657B,
    0x657B, 0x659B, 0x657B, 0x657B, 0x657B, 0x657B, 0x655B, 0x65BC, 0x657B, 0x657B, 0x657B, 0x657B,
    0x659B, 0x657B, 0x659B, 0x659C, 0x5D39, 0x6539, 0x6DFD, 0x4BD3, 0x5434, 0x5434, 0x6539, 0x328B,
    0x3B2F, 0x5D3A, 0x5455, 0x4C55, 0x5D5A, 0x54D8, 0x655A, 0x657B, 0x65BC, 0x4351, 0x4350, 0x6DDD,
    0x655B, 0x659B, 0x655B, 0x5D19, 0x659B, 0x657B, 0x657B, 0x657B, 0x659B, 0x657B, 0x657B, 0x657B,
    0x5CB8, 0x6BD6, 0x8334, 0x9A92, 0xBAB0, 0xD290, 0xE2B1, 0xEAB2, 0xCA6F, 0x6968, 0x41A9, 0x328C,
    0x4BD2, 0x5D19, 0x6DDD, 0x659B, 0x5CF8, 0x659C, 0x5D7B, 0x657B, 0x0020, 0x0000, 0x1041, 0x2083,
    0x48E5, 0x6148, 0x7189, 0x81CB, 0x91EC, 0x9A6D, 0xAA8F, 0xBA90, 0xCAD1, 0xDAF2, 0xDAF2, 0xD2D1,
    0xC2B0, 0xB26E, 0x9A0C, 0x81CA, 0x6989, 0x5127, 0x38C4, 0x2063, 0x1021, 0x0000, 0x0000, 0x0020,
    0x0961, 0x2341, 0x2BA0, 0x2B81, 0x2BA1, 0x33A1, 0x3381, 0x33C2, 0x2262, 0x0000, 0x0021, 0x0000,
    0x0000, 0x0000, 0x0000, 0x0000, 0x0000, 0x0000, 0x0000, 0x0000, 0x0000, 0x0000, 0x0000, 0x0000,
    0x0020, 0x2083, 0x5107, 0x81CB, 0xA24D, 0xB28F, 0xAA6E, 0x89EB, 0x5948, 0x30A4, 0x0821, 0x0000,
    0x0000, 0x0000, 0x0000, 0x0000, 0x0000, 0x38C4, 0xD2D1, 0xF334, 0xE2F2, 0xB24E, 0xAA2D, 0xB22E,
    0xDAD1, 0xCAB0, 0xD2B1, 0xD2B1, 0xD2B1, 0xD2B1, 0xD2B1, 0xD2B1, 0xD2B1, 0xD2B1, 0xD2B1, 0xD2B1,
    0xD2B1, 0xD2B1, 0xD2B1, 0xD2B1, 0xD2B1, 0xD2D1, 0xDAB1, 0x8312, 0x5DDD, 0x5496, 0x653A, 0x657B,
    0x5D5A, 0x4C13, 0x3209, 0x18E4, 0x0000, 0x0000, 0x1081, 0x41E3, 0x0000, 0x18A2, 0x1062, 0x0000,
    0x0000, 0x39E3, 0x4A43, 0x0000, 0x0000, 0x0000, 0x0000, 0x0000, 0x0000, 0x0000, 0x1082, 0x18C3,
    0x0000, 0x0000, 0x0000, 0x0000, 0x3B0F, 0x6D9B, 0x659B, 0x657B, 0x655B, 0x3B0F, 0x659B, 0x657B,
    0x657B, 0x657B, 0x657B, 0x659C, 0x3ACE, 0x5455, 0x659C, 0x5D39, 0x657B, 0x657B, 0x5CF8, 0x4371,
    0x65BC, 0x657B, 0x659B, 0x6539, 0x5CB7, 0x6DBC, 0x5D3A, 0x6559, 0x5496, 0x5CD7, 0x5455, 0x326C,
    0x10C4, 0x1105, 0x2146, 0x10E4, 0x3B2F, 0x5496, 0x32AD, 0x5435, 0x6DDC, 0x5D5A, 0x657B, 0x659B,
    0x655B, 0x655A, 0x6DDD, 0x5455, 0x5455, 0x65DD, 0x655A, 0x5D3A, 0x659B, 0x657B, 0x657B, 0x657B,
    0x657B, 0x657B, 0x657B, 0x659B, 0x65BC, 0x65DC, 0x5DDC, 0x5D9B, 0x6519, 0x6C97, 0x7BD5, 0x9312,
    0xAAF1, 0xA22E, 0x50C6, 0x1000, 0x0000, 0x0000, 0x1905, 0x2A6C, 0x5435, 0x65BC, 0x659B, 0x65BC,
    0x0000, 0x79EA, 0xE2F2, 0xE2F2, 0xEB13, 0xEB13, 0xE2F2, 0xD2B1, 0xC28F, 0xB24E, 0x9A6D, 0x826B,
    0x6188, 0x4106, 0x2883, 0x1842, 0x0821, 0x0000, 0x0000, 0x0000, 0x0000, 0x0000, 0x0000, 0x0000,
    0x0000, 0x0000, 0x0000, 0x0000, 0x0841, 0x2AC3, 0x3382, 0x3381, 0x3381, 0x3381, 0x2B61, 0x33C1,
    0x2222, 0x0000, 0x0000, 0x0000, 0x0000, 0x0000, 0x0000, 0x0000, 0x0000, 0x0000, 0x0000, 0x0000,
    0x1842, 0x40C5, 0x6969, 0x9A2C, 0xB26F, 0xBA8F, 0x9A2D, 0x7189, 0x48E6, 0x1862, 0x0000, 0x0000,
    0x0000, 0x0000, 0x0000, 0x0000, 0x0000, 0x0000, 0x0000, 0x0000, 0x0000, 0x28C4, 0x920C, 0x5927,
    0x6168, 0xBA8F, 0xD2B1, 0xBA8F, 0x91EC, 0x9A0D, 0xC290, 0xD2B1, 0xD2B1, 0xD2B1, 0xD2B1, 0xD2B1,
    0xD2B1, 0xD2B1, 0xD2B1, 0xD2B1, 0xD2B1, 0xD2B1, 0xD2B1, 0xD2B1, 0xD2B1, 0xD2B1, 0xDAB1, 0x92D1,
    0x659C, 0x4BD2, 0x5CF8, 0x5CB7, 0x2A29, 0x3B0E, 0x2187, 0x0821, 0x0020, 0x0020, 0x0000, 0x4203,
    0x0840, 0x10A3, 0x39A7, 0x0000, 0x0000, 0x2102, 0x52A4, 0x0001, 0x0000, 0x0000, 0x0000, 0x0000,
    0x0000, 0x0000, 0x0000, 0x0020, 0x0000, 0x0000, 0x0000, 0x0000, 0x1082, 0x432F, 0x5D19, 0x6DBC,
    0x5D19, 0x10E5, 0x5CB6, 0x65BC, 0x657B, 0x657B, 0x657B, 0x65BC, 0x54B6, 0x5496, 0x655A, 0x5CF8,
    0x65BC, 0x54D7, 0x5CF8, 0x5CF8, 0x657A, 0x657B, 0x657B, 0x65BD, 0x5455, 0x4BF3, 0x5413, 0x42EE,
    0x5475, 0x3AAC, 0x0821, 0x52C4, 0x5243, 0x0000, 0x0000, 0x0841, 0x1925, 0x430E, 0x3ACD, 0x6D9B,
    0x657B, 0x4C34, 0x5CD7, 0x659C, 0x54F9, 0x659C, 0x657B, 0x655A, 0x657B, 0x659B, 0x5D5A, 0x5D3A,
    0x659B, 0x657B, 0x657B, 0x657B, 0x657B, 0x657B, 0x657B, 0x657B, 0x657B, 0x657B, 0x657B, 0x659C,
    0x659C, 0x65BC, 0x65DD, 0x553A, 0x5D1A, 0x64D8, 0x6C15, 0x5310, 0x2A2B, 0x32AD, 0x4351, 0x4C34,
    0x653A, 0x659C, 0x5C97, 0x5CD7, 0x0000, 0x4906, 0x79AA, 0x5927, 0x40E5, 0x30A4, 0x2062, 0x0820,
    0x0000, 0x0000, 0x0901, 0x00E1, 0x0000, 0x0000, 0x0000, 0x0000, 0x0000, 0x0000, 0x0000, 0x0000,
    0x0000, 0x0000, 0x0000, 0x0000, 0x0000, 0x0000, 0x0000, 0x0000, 0x1922, 0x2B02, 0x3381, 0x3381,
    0x3381, 0x3381, 0x2B81, 0x33A2, 0x19C1, 0x0001, 0x0020, 0x0000, 0x0000, 0x0000, 0x0000, 0x0820,
    0x2883, 0x5947, 0x89EB, 0xB26E, 0xBAAF, 0xB26E, 0x89EC, 0x5948, 0x30A4, 0x0821, 0x0000, 0x0000,
    0x0000, 0x0000, 0x0000, 0x0800, 0x0000, 0x0000, 0x0000, 0x0000, 0x0000, 0x0000, 0x0000, 0x0000,
    0x0000, 0x0000, 0x1862, 0x89CB, 0xC2B0, 0xA24D, 0x7189, 0x6167, 0x6968, 0xAA4E, 0xCAB0, 0xD2B1,
    0xD2B1, 0xD2B1, 0xD2B1, 0xD2B1, 0xD2B1, 0xD2B1, 0xD2B1, 0xD2B1, 0xD2B1, 0xD2B1, 0xD2B1, 0xD2B1,
    0xD2B1, 0xD2B1, 0xDAB1, 0x9A90, 0x5D3A, 0x5D19, 0x5455, 0x5496, 0x2187, 0x3ACD, 0x29E8, 0x0841,
    0x0000, 0x18C3, 0x0000, 0x2142, 0x2942, 0x0000, 0x18C3, 0x0000, 0x0000, 0x0000, 0x0000, 0x0000,
    0x0000, 0x0000, 0x0000, 0x0000, 0x0000, 0x0000, 0x0000, 0x0000, 0x0000, 0x0000, 0x0000, 0x0861,
    0x0820, 0x0000, 0x3209, 0x3AED, 0x6D9B, 0x4BB2, 0x10A4, 0x5CF8, 0x65BC, 0x659B, 0x657B, 0x657B,
    0x659C, 0x6DBD, 0x5CF8, 0x5CF8, 0x6DFD, 0x5496, 0x5CB6, 0x657A, 0x65BC, 0x657B, 0x65BC, 0x6519,
    0x5CD6, 0x4C13, 0x29C8, 0x1925, 0x21C8, 0x0000, 0x0001, 0x2102, 0x18C1, 0x0000, 0x0000, 0x0000,
    0x0841, 0x10C4, 0x434F, 0x4C14, 0x5496, 0x5413, 0x54B6, 0x655B, 0x5D39, 0x657B, 0x657B, 0x659B,
    0x657B, 0x659B, 0x5D3A, 0x5D5A, 0x659B, 0x657B, 0x657B, 0x657B, 0x657B, 0x657B, 0x657B, 0x657B,
    0x657B, 0x657B, 0x657B, 0x5D39, 0x657A, 0x657B, 0x65BC, 0x5476, 0x5D19, 0x65BC, 0x5DBC, 0x65DD,
    0x6DDD, 0x6DFD, 0x6DFD, 0x6DDD, 0x659B, 0x659B, 0x5CF9, 0x5CF8, 0x0020, 0x0000, 0x0000, 0x0000,
    0x0000, 0x0000, 0x0000, 0x0000, 0x0000, 0x0000, 0x0000, 0x0000, 0x0000, 0x0000, 0x0000, 0x0000,
    0x0000, 0x0000, 0x0000, 0x0000, 0x0000, 0x0000, 0x0000, 0x0000, 0x0000, 0x0000, 0x0000, 0x0821,
    0x19C2, 0x3382, 0x3381, 0x3381, 0x3381, 0x3381, 0x3381, 0x33A1, 0x00A0, 0x0000, 0x0000, 0x2062,
    0x4906, 0x79AA, 0xA24D, 0xBAB0, 0xBAAF, 0xA22D, 0x71AA, 0x48E6, 0x2062, 0x0000, 0x0000, 0x0000,
    0x0000, 0x0000, 0x0000, 0x0000, 0x0000, 0x0000, 0x0000, 0x0000, 0x0000, 0x0000, 0x0000, 0x0000,
    0x0000, 0x0800, 0x0000, 0x0000, 0x2083, 0x91EC, 0xCAD0, 0x91EC, 0x2883, 0x0821, 0x1841, 0x5127,
    0x798A, 0xBA6F, 0xBA6F, 0xD2B1, 0xD2B1, 0xD2B1, 0xD2B1, 0xD2B1, 0xD2B1, 0xD2B1, 0xD2B1, 0xD2B1,
    0xD2B1, 0xD2B1, 0xD2B1, 0xD2B1, 0xD2B1, 0xD2B1, 0xDAD1, 0xB270, 0x6498, 0x65DC, 0x5434, 0x5434,
    0x32AC, 0x3209, 0x29C8, 0x0862, 0x18A1, 0x18A3, 0x18A3, 0x0821, 0x3A03, 0x0000, 0x0000, 0x0000,
    0x0000, 0x0000, 0x0000, 0x0000, 0x0000, 0x0000, 0x0000, 0x0000, 0x0001, 0x18A1, 0x0820, 0x0000,
    0x0000, 0x0001, 0x0000, 0x2104, 0x18E3, 0x0000, 0x1082, 0x2145, 0x4390, 0x5475, 0x10A3, 0x1987,
    0x3B2F, 0x5455, 0x6DFD, 0x657B, 0x659C, 0x65BC, 0x5D3A, 0x5496, 0x5455, 0x5C76, 0x4350, 0x5454,
    0x5D18, 0x659B, 0x653A, 0x42EE, 0x3ACC, 0x1925, 0x0841, 0x0000, 0x0000, 0x0000, 0x0000, 0x0000,
    0x0000, 0x0000, 0x0000, 0x0000, 0x0000, 0x0841, 0x21E8, 0x4391, 0x6D9B, 0x5CD7, 0x657B, 0x5D19,
    0x5D3A, 0x65BC, 0x657B, 0x657B, 0x657B, 0x659B, 0x5D19, 0x65BC, 0x65BC, 0x657B, 0x657B, 0x657B,
    0x657B, 0x659C, 0x659B, 0x657B, 0x659C, 0x65BC, 0x659C, 0x653A, 0x5D19, 0x5496, 0x6519, 0x657B,
    0x657B, 0x657B, 0x657B, 0x657B, 0x655B, 0x5D3A, 0x657B, 0x657B, 0x657B, 0x657B, 0x659C, 0x65BC,
    0x0020, 0x0000, 0x0000, 0x0000, 0x0000, 0x0000, 0x0000, 0x0000, 0x0000, 0x0000, 0x0000, 0x0000,
    0x0000, 0x0000, 0x0000, 0x0000, 0x0000, 0x0000, 0x0000, 0x0000, 0x0000, 0x0000, 0x0000, 0x0000,
    0x0000, 0x0000, 0x0000, 0x0881, 0x2AA3, 0x3381, 0x3381, 0x3381, 0x3381, 0x3381, 0x33A1, 0x3302,
    0x6168, 0x9A0C, 0xBA8F, 0xC2B0, 0xB28F, 0x91EC, 0x6168, 0x30C4, 0x0821, 0x0000, 0x0000, 0x0000,
    0x0000, 0x0000, 0x0000, 0x0000, 0x0000, 0x0000, 0x0000, 0x0000, 0x0000, 0x0000, 0x0000, 0x0000,
    0x0000, 0x0000, 0x0000, 0x0000, 0x0000, 0x0000, 0x2083, 0x8A0B, 0xBAAF, 0x79AA, 0x2063, 0x0000,
    0x0000, 0x1841, 0x5147, 0x4105, 0x7189, 0xB24E, 0xB24E, 0xD2B1, 0xD2B1, 0xD2B1, 0xD2B1, 0xD2B1,
    0xD2B1, 0xD2B1, 0xD2B1, 0xD2B1, 0xD2B1, 0xD2B1, 0xD2B1, 0xD2B1, 0xD2B1, 0xD2B1, 0xDAD2, 0xCA70,
    0x6BD4, 0x65FD, 0x54B7, 0x3ACD, 0x21C8, 0x1905, 0x0862, 0x2103, 0x8C45, 0x1062, 0x0861, 0x0000,
    0x31A2, 0x39A5, 0x10A3, 0x0000, 0x0000, 0x0000, 0x0000, 0x0000, 0x0000, 0x0000, 0x0000, 0x0000,
    0x2942, 0xF785, 0x5283, 0x0000, 0x0841, 0x2982, 0x0021, 0x0020, 0x10A2, 0x0821, 0x0000, 0x0000,
    0x0821, 0x2186, 0x3AED, 0x0841, 0x3A4A, 0x326B, 0x5475, 0x659B, 0x5CF9, 0x5D19, 0x6DFD, 0x4C34,
    0x5454, 0x6DDC, 0x4370, 0x328C, 0x3ACD, 0x29E9, 0x1925, 0x0841, 0x0820, 0x0000, 0x0000, 0x0841,
    0x18E3, 0x0020, 0x0000, 0x0020, 0x3162, 0x1081, 0x0000, 0x0862, 0x18E3, 0x18C2, 0x18E4, 0x4C13,
    0x659B, 0x5496, 0x65BC, 0x54B6, 0x5D19, 0x5CB8, 0x655B, 0x659B, 0x659B, 0x657B, 0x5CF8, 0x5496,
    0x5D19, 0x657B, 0x657B, 0x657B, 0x657B, 0x653A, 0x653A, 0x657C, 0x5D19, 0x5C96, 0x653A, 0x657B,
    0x657B, 0x659B, 0x5CF8, 0x657B, 0x657B, 0x657B, 0x657B, 0x659B, 0x657B, 0x655B, 0x659B, 0x657B,
    0x657B, 0x657B, 0x657B, 0x657B, 0x0020, 0x0000, 0x0000, 0x0000, 0x0000, 0x0000, 0x0000, 0x0000,
    0x0000, 0x0000, 0x0000, 0x0000, 0x0000, 0x0000, 0x0000, 0x0000, 0x0000, 0x0000, 0x0000, 0x0000,
    0x0000, 0x0000, 0x0000, 0x0000, 0x0000, 0x0020, 0x0000, 0x1982, 0x3382, 0x3381, 0x3381, 0x3381,
    0x3381, 0x3361, 0x2BA0, 0x52A6, 0xB24F, 0x81CB, 0x4906, 0x2062, 0x0000, 0x0000, 0x0000, 0x0000,
    0x0000, 0x0000, 0x0000, 0x0000, 0x0000, 0x0000, 0x0000, 0x0000, 0x0000, 0x0000, 0x0000, 0x0000,
    0x0000, 0x0000, 0x0000, 0x0000, 0x0000, 0x0820, 0x0000, 0x0000, 0x2083, 0x8A0B, 0xBAAF, 0x79AA,
    0x1842, 0x0000, 0x0000, 0x0000, 0x0000, 0x0020, 0x2083, 0x30A3, 0x5167, 0x89EB, 0xB26F, 0xD291,
    0xDAD1, 0xD2D1, 0xD2B1, 0xD2B1, 0xD2B1, 0xD2B1, 0xD2B1, 0xD2B1, 0xD2B1, 0xD2B1, 0xD2B1, 0xD2B1,
    0xD2B1, 0xD2B1, 0xD2D1, 0xDA91, 0x7B52, 0x65DC, 0x5CD8, 0x326B, 0x1905, 0x10C3, 0x0021, 0x0001,
    0x2922, 0x0841, 0x0000, 0x0000, 0x18A1, 0x4A65, 0x2945, 0x0000, 0x0000, 0x0000, 0x0000, 0x0000,
    0x0000, 0x0000, 0x0000, 0x0000, 0x1081, 0x6B64, 0x18C1, 0x0000, 0x18A1, 0x6324, 0x0001, 0x0000,
    0x1062, 0x2965, 0x0000, 0x0000, 0x0000, 0x0000, 0x0000, 0x1082, 0x39C7, 0x2166, 0x2167, 0x32AD,
    0x530C, 0x29A7, 0x326B, 0x2187, 0x4BB1, 0x328C, 0x2A0A, 0x10C3, 0x10A2, 0x0000, 0x0000, 0x2104,
    0x2104, 0x0000, 0x1082, 0x18C3, 0x3186, 0x18A3, 0x0000, 0x0000, 0x2122, 0x1081, 0x0000, 0x18A3,
    0x39E6, 0x4223, 0x0862, 0x54B6, 0x5CD8, 0x5CD7, 0x6DFD, 0x5D18, 0x4391, 0x5476, 0x659C, 0x657B,
    0x657B, 0x657B, 0x5CB7, 0x1946, 0x1925, 0x6519, 0x659C, 0x655B, 0x6DDD, 0x4371, 0x4391, 0x657B,
    0x43D2, 0x5476, 0x5D19, 0x659C, 0x657B, 0x657B, 0x659C, 0x65BC, 0x65BC, 0x657B, 0x659B, 0x657B,
    0x657B, 0x659B, 0x659B, 0x657B, 0x657B, 0x657B, 0x657B, 0x659B, 0x0020, 0x0000, 0x0000, 0x0000,
    0x0000, 0x0000, 0x0000, 0x0000, 0x0000, 0x0000, 0x0000, 0x0000, 0x0020, 0x0000, 0x0000, 0x0000,
    0x0000, 0x0000, 0x0000, 0x0000, 0x0000, 0x0000, 0x0000, 0x0000, 0x0000, 0x0000, 0x10E2, 0x22A2,
    0x33A1, 0x2B81, 0x3381, 0x3381, 0x2B81, 0x33A1, 0x3342, 0x1081, 0x0000, 0x0000, 0x0000, 0x0000,
    0x0000, 0x0000, 0x0000, 0x0000, 0x0000, 0x0000, 0x0000, 0x0000, 0x0000, 0x0000, 0x0000, 0x0000,
    0x0000, 0x0000, 0x0000, 0x0000, 0x0000, 0x0000, 0x0000, 0x0000, 0x0000, 0x0000, 0x2883, 0x920C,
    0xBAAF, 0x71A9, 0x1042, 0x0000, 0x0000, 0x0800, 0x0000, 0x0000, 0x0000, 0x0000, 0x0000, 0x0020,
    0x1041, 0x20C4, 0x6148, 0xCAB1, 0xC290, 0xD2B1, 0xD2B1, 0xD2B1, 0xD2B1, 0xD2B1, 0xD2B1, 0xD2B1,
    0xD2B1, 0xD2B1, 0xD2B1, 0xD2B1, 0xD2B1, 0xD2B1, 0xD2D1, 0xDAB1, 0x9AD1, 0x657B, 0x5D19, 0x4BF3,
    0x29A7, 0x1082, 0x0000, 0x0000, 0x0000, 0x0000, 0x0000, 0x0000, 0x0000, 0x3182, 0x4A27, 0x10A3,
    0x0000, 0x0000, 0x0000, 0x0000, 0x0000, 0x0000, 0x0000, 0x0000, 0x0001, 0x0000, 0x0000, 0x0000,
    0x0000, 0x0000, 0x0001, 0x0000, 0x0000, 0x18A3, 0x18C3, 0x0000, 0x0000, 0x0000, 0x0000, 0x0000,
    0x0000, 0x0000, 0x0000, 0x0000, 0x2124, 0x39A6, 0x0000, 0x0000, 0x0000, 0x0000, 0x0000, 0x0000,
    0x0000, 0x0000, 0x0001, 0x0020, 0x0821, 0x0000, 0x0821, 0x0841, 0x0000, 0x0000, 0x0000, 0x0000,
    0x0000, 0x0000, 0x0000, 0x0000, 0x0000, 0x0000, 0x0882, 0x4BB1, 0x5476, 0x659B, 0x5475, 0x54D7,
    0x5D3A, 0x65BC, 0x659C, 0x5CF8, 0x653A, 0x5D5A, 0x5D5A, 0x659B, 0x5D19, 0x655B, 0x657B, 0x6DDD,
    0x5D3A, 0x5496, 0x3AED, 0x4C54, 0x657B, 0x6DDC, 0x659C, 0x657B, 0x657B, 0x657B, 0x65BC, 0x5456,
    0x43B2, 0x659C, 0x657B, 0x657B, 0x659B, 0x657B, 0x657B, 0x65BC, 0x659B, 0x657B, 0x657B, 0x659B,
    0x0020, 0x0000, 0x0000, 0x0000, 0x0000, 0x0000, 0x0000, 0x0000, 0x0000, 0x0000, 0x0000, 0x0000,
    0x0841, 0x0821, 0x0000, 0x0000, 0x0000, 0x0000, 0x0000, 0x0000, 0x0000, 0x0000, 0x0000, 0x0000,
    0x0000, 0x19A2, 0x2B02, 0x33A1, 0x2B81, 0x3381, 0x3381, 0x3381, 0x2B61, 0x33C2, 0x1962, 0x0000,
    0x0020, 0x0000, 0x0800, 0x0000, 0x0000, 0x0000, 0x0000, 0x0000, 0x0000, 0x0000, 0x0000, 0x0000,
    0x0000, 0x0000, 0x0000, 0x0000, 0x0000, 0x0000, 0x0000, 0x0000, 0x0000, 0x0000, 0x0000, 0x0000,
    0x30A3, 0x920C, 0xBAB0, 0x71A9, 0x1042, 0x0000, 0x0000, 0x0000, 0x0000, 0x0000, 0x0000, 0x0000,
    0x0000, 0x0000, 0x0000, 0x0000, 0x0000, 0x1041, 0xB28F, 0x7189, 0x91EB, 0xD2D1, 0xD2B1, 0xDAB1,
    0xD2B1, 0xD2B1, 0xD2B1, 0xD2B1, 0xD2B1, 0xD2B1, 0xD2B1, 0xD2B1, 0xD2B1, 0xD2B1, 0xD2B1, 0xDAD1,
    0xC290, 0x64B7, 0x655A, 0x326C, 0x3ACC, 0x1925, 0x0000, 0x0000, 0x0000, 0x0000, 0x0000, 0x0000,
    0x39A2, 0x8C24, 0x2983, 0x0842, 0x0000, 0x0000, 0x0000, 0x0000, 0x0000, 0x0000, 0x0000, 0x0000,
    0x0000, 0x0020, 0x0000, 0x0000, 0x0000, 0x0020, 0x0000, 0x0000, 0x0000, 0x0000, 0x2965, 0x1082,
    0x0000, 0x0000, 0x0000, 0x0000, 0x0000, 0x0000, 0x0000, 0x0020, 0x0000, 0x0000, 0x0021, 0x1081,
    0x39C3, 0x0020, 0x0001, 0x0000, 0x0000, 0x0860, 0x20E2, 0x0000, 0x0000, 0x0000, 0x0000, 0x0000,
    0x0000, 0x0000, 0x0000, 0x0000, 0x0841, 0x1082, 0x0000, 0x0000, 0x0020, 0x0000, 0x29C9, 0x4BF2,
    0x5476, 0x655A, 0x5476, 0x655A, 0x659C, 0x657B, 0x657B, 0x659B, 0x657B, 0x5CF9, 0x5D5A, 0x65BC,
    0x659C, 0x6DBC, 0x657A, 0x43B1, 0x21E9, 0x3B2F, 0x5CF8, 0x657B, 0x6DBC, 0x5CD7, 0x657B, 0x659C,
    0x657B, 0x657B, 0x65BC, 0x5476, 0x4BF3, 0x655B, 0x657B, 0x657B, 0x657B, 0x659B, 0x54B7, 0x5CF8,
    0x655B, 0x657B, 0x657B, 0x659B, 0x0020, 0x0000, 0x0000, 0x0000, 0x0000, 0x0000, 0x0000, 0x0000,
    0x0000, 0x0000, 0x0000, 0x0000, 0x0040, 0x1A02, 0x08C1, 0x0000, 0x0000, 0x0000, 0x0001, 0x0001,
    0x0000, 0x0021, 0x0861, 0x10C1, 0x1922, 0x2AC3, 0x33A1, 0x2B61, 0x3381, 0x3381, 0x3381, 0x2B61,
    0x33C1, 0x2222, 0x0001, 0x0000, 0x0000, 0x0000, 0x0000, 0x0000, 0x0000, 0x0000, 0x0000, 0x0000,
    0x0000, 0x0000, 0x0000, 0x0000, 0x0000, 0x0000, 0x0000, 0x0000, 0x0000, 0x0000, 0x0000, 0x0000,
    0x0000, 0x0000, 0x30A4, 0x9A0D, 0xBAAF, 0x71A9, 0x1042, 0x0000, 0x0000, 0x0000, 0x0000, 0x0000,
    0x0000, 0x0000, 0x0000, 0x0000, 0x0000, 0x0000, 0x0000, 0x0000, 0x1021, 0xAA6E, 0x6989, 0x1862,
    0x81EB, 0x7189, 0xDAD2, 0xCAB0, 0xD2B1, 0xCAB1, 0xD2B1, 0xD2D1, 0xDAB1, 0xD2B1, 0xD2B1, 0xD2B1,
    0xD2B1, 0xD2B1, 0xD2B1, 0xD2D1, 0xD290, 0x73F4, 0x4C96, 0x5434, 0x324A, 0x2145, 0x0020, 0x0000,
    0x0821, 0x0020, 0x0000, 0x0000, 0x3182, 0x5283, 0x31A3, 0x0861, 0x0000, 0x0000, 0x0000, 0x0000,
    0x0000, 0x0841, 0x18C3, 0x0000, 0x0861, 0x0000, 0x0000, 0x0000, 0x0841, 0x1062, 0x0000, 0x0000,
    0x0000, 0x0000, 0x0000, 0x10A1, 0x73A5, 0x1061, 0x0000, 0x0020, 0x0000, 0x0000, 0x0000, 0x0000,
    0x0820, 0x1062, 0x0000, 0x39C3, 0x52A4, 0x0000, 0x0000, 0x0000, 0x0000, 0x2942, 0x7384, 0x0000,
    0x0000, 0x0000, 0x0000, 0x0000, 0x0000, 0x0000, 0x0000, 0x0000, 0x0821, 0x1062, 0x0021, 0x0821,
    0x0001, 0x0000, 0x2A09, 0x4391, 0x4C13, 0x5475, 0x6DDD, 0x659B, 0x657B, 0x659C, 0x655B, 0x657B,
    0x5CF7, 0x5D19, 0x6DFD, 0x5CF9, 0x4370, 0x3B0E, 0x21A8, 0x0021, 0x324B, 0x5CB6, 0x54B7, 0x54B9,
    0x54DA, 0x4C55, 0x5CF8, 0x54D7, 0x659B, 0x659C, 0x6DBC, 0x6E1E, 0x6DDD, 0x5D19, 0x6DBD, 0x5D5A,
    0x659C, 0x65DD, 0x328C, 0x0000, 0x32AD, 0x6DFD, 0x657B, 0x657B, 0x0020, 0x0000, 0x0000, 0x0000,
    0x0000, 0x0000, 0x0000, 0x0000, 0x0000, 0x0000, 0x0000, 0x1041, 0x40C5, 0x4AA5, 0x3363, 0x2263,
    0x2243, 0x2222, 0x21C2, 0x1102, 0x1982, 0x2AA2, 0x2B22, 0x2B23, 0x2B22, 0x3381, 0x2B81, 0x3381,
    0x3381, 0x3381, 0x2B61, 0x33C1, 0x2A62, 0x0020, 0x0000, 0x0000, 0x0000, 0x0000, 0x0000, 0x0000,
    0x0000, 0x0000, 0x0000, 0x0000, 0x0000, 0x0000, 0x0000, 0x0000, 0x0000, 0x0000, 0x0000, 0x0000,
    0x0000, 0x0000, 0x0000, 0x0000, 0x38C4, 0x9A2D, 0xC2B0, 0x7189, 0x1041, 0x0000, 0x0000, 0x0800,
    0x0000, 0x0000, 0x0000, 0x0000, 0x0000, 0x0000, 0x0000, 0x0000, 0x0000, 0x0000, 0x0000, 0x1021,
    0xB28E, 0x71A9, 0x0000, 0x9A2D, 0x2884, 0x81CA, 0xA20D, 0xC26F, 0xC290, 0xCA90, 0xD2D1, 0xCAB1,
    0xD2B1, 0xD2B1, 0xD2B1, 0xD2B1, 0xD2B1, 0xD2B1, 0xD2B1, 0xD2B1, 0xDAB1, 0x9AD1, 0x5D19, 0x6DBC,
    0x3B2F, 0x0841, 0x0000, 0x0000, 0x1082, 0x2104, 0x0000, 0x0000, 0x0000, 0x0000, 0x2122, 0x3983,
    0x0000, 0x0000, 0x0000, 0x0000, 0x0000, 0x0000, 0x0021, 0x0000, 0x1082, 0x18A3, 0x0000, 0x0821,
    0x0021, 0x0020, 0x0001, 0x0000, 0x0000, 0x0000, 0x0000, 0x0020, 0x3182, 0x0840, 0x0000, 0x20E4,
    0x0821, 0x0000, 0x0000, 0x0000, 0x0000, 0x18C3, 0x10A3, 0x0000, 0x0001, 0x0000, 0x0000, 0x0000,
    0x0000, 0x0000, 0x0000, 0x0000, 0x0000, 0x0000, 0x0000, 0x0000, 0x0000, 0x0000, 0x0000, 0x0000,
    0x0000, 0x0000, 0x5AC4, 0x0861, 0x0000, 0x0841, 0x3B2F, 0x65BC, 0x5CF7, 0x5CF8, 0x5476, 0x5CD7,
    0x65BC, 0x653A, 0x5D39, 0x659C, 0x657A, 0x4BF2, 0x3ACE, 0x1905, 0x0800, 0x0000, 0x0000, 0x0821,
    0x1966, 0x0884, 0x8C23, 0xB5E6, 0x748D, 0x4BD1, 0x4C14, 0x4BF3, 0x4392, 0x3AEE, 0x2A2B, 0x3B50,
    0x4350, 0x4C14, 0x5D18, 0x5496, 0x5476, 0x6539, 0x54D7, 0x43F3, 0x4C34, 0x657B, 0x657B, 0x659B,
    0x0821, 0x0000, 0x0000, 0x0000, 0x0000, 0x0000, 0x0820, 0x2883, 0x5927, 0x89EB, 0xBA6F, 0xD2D1,
    0xDAF2, 0x922D, 0x2A82, 0x33E2, 0x33A2, 0x33A2, 0x33A2, 0x3342, 0x3342, 0x33C1, 0x3381, 0x3381,
    0x3381, 0x3381, 0x3381, 0x2B81, 0x2B61, 0x33A1, 0x33C2, 0x2222, 0x0001, 0x0000, 0x0000, 0x0000,
    0x0000, 0x0000, 0x0000, 0x0000, 0x0000, 0x0000, 0x0000, 0x0000, 0x0000, 0x0000, 0x0000, 0x0000,
    0x0000, 0x0000, 0x0000, 0x0000, 0x0000, 0x0000, 0x40E5, 0xA24D, 0xC2B0, 0x6989, 0x1041, 0x0000,
    0x0000, 0x0000, 0x0000, 0x0000, 0x0000, 0x0000, 0x0000, 0x0000, 0x0000, 0x0000, 0x0000, 0x0000,
    0x0000, 0x0000, 0x1041, 0xBAB0, 0x79CA, 0x0000, 0x6968, 0x79AA, 0x1862, 0x9A4D, 0x5126, 0xB28E,
    0x40E5, 0x89EC, 0xAA4E, 0xA22D, 0xD2D1, 0xDAD1, 0xD2B1, 0xD2D1, 0xD2D1, 0xD2B1, 0xD2B1, 0xD2B1,
    0xDAD2, 0xC270, 0x6C97, 0x54D7, 0x324B, 0x10A3, 0x0000, 0x0000, 0x0000, 0x2925, 0x1082, 0x0000,
    0x0000, 0x0020, 0x0000, 0x4204, 0x1082, 0x0000, 0x0000, 0x0000, 0x0000, 0x4A23, 0x2102, 0x0000,
    0x0000, 0x18E4, 0x1082, 0x0000, 0x0020, 0x0000, 0x2943, 0x20E1, 0x0000, 0x0000, 0x0000, 0x0000,
    0x0000, 0x0000, 0x0000, 0x0821, 0x0000, 0x0000, 0x0000, 0x0000, 0x0841, 0x0020, 0x0021, 0x0000,
    0x0000, 0x0000, 0x0000, 0x0000, 0x0000, 0x0000, 0x2965, 0x1062, 0x0820, 0x0020, 0x0821, 0x0821,
    0x0000, 0x0000, 0x0000, 0x0000, 0x0000, 0x0000, 0x0840, 0x2104, 0x1062, 0x0000, 0x5C76, 0x65BC,
    0x5475, 0x657B, 0x4BF3, 0x4371, 0x659C, 0x54F8, 0x655B, 0x6DDD, 0x4C34, 0x0821, 0x0000, 0x0000,
    0x0020, 0x0000, 0x0020, 0x0001, 0x0000, 0x2101, 0xF723, 0xFF61, 0xFF41, 0xDE68, 0x6330, 0x4C76,
    0x5D5A, 0x5539, 0x54D7, 0x5456, 0x4BF3, 0x4371, 0x32CE, 0x324B, 0x1083, 0x2187, 0x3AAD, 0x3B0E,
    0x4391, 0x4BF3, 0x4BB2, 0x4C13, 0x0000, 0x0000, 0x2062, 0x4106, 0x79A9, 0xAA4E, 0xCAB1, 0xDAF2,
    0xD2D1, 0xAA4E, 0x79AA, 0x4906, 0x1862, 0x0000, 0x0001, 0x1982, 0x3362, 0x33A2, 0x3381, 0x3381,
    0x2B61, 0x2B61, 0x2B61, 0x2B61, 0x2B61, 0x2B81, 0x2B81, 0x33A1, 0x33C1, 0x3322, 0x1141, 0x0000,
    0x0000, 0x0000, 0x0000, 0x0000, 0x0000, 0x0000, 0x0000, 0x0000, 0x0000, 0x0000, 0x0000, 0x0000,
    0x0000, 0x0000, 0x0000, 0x0000, 0x0000, 0x0000, 0x0000, 0x0000, 0x40E5, 0xAA4E, 0xC2B0, 0x7189,
    0x1041, 0x0000, 0x0000, 0x0000, 0x0000, 0x0000, 0x0000, 0x0000, 0x0000, 0x0000, 0x0000, 0x0000,
    0x0000, 0x0000, 0x0000, 0x0000, 0x0000, 0x1041, 0xBAB0, 0x89EB, 0x0000, 0x2083, 0xAA6E, 0x0000,
    0x89EB, 0x4906, 0x79CA, 0x4926, 0x0000, 0x0821, 0x30A4, 0x6989, 0xA22D, 0xD2B1, 0xDAD2, 0xD2B1,
    0xD2B1, 0xDAD1, 0xD2D1, 0xD2D1, 0xD2D1, 0xDA90, 0x8B52, 0x5D5A, 0x5C96, 0x2166, 0x0000, 0x0000,
    0x0000, 0x0841, 0x31A6, 0x2965, 0x0000, 0x0020, 0x0000, 0x10A1, 0x18E2, 0x0000, 0x0000, 0x0000,
    0x0000, 0x6B64, 0x2942, 0x0000, 0x0020, 0x0821, 0x0021, 0x0000, 0x0000, 0x0000, 0x10A1, 0x0861,
    0x0000, 0x0000, 0x0000, 0x1062, 0x2125, 0x0000, 0x0000, 0x0000, 0x0000, 0x0000, 0x0000, 0x0000,
    0x18C3, 0x39E7, 0x0841, 0x0000, 0x0000, 0x0000, 0x0000, 0x0000, 0x0000, 0x18C3, 0x2965, 0x0020,
    0x1082, 0x18E3, 0x0000, 0x0000, 0x0000, 0x0000, 0x0000, 0x0000, 0x0000, 0x18C3, 0x1082, 0x10A2,
    0x0821, 0x1062, 0x4391, 0x5CD7, 0x54B7, 0x6DFD, 0x4C14, 0x5455, 0x655A, 0x5CF8, 0x659B, 0x65BC,
    0x21A8, 0x0000, 0x0021, 0x0000, 0x0000, 0x0000, 0x0000, 0x0000, 0x0861, 0xC5E4, 0xFFA2, 0xF6C2,
    0xFF61, 0xD52B, 0xA1AD, 0x4926, 0xB332, 0xA332, 0x8332, 0x4B30, 0x43D2, 0x5476, 0x5CD8, 0x6519,
    0x4BD3, 0x1925, 0x0000, 0x0000, 0x0000, 0x0020, 0x0000, 0x1062, 0x9A0C, 0xC2B0, 0xDAF2, 0xDAF2,
    0xC290, 0x9A0D, 0x6168, 0x30C4, 0x0821, 0x0000, 0x0000, 0x0000, 0x0000, 0x0000, 0x0001, 0x0000,
    0x0861, 0x21E2, 0x2B02, 0x33A2, 0x33C1, 0x33C1, 0x33C1, 0x33C1, 0x33C1, 0x33C1, 0x3362, 0x2AC1,
    0x1982, 0x0821, 0x0000, 0x0000, 0x0000, 0x0000, 0x0000, 0x0000, 0x0000, 0x0000, 0x0000, 0x0000,
    0x0000, 0x0000, 0x0000, 0x0000, 0x0000, 0x0000, 0x0000, 0x0000, 0x0000, 0x0000, 0x48E6, 0xB26E,
    0xCAB1, 0x7189, 0x0821, 0x0000, 0x0000, 0x0800, 0x0000, 0x0000, 0x0000, 0x0000, 0x0000, 0x0000,
    0x0000, 0x0000, 0x0000, 0x0000, 0x0000, 0x0000, 0x0000, 0x0000, 0x1862, 0xCAB0, 0x91EC, 0x0000,
    0x0000, 0x922C, 0x40E5, 0x1842, 0xA24D, 0x2063, 0x9A0C, 0x0000, 0x0000, 0x0000, 0x0000, 0x1021,
    0x5127, 0xDAF2, 0xA22D, 0x99EC, 0xCAB0, 0xCAB0, 0xCA90, 0xD2B1, 0xDAD1, 0xE2F2, 0xBA70, 0x5CD8,
    0x65BC, 0x324B, 0x0000, 0x0861, 0x2102, 0x0000, 0x0841, 0x3166, 0x1062, 0x0000, 0x0000, 0x0000,
    0x0000, 0x0000, 0x0000, 0x0000, 0x0000, 0x0000, 0x0001, 0x0000, 0x0000, 0x0001, 0x6304, 0x2102,
    0x0000, 0x0000, 0x0000, 0x0000, 0x0000, 0x0000, 0x0000, 0x10A3, 0x39E4, 0x18E2, 0x0000, 0x0000,
    0x0000, 0x0000, 0x0000, 0x0000, 0x0000, 0x1082, 0x1062, 0x0000, 0x0000, 0x0000, 0x0000, 0x0000,
    0x0000, 0x0000, 0x0000, 0x0000, 0x0000, 0x0000, 0x0000, 0x0000, 0x0000, 0x0000, 0x0000, 0x0000,
    0x0000, 0x2104, 0x2104, 0x0000, 0x0000, 0x21A8, 0x5475, 0x5434, 0x5CF8, 0x659C, 0x65BC, 0x5D39,
    0x5CF8, 0x5D5A, 0x6DDD, 0x4C35, 0x0001, 0x0000, 0x0000, 0x0000, 0x0000, 0x0000, 0x0000, 0x0000,
    0x1082, 0x8C03, 0xD623, 0xFF83, 0xEEA7, 0xC2B1, 0xC2B0, 0xC2B0, 0xE2B1, 0xDAB1, 0xD290, 0x7928,
    0x0000, 0x0000, 0x0000, 0x0882, 0x1946, 0x2187, 0x0021, 0x0020, 0x0000, 0x0000, 0x0000, 0x0000,
    0xB26E, 0x81AA, 0x4906, 0x2062, 0x0000, 0x0000, 0x0000, 0x0000, 0x0000, 0x0000, 0x0000, 0x0000,
    0x0000, 0x0000, 0x0000, 0x0000, 0x0000, 0x0000, 0x0020, 0x10E1, 0x1981, 0x1A01, 0x2221, 0x2221,
    0x19E2, 0x1161, 0x08A1, 0x0000, 0x0000, 0x0000, 0x0000, 0x0000, 0x0000, 0x0000, 0x0000, 0x0000,
    0x0000, 0x0000, 0x0000, 0x0000, 0x0000, 0x0000, 0x0000, 0x0000, 0x0000, 0x0000, 0x0000, 0x0000,
    0x5106, 0xB28F, 0xCAD0, 0x6989, 0x0821, 0x0000, 0x0000, 0x0800, 0x0000, 0x0000, 0x0000, 0x0000,
    0x0000, 0x0000, 0x0000, 0x0000, 0x0000, 0x0000, 0x0000, 0x0000, 0x0000, 0x0000, 0x0000, 0x30A4,
    0xD2F1, 0x89EB, 0x0000, 0x0000, 0x5147, 0x920C, 0x0000, 0x81CB, 0x4906, 0x6168, 0x6168, 0x0000,
    0x0000, 0x0000, 0x0000, 0x1041, 0x38C5, 0xE2F2, 0x5927, 0x28C4, 0x6148, 0x71A9, 0x81CA, 0xC290,
    0xA22D, 0x9A2D, 0x99EC, 0x528D, 0x6DDD, 0x4C13, 0x10E4, 0x0020, 0x0861, 0x0000, 0x0000, 0x0000,
    0x0861, 0x2925, 0x0000, 0x0000, 0x0000, 0x0000, 0x0000, 0x0000, 0x0000, 0x0020, 0x0000, 0x0001,
    0x39C2, 0xB564, 0x41E3, 0x73A4, 0x0841, 0x0000, 0x0000, 0x0000, 0x0000, 0x0000, 0x0000, 0x0000,
    0x1881, 0x1081, 0x0000, 0x0000, 0x0000, 0x0000, 0x0000, 0x0000, 0x0000, 0x0000, 0x0000, 0x0000,
    0x0000, 0x0000, 0x0000, 0x0000, 0x0000, 0x0000, 0x0000, 0x0000, 0x0000, 0x0000, 0x0000, 0x0000,
    0x0000, 0x0841, 0x0000, 0x0000, 0x0000, 0x0000, 0x0000, 0x0000, 0x0000, 0x2167, 0x5496, 0x21C8,
    0x3AEE, 0x6539, 0x5496, 0x6539, 0x5C96, 0x5475, 0x6DDD, 0x21C9, 0x0000, 0x0000, 0x0000, 0x0000,
    0x0000, 0x0000, 0x0000, 0x0000, 0x0000, 0x0000, 0x0821, 0x4201, 0x8AEB, 0xE2D2, 0xC290, 0xDAD2,
    0xD2D1, 0xD2D1, 0xD2D1, 0xDAF2, 0xAA4E, 0x38C5, 0x0000, 0x0000, 0x0000, 0x0000, 0x0000, 0x0000,
    0x0000, 0x0000, 0x0000, 0x0000, 0x0000, 0x0000, 0x0000, 0x0000, 0x0000, 0x0000, 0x0000, 0x0000,
    0x0000, 0x0000, 0x0000, 0x0000, 0x0000, 0x0000, 0x0000, 0x0000, 0x0000, 0x0000, 0x0000, 0x0000,
    0x0000, 0x0000, 0x0000, 0x0000, 0x0000, 0x0000, 0x0000, 0x0000, 0x0000, 0x0000, 0x0000, 0x0000,
    0x0000, 0x0000, 0x0000, 0x0000, 0x0000, 0x0000, 0x0000, 0x0000, 0x0000, 0x0000, 0x0000, 0x0000,
    0x0000, 0x0820, 0x5127, 0xB28F, 0xC2B0, 0x6969, 0x1021, 0x0000, 0x0000, 0x0000, 0x0000, 0x0000,
    0x0000, 0x0000, 0x0000, 0x0000, 0x0000, 0x0000, 0x28C4, 0x1041, 0x0000, 0x0000, 0x0000, 0x0000,
    0x0000, 0x0000, 0x0000, 0x81EB, 0x79CA, 0x0000, 0x0000, 0x1862, 0xB26E, 0x1842, 0x2062, 0xA24D,
    0x1021, 0x9A2D, 0x1841, 0x0000, 0x0000, 0x0000, 0x0000, 0x0000, 0x5947, 0xDB12, 0x2083, 0x0000,
    0x0000, 0x1041, 0x1041, 0xAA4E, 0x38E5, 0x1042, 0x1862, 0x1842, 0x5455, 0x6DBC, 0x3ACD, 0x0000,
    0x0000, 0x0000, 0x0000, 0x0000, 0x0000, 0x0861, 0x0020, 0x0000, 0x0000, 0x0000, 0x0000, 0x0000,
    0x0000, 0x0000, 0x0020, 0x0861, 0xD644, 0xF743, 0x9483, 0x39A3, 0x6324, 0x0841, 0x0000, 0x0000,
    0x0000, 0x0000, 0x0000, 0x0841, 0x2921, 0x0000, 0x0001, 0x0000, 0x0000, 0x0000, 0x0000, 0x0000,
    0x0000, 0x0000, 0x0000, 0x0000, 0x0000, 0x0000, 0x0000, 0x0000, 0x0000, 0x0000, 0x0000, 0x0861,
    0x0000, 0x0000, 0x0000, 0x0000, 0x0000, 0x18A3, 0x18A3, 0x18C3, 0x0000, 0x0000, 0x0000, 0x0841,
    0x0821, 0x21A8, 0x430E, 0x3B0E, 0x5475, 0x6539, 0x657B, 0x659C, 0x5CF8, 0x6DBC, 0x5476, 0x0021,
    0x0000, 0x0000, 0x0000, 0x0000, 0x0000, 0x0000, 0x0000, 0x0000, 0x0000, 0x0020, 0x0000, 0x0000,
    0x0801, 0x71A9, 0xAA4E, 0xBA6F, 0xCAB0, 0xD2D1, 0xDAD2, 0xDAD2, 0xEB13, 0xDAF2, 0x91EC, 0x38E5,
    0x1042, 0x0020, 0x0000, 0x0000, 0x0000, 0x0000, 0x0000, 0x0000, 0x0821, 0x0820, 0x0020, 0x0000,
    0x0000, 0x0000, 0x0000, 0x0000, 0x0000, 0x0000, 0x0000, 0x0000, 0x0000, 0x0000, 0x0000, 0x0000,
    0x0000, 0x0000, 0x0000, 0x0020, 0x0020, 0x0020, 0x0020, 0x0020, 0x0020, 0x0020, 0x0000, 0x0000,
    0x0000, 0x0000, 0x0000, 0x0000, 0x0000, 0x0000, 0x0000, 0x0000, 0x0000, 0x0000, 0x0000, 0x0000,
    0x0000, 0x0000, 0x0000, 0x0020, 0x4105, 0xAA6E, 0xD2D1, 0x7189, 0x0821, 0x0000, 0x0000, 0x0820,
    0x0000, 0x0000, 0x0000, 0x0000, 0x0000, 0x0000, 0x0000, 0x0000, 0x1042, 0x79EA, 0x4105, 0x0020,
    0x0020, 0x0000, 0x0000, 0x0000, 0x0000, 0x0000, 0x0000, 0x0020, 0x0000, 0x0820, 0x0000, 0x8A0B,
    0x6188, 0x0000, 0x79AA, 0x5947, 0x40E5, 0x79CA, 0x0000, 0x0020, 0x0000, 0x0000, 0x0000, 0x0020,
    0x38E5, 0x6989, 0x0000, 0x0020, 0x0820, 0x0000, 0x0000, 0x9A2D, 0x2063, 0x0000, 0x0020, 0x0000,
    0x21A8, 0x6DDD, 0x5435, 0x18C4, 0x0000, 0x0020, 0x0000, 0x0000, 0x2102, 0x1061, 0x0000, 0x0000,
    0x0000, 0x0020, 0x2102, 0x0000, 0x0000, 0x0020, 0x0841, 0x0000, 0x4A43, 0xE6A3, 0xDE64, 0x7B84,
    0x4223, 0x18C2, 0x0000, 0x0000, 0x0000, 0x0020, 0x0000, 0x2922, 0xE6C5, 0x39C2, 0x0021, 0x0000,
    0x1081, 0x0841, 0x0000, 0x1082, 0x0000, 0x0000, 0x0000, 0x0000, 0x0000, 0x0000, 0x0000, 0x0000,
    0x0000, 0x0000, 0x0020, 0x3186, 0x3186, 0x0020, 0x0000, 0x0000, 0x0000, 0x0000, 0x0821, 0x0841,
    0x0020, 0x0020, 0x0000, 0x2104, 0x3187, 0x328C, 0x4BD2, 0x657B, 0x657B, 0x5D18, 0x5D19, 0x5D3A,
    0x659C, 0x6DBC, 0x4350, 0x0820, 0x0842, 0x0821, 0x0000, 0x0000, 0x0000, 0x0000, 0x0000, 0x0000,
    0x0000, 0x0000, 0x0000, 0x0820, 0x0020, 0x0000, 0x0820, 0x1041, 0x1862, 0x30A4, 0x40E5, 0x5127,
    0x6968, 0x81AA, 0x9A2D, 0xAA4E, 0x5127, 0x0020, 0x0800, 0x0000, 0x0000, 0x0000, 0x0000, 0x0020,
};
